split,clean_row,EP_actual_MW,EP_expected_MW,signed_residual_MW,absolute_residual_MW
baseline_train_40_percent,0,119.1520767,120.5991194857815,-1.4470427857815054,1.4470427857815054
baseline_train_40_percent,1,117.3476639,117.39565528984144,-0.047991389841442356,0.047991389841442356
baseline_train_40_percent,2,120.3194046,122.49653393701999,-2.1771293370199913,2.1771293370199913
baseline_train_40_percent,3,121.7108154,122.8231839693339,-1.1123685693338956,1.1123685693338956
baseline_train_40_percent,4,125.3332672,126.02614761059165,-0.6928804105916555,0.6928804105916555
baseline_train_40_percent,5,126.2256546,127.73310772165206,-1.5074531216520626,1.5074531216520626
baseline_train_40_percent,6,125.3588638,125.67828370294242,-0.3194199029424283,0.3194199029424283
baseline_train_40_percent,7,125.3056335,125.45981983931867,-0.1541863393186702,0.1541863393186702
baseline_train_40_percent,8,117.7549744,117.81039542235935,-0.05542102235935431,0.05542102235935431
baseline_train_40_percent,9,115.7978973,115.81916199963028,-0.021264699630279438,0.021264699630279438
baseline_train_40_percent,10,119.2862244,119.30814989856769,-0.021925498567696877,0.021925498567696877
baseline_train_40_percent,11,121.9495392,122.20749534134457,-0.25795614134456457,0.25795614134456457
baseline_train_40_percent,12,124.7709198,124.59720964300483,0.17371015699517045,0.17371015699517045
baseline_train_40_percent,13,123.6107025,123.3680304445735,0.24267205542649606,0.24267205542649606
baseline_train_40_percent,14,123.4714813,123.40158790670633,0.06989339329366828,0.06989339329366828
baseline_train_40_percent,15,114.2684708,115.17631435156981,-0.9078435515698118,0.9078435515698118
baseline_train_40_percent,16,113.3969193,113.2703211182806,0.12659818171938753,0.12659818171938753
baseline_train_40_percent,17,117.2251511,117.17359746696768,0.051553633032327184,0.051553633032327184
baseline_train_40_percent,18,120.4930344,120.62237144691795,-0.12933704691795356,0.12933704691795356
baseline_train_40_percent,19,120.1103287,120.27581465654018,-0.16548595654018072,0.16548595654018072
baseline_train_40_percent,20,119.9963837,120.12293355894134,-0.1265498589413454,0.1265498589413454
baseline_train_40_percent,21,120.219429,120.39104305586616,-0.17161405586615786,0.17161405586615786
baseline_train_40_percent,22,118.6165009,118.38875844345537,0.22774245654463243,0.22774245654463243
baseline_train_40_percent,23,117.8538208,117.84746878805669,0.006352011943306479,0.006352011943306479
baseline_train_40_percent,24,116.8800964,117.45763036314973,-0.5775339631497332,0.5775339631497332
baseline_train_40_percent,25,119.0205917,118.97503156700333,0.04556013299666972,0.04556013299666972
baseline_train_40_percent,26,122.1182327,121.83942566389626,0.2788070361037285,0.2788070361037285
baseline_train_40_percent,27,119.5307083,119.4011446183618,0.12956368163820287,0.12956368163820287
baseline_train_40_percent,28,121.3356171,121.14555204797678,0.19006505202321478,0.19006505202321478
baseline_train_40_percent,29,120.5991516,120.36995882993848,0.22919277006151617,0.22919277006151617
baseline_train_40_percent,30,119.5761261,119.63860113217076,-0.06247503217076655,0.06247503217076655
baseline_train_40_percent,31,116.0046768,116.3427090664726,-0.3380322664725952,0.3380322664725952
baseline_train_40_percent,32,115.8304596,116.58391581722707,-0.7534562172270682,0.7534562172270682
baseline_train_40_percent,33,116.0964203,117.81150880088083,-1.7150885008808245,1.7150885008808245
baseline_train_40_percent,34,119.7809525,120.16567069528182,-0.3847181952818204,0.3847181952818204
baseline_train_40_percent,35,122.901062,122.83843261207663,0.0626293879233657,0.0626293879233657
baseline_train_40_percent,36,122.9232712,122.39408888880209,0.5291823111979141,0.5291823111979141
baseline_train_40_percent,37,123.8236389,123.48736298356033,0.3362759164396749,0.3362759164396749
baseline_train_40_percent,38,120.9734344,120.60623661659145,0.3671977834085567,0.3671977834085567
baseline_train_40_percent,39,118.8127365,118.89595633323049,-0.08321983323048698,0.08321983323048698
baseline_train_40_percent,40,116.8989258,117.83386611472783,-0.9349403147278252,0.9349403147278252
baseline_train_40_percent,41,119.6212387,120.99071547747043,-1.3694767774704246,1.3694767774704246
baseline_train_40_percent,42,121.6568756,124.24147877617212,-2.5846031761721093,2.5846031761721093
baseline_train_40_percent,43,124.5513229,124.7741740635235,-0.22285116352350087,0.22285116352350087
baseline_train_40_percent,44,120.7948456,123.74619746444468,-2.951351864444675,2.951351864444675
baseline_train_40_percent,45,122.4243698,122.42761174990345,-0.0032419499034546106,0.0032419499034546106
baseline_train_40_percent,46,117.1716385,116.97543096732323,0.19620753267676605,0.19620753267676605
baseline_train_40_percent,47,116.029808,116.16520060050718,-0.13539260050717417,0.13539260050717417
baseline_train_40_percent,48,117.4393692,117.6203144090489,-0.18094520904890032,0.18094520904890032
baseline_train_40_percent,49,121.0973129,121.75061592117272,-0.653303021172718,0.653303021172718
baseline_train_40_percent,50,123.2284012,123.81304238568693,-0.5846411856869338,0.5846411856869338
baseline_train_40_percent,51,124.9833298,125.08048944766244,-0.09715964766243701,0.09715964766243701
baseline_train_40_percent,52,124.1088028,123.40531230579464,0.7034904942053686,0.7034904942053686
baseline_train_40_percent,53,120.781105,121.57296918861354,-0.7918641886135447,0.7918641886135447
baseline_train_40_percent,54,119.0900803,119.60203470873822,-0.5119544087382195,0.5119544087382195
baseline_train_40_percent,55,114.4110489,114.49037683575837,-0.07932793575837138,0.07932793575837138
baseline_train_40_percent,56,116.789856,117.17543306558038,-0.3855770655803781,0.3855770655803781
baseline_train_40_percent,57,120.9235611,122.0317136807702,-1.108152580770195,1.108152580770195
baseline_train_40_percent,58,124.0406647,124.62790345578924,-0.5872387557892438,0.5872387557892438
baseline_train_40_percent,59,124.1181946,124.5885827858095,-0.4703881858095116,0.4703881858095116
baseline_train_40_percent,60,122.5933685,122.82623375832625,-0.2328652583262567,0.2328652583262567
baseline_train_40_percent,61,120.5046692,120.50631616313665,-0.00164696313665047,0.00164696313665047
baseline_train_40_percent,62,115.9460068,116.11345768125909,-0.1674508812590858,0.1674508812590858
baseline_train_40_percent,63,113.9025726,114.08353431846457,-0.1809617184645731,0.1809617184645731
baseline_train_40_percent,64,114.5026093,115.42046547742945,-0.9178561774294423,0.9178561774294423
baseline_train_40_percent,65,119.8597641,119.5172024376234,0.34256166237661034,0.34256166237661034
baseline_train_40_percent,66,123.2127075,122.92185896097396,0.2908485390260296,0.2908485390260296
baseline_train_40_percent,67,123.3235855,124.80102337871533,-1.4774378787153353,1.4774378787153353
baseline_train_40_percent,68,122.3170395,122.51115472796165,-0.19411522796164604,0.19411522796164604
baseline_train_40_percent,69,123.1455231,123.55664070623011,-0.41111760623010696,0.41111760623010696
baseline_train_40_percent,70,116.3379745,116.77110681423979,-0.43313231423978493,0.43313231423978493
baseline_train_40_percent,71,114.237236,114.48410220544888,-0.24686620544888171,0.24686620544888171
baseline_train_40_percent,72,115.394516,115.2266039300597,0.16791206994030006,0.16791206994030006
baseline_train_40_percent,73,119.1335068,119.43017656471389,-0.29666976471388296,0.29666976471388296
baseline_train_40_percent,74,123.288765,122.99208012667359,0.2966848733264129,0.2966848733264129
baseline_train_40_percent,75,122.6390152,123.66938388287039,-1.0303686828703889,1.0303686828703889
baseline_train_40_percent,76,123.8287354,123.98581606505303,-0.1570806650530301,0.1570806650530301
baseline_train_40_percent,77,120.9089584,120.74793118923716,0.161027210762839,0.161027210762839
baseline_train_40_percent,78,114.9127274,114.74727075545113,0.16545664454886833,0.16545664454886833
baseline_train_40_percent,79,115.1972198,115.53224230621935,-0.33502250621934593,0.33502250621934593
baseline_train_40_percent,80,120.0454788,119.82636135095098,0.21911744904902264,0.21911744904902264
baseline_train_40_percent,81,120.7166672,120.82779148821626,-0.11112428821625997,0.11112428821625997
baseline_train_40_percent,82,123.9586258,124.59802209947944,-0.6393962994794435,0.6393962994794435
baseline_train_40_percent,83,121.9169388,121.92445436552202,-0.0075155655220271456,0.0075155655220271456
baseline_train_40_percent,84,113.5544662,115.75637776376934,-2.201911563769343,2.201911563769343
baseline_train_40_percent,85,113.6315231,114.1705371523192,-0.5390140523192031,0.5390140523192031
baseline_train_40_percent,86,111.8707047,113.8219889665553,-1.951284266555291,1.951284266555291
baseline_train_40_percent,87,121.3043289,121.03146367004925,0.272865229950753,0.272865229950753
baseline_train_40_percent,88,119.6200027,120.51965188990114,-0.8996491899011403,0.8996491899011403
baseline_train_40_percent,89,121.6836548,122.93045080490103,-1.2467960049010287,1.2467960049010287
baseline_train_40_percent,90,122.5603638,122.91462145776366,-0.3542576577636538,0.3542576577636538
baseline_train_40_percent,91,120.2355804,120.8541171315866,-0.6185367315866017,0.6185367315866017
baseline_train_40_percent,92,116.0265274,114.98725056505964,1.0392768349403667,1.0392768349403667
baseline_train_40_percent,93,113.1368103,113.7804026775615,-0.6435923775615038,0.6435923775615038
baseline_train_40_percent,94,114.3708649,114.64907308250758,-0.2782081825075835,0.2782081825075835
baseline_train_40_percent,95,122.7595215,122.4493703412287,0.31015115877130484,0.31015115877130484
baseline_train_40_percent,96,121.861412,121.8300480069631,0.03136399303690496,0.03136399303690496
baseline_train_40_percent,97,122.0230789,122.52051748053745,-0.49743858053744816,0.49743858053744816
baseline_train_40_percent,98,120.4352722,121.22323673550605,-0.787964535506049,0.787964535506049
baseline_train_40_percent,99,120.3340302,120.69279289611812,-0.35876269611812006,0.35876269611812006
baseline_train_40_percent,100,124.3920517,125.00590252639498,-0.6138508263949802,0.6138508263949802
baseline_train_40_percent,101,124.2578506,124.79798896285402,-0.5401383628540231,0.5401383628540231
baseline_train_40_percent,102,124.8377838,125.60013365258752,-0.7623498525875192,0.7623498525875192
baseline_train_40_percent,103,123.1160431,123.54590266482712,-0.42985956482712595,0.42985956482712595
baseline_train_40_percent,104,121.4467392,121.51874990177883,-0.0720107017788365,0.0720107017788365
baseline_train_40_percent,105,121.3229675,123.33265786684714,-2.0096903668471384,2.0096903668471384
baseline_train_40_percent,106,120.7182541,120.77834889691881,-0.06009479691881836,0.06009479691881836
baseline_train_40_percent,107,118.9311066,120.09461970823985,-1.1635131082398402,1.1635131082398402
baseline_train_40_percent,108,124.4578476,125.52311042261822,-1.065262822618223,1.065262822618223
baseline_train_40_percent,109,123.0172348,123.0286204886486,-0.0113856886486019,0.0113856886486019
baseline_train_40_percent,110,123.6459045,122.64545737149581,1.0004471285041916,1.0004471285041916
baseline_train_40_percent,111,128.1445465,125.98063924621542,2.163907253784572,2.163907253784572
baseline_train_40_percent,112,125.3097382,124.75497714063508,0.554761059364921,0.554761059364921
baseline_train_40_percent,113,126.6101761,124.51942405038628,2.0907520496137266,2.0907520496137266
baseline_train_40_percent,114,127.027565,124.76107055988166,2.2664944401183362,2.2664944401183362
baseline_train_40_percent,115,124.5588837,126.00402634875834,-1.445142648758349,1.445142648758349
baseline_train_40_percent,116,126.3179245,127.51272512485852,-1.194800624858516,1.194800624858516
baseline_train_40_percent,117,126.8376694,127.59084098033408,-0.753171580334083,0.753171580334083
baseline_train_40_percent,118,124.0618668,124.40777188537169,-0.3459050853716832,0.3459050853716832
baseline_train_40_percent,119,122.7227097,123.58693461836123,-0.8642249183612307,0.8642249183612307
baseline_train_40_percent,120,125.1001816,126.66379089516902,-1.563609295169016,1.563609295169016
baseline_train_40_percent,121,123.4854126,125.15908420873843,-1.673671608738431,1.673671608738431
baseline_train_40_percent,122,128.8962097,129.86953877724812,-0.9733290772481098,0.9733290772481098
baseline_train_40_percent,123,128.0701599,129.53597874389746,-1.4658188438974662,1.4658188438974662
baseline_train_40_percent,124,131.4670868,131.34988270482194,0.11720409517806729,0.11720409517806729
baseline_train_40_percent,125,129.3617554,130.18264656914033,-0.8208911691403387,0.8208911691403387
baseline_train_40_percent,126,121.496109,122.79222370271896,-1.2961147027189526,1.2961147027189526
baseline_train_40_percent,127,120.9677277,122.12770109726611,-1.1599733972661141,1.1599733972661141
baseline_train_40_percent,128,122.9869919,123.66692447815407,-0.6799325781540659,0.6799325781540659
baseline_train_40_percent,129,125.0171814,126.8955158590365,-1.8783344590364948,1.8783344590364948
baseline_train_40_percent,130,127.1213379,129.16225084229688,-2.0409129422968846,2.0409129422968846
baseline_train_40_percent,131,127.873497,129.03818411200547,-1.164687112005467,1.164687112005467
baseline_train_40_percent,132,129.885849,131.27613715471358,-1.3902881547135735,1.3902881547135735
baseline_train_40_percent,133,126.5873337,127.30314865114566,-0.71581495114566,0.71581495114566
baseline_train_40_percent,134,120.2829361,120.80303148732315,-0.5200953873231526,0.5200953873231526
baseline_train_40_percent,135,120.8912354,121.53257726678815,-0.641341866788153,0.641341866788153
baseline_train_40_percent,136,120.4709625,120.47545969703813,-0.004497197038134004,0.004497197038134004
baseline_train_40_percent,137,121.8259583,122.80405468521292,-0.9780963852129219,0.9780963852129219
baseline_train_40_percent,138,123.7894211,125.20932635239254,-1.4199052523925388,1.4199052523925388
baseline_train_40_percent,139,125.6049728,126.7283354875477,-1.1233626875476972,1.1233626875476972
baseline_train_40_percent,140,127.2251205,127.51879664274969,-0.293676142749689,0.293676142749689
baseline_train_40_percent,141,122.7118912,123.29203927226794,-0.5801480722679457,0.5801480722679457
baseline_train_40_percent,142,117.726593,118.50900106335456,-0.7824080633545663,0.7824080633545663
baseline_train_40_percent,143,114.0033112,114.18107689092835,-0.1777656909283536,0.1777656909283536
baseline_train_40_percent,144,116.5512543,117.21983133805496,-0.6685770380549627,0.6685770380549627
baseline_train_40_percent,145,121.6436844,122.45558836703887,-0.811903967038873,0.811903967038873
baseline_train_40_percent,146,122.7240677,123.98349057151457,-1.259422871514559,1.259422871514559
baseline_train_40_percent,147,120.9176025,122.53605883289117,-1.6184563328911707,1.6184563328911707
baseline_train_40_percent,148,122.4631805,123.44695427921855,-0.9837737792185379,0.9837737792185379
baseline_train_40_percent,149,122.4913025,122.97215346909934,-0.4808509690993361,0.4808509690993361
baseline_train_40_percent,150,116.6222763,118.33482752193892,-1.7125512219389236,1.7125512219389236
baseline_train_40_percent,151,115.5003357,116.34961961299452,-0.8492839129945224,0.8492839129945224
baseline_train_40_percent,152,119.5463181,119.99082514589696,-0.44450704589696954,0.44450704589696954
baseline_train_40_percent,153,122.7378311,123.74002211497795,-1.002191014977953,1.002191014977953
baseline_train_40_percent,154,123.7890625,125.13356993513564,-1.3445074351356396,1.3445074351356396
baseline_train_40_percent,155,124.0497818,125.98651781966,-1.936736019659989,1.936736019659989
baseline_train_40_percent,156,126.1497726,128.27775397167468,-2.1279813716746787,2.1279813716746787
baseline_train_40_percent,157,118.9395828,119.70646326101978,-0.766880461019781,0.766880461019781
baseline_train_40_percent,158,116.4378128,116.88324060308844,-0.4454278030884353,0.4454278030884353
baseline_train_40_percent,159,117.9034042,117.72741527824769,0.17598892175230674,0.17598892175230674
baseline_train_40_percent,160,121.4241562,121.92433930426681,-0.5001831042668101,0.5001831042668101
baseline_train_40_percent,161,117.8069077,119.71971560976672,-1.9128079097667268,1.9128079097667268
baseline_train_40_percent,162,123.0439835,124.7312586066465,-1.68727510664651,1.68727510664651
baseline_train_40_percent,163,119.4502411,120.40288943437794,-0.9526483343779404,0.9526483343779404
baseline_train_40_percent,164,114.7603378,115.55700317275324,-0.7966653727532389,0.7966653727532389
baseline_train_40_percent,165,112.1315613,112.9548677499884,-0.8233064499883938,0.8233064499883938
baseline_train_40_percent,166,115.697403,116.85926532494979,-1.1618623249497944,1.1618623249497944
baseline_train_40_percent,167,119.973671,121.55588767577484,-1.5822166757748448,1.5822166757748448
baseline_train_40_percent,168,122.7882004,123.72630237984481,-0.9381019798448165,0.9381019798448165
baseline_train_40_percent,169,124.3450089,125.67566607000072,-1.3306571700007197,1.3306571700007197
baseline_train_40_percent,170,123.7997055,124.07800915489354,-0.27830365489353426,0.27830365489353426
baseline_train_40_percent,171,119.7934494,120.79110610801547,-0.9976567080154695,0.9976567080154695
baseline_train_40_percent,172,115.4635086,116.37596444846984,-0.9124558484698468,0.9124558484698468
baseline_train_40_percent,173,113.5556335,114.16401365023724,-0.6083801502372381,0.6083801502372381
baseline_train_40_percent,174,116.3052597,116.33574510300743,-0.03048540300743241,0.03048540300743241
baseline_train_40_percent,175,119.8883743,120.39112619509118,-0.5027518950911798,0.5027518950911798
baseline_train_40_percent,176,120.8679276,122.27372758811575,-1.4057999881157457,1.4057999881157457
baseline_train_40_percent,177,119.4421768,120.13269776226791,-0.6905209622679109,0.6905209622679109
baseline_train_40_percent,178,116.4251633,117.53077370964444,-1.1056104096444415,1.1056104096444415
baseline_train_40_percent,179,115.0398331,115.84214008985867,-0.8023069898586783,0.8023069898586783
baseline_train_40_percent,180,115.5822449,116.4133260095373,-0.8310811095372941,0.8310811095372941
baseline_train_40_percent,181,114.228447,115.6558171879425,-1.4273701879425005,1.4273701879425005
baseline_train_40_percent,182,122.633522,123.20245054494578,-0.568928544945777,0.568928544945777
baseline_train_40_percent,183,119.0082016,120.0799166663887,-1.0717150663886912,1.0717150663886912
baseline_train_40_percent,184,118.8292007,119.74189718894081,-0.91269648894081,0.91269648894081
baseline_train_40_percent,185,114.244339,114.85233283677748,-0.6079938367774815,0.6079938367774815
baseline_train_40_percent,186,113.8991013,115.19735561096697,-1.2982543109669678,1.2982543109669678
baseline_train_40_percent,187,116.270546,117.42467927073675,-1.1541332707367502,1.1541332707367502
baseline_train_40_percent,188,118.5335083,120.8100191697552,-2.2765108697551995,2.2765108697551995
baseline_train_40_percent,189,121.2781525,122.37220391135631,-1.094051411356304,1.094051411356304
baseline_train_40_percent,190,121.6011581,122.37801721165856,-0.7768591116585526,0.7768591116585526
baseline_train_40_percent,191,122.7014694,123.46368900079261,-0.7622196007926192,0.7622196007926192
baseline_train_40_percent,192,117.8277283,118.30146109930769,-0.4737327993076832,0.4737327993076832
baseline_train_40_percent,193,113.2402954,114.39166932148046,-1.1513739214804701,1.1513739214804701
baseline_train_40_percent,194,113.3071213,115.07980535130038,-1.7726840513003737,1.7726840513003737
baseline_train_40_percent,195,114.1205444,115.21536700708354,-1.0948226070835432,1.0948226070835432
baseline_train_40_percent,196,118.0954514,119.30377275324864,-1.2083213532486354,1.2083213532486354
baseline_train_40_percent,197,119.0308762,119.95565734680598,-0.9247811468059837,0.9247811468059837
baseline_train_40_percent,198,119.6560745,120.49320911063381,-0.8371346106338109,0.8371346106338109
baseline_train_40_percent,199,120.5028,120.95490391902635,-0.4521039190263565,0.4521039190263565
baseline_train_40_percent,200,116.1161575,116.4951032399099,-0.378945739909895,0.378945739909895
baseline_train_40_percent,201,112.9472351,113.776675801404,-0.8294407014039962,0.8294407014039962
baseline_train_40_percent,202,113.5382538,113.52535350521723,0.01290029478278143,0.01290029478278143
baseline_train_40_percent,203,113.8520126,114.34419897434053,-0.4921863743405339,0.4921863743405339
baseline_train_40_percent,204,115.1943359,115.43226425203268,-0.23792835203268226,0.23792835203268226
baseline_train_40_percent,205,118.295845,118.98661550959176,-0.6907705095917578,0.6907705095917578
baseline_train_40_percent,206,117.2193222,117.33098576653306,-0.11166356653306764,0.11166356653306764
baseline_train_40_percent,207,116.5654297,117.37484245350356,-0.8094127535035653,0.8094127535035653
baseline_train_40_percent,208,117.2898941,117.11910256343616,0.17079153656383994,0.17079153656383994
baseline_train_40_percent,209,118.5087585,119.65225033800799,-1.1434918380079893,1.1434918380079893
baseline_train_40_percent,210,121.1824646,122.57563955813099,-1.3931749581309845,1.3931749581309845
baseline_train_40_percent,211,123.0020981,123.89560615661694,-0.8935080566169376,0.8935080566169376
baseline_train_40_percent,212,123.0604706,124.27363710376957,-1.2131665037695711,1.2131665037695711
baseline_train_40_percent,213,114.6528778,117.76306634623901,-3.1101885462390157,3.1101885462390157
baseline_train_40_percent,214,117.46772,118.95610437470164,-1.4883843747016385,1.4883843747016385
baseline_train_40_percent,215,116.0563965,116.39590529869368,-0.33950879869367157,0.33950879869367157
baseline_train_40_percent,216,119.0076981,120.17870924171552,-1.1710111417155247,1.1710111417155247
baseline_train_40_percent,217,120.7495728,121.54301003975459,-0.7934372397545957,0.7934372397545957
baseline_train_40_percent,218,120.8192444,122.06141273626199,-1.242168336261983,1.242168336261983
baseline_train_40_percent,219,123.2332535,124.14782729443674,-0.914573794436734,0.914573794436734
baseline_train_40_percent,220,117.3810883,118.84701571040165,-1.4659274104016475,1.4659274104016475
baseline_train_40_percent,221,112.2453156,114.92571145842889,-2.680395858428895,2.680395858428895
baseline_train_40_percent,222,118.8135376,119.9990926688384,-1.1855550688383971,1.1855550688383971
baseline_train_40_percent,223,118.1761169,119.65201601820523,-1.4758991182052341,1.4758991182052341
baseline_train_40_percent,224,117.4248734,118.36254720514283,-0.9376738051428362,0.9376738051428362
baseline_train_40_percent,225,115.6689377,116.52945972390802,-0.8605220239080182,0.8605220239080182
baseline_train_40_percent,226,112.2481995,112.1745701987012,0.0736293012987943,0.0736293012987943
baseline_train_40_percent,227,113.2901535,112.94607892808938,0.3440745719106246,0.3440745719106246
baseline_train_40_percent,228,116.7733002,117.67304445751083,-0.8997442575108323,0.8997442575108323
baseline_train_40_percent,229,120.5764771,122.09257111573272,-1.516094015732719,1.516094015732719
baseline_train_40_percent,230,122.1779861,123.48237994955994,-1.3043938495599434,1.3043938495599434
baseline_train_40_percent,231,120.0778198,120.01530679594433,0.06251300405567406,0.06251300405567406
baseline_train_40_percent,232,116.4104233,117.46019658472656,-1.0497732847265553,1.0497732847265553
baseline_train_40_percent,233,113.4643478,113.53892188436079,-0.0745740843607905,0.0745740843607905
baseline_train_40_percent,234,112.4605408,112.9371374679204,-0.4765966679203899,0.4765966679203899
baseline_train_40_percent,235,115.4057922,116.24302060269676,-0.8372284026967662,0.8372284026967662
baseline_train_40_percent,236,119.0323181,120.21536556597854,-1.1830474659785466,1.1830474659785466
baseline_train_40_percent,237,120.0631332,120.8942316321837,-0.8310984321837083,0.8310984321837083
baseline_train_40_percent,238,118.3728256,121.53546156986457,-3.162635969864567,3.162635969864567
baseline_train_40_percent,239,120.9271393,121.73414864712397,-0.8070093471239801,0.8070093471239801
baseline_train_40_percent,240,116.6813431,117.56219510356213,-0.8808520035621257,0.8808520035621257
baseline_train_40_percent,241,114.6851883,114.98215253207655,-0.29696423207656153,0.29696423207656153
baseline_train_40_percent,242,115.3689728,116.19998580641351,-0.8310130064135137,0.8310130064135137
baseline_train_40_percent,243,114.1751709,114.96191082566357,-0.7867399256635679,0.7867399256635679
baseline_train_40_percent,244,114.9249802,115.22014370230008,-0.2951635023000847,0.2951635023000847
baseline_train_40_percent,245,111.75383,113.06504726938812,-1.3112172693881234,1.3112172693881234
baseline_train_40_percent,246,111.002037,113.46602787159462,-2.4639908715946177,2.4639908715946177
baseline_train_40_percent,247,110.8155518,111.26289110775215,-0.44733930775215924,0.44733930775215924
baseline_train_40_percent,248,110.3593445,110.50499375101631,-0.14564925101630877,0.14564925101630877
baseline_train_40_percent,249,113.5457458,113.74171220604835,-0.19596640604834192,0.19596640604834192
baseline_train_40_percent,250,116.4248123,116.63512832564467,-0.21031602564467278,0.21031602564467278
baseline_train_40_percent,251,115.8980942,115.80957356510713,0.08852063489287332,0.08852063489287332
baseline_train_40_percent,252,113.2626724,114.10305563744055,-0.8403832374405482,0.8403832374405482
baseline_train_40_percent,253,117.0541534,117.76076146918344,-0.7066080691834316,0.7066080691834316
baseline_train_40_percent,254,118.0827484,117.96377800227687,0.11897039772313178,0.11897039772313178
baseline_train_40_percent,255,119.2439957,119.23059061724392,0.013405082756079878,0.013405082756079878
baseline_train_40_percent,256,119.5384216,119.62769197731197,-0.08927037731196208,0.08927037731196208
baseline_train_40_percent,257,120.8179932,121.50469784958855,-0.6867046495885489,0.6867046495885489
baseline_train_40_percent,258,120.6395721,121.4642567013528,-0.8246846013528,0.8246846013528
baseline_train_40_percent,259,121.4010162,122.01056839972934,-0.609552199729336,0.609552199729336
baseline_train_40_percent,260,119.3270569,120.01255883582736,-0.6855019358273609,0.6855019358273609
baseline_train_40_percent,261,115.7240067,116.78597354436998,-1.0619668443699766,1.0619668443699766
baseline_train_40_percent,262,114.1832123,114.38009036858399,-0.1968780685839988,0.1968780685839988
baseline_train_40_percent,263,114.3117142,115.68549618021923,-1.3737819802192348,1.3737819802192348
baseline_train_40_percent,264,118.7823334,119.95192730232861,-1.1695939023286144,1.1695939023286144
baseline_train_40_percent,265,122.3058395,123.59985527684148,-1.2940157768414764,1.2940157768414764
baseline_train_40_percent,266,122.7180786,124.22502752984339,-1.5069489298433894,1.5069489298433894
baseline_train_40_percent,267,120.8682785,121.50080808845722,-0.6325295884572171,0.6325295884572171
baseline_train_40_percent,268,120.6534576,121.15207931106892,-0.49862171106892106,0.49862171106892106
baseline_train_40_percent,269,116.8288345,117.34410117988574,-0.515266679885741,0.515266679885741
baseline_train_40_percent,270,114.5089493,116.24353131884234,-1.734582018842346,1.734582018842346
baseline_train_40_percent,271,115.2394028,116.30205683708897,-1.0626540370889757,1.0626540370889757
baseline_train_40_percent,272,121.1737289,121.1991302161666,-0.0254013161665938,0.0254013161665938
baseline_train_40_percent,273,122.472641,123.06467415558197,-0.5920331555819729,0.5920331555819729
baseline_train_40_percent,274,119.3502426,119.98909342872996,-0.6388508287299572,0.6388508287299572
baseline_train_40_percent,275,119.9115829,120.43700761802486,-0.5254247180248655,0.5254247180248655
baseline_train_40_percent,276,117.9777145,118.20675728035226,-0.229042780352259,0.229042780352259
baseline_train_40_percent,277,118.4037323,118.4418791823903,-0.03814688239029351,0.03814688239029351
baseline_train_40_percent,278,115.7519226,117.40708737552181,-1.6551647755218113,1.6551647755218113
baseline_train_40_percent,279,117.2590256,118.04844623672699,-0.7894206367269874,0.7894206367269874
baseline_train_40_percent,280,113.1517258,113.40982596493966,-0.2581001649396626,0.2581001649396626
baseline_train_40_percent,281,112.4808731,113.69051703166191,-1.2096439316619154,1.2096439316619154
baseline_train_40_percent,282,108.0312653,108.69320773862236,-0.6619424386223614,0.6619424386223614
baseline_train_40_percent,283,109.4687576,109.9490324511374,-0.4802748511373949,0.4802748511373949
baseline_train_40_percent,284,115.3204727,116.32151877083585,-1.001046070835855,1.001046070835855
baseline_train_40_percent,285,115.6738815,116.17033381756787,-0.4964523175678721,0.4964523175678721
baseline_train_40_percent,286,116.6950531,117.31518987452903,-0.6201367745290298,0.6201367745290298
baseline_train_40_percent,287,113.6682358,113.66464093279806,0.003594867201940133,0.003594867201940133
baseline_train_40_percent,288,110.2738953,110.95562049619552,-0.6817251961955151,0.6817251961955151
baseline_train_40_percent,289,111.6398468,112.04189621443548,-0.40204941443548137,0.40204941443548137
baseline_train_40_percent,290,108.284729,109.06674979951741,-0.7820207995174115,0.7820207995174115
baseline_train_40_percent,291,108.1674194,109.77571037671436,-1.6082909767143576,1.6082909767143576
baseline_train_40_percent,292,111.1854477,112.09186391832894,-0.9064162183289426,0.9064162183289426
baseline_train_40_percent,293,117.4402161,118.58377259296242,-1.1435564929624178,1.1435564929624178
baseline_train_40_percent,294,118.7373886,120.46992233248999,-1.7325337324899834,1.7325337324899834
baseline_train_40_percent,295,119.049324,120.14520830303277,-1.0958843030327756,1.0958843030327756
baseline_train_40_percent,296,116.5817566,117.21927994702641,-0.6375233470264021,0.6375233470264021
baseline_train_40_percent,297,111.9557495,112.23077715526955,-0.27502765526955386,0.27502765526955386
baseline_train_40_percent,298,111.8735504,111.83298129578743,0.04056910421256532,0.04056910421256532
baseline_train_40_percent,299,113.1112366,113.46815265629593,-0.3569160562959297,0.3569160562959297
baseline_train_40_percent,300,117.5487747,118.48860968427734,-0.9398349842773399,0.9398349842773399
baseline_train_40_percent,301,120.9564514,121.85729888305575,-0.9008474830557418,0.9008474830557418
baseline_train_40_percent,302,122.4246216,123.79618670023395,-1.3715651002339513,1.3715651002339513
baseline_train_40_percent,303,123.5255966,123.75696210429703,-0.23136550429703107,0.23136550429703107
baseline_train_40_percent,304,119.584404,120.48708271387183,-0.902678713871822,0.902678713871822
baseline_train_40_percent,305,117.3947067,118.32135617510356,-0.9266494751035594,0.9266494751035594
baseline_train_40_percent,306,116.4988251,117.49432522836855,-0.9955001283685476,0.9955001283685476
baseline_train_40_percent,307,115.666687,116.35907310883007,-0.6923861088300782,0.6923861088300782
baseline_train_40_percent,308,120.1296387,120.47840910712672,-0.3487704071267217,0.3487704071267217
baseline_train_40_percent,309,123.7562103,124.43018311437056,-0.6739728143705577,0.6739728143705577
baseline_train_40_percent,310,121.8085175,123.35017740452093,-1.541659904520941,1.541659904520941
baseline_train_40_percent,311,120.6929855,121.77707772229896,-1.084092222298949,1.084092222298949
baseline_train_40_percent,312,114.0292282,115.87259204514432,-1.8433638451443102,1.8433638451443102
baseline_train_40_percent,313,112.6142654,113.89307842744061,-1.27881302744062,1.27881302744062
baseline_train_40_percent,314,115.378746,115.4032062098293,-0.024460209829300084,0.024460209829300084
baseline_train_40_percent,315,115.2181244,116.0214598492141,-0.8033354492141029,0.8033354492141029
baseline_train_40_percent,316,114.5629578,115.38441558374518,-0.8214577837451742,0.8214577837451742
baseline_train_40_percent,317,119.2408829,120.38248883033137,-1.141605930331366,1.141605930331366
baseline_train_40_percent,318,120.727417,122.32982374443789,-1.6024067444378858,1.6024067444378858
baseline_train_40_percent,319,118.7723236,119.7311533400499,-0.9588297400498931,0.9588297400498931
baseline_train_40_percent,320,115.0784378,116.03489667689895,-0.9564588768989495,0.9564588768989495
baseline_train_40_percent,321,112.6979065,113.84214100437659,-1.144234504376584,1.144234504376584
baseline_train_40_percent,322,112.3788605,113.13397860209348,-0.7551181020934763,0.7551181020934763
baseline_train_40_percent,323,111.3601227,112.14221585625643,-0.7820931562564226,0.7820931562564226
baseline_train_40_percent,324,116.0024643,116.20003194275297,-0.197567642752972,0.197567642752972
baseline_train_40_percent,325,113.0758896,115.58789602555773,-2.512006425557729,2.512006425557729
baseline_train_40_percent,326,118.132225,118.70331482890403,-0.5710898289040216,0.5710898289040216
baseline_train_40_percent,327,116.710228,117.49605804361082,-0.7858300436108152,0.7858300436108152
baseline_train_40_percent,328,111.5582352,111.98928574325753,-0.4310505432575269,0.4310505432575269
baseline_train_40_percent,329,110.9020157,111.3982401969641,-0.4962244969640892,0.4962244969640892
baseline_train_40_percent,330,109.3757477,109.65221457351636,-0.27646687351635535,0.27646687351635535
baseline_train_40_percent,331,110.2188492,110.6945880972469,-0.475738897246913,0.475738897246913
baseline_train_40_percent,332,114.1450119,116.42789968077173,-2.2828877807717305,2.2828877807717305
baseline_train_40_percent,333,117.4533005,118.52285414360429,-1.0695536436042943,1.0695536436042943
baseline_train_40_percent,334,121.0653763,122.26931844111567,-1.2039421411156752,1.2039421411156752
baseline_train_40_percent,335,119.7260132,120.92594648690007,-1.1999332869000767,1.1999332869000767
baseline_train_40_percent,336,114.8282547,116.13137752874151,-1.3031228287415075,1.3031228287415075
baseline_train_40_percent,337,113.2094193,113.47572735815895,-0.2663080581589554,0.2663080581589554
baseline_train_40_percent,338,111.8068695,112.3201905243579,-0.513321024357893,0.513321024357893
baseline_train_40_percent,339,112.2780991,113.21969542439513,-0.9415963243951211,0.9415963243951211
baseline_train_40_percent,340,112.2059631,114.03703930555658,-1.8310762055565704,1.8310762055565704
baseline_train_40_percent,341,119.6346054,120.60858475785781,-0.9739793578578144,0.9739793578578144
baseline_train_40_percent,342,119.7772446,120.29454506856766,-0.5173004685676545,0.5173004685676545
baseline_train_40_percent,343,115.4090805,116.68939654168591,-1.2803160416859072,1.2803160416859072
baseline_train_40_percent,344,108.15168,109.79888643820159,-1.647206438201593,1.647206438201593
baseline_train_40_percent,345,107.5892715,108.5389401376959,-0.9496686376959076,0.9496686376959076
baseline_train_40_percent,346,107.0613708,107.20886513980169,-0.14749433980168192,0.14749433980168192
baseline_train_40_percent,347,111.9353256,112.26939457914047,-0.3340689791404685,0.3340689791404685
baseline_train_40_percent,348,109.5349197,111.80038290300904,-2.265463203009034,2.265463203009034
baseline_train_40_percent,349,110.7121429,112.1516301115154,-1.4394872115153987,1.4394872115153987
baseline_train_40_percent,350,110.7098312,110.82440975882982,-0.1145785588298196,0.1145785588298196
baseline_train_40_percent,351,103.6835098,103.4265401948224,0.25696960517760203,0.25696960517760203
baseline_train_40_percent,352,102.9290466,103.2404313821624,-0.31138478216239207,0.31138478216239207
baseline_train_40_percent,353,112.711441,112.34093448275131,0.37050651724868544,0.37050651724868544
baseline_train_40_percent,354,109.6889038,109.72568171217146,-0.03677791217145909,0.03677791217145909
baseline_train_40_percent,355,113.7726517,114.674886525593,-0.9022348255929984,0.9022348255929984
baseline_train_40_percent,356,113.5322418,114.48112300940836,-0.9488812094083698,0.9488812094083698
baseline_train_40_percent,357,109.2904663,109.86381633764553,-0.5733500376455254,0.5733500376455254
baseline_train_40_percent,358,103.4770432,104.16646016428606,-0.6894169642860675,0.6894169642860675
baseline_train_40_percent,359,103.4816437,103.72152562565344,-0.23988192565343525,0.23988192565343525
baseline_train_40_percent,360,105.5477829,105.07071313130001,0.47706976869999096,0.47706976869999096
baseline_train_40_percent,361,112.8556824,113.00769574612431,-0.15201334612430628,0.15201334612430628
baseline_train_40_percent,362,112.2126236,112.55864012326664,-0.34601652326664123,0.34601652326664123
baseline_train_40_percent,363,109.3627701,109.24255380630999,0.12021629369002085,0.12021629369002085
baseline_train_40_percent,364,108.0750198,107.72987445785765,0.34514534214235937,0.34514534214235937
baseline_train_40_percent,365,109.4087372,109.56141270133496,-0.15267550133495433,0.15267550133495433
baseline_train_40_percent,366,109.175827,109.62715864559601,-0.4513316455960137,0.4513316455960137
baseline_train_40_percent,367,112.7296143,112.69693673883665,0.03267756116333942,0.03267756116333942
baseline_train_40_percent,368,114.1033096,115.07297538052674,-0.9696657805267392,0.9696657805267392
baseline_train_40_percent,369,115.3007965,116.3560840107242,-1.0552875107241988,1.0552875107241988
baseline_train_40_percent,370,114.4397583,114.54125673371786,-0.1014984337178646,0.1014984337178646
baseline_train_40_percent,371,113.9168091,115.21353120035985,-1.2967221003598581,1.2967221003598581
baseline_train_40_percent,372,111.0392914,111.63828094031756,-0.5989895403175609,0.5989895403175609
baseline_train_40_percent,373,110.4469757,110.76496145134773,-0.31798575134773444,0.31798575134773444
baseline_train_40_percent,374,117.8011475,118.93580996829476,-1.1346624682947635,1.1346624682947635
baseline_train_40_percent,375,120.4162064,121.06324452924822,-0.6470381292482301,0.6470381292482301
baseline_train_40_percent,376,121.2827606,122.8157509165447,-1.5329903165446979,1.5329903165446979
baseline_train_40_percent,377,121.59198,121.99046777681127,-0.39848777681126535,0.39848777681126535
baseline_train_40_percent,378,114.8404465,115.21997333374479,-0.3795268337447908,0.3795268337447908
baseline_train_40_percent,379,111.5095139,111.96115218165905,-0.45163828165904363,0.45163828165904363
baseline_train_40_percent,380,108.2657623,110.0442026512279,-1.7784403512279,1.7784403512279
baseline_train_40_percent,381,109.9335861,110.39196629033205,-0.4583801903320506,0.4583801903320506
baseline_train_40_percent,382,112.2704163,112.55913677529647,-0.28872047529647205,0.28872047529647205
baseline_train_40_percent,383,120.0989761,120.36291934808271,-0.2639432480827111,0.2639432480827111
baseline_train_40_percent,384,116.3016663,115.04486841800909,1.2567978819909058,1.2567978819909058
baseline_train_40_percent,385,121.931282,122.39091243685367,-0.4596304368536721,0.4596304368536721
baseline_train_40_percent,386,115.2315826,115.8085738589184,-0.5769912589183974,0.5769912589183974
baseline_train_40_percent,387,112.1696014,112.64145260090122,-0.471851200901213,0.471851200901213
baseline_train_40_percent,388,109.0664749,109.98317108824023,-0.9166961882402234,0.9166961882402234
baseline_train_40_percent,389,112.0090408,112.4162441039732,-0.4072033039732048,0.4072033039732048
baseline_train_40_percent,390,114.9846573,115.14832822701081,-0.16367092701081276,0.16367092701081276
baseline_train_40_percent,391,118.3762131,119.61568233898572,-1.2394692389857198,1.2394692389857198
baseline_train_40_percent,392,117.817276,117.92070933553128,-0.1034333355312782,0.1034333355312782
baseline_train_40_percent,393,118.154953,118.0905914375227,0.06436156247730196,0.06436156247730196
baseline_train_40_percent,394,112.4647369,114.84853121699518,-2.3837943169951785,2.3837943169951785
baseline_train_40_percent,395,111.404541,112.07871980002538,-0.6741788000253877,0.6741788000253877
baseline_train_40_percent,396,111.9212265,113.47463630464539,-1.5534098046453835,1.5534098046453835
baseline_train_40_percent,397,114.9829712,115.86492201418268,-0.8819508141826873,0.8819508141826873
baseline_train_40_percent,398,118.6991653,119.70908222329297,-1.0099169232929626,1.0099169232929626
baseline_train_40_percent,399,109.4391785,110.02232289640249,-0.5831443964024885,0.5831443964024885
baseline_train_40_percent,400,109.5735855,110.10527387915772,-0.5316883791577283,0.5316883791577283
baseline_train_40_percent,401,113.0518646,114.1750646255864,-1.1232000255863994,1.1232000255863994
baseline_train_40_percent,402,116.6480942,116.27068915952437,0.3774050404756366,0.3774050404756366
baseline_train_40_percent,403,115.9335251,116.4393063184837,-0.5057812184837047,0.5057812184837047
baseline_train_40_percent,404,120.2326202,120.67567781009676,-0.4430576100967585,0.4430576100967585
baseline_train_40_percent,405,112.446907,113.54268573386243,-1.0957787338624314,1.0957787338624314
baseline_train_40_percent,406,109.180954,109.24896835936913,-0.0680143593691298,0.0680143593691298
baseline_train_40_percent,407,109.1723938,109.64016595384213,-0.4677721538421338,0.4677721538421338
baseline_train_40_percent,408,108.5844421,109.45752772881829,-0.8730856288182878,0.8730856288182878
baseline_train_40_percent,409,113.1417389,113.26608241838028,-0.1243435183802859,0.1243435183802859
baseline_train_40_percent,410,113.2390594,114.50593858096202,-1.2668791809620217,1.2668791809620217
baseline_train_40_percent,411,119.5901718,120.20413612798953,-0.6139643279895353,0.6139643279895353
baseline_train_40_percent,412,112.944809,113.37670828446684,-0.43189928446683723,0.43189928446683723
baseline_train_40_percent,413,105.4675903,107.5418240473404,-2.0742337473404007,2.0742337473404007
baseline_train_40_percent,414,105.8941422,106.74672374689078,-0.8525815468907751,0.8525815468907751
baseline_train_40_percent,415,107.3097687,108.63071612470394,-1.320947424703931,1.320947424703931
baseline_train_40_percent,416,110.852478,111.11006750473416,-0.2575895047341561,0.2575895047341561
baseline_train_40_percent,417,112.8731766,114.18344806160833,-1.3102714616083375,1.3102714616083375
baseline_train_40_percent,418,114.2187119,115.60708292089168,-1.3883710208916824,1.3883710208916824
baseline_train_40_percent,419,114.3400497,114.46760067895845,-0.12755097895845324,0.12755097895845324
baseline_train_40_percent,420,108.2713394,107.90062815342016,0.37071124657984456,0.37071124657984456
baseline_train_40_percent,421,103.151268,103.57175874805468,-0.4204907480546751,0.4204907480546751
baseline_train_40_percent,422,103.8721085,104.39468868150567,-0.5225801815056741,0.5225801815056741
baseline_train_40_percent,423,108.8977356,110.09463724175473,-1.196901641754721,1.196901641754721
baseline_train_40_percent,424,111.4937363,112.67533009445452,-1.1815937944545283,1.1815937944545283
baseline_train_40_percent,425,111.4684753,111.90635524330602,-0.4378799433060294,0.4378799433060294
baseline_train_40_percent,426,116.1672821,116.98000902730291,-0.8127269273029185,0.8127269273029185
baseline_train_40_percent,427,112.9946442,113.56882467379214,-0.5741804737921399,0.5741804737921399
baseline_train_40_percent,428,108.0337143,107.90526752988882,0.12844677011118222,0.12844677011118222
baseline_train_40_percent,429,102.3673325,102.53658083877296,-0.16924833877295953,0.16924833877295953
baseline_train_40_percent,430,98.8172226,99.85739534868124,-1.0401727486812433,1.0401727486812433
baseline_train_40_percent,431,104.6789703,105.93921532661213,-1.2602450266121252,1.2602450266121252
baseline_train_40_percent,432,110.1533737,110.50753385401477,-0.35416015401476386,0.35416015401476386
baseline_train_40_percent,433,113.2301254,113.32646392824698,-0.09633852824697442,0.09633852824697442
baseline_train_40_percent,434,113.997963,114.28490632392578,-0.28694332392578303,0.28694332392578303
baseline_train_40_percent,435,104.9963074,105.50962156250293,-0.5133141625029225,0.5133141625029225
baseline_train_40_percent,436,98.82102966,99.58304099684511,-0.76201133684512,0.76201133684512
baseline_train_40_percent,437,98.6931076,98.61078509376959,0.08232250623041182,0.08232250623041182
baseline_train_40_percent,438,99.96272278,100.7948446376813,-0.832121857681301,0.832121857681301
baseline_train_40_percent,439,107.916481,107.8098242149662,0.10665678503380605,0.10665678503380605
baseline_train_40_percent,440,105.0677948,105.15909751306097,-0.09130271306096915,0.09130271306096915
baseline_train_40_percent,441,108.9796295,109.65383759166251,-0.6742080916625071,0.6742080916625071
baseline_train_40_percent,442,112.7222214,113.65450486525081,-0.9322834652508192,0.9322834652508192
baseline_train_40_percent,443,104.6625748,105.14929728733551,-0.4867224873355127,0.4867224873355127
baseline_train_40_percent,444,100.218483,100.30790492615169,-0.08942192615168665,0.08942192615168665
baseline_train_40_percent,445,100.1431885,100.90000867495556,-0.7568201749555641,0.7568201749555641
baseline_train_40_percent,446,101.1329041,101.85004792323977,-0.7171438232397662,0.7171438232397662
baseline_train_40_percent,447,99.73719025,100.0428200202523,-0.30562977025229543,0.30562977025229543
baseline_train_40_percent,448,104.6632462,104.54906513900787,0.11418106099213787,0.11418106099213787
baseline_train_40_percent,449,108.2849579,108.48348942088549,-0.19853152088549564,0.19853152088549564
baseline_train_40_percent,450,108.1923904,109.23853063942721,-1.046140239427217,1.046140239427217
baseline_train_40_percent,451,108.3297729,108.77575879687922,-0.44598589687922185,0.44598589687922185
baseline_train_40_percent,452,104.8150711,105.38657429630132,-0.5715031963013217,0.5715031963013217
baseline_train_40_percent,453,102.5968552,102.23406794243401,0.3627872575659836,0.3627872575659836
baseline_train_40_percent,454,103.7351456,104.05572654055973,-0.3205809405597364,0.3205809405597364
baseline_train_40_percent,455,106.6183319,107.33964147783692,-0.7213095778369194,0.7213095778369194
baseline_train_40_percent,456,111.9656906,111.77317045912093,0.19252014087906844,0.19252014087906844
baseline_train_40_percent,457,113.6845322,114.10419053884087,-0.41965833884086123,0.41965833884086123
baseline_train_40_percent,458,110.9240417,111.30992205740074,-0.3858803574007368,0.3858803574007368
baseline_train_40_percent,459,106.1872406,106.37976734403168,-0.19252674403168157,0.19252674403168157
baseline_train_40_percent,460,103.9909286,104.57347257696746,-0.5825439769674574,0.5825439769674574
baseline_train_40_percent,461,105.3406982,105.61892792037743,-0.2782297203774249,0.2782297203774249
baseline_train_40_percent,462,109.8006439,110.74721983266568,-0.9465759326656809,0.9465759326656809
baseline_train_40_percent,463,112.7052536,113.15738833663518,-0.45213473663517334,0.45213473663517334
baseline_train_40_percent,464,114.1623001,113.91557227803098,0.2467278219690172,0.2467278219690172
baseline_train_40_percent,465,116.1032104,117.54064883608348,-1.4374384360834824,1.4374384360834824
baseline_train_40_percent,466,110.4982529,110.81719831955078,-0.31894541955078637,0.31894541955078637
baseline_train_40_percent,467,103.0285568,103.96962090038862,-0.9410641003886155,0.9410641003886155
baseline_train_40_percent,468,101.6529388,102.3348835248224,-0.6819447248224009,0.6819447248224009
baseline_train_40_percent,469,104.0481186,104.22826590568967,-0.18014730568967252,0.18014730568967252
baseline_train_40_percent,470,107.3314438,107.83258427821934,-0.5011404782193409,0.5011404782193409
baseline_train_40_percent,471,112.0577316,111.75613037525417,0.3016012247458235,0.3016012247458235
baseline_train_40_percent,472,111.667984,112.2397486438392,-0.5717646438392023,0.5717646438392023
baseline_train_40_percent,473,113.1516495,113.45425088467817,-0.30260138467816944,0.30260138467816944
baseline_train_40_percent,474,105.4379654,105.86094667634346,-0.4229812763434637,0.4229812763434637
baseline_train_40_percent,475,100.4805069,100.45732676898916,0.023180131010832383,0.023180131010832383
baseline_train_40_percent,476,101.6440353,101.67666058377726,-0.03262528377726426,0.03262528377726426
baseline_train_40_percent,477,101.2543488,101.72137882483511,-0.46703002483511113,0.46703002483511113
baseline_train_40_percent,478,107.8687973,107.53168046518371,0.3371168348162854,0.3371168348162854
baseline_train_40_percent,479,105.5327148,105.0217618784717,0.5109529215283004,0.5109529215283004
baseline_train_40_percent,480,105.163826,105.82074270475172,-0.6569167047517226,0.6569167047517226
baseline_train_40_percent,481,106.8452454,107.0834774368132,-0.23823203681320138,0.23823203681320138
baseline_train_40_percent,482,101.6960144,101.5150726661146,0.18094173388539048,0.18094173388539048
baseline_train_40_percent,483,100.6292191,100.25311683332258,0.37610226667742097,0.37610226667742097
baseline_train_40_percent,484,105.6511078,105.26003530663804,0.3910724933619605,0.3910724933619605
baseline_train_40_percent,485,108.2172699,107.10187209325974,1.115397806740262,1.115397806740262
baseline_train_40_percent,486,104.6051788,104.08175908971,0.5234197102899998,0.5234197102899998
baseline_train_40_percent,487,104.5612793,104.2802781943909,0.28100110560909286,0.28100110560909286
baseline_train_40_percent,488,104.5678177,105.24313110707786,-0.6753134070778515,0.6753134070778515
baseline_train_40_percent,489,103.8528442,103.4697397789125,0.3831044210875092,0.3831044210875092
baseline_train_40_percent,490,100.4466248,99.99517568219143,0.4514491178085649,0.4514491178085649
baseline_train_40_percent,491,101.5856018,101.1568230970483,0.4287787029517034,0.4287787029517034
baseline_train_40_percent,492,104.8936157,104.95350068911522,-0.059884989115218445,0.059884989115218445
baseline_train_40_percent,493,107.7965469,108.32718404313495,-0.5306371431349532,0.5306371431349532
baseline_train_40_percent,494,111.593689,111.6335075539646,-0.03981855396460787,0.03981855396460787
baseline_train_40_percent,495,111.6843567,111.66488979574693,0.019466904253064854,0.019466904253064854
baseline_train_40_percent,496,114.83638,115.52836594189564,-0.6919859418956378,0.6919859418956378
baseline_train_40_percent,497,107.3706436,107.62108006659388,-0.2504364665938823,0.2504364665938823
baseline_train_40_percent,498,106.9283066,106.97704317745016,-0.048736577450156915,0.048736577450156915
baseline_train_40_percent,499,106.4593506,105.75804780684669,0.7013027931533031,0.7013027931533031
baseline_train_40_percent,500,105.2636261,105.98985886444181,-0.7262327644418178,0.7262327644418178
baseline_train_40_percent,501,106.7982254,108.433898752296,-1.6356733522959956,1.6356733522959956
baseline_train_40_percent,502,110.4324341,110.36908612277652,0.06334797722347218,0.06334797722347218
baseline_train_40_percent,503,105.0599823,106.86267067778212,-1.8026883777821183,1.8026883777821183
baseline_train_40_percent,504,108.1058807,108.67806376639676,-0.5721830663967609,0.5721830663967609
baseline_train_40_percent,505,105.8689117,105.50958304774842,0.35932865225157684,0.35932865225157684
baseline_train_40_percent,506,100.7356796,100.33900242800112,0.3966771719988742,0.3966771719988742
baseline_train_40_percent,507,103.3383636,103.11242964498189,0.22593395501810676,0.22593395501810676
baseline_train_40_percent,508,105.9363708,106.1391285434744,-0.20275774347439324,0.20275774347439324
baseline_train_40_percent,509,109.8825531,109.77089248804461,0.11166061195538646,0.11166061195538646
baseline_train_40_percent,510,110.8174744,111.72564890053616,-0.9081745005361626,0.9081745005361626
baseline_train_40_percent,511,114.8151855,115.42995382000392,-0.6147683200039182,0.6147683200039182
baseline_train_40_percent,512,106.4981918,107.0339721781217,-0.5357803781217001,0.5357803781217001
baseline_train_40_percent,513,103.9040375,104.09506563193482,-0.19102813193481438,0.19102813193481438
baseline_train_40_percent,514,101.4960022,101.37949436281272,0.11650783718728519,0.11650783718728519
baseline_train_40_percent,515,101.7290421,101.65116401890995,0.07787808109004857,0.07787808109004857
baseline_train_40_percent,516,106.4492569,106.2629426999171,0.18631420008289012,0.18631420008289012
baseline_train_40_percent,517,110.367897,110.10366959260162,0.2642274073983799,0.2642274073983799
baseline_train_40_percent,518,105.1237869,106.2762454563865,-1.152458556386506,1.152458556386506
baseline_train_40_percent,519,110.9913177,110.45114599188224,0.5401717081177537,0.5401717081177537
baseline_train_40_percent,520,108.2392426,108.13010241911796,0.10914018088203647,0.10914018088203647
baseline_train_40_percent,521,107.2871475,107.26815825440235,0.018989245597651916,0.018989245597651916
baseline_train_40_percent,522,110.3957138,110.65733274774988,-0.2616189477498807,0.2616189477498807
baseline_train_40_percent,523,111.8691101,112.69644296058446,-0.8273328605844625,0.8273328605844625
baseline_train_40_percent,524,114.1892548,114.42454599548104,-0.2352911954810395,0.2352911954810395
baseline_train_40_percent,525,103.755867,106.48666789027023,-2.730800890270231,2.730800890270231
baseline_train_40_percent,526,109.0948486,108.50334928723633,0.5914993127636734,0.5914993127636734
baseline_train_40_percent,527,106.2436447,105.9815981518695,0.262046548130499,0.262046548130499
baseline_train_40_percent,528,109.5135117,109.01483957808634,0.49867212191365695,0.49867212191365695
baseline_train_40_percent,529,109.1751938,109.79516048075433,-0.6199666807543309,0.6199666807543309
baseline_train_40_percent,530,109.1098175,109.50120792651173,-0.3913904265117196,0.3913904265117196
baseline_train_40_percent,531,114.030098,113.92576497076253,0.10433302923746623,0.10433302923746623
baseline_train_40_percent,532,112.2862778,112.98993895862266,-0.7036611586226655,0.7036611586226655
baseline_train_40_percent,533,106.1234665,106.60531467674483,-0.48184817674481906,0.48184817674481906
baseline_train_40_percent,534,105.3739853,104.72450408625797,0.6494812137420354,0.6494812137420354
baseline_train_40_percent,535,101.9895325,102.37593623455636,-0.38640373455636734,0.38640373455636734
baseline_train_40_percent,536,102.9182205,103.54584301218944,-0.6276225121894328,0.6276225121894328
baseline_train_40_percent,537,105.6162567,105.90153866657256,-0.285281966572569,0.285281966572569
baseline_train_40_percent,538,109.0485382,109.73340047555442,-0.6848622755544227,0.6848622755544227
baseline_train_40_percent,539,109.0671692,110.19635883211343,-1.1291896321134374,1.1291896321134374
baseline_train_40_percent,540,114.0497208,113.95288233191314,0.09683846808685814,0.09683846808685814
baseline_train_40_percent,541,104.0498962,105.33250278605672,-1.2826065860567155,1.2826065860567155
baseline_train_40_percent,542,100.9794846,100.98710625438446,-0.007621654384450949,0.007621654384450949
baseline_train_40_percent,543,100.3715744,100.57818623673158,-0.20661183673158234,0.20661183673158234
baseline_train_40_percent,544,102.6985397,103.40492502779834,-0.7063853277983441,0.7063853277983441
baseline_train_40_percent,545,105.1705399,105.17249515209225,-0.0019552520922587746,0.0019552520922587746
baseline_train_40_percent,546,105.7759781,105.77088845082129,0.0050896491787142395,0.0050896491787142395
baseline_train_40_percent,547,108.4027176,108.435832376055,-0.033114776055001016,0.033114776055001016
baseline_train_40_percent,548,106.5100327,106.60633145699917,-0.09629875699917534,0.09629875699917534
baseline_train_40_percent,549,103.1238327,103.81977833273719,-0.6959456327371925,0.6959456327371925
baseline_train_40_percent,550,103.3984909,102.81269507829155,0.5857958217084445,0.5857958217084445
baseline_train_40_percent,551,100.980629,100.5114636379874,0.46916536201258907,0.46916536201258907
baseline_train_40_percent,552,100.6408234,101.7732246320976,-1.1324012320975925,1.1324012320975925
baseline_train_40_percent,553,105.0384216,105.32274514161735,-0.28432354161733997,0.28432354161733997
baseline_train_40_percent,554,107.7013474,108.64091731762375,-0.9395699176237429,0.9395699176237429
baseline_train_40_percent,555,109.1113815,109.30861170819671,-0.19723020819671433,0.19723020819671433
baseline_train_40_percent,556,110.810463,110.6819059524372,0.1285570475627935,0.1285570475627935
baseline_train_40_percent,557,95.02158356,98.24313176392408,-3.221548203924087,3.221548203924087
baseline_train_40_percent,558,106.1722565,104.87364720846818,1.2986092915318181,1.2986092915318181
baseline_train_40_percent,559,108.4760513,108.79471321726896,-0.31866191726896886,0.31866191726896886
baseline_train_40_percent,560,108.2429504,109.04616338048464,-0.8032129804846448,0.8032129804846448
baseline_train_40_percent,561,106.3985443,106.6525000237782,-0.25395572377820486,0.25395572377820486
baseline_train_40_percent,562,101.9994736,101.86521060131768,0.13426299868231695,0.13426299868231695
baseline_train_40_percent,563,106.9143753,106.66287594299922,0.25149935700078174,0.25149935700078174
baseline_train_40_percent,564,109.8322067,109.59945004774586,0.23275665225413888,0.23275665225413888
baseline_train_40_percent,565,109.0761185,109.46096634152418,-0.38484784152417717,0.38484784152417717
baseline_train_40_percent,566,112.3231735,112.86373863685161,-0.5405651368516118,0.5405651368516118
baseline_train_40_percent,567,113.7075195,112.9300521293333,0.7774673706666988,0.7774673706666988
baseline_train_40_percent,568,105.1849136,105.64049295783519,-0.455579357835191,0.455579357835191
baseline_train_40_percent,569,104.6834335,104.63960035393556,0.04383314606444344,0.04383314606444344
baseline_train_40_percent,570,104.0014572,103.32639073580233,0.6750664641976698,0.6750664641976698
baseline_train_40_percent,571,105.5022278,105.3354542380933,0.16677356190669457,0.16677356190669457
baseline_train_40_percent,572,108.0256348,108.7690088611289,-0.7433740611288897,0.7433740611288897
baseline_train_40_percent,573,113.249054,113.65331098952284,-0.4042569895228354,0.4042569895228354
baseline_train_40_percent,574,112.0701141,113.1116095238846,-1.041495423884598,1.041495423884598
baseline_train_40_percent,575,108.1053085,106.09463888200979,2.0106696179902173,2.0106696179902173
baseline_train_40_percent,576,103.6611938,101.90716122880704,1.7540325711929654,1.7540325711929654
baseline_train_40_percent,577,102.4410782,100.28080184616675,2.160276353833254,2.160276353833254
baseline_train_40_percent,578,103.5242996,101.54340743060264,1.9808921693973645,1.9808921693973645
baseline_train_40_percent,579,103.0422897,103.83594446469074,-0.7936547646907428,0.7936547646907428
baseline_train_40_percent,580,97.68745422,97.55090522749381,0.13654899250619223,0.13654899250619223
baseline_train_40_percent,581,101.0555191,100.69181348440969,0.36370561559030534,0.36370561559030534
baseline_train_40_percent,582,97.47228241,97.70188745909138,-0.2296050490913757,0.2296050490913757
baseline_train_40_percent,583,103.4606018,103.1490544614016,0.3115473385984018,0.3115473385984018
baseline_train_40_percent,584,109.8600693,109.44484580419102,0.41522349580898776,0.41522349580898776
baseline_train_40_percent,585,114.6130295,114.66662702633255,-0.05359752633255255,0.05359752633255255
baseline_train_40_percent,586,111.5049515,111.79330372781027,-0.2883522278102646,0.2883522278102646
baseline_train_40_percent,587,98.43247223,98.58530204128937,-0.15282981128936513,0.15282981128936513
baseline_train_40_percent,588,98.46308899,99.3852064182371,-0.922117428237101,0.922117428237101
baseline_train_40_percent,589,105.3104477,105.03715062368786,0.27329707631213296,0.27329707631213296
baseline_train_40_percent,590,108.6793518,108.3645386900671,0.31481310993289924,0.31481310993289924
baseline_train_40_percent,591,113.7318344,113.85658616111029,-0.1247517611102893,0.1247517611102893
baseline_train_40_percent,592,111.794487,112.03044685005882,-0.23595985005881914,0.23595985005881914
baseline_train_40_percent,593,100.6978302,100.9887447371494,-0.29091453714940485,0.29091453714940485
baseline_train_40_percent,594,99.49494171,99.04962470533738,0.4453170046626269,0.4453170046626269
baseline_train_40_percent,595,98.68130493,98.87856520791473,-0.19726027791473655,0.19726027791473655
baseline_train_40_percent,596,99.35259247,98.54843378690424,0.8041586830957641,0.8041586830957641
baseline_train_40_percent,597,105.3356171,105.79489449914574,-0.4592773991457477,0.4592773991457477
baseline_train_40_percent,598,105.0923309,105.40503839814689,-0.31270749814689225,0.31270749814689225
baseline_train_40_percent,599,109.7200089,109.24970763960344,0.4703012603965533,0.4703012603965533
baseline_train_40_percent,600,110.570015,111.11376167189485,-0.5437466718948514,0.5437466718948514
baseline_train_40_percent,601,103.1159668,103.00896839954231,0.10699840045768383,0.10699840045768383
baseline_train_40_percent,602,99.19947052,98.5196892130738,0.679781306926202,0.679781306926202
baseline_train_40_percent,603,99.28846741,99.7029471738043,-0.41447976380430873,0.41447976380430873
baseline_train_40_percent,604,104.2084503,104.80951527785282,-0.601064977852829,0.601064977852829
baseline_train_40_percent,605,104.9543915,104.6435119072761,0.310879592723893,0.310879592723893
baseline_train_40_percent,606,108.6807938,108.23212901459982,0.44866478540018306,0.44866478540018306
baseline_train_40_percent,607,108.9202805,109.13574712800349,-0.21546662800348315,0.21546662800348315
baseline_train_40_percent,608,101.5129929,101.17036492124018,0.34262797875982187,0.34262797875982187
baseline_train_40_percent,609,100.620575,100.93761886382947,-0.31704386382946836,0.31704386382946836
baseline_train_40_percent,610,99.45236969,98.93878025857003,0.5135894314299634,0.5135894314299634
baseline_train_40_percent,611,95.73335266,96.28328208623765,-0.5499294262376537,0.5499294262376537
baseline_train_40_percent,612,104.7267227,104.45814284049939,0.2685798595006048,0.2685798595006048
baseline_train_40_percent,613,105.9509811,106.6260730338642,-0.675091933864195,0.675091933864195
baseline_train_40_percent,614,110.4340363,109.94847220362927,0.4855640963707373,0.4855640963707373
baseline_train_40_percent,615,109.8258591,109.4954046553392,0.330454444660802,0.330454444660802
baseline_train_40_percent,616,103.302887,102.91615741702881,0.386729582971185,0.386729582971185
baseline_train_40_percent,617,100.5923691,100.49326250486227,0.09910659513772657,0.09910659513772657
baseline_train_40_percent,618,99.77298737,99.60227979995051,0.1707075700494869,0.1707075700494869
baseline_train_40_percent,619,100.2387314,99.67888449629272,0.5598469037072817,0.5598469037072817
baseline_train_40_percent,620,105.222023,104.65315470406573,0.5688682959342657,0.5688682959342657
baseline_train_40_percent,621,109.204277,109.69236022952457,-0.4880832295245625,0.4880832295245625
baseline_train_40_percent,622,108.7819443,108.15247453542389,0.6294697645761147,0.6294697645761147
baseline_train_40_percent,623,98.57022095,98.92678607922784,-0.3565651292278318,0.3565651292278318
baseline_train_40_percent,624,97.88204956,97.96423715723871,-0.08218759723871472,0.08218759723871472
baseline_train_40_percent,625,97.42868042,97.33453232479755,0.09414809520245626,0.09414809520245626
baseline_train_40_percent,626,100.7602844,101.10350177549584,-0.34321737549583986,0.34321737549583986
baseline_train_40_percent,627,101.4361496,101.60042612831154,-0.1642765283115466,0.1642765283115466
baseline_train_40_percent,628,103.1505508,102.97773376503027,0.17281703496973932,0.17281703496973932
baseline_train_40_percent,629,105.752655,105.62516152877465,0.1274934712253497,0.1274934712253497
baseline_train_40_percent,630,101.8748779,101.64522397279302,0.2296539272069822,0.2296539272069822
baseline_train_40_percent,631,99.56285095,98.88280378250882,0.6800471674911819,0.6800471674911819
baseline_train_40_percent,632,97.17671967,96.749053762872,0.42766590712800223,0.42766590712800223
baseline_train_40_percent,633,102.6672287,102.66710762326142,0.0001210767385799727,0.0001210767385799727
baseline_train_40_percent,634,108.0617752,107.86514441408588,0.19663078591412386,0.19663078591412386
baseline_train_40_percent,635,108.4503098,108.59309553209276,-0.14278573209276146,0.14278573209276146
baseline_train_40_percent,636,110.9624481,111.18393412902046,-0.2214860290204541,0.2214860290204541
baseline_train_40_percent,637,111.6408691,112.21714248171561,-0.5762733817156089,0.5762733817156089
baseline_train_40_percent,638,104.5919952,105.09634402361672,-0.5043488236167235,0.5043488236167235
baseline_train_40_percent,639,102.1477127,101.99168922966183,0.15602347033816955,0.15602347033816955
baseline_train_40_percent,640,101.0520172,100.71923160200464,0.332785597995354,0.332785597995354
baseline_train_40_percent,641,102.2352142,102.51443724057424,-0.2792230405742373,0.2792230405742373
baseline_train_40_percent,642,108.4528503,108.58522545532243,-0.1323751553224355,0.1323751553224355
baseline_train_40_percent,643,109.7122574,109.13483646360268,0.5774209363973171,0.5774209363973171
baseline_train_40_percent,644,112.0014725,111.4970896992833,0.5043828007167122,0.5043828007167122
baseline_train_40_percent,645,103.0753174,103.54279021198484,-0.4674728119848339,0.4674728119848339
baseline_train_40_percent,646,100.4780273,99.61256135513187,0.8654659448681201,0.8654659448681201
baseline_train_40_percent,647,100.0083771,99.89477251798937,0.1136045820106375,0.1136045820106375
baseline_train_40_percent,648,101.0658035,100.6459652124811,0.41983828751889973,0.41983828751889973
baseline_train_40_percent,649,103.8911667,104.09783873839037,-0.20667203839036574,0.20667203839036574
baseline_train_40_percent,650,104.31353,104.74384776489396,-0.4303177648939567,0.4303177648939567
baseline_train_40_percent,651,108.5934525,108.45032859491909,0.14312390508091255,0.14312390508091255
baseline_train_40_percent,652,102.8819351,102.76648581669784,0.11544928330216919,0.11544928330216919
baseline_train_40_percent,653,99.43055725,98.97176454631844,0.4587927036815671,0.4587927036815671
baseline_train_40_percent,654,98.02379608,97.66039640554506,0.36339967445493926,0.36339967445493926
baseline_train_40_percent,655,100.0858459,99.60841262959198,0.47743327040801375,0.47743327040801375
baseline_train_40_percent,656,103.9989319,104.24336547262645,-0.24443357262644838,0.24443357262644838
baseline_train_40_percent,657,107.9370651,107.21387380381277,0.723191296187224,0.723191296187224
baseline_train_40_percent,658,109.024292,109.57404830293018,-0.5497563029301773,0.5497563029301773
baseline_train_40_percent,659,112.856041,112.5880444404813,0.26799655951870704,0.26799655951870704
baseline_train_40_percent,660,102.1512451,101.63125452692006,0.5199905730799372,0.5199905730799372
baseline_train_40_percent,661,97.04624176,96.53217241829968,0.5140693417003206,0.5140693417003206
baseline_train_40_percent,662,96.07537079,95.74246843298842,0.33290235701157656,0.33290235701157656
baseline_train_40_percent,663,95.2260437,95.29183761737674,-0.06579391737673745,0.06579391737673745
baseline_train_40_percent,664,101.3861923,101.80467572519136,-0.4184834251913543,0.4184834251913543
baseline_train_40_percent,665,105.1871109,104.51170338832696,0.6754075116730291,0.6754075116730291
baseline_train_40_percent,666,107.2440643,107.64490975708706,-0.4008454570870583,0.4008454570870583
baseline_train_40_percent,667,102.9415817,102.2739421929913,0.6676395070087011,0.6676395070087011
baseline_train_40_percent,668,96.68727112,96.1707925356514,0.5164785843486044,0.5164785843486044
baseline_train_40_percent,669,94.09505463,93.1406991161794,0.9543555138206017,0.9543555138206017
baseline_train_40_percent,670,97.63059998,97.40460714737202,0.22599283262798053,0.22599283262798053
baseline_train_40_percent,671,95.51434326,94.99913976462862,0.5152034953713809,0.5152034953713809
baseline_train_40_percent,672,101.5818863,100.94256049870778,0.6393258012922161,0.6393258012922161
baseline_train_40_percent,673,104.1468506,103.63643575652306,0.5104148434769371,0.5104148434769371
baseline_train_40_percent,674,107.5449219,107.60024614720247,-0.05532424720246354,0.05532424720246354
baseline_train_40_percent,675,111.8987808,110.80575068362391,1.0930301163760845,1.0930301163760845
baseline_train_40_percent,676,106.1399078,105.27389382695667,0.8660139730433372,0.8660139730433372
baseline_train_40_percent,677,102.1920242,102.1934787200691,-0.0014545200690889715,0.0014545200690889715
baseline_train_40_percent,678,112.7510529,112.64055955223859,0.11049334776141961,0.11049334776141961
baseline_train_40_percent,679,114.0788345,114.29094876908461,-0.2121142690846085,0.2121142690846085
baseline_train_40_percent,680,116.3609238,116.34324873928364,0.01767506071635694,0.01767506071635694
baseline_train_40_percent,681,116.0793915,116.73341178661494,-0.6540202866149372,0.6540202866149372
baseline_train_40_percent,682,118.9915924,118.76158102133465,0.2300113786653526,0.2300113786653526
baseline_train_40_percent,683,118.0040131,118.34072011720815,-0.33670701720815543,0.33670701720815543
baseline_train_40_percent,684,114.0359726,114.53920956511924,-0.5032369651192425,0.5032369651192425
baseline_train_40_percent,685,115.5807724,115.36794265697435,0.21282974302565094,0.21282974302565094
baseline_train_40_percent,686,114.615799,115.15028063756537,-0.5344816375653778,0.5344816375653778
baseline_train_40_percent,687,115.2739182,115.00741833371941,0.26649986628058286,0.26649986628058286
baseline_train_40_percent,688,116.555191,116.57997220483236,-0.024781204832365233,0.024781204832365233
baseline_train_40_percent,689,117.2913666,117.7742769590471,-0.48291035904709645,0.48291035904709645
baseline_train_40_percent,690,115.9556046,115.99055654578405,-0.03495194578404437,0.03495194578404437
baseline_train_40_percent,691,116.1504211,115.90213636168038,0.24828473831962583,0.24828473831962583
baseline_train_40_percent,692,115.358345,115.33371521396724,0.024629786032761558,0.024629786032761558
baseline_train_40_percent,693,112.8925858,112.76756026015406,0.1250255398459501,0.1250255398459501
baseline_train_40_percent,694,113.8475571,113.09560855642232,0.7519485435776829,0.7519485435776829
baseline_train_40_percent,695,114.2400513,113.99825306846853,0.24179823153147595,0.24179823153147595
baseline_train_40_percent,696,116.2366104,115.60081389700716,0.6357965029928465,0.6357965029928465
baseline_train_40_percent,697,116.1002655,116.63325691047945,-0.5329914104794398,0.5329914104794398
baseline_train_40_percent,698,117.1952972,117.58974838632422,-0.3944511863242184,0.3944511863242184
baseline_train_40_percent,699,118.0912018,118.27678441553341,-0.18558261553341993,0.18558261553341993
baseline_train_40_percent,700,113.71595,114.63211552088836,-0.9161655208883559,0.9161655208883559
baseline_train_40_percent,701,114.975563,115.08515092026668,-0.10958792026669073,0.10958792026669073
baseline_train_40_percent,702,115.5191269,115.11359396405584,0.40553293594416573,0.40553293594416573
baseline_train_40_percent,703,116.7866898,117.20243480925078,-0.4157450092507702,0.4157450092507702
baseline_train_40_percent,704,109.0979843,108.91417213968747,0.18381216031252734,0.18381216031252734
baseline_train_40_percent,705,101.6798019,102.31079881404969,-0.6309969140496889,0.6309969140496889
baseline_train_40_percent,706,99.87965393,98.53069900377152,1.3489549262284868,1.3489549262284868
baseline_train_40_percent,707,98.63897705,98.76578962185329,-0.12681257185329287,0.12681257185329287
baseline_train_40_percent,708,99.31499481,99.54881487955626,-0.2338200695562591,0.2338200695562591
baseline_train_40_percent,709,101.6254807,102.57440172184778,-0.9489210218477808,0.9489210218477808
baseline_train_40_percent,710,108.1125793,107.26063223367062,0.8519470663293731,0.8519470663293731
baseline_train_40_percent,711,107.062233,107.0019617563361,0.06027124366390524,0.06027124366390524
baseline_train_40_percent,712,110.6385956,110.58023259878098,0.05836300121902127,0.05836300121902127
baseline_train_40_percent,713,101.3208923,101.0571919643941,0.263700335605904,0.263700335605904
baseline_train_40_percent,714,94.54138184,94.78134248355917,-0.23996064355917213,0.23996064355917213
baseline_train_40_percent,715,98.01007843,97.32765452839611,0.6824239016038831,0.6824239016038831
baseline_train_40_percent,716,97.89694977,98.31187370719412,-0.4149239371941178,0.4149239371941178
baseline_train_40_percent,717,103.6858368,103.35354681232643,0.3322899876735761,0.3322899876735761
baseline_train_40_percent,718,105.5472565,105.14682279891588,0.40043370108412546,0.40043370108412546
baseline_train_40_percent,719,107.2253036,107.96348976925296,-0.7381861692529554,0.7381861692529554
baseline_train_40_percent,720,109.4805908,109.27116388932056,0.20942691067943997,0.20942691067943997
baseline_train_40_percent,721,101.8260651,101.17999415681399,0.6460709431860039,0.6460709431860039
baseline_train_40_percent,722,98.74050903,99.00894552080476,-0.26843649080475984,0.26843649080475984
baseline_train_40_percent,723,98.14877319,98.18734525966481,-0.038572069664809305,0.038572069664809305
baseline_train_40_percent,724,99.85723114,99.45208870283838,0.405142437161615,0.405142437161615
baseline_train_40_percent,725,104.25457,104.0853408732266,0.16922912677340207,0.16922912677340207
baseline_train_40_percent,726,107.498848,107.89811335920476,-0.3992653592047617,0.3992653592047617
baseline_train_40_percent,727,110.169487,110.14977261791448,0.019714382085524562,0.019714382085524562
baseline_train_40_percent,728,109.6886063,110.16950976615954,-0.48090346615953194,0.48090346615953194
baseline_train_40_percent,729,105.779335,105.86616521867663,-0.08683021867662433,0.08683021867662433
baseline_train_40_percent,730,100.0581512,99.8956426981318,0.16250850186820287,0.16250850186820287
baseline_train_40_percent,731,101.0653305,101.29816673648922,-0.23283623648922003,0.23283623648922003
baseline_train_40_percent,732,99.42219543,100.69772257836632,-1.2755271483663222,1.2755271483663222
baseline_train_40_percent,733,102.8167572,103.04704230424551,-0.2302851042455103,0.2302851042455103
baseline_train_40_percent,734,105.402092,106.42954045961716,-1.0274484596171618,1.0274484596171618
baseline_train_40_percent,735,107.6366043,108.00864919519275,-0.37204489519274375,0.37204489519274375
baseline_train_40_percent,736,103.6713715,105.39764629278542,-1.7262747927854178,1.7262747927854178
baseline_train_40_percent,737,102.1839066,102.8984967745958,-0.7145901745957985,0.7145901745957985
baseline_train_40_percent,738,101.9845963,101.66250483488972,0.3220914651102902,0.3220914651102902
baseline_train_40_percent,739,101.7284927,101.49778409425227,0.23070860574773633,0.23070860574773633
baseline_train_40_percent,740,113.0301056,112.3993217529,0.6307838471000053,0.6307838471000053
baseline_train_40_percent,741,113.9542542,114.35190521895117,-0.39765101895117994,0.39765101895117994
baseline_train_40_percent,742,106.0003204,105.9409933771036,0.05932702289641156,0.05932702289641156
baseline_train_40_percent,743,107.4835358,107.61107994847892,-0.12754414847891837,0.12754414847891837
baseline_train_40_percent,744,99.85940552,100.16698892606624,-0.307583406066243,0.307583406066243
baseline_train_40_percent,745,108.1719742,109.34554316498883,-1.1735689649888315,1.1735689649888315
baseline_train_40_percent,746,111.8595581,111.54157039053322,0.31798770946677735,0.31798770946677735
baseline_train_40_percent,747,114.2609482,114.7396444146433,-0.4786962146432927,0.4786962146432927
baseline_train_40_percent,748,116.3061218,116.5260148185253,-0.21989301852529763,0.21989301852529763
baseline_train_40_percent,749,114.9979401,115.59528392723323,-0.5973438272332317,0.5973438272332317
baseline_train_40_percent,750,118.2741394,118.02473324949341,0.2494061505065872,0.2494061505065872
baseline_train_40_percent,751,111.8299561,112.37649642023091,-0.5465403202309034,0.5465403202309034
baseline_train_40_percent,752,110.0736542,110.28836184920345,-0.21470764920346141,0.21470764920346141
baseline_train_40_percent,753,113.7036514,113.1666771259858,0.5369742740141987,0.5369742740141987
baseline_train_40_percent,754,115.0805893,115.13448070293089,-0.05389140293088701,0.05389140293088701
baseline_train_40_percent,755,117.7444839,118.05084873942357,-0.3063648394235656,0.3063648394235656
baseline_train_40_percent,756,116.0698624,117.56912085349813,-1.499258453498129,1.499258453498129
baseline_train_40_percent,757,116.339592,117.3769633355949,-1.037371335594898,1.037371335594898
baseline_train_40_percent,758,115.4888916,115.61622900184213,-0.1273374018421265,0.1273374018421265
baseline_train_40_percent,759,116.1832809,115.7658721383579,0.4174087616420934,0.4174087616420934
baseline_train_40_percent,760,112.0450668,112.50333172966464,-0.4582649296646366,0.4582649296646366
baseline_train_40_percent,761,114.4115601,114.9144357775017,-0.5028756775016916,0.5028756775016916
baseline_train_40_percent,762,114.7522736,115.84808019730832,-1.095806597308325,1.095806597308325
baseline_train_40_percent,763,115.5817108,115.89179819633803,-0.3100873963380337,0.3100873963380337
baseline_train_40_percent,764,118.6683197,119.02841313214662,-0.3600934321466269,0.3600934321466269
baseline_train_40_percent,765,119.2285843,119.42982606266024,-0.20124176266024563,0.20124176266024563
baseline_train_40_percent,766,112.3682251,113.1281194610217,-0.7598943610216935,0.7598943610216935
baseline_train_40_percent,767,112.7536926,113.04600732325923,-0.29231472325923846,0.29231472325923846
baseline_train_40_percent,768,114.5188065,114.01864479405299,0.5001617059470078,0.5001617059470078
baseline_train_40_percent,769,114.2245483,114.99010552298328,-0.7655572229832899,0.7655572229832899
baseline_train_40_percent,770,115.8445282,116.12084814496167,-0.27631994496167067,0.27631994496167067
baseline_train_40_percent,771,118.1962051,118.61775651857822,-0.4215514185782183,0.4215514185782183
baseline_train_40_percent,772,115.569458,115.53514454643363,0.03431345356636939,0.03431345356636939
baseline_train_40_percent,773,113.1409302,113.16797959978685,-0.02704939978684706,0.02704939978684706
baseline_train_40_percent,774,113.3275299,113.29638804746428,0.031141852535725434,0.031141852535725434
baseline_train_40_percent,775,113.8899155,113.6575720136337,0.23234348636630386,0.23234348636630386
baseline_train_40_percent,776,112.1508179,112.06497846004152,0.08583943995849097,0.08583943995849097
baseline_train_40_percent,777,113.8078461,113.9602855735529,-0.15243947355288867,0.15243947355288867
baseline_train_40_percent,778,115.3628769,115.66142871713822,-0.2985518171382182,0.2985518171382182
baseline_train_40_percent,779,115.8337784,116.7263615695275,-0.8925831695274979,0.8925831695274979
baseline_train_40_percent,780,118.0406189,118.10922823316011,-0.06860933316011142,0.06860933316011142
baseline_train_40_percent,781,114.2064056,114.33500468559399,-0.12859908559399003,0.12859908559399003
baseline_train_40_percent,782,114.7575684,113.79654147243883,0.9610269275611643,0.9610269275611643
baseline_train_40_percent,783,114.1980133,114.21698837375938,-0.018975073759378347,0.018975073759378347
baseline_train_40_percent,784,114.4283829,114.18208247398132,0.24630042601867785,0.24630042601867785
baseline_train_40_percent,785,116.0997238,115.95374684847722,0.14597695152278334,0.14597695152278334
baseline_train_40_percent,786,114.272438,116.23972064471377,-1.9672826447137766,1.9672826447137766
baseline_train_40_percent,787,118.9917068,119.72162084091225,-0.7299140409122487,0.7299140409122487
baseline_train_40_percent,788,116.6155624,117.50409885522733,-0.8885364552273245,0.8885364552273245
baseline_train_40_percent,789,114.1448822,114.47003405956241,-0.32515185956241055,0.32515185956241055
baseline_train_40_percent,790,113.096962,113.38553235001592,-0.2885703500159167,0.2885703500159167
baseline_train_40_percent,791,114.7772217,114.80279647108249,-0.02557477108248918,0.02557477108248918
baseline_train_40_percent,792,114.5025482,114.80622223219517,-0.3036740321951612,0.3036740321951612
baseline_train_40_percent,793,114.6010132,114.81820602345077,-0.21719282345077318,0.21719282345077318
baseline_train_40_percent,794,117.3267136,117.21764860913105,0.10906499086895849,0.10906499086895849
baseline_train_40_percent,795,119.9241562,120.66070889710154,-0.7365526971015441,0.7365526971015441
baseline_train_40_percent,796,118.3689499,118.45739562751844,-0.08844572751843316,0.08844572751843316
baseline_train_40_percent,797,114.9010925,114.47487045483498,0.4262220451650194,0.4262220451650194
baseline_train_40_percent,798,115.02771,114.45331143762988,0.5743985623701207,0.5743985623701207
baseline_train_40_percent,799,112.0457916,111.89738516020428,0.1484064397957212,0.1484064397957212
baseline_train_40_percent,800,112.456871,113.15127039349402,-0.6943993934940096,0.6943993934940096
baseline_train_40_percent,801,111.2458267,110.66409507178376,0.5817316282162324,0.5817316282162324
baseline_train_40_percent,802,115.0116043,114.79032285531754,0.22128144468246091,0.22128144468246091
baseline_train_40_percent,803,115.4686356,116.0702214126854,-0.6015858126853999,0.6015858126853999
baseline_train_40_percent,804,117.5518112,117.63414387925688,-0.08233267925687926,0.08233267925687926
baseline_train_40_percent,805,112.3571854,112.59466151802857,-0.23747611802856738,0.23747611802856738
baseline_train_40_percent,806,101.868866,102.16163626661508,-0.2927702666150793,0.2927702666150793
baseline_train_40_percent,807,99.57446289,98.85365277564712,0.7208101143528864,0.7208101143528864
baseline_train_40_percent,808,100.376236,100.37574587020278,0.0004901297972281782,0.0004901297972281782
baseline_train_40_percent,809,103.679245,103.98727966011461,-0.30803466011461467,0.30803466011461467
baseline_train_40_percent,810,105.069519,105.17857741590967,-0.10905841590967214,0.10905841590967214
baseline_train_40_percent,811,105.630928,105.17969223367038,0.45123576632961715,0.45123576632961715
baseline_train_40_percent,812,104.6522369,103.93281963538132,0.7194172646186843,0.7194172646186843
baseline_train_40_percent,813,101.501503,101.75071024725885,-0.2492072472588518,0.2492072472588518
baseline_train_40_percent,814,111.0810394,110.31833370153458,0.7627056984654104,0.7627056984654104
baseline_train_40_percent,815,114.6944962,114.89401242705274,-0.1995162270527402,0.1995162270527402
baseline_train_40_percent,816,114.2041473,114.21235440074528,-0.008207100745281082,0.008207100745281082
baseline_train_40_percent,817,116.1941223,116.54299987158637,-0.348877571586371,0.348877571586371
baseline_train_40_percent,818,118.58004,118.30976156043678,0.2702784395632136,0.2702784395632136
baseline_train_40_percent,819,112.5906296,112.67277450407771,-0.08214490407770825,0.08214490407770825
baseline_train_40_percent,820,111.5090637,111.55643883048054,-0.04737513048054609,0.04737513048054609
baseline_train_40_percent,821,111.7044449,111.51134414552325,0.19310075447674535,0.19310075447674535
baseline_train_40_percent,822,112.3529892,112.04844493863226,0.30454426136773805,0.30454426136773805
baseline_train_40_percent,823,114.9521255,115.04636166169648,-0.09423616169648596,0.09423616169648596
baseline_train_40_percent,824,114.9069672,115.2645877859805,-0.3576205859804986,0.3576205859804986
baseline_train_40_percent,825,116.2541275,116.34750194906849,-0.09337444906849157,0.09337444906849157
baseline_train_40_percent,826,114.4793472,114.36676997793974,0.11257722206026699,0.11257722206026699
baseline_train_40_percent,827,111.8555527,112.35287256615261,-0.49731986615260837,0.49731986615260837
baseline_train_40_percent,828,111.552475,112.20359500790069,-0.6511200079006869,0.6511200079006869
baseline_train_40_percent,829,111.9570007,111.51079750464781,0.446203195352183,0.446203195352183
baseline_train_40_percent,830,113.5231781,113.09169742835493,0.4314806716450619,0.4314806716450619
baseline_train_40_percent,831,114.2927399,113.98921285400806,0.3035270459919417,0.3035270459919417
baseline_train_40_percent,832,113.1308136,112.6611186833272,0.4696949166727933,0.4696949166727933
baseline_train_40_percent,833,113.2914734,115.15240070653432,-1.8609273065343217,1.8609273065343217
baseline_train_40_percent,834,112.5569611,112.53274209769324,0.02421900230675078,0.02421900230675078
baseline_train_40_percent,835,111.0490952,110.52929384369438,0.5198013563056207,0.5198013563056207
baseline_train_40_percent,836,113.4524231,112.65514422709046,0.7972788729095441,0.7972788729095441
baseline_train_40_percent,837,111.4052353,111.83372254601683,-0.42848724601682875,0.42848724601682875
baseline_train_40_percent,838,113.5034027,114.9118183605642,-1.4084156605642022,1.4084156605642022
baseline_train_40_percent,839,114.4838791,114.64127725197672,-0.15739815197672158,0.15739815197672158
baseline_train_40_percent,840,115.9157944,115.54951798502977,0.3662764149702298,0.3662764149702298
baseline_train_40_percent,841,116.3670502,116.19069570648207,0.17635449351791976,0.17635449351791976
baseline_train_40_percent,842,112.3841324,111.66013906939015,0.7239933306098436,0.7239933306098436
baseline_train_40_percent,843,113.0646515,112.80072788571943,0.26392361428057143,0.26392361428057143
baseline_train_40_percent,844,109.9804916,110.14808407664,-0.1675924766400101,0.1675924766400101
baseline_train_40_percent,845,110.2212219,110.46161236960269,-0.24039046960268706,0.24039046960268706
baseline_train_40_percent,846,116.3370743,115.27491105329877,1.0621632467012319,1.0621632467012319
baseline_train_40_percent,847,95.33231354,99.37745550468587,-4.045141964685868,4.045141964685868
baseline_train_40_percent,848,100.5626526,97.66071183575019,2.901940764249815,2.901940764249815
baseline_train_40_percent,849,96.09744263,94.69011861464753,1.4073240153524722,1.4073240153524722
baseline_train_40_percent,850,110.9390945,110.8348622994479,0.10423220055209015,0.10423220055209015
baseline_train_40_percent,851,111.0411072,111.51966382666578,-0.47855662666577814,0.47855662666577814
baseline_train_40_percent,852,112.4234314,112.92345458540015,-0.5000231854001527,0.5000231854001527
baseline_train_40_percent,853,114.4489059,114.68964119474404,-0.24073529474404154,0.24073529474404154
baseline_train_40_percent,854,109.3419876,109.38509361681255,-0.04310601681255832,0.04310601681255832
baseline_train_40_percent,855,111.7404022,111.54594347575303,0.19445872424697086,0.19445872424697086
baseline_train_40_percent,856,109.8323822,109.08741765608586,0.7449645439141364,0.7449645439141364
baseline_train_40_percent,857,110.631546,111.18345603436231,-0.551910034362308,0.551910034362308
baseline_train_40_percent,858,111.5509567,111.37801556661091,0.172941133389088,0.172941133389088
baseline_train_40_percent,859,113.9721756,114.39494881468546,-0.42277321468546347,0.42277321468546347
baseline_train_40_percent,860,113.7599106,114.28996721092295,-0.530056610922955,0.530056610922955
baseline_train_40_percent,861,115.2247238,115.47541332489992,-0.2506895248999115,0.2506895248999115
baseline_train_40_percent,862,114.1233749,114.2290604361725,-0.10568553617250132,0.10568553617250132
baseline_train_40_percent,863,114.5501938,114.23026405159248,0.3199297484075174,0.3199297484075174
baseline_train_40_percent,864,114.163559,114.11409701323191,0.04946198676809388,0.04946198676809388
baseline_train_40_percent,865,115.4280548,115.58480583833968,-0.15675103833967796,0.15675103833967796
baseline_train_40_percent,866,116.466095,116.77046800894675,-0.30437300894675445,0.30437300894675445
baseline_train_40_percent,867,116.4758453,116.1040652537055,0.37178004629450356,0.37178004629450356
baseline_train_40_percent,868,117.690033,118.05794608474632,-0.3679130847463199,0.3679130847463199
baseline_train_40_percent,869,111.8162689,110.98349164512403,0.832777254875964,0.832777254875964
baseline_train_40_percent,870,111.2859192,110.76973727634785,0.516181923652141,0.516181923652141
baseline_train_40_percent,871,110.1623383,109.60572015657031,0.556618143429688,0.556618143429688
baseline_train_40_percent,872,109.2195511,109.44811752250736,-0.22856642250735604,0.22856642250735604
baseline_train_40_percent,873,113.608017,113.07135619393328,0.5366608060667204,0.5366608060667204
baseline_train_40_percent,874,114.1069641,113.72122643760342,0.38573766239657914,0.38573766239657914
baseline_train_40_percent,875,115.3684235,115.25472860627481,0.11369489372519581,0.11369489372519581
baseline_train_40_percent,876,115.9593201,115.58960987845997,0.3697102215400321,0.3697102215400321
baseline_train_40_percent,877,110.8212509,110.61403103870822,0.20721986129177594,0.20721986129177594
baseline_train_40_percent,878,110.9687576,110.17353326273303,0.7952243372669727,0.7952243372669727
baseline_train_40_percent,879,109.9448929,110.73925730685164,-0.794364406851642,0.794364406851642
baseline_train_40_percent,880,111.711525,111.65257701444297,0.05894798555702607,0.05894798555702607
baseline_train_40_percent,881,111.9387894,111.99511337867783,-0.056323978677824016,0.056323978677824016
baseline_train_40_percent,882,112.9120941,112.97037676661435,-0.05828266661434611,0.05828266661434611
baseline_train_40_percent,883,115.0978241,114.92660692174678,0.17121717825321525,0.17121717825321525
baseline_train_40_percent,884,111.0807037,110.92266165844764,0.15804204155236334,0.15804204155236334
baseline_train_40_percent,885,110.906868,110.58123480992336,0.32563319007664404,0.32563319007664404
baseline_train_40_percent,886,110.4715347,110.60441220869042,-0.13287750869041304,0.13287750869041304
baseline_train_40_percent,887,110.8779221,110.51447655566358,0.36344554433642884,0.36344554433642884
baseline_train_40_percent,888,113.062294,112.58366101350896,0.4786329864910357,0.4786329864910357
baseline_train_40_percent,889,115.6309128,115.21581689015893,0.4150959098410709,0.4150959098410709
baseline_train_40_percent,890,114.9674606,114.49163982000898,0.475820779991011,0.475820779991011
baseline_train_40_percent,891,117.0373764,117.05590467902083,-0.018528279020827654,0.018528279020827654
baseline_train_40_percent,892,111.6343536,111.78427667778772,-0.14992307778771874,0.14992307778771874
baseline_train_40_percent,893,112.8251266,112.7769161612678,0.04821043873219821,0.04821043873219821
baseline_train_40_percent,894,109.8167038,110.28425119286725,-0.467547392867246,0.467547392867246
baseline_train_40_percent,895,110.7745819,111.04883319557075,-0.2742512955707497,0.2742512955707497
baseline_train_40_percent,896,114.5339966,115.11604090878174,-0.5820443087817466,0.5820443087817466
baseline_train_40_percent,897,113.709465,113.21390028301884,0.4955647169811499,0.4955647169811499
baseline_train_40_percent,898,114.4962234,114.91517274360905,-0.418949343609043,0.418949343609043
baseline_train_40_percent,899,110.3351364,110.35421993900141,-0.01908353900141435,0.01908353900141435
baseline_train_40_percent,900,107.7317734,107.60038465182328,0.1313887481767182,0.1313887481767182
baseline_train_40_percent,901,109.019577,108.80939888119158,0.21017811880841464,0.21017811880841464
baseline_train_40_percent,902,112.3865128,112.50295801471259,-0.11644521471258429,0.11644521471258429
baseline_train_40_percent,903,113.7384186,113.3544285290774,0.3839900709226072,0.3839900709226072
baseline_train_40_percent,904,112.0360641,113.13745180333292,-1.101387703332918,1.101387703332918
baseline_train_40_percent,905,115.9122238,115.60577248037693,0.30645131962307914,0.30645131962307914
baseline_train_40_percent,906,111.5407715,111.69327767239778,-0.15250617239777853,0.15250617239777853
baseline_train_40_percent,907,111.7982178,112.0443319117209,-0.2461141117208996,0.2461141117208996
baseline_train_40_percent,908,110.7721176,111.4927042284955,-0.7205866284954965,0.7205866284954965
baseline_train_40_percent,909,111.7065811,112.30137980172425,-0.5947987017242582,0.5947987017242582
baseline_train_40_percent,910,113.1952057,113.97548335552008,-0.7802776555200808,0.7802776555200808
baseline_train_40_percent,911,114.3245468,114.61285477345162,-0.28830797345162296,0.28830797345162296
baseline_train_40_percent,912,115.4428253,115.84263271446308,-0.39980741446308343,0.39980741446308343
baseline_train_40_percent,913,111.658905,111.57012311742021,0.08878188257979502,0.08878188257979502
baseline_train_40_percent,914,110.2078094,109.82461077198396,0.3831986280160464,0.3831986280160464
baseline_train_40_percent,915,111.1723709,110.77938495980085,0.39298594019915356,0.39298594019915356
baseline_train_40_percent,916,110.6962357,110.61856880483714,0.07766689516286363,0.07766689516286363
baseline_train_40_percent,917,113.0495377,112.95855344752293,0.09098425247707098,0.09098425247707098
baseline_train_40_percent,918,112.4601746,113.11084000140772,-0.6506654014077213,0.6506654014077213
baseline_train_40_percent,919,114.3106918,115.04691685935346,-0.7362250593534583,0.7362250593534583
baseline_train_40_percent,920,115.0557632,115.73341610431024,-0.6776529043102357,0.6776529043102357
baseline_train_40_percent,921,109.8791199,111.10178342145768,-1.222663521457676,1.222663521457676
baseline_train_40_percent,922,108.6047897,108.31850436006101,0.28628533993898486,0.28628533993898486
baseline_train_40_percent,923,109.8036804,109.6687348022465,0.13494559775350012,0.13494559775350012
baseline_train_40_percent,924,108.9352493,109.32091198528131,-0.38566268528131786,0.38566268528131786
baseline_train_40_percent,925,111.9439697,112.15149372516899,-0.20752402516899338,0.20752402516899338
baseline_train_40_percent,926,112.9146271,112.79400438810086,0.12062271189914497,0.12062271189914497
baseline_train_40_percent,927,114.2801437,114.33585440666509,-0.0557107066650957,0.0557107066650957
baseline_train_40_percent,928,115.1255112,115.02890492955281,0.09660627044719661,0.09660627044719661
baseline_train_40_percent,929,109.1959229,109.68562063099219,-0.4896977309921908,0.4896977309921908
baseline_train_40_percent,930,110.8546295,110.95024972827423,-0.09562022827422823,0.09562022827422823
baseline_train_40_percent,931,108.4543991,108.07206965516036,0.38232944483964104,0.38232944483964104
baseline_train_40_percent,932,109.9714279,109.19193000049583,0.7794978995041646,0.7794978995041646
baseline_train_40_percent,933,111.2036819,110.22634859509759,0.977333304902416,0.977333304902416
baseline_train_40_percent,934,113.3018875,114.12005433705508,-0.8181668370550739,0.8181668370550739
baseline_train_40_percent,935,114.9258347,114.99804864281963,-0.07221394281963,0.07221394281963
baseline_train_40_percent,936,113.8854599,113.2792753284873,0.6061845715126992,0.6061845715126992
baseline_train_40_percent,937,109.8280716,109.82261094028577,0.005460659714231042,0.005460659714231042
baseline_train_40_percent,938,109.7456131,109.93783378376673,-0.19222068376673462,0.19222068376673462
baseline_train_40_percent,939,108.1422806,107.12716900010302,1.0151115998969829,1.0151115998969829
baseline_train_40_percent,940,109.5599976,109.02971084145815,0.5302867585418483,0.5302867585418483
baseline_train_40_percent,941,110.4284592,110.0712837151125,0.35717548488750595,0.35717548488750595
baseline_train_40_percent,942,112.2026978,112.80639166490104,-0.6036938649010466,0.6036938649010466
baseline_train_40_percent,943,111.9588699,111.84492380146176,0.11394609853823567,0.11394609853823567
baseline_train_40_percent,944,113.6409912,113.19657740119297,0.4444137988070338,0.4444137988070338
baseline_train_40_percent,945,108.9804382,108.88188949245344,0.09854870754655565,0.09854870754655565
baseline_train_40_percent,946,109.4671021,108.88363994709577,0.5834621529042323,0.5834621529042323
baseline_train_40_percent,947,107.3285675,107.72983745411801,-0.4012699541180069,0.4012699541180069
baseline_train_40_percent,948,108.7667694,108.83293709887346,-0.06616769887345697,0.06616769887345697
baseline_train_40_percent,949,110.0257721,110.40692299788054,-0.3811508978805449,0.3811508978805449
baseline_train_40_percent,950,112.3591766,111.77669842791337,0.5824781720866241,0.5824781720866241
baseline_train_40_percent,951,112.9427948,112.94071693839724,0.002077861602757025,0.002077861602757025
baseline_train_40_percent,952,113.6941681,113.90747398003741,-0.21330588003741013,0.21330588003741013
baseline_train_40_percent,953,109.0025253,108.56337071289133,0.43915458710867483,0.43915458710867483
baseline_train_40_percent,954,109.7189713,108.67599239470383,1.0429789052961809,1.0429789052961809
baseline_train_40_percent,955,106.1603088,105.95560989441525,0.204698905584749,0.204698905584749
baseline_train_40_percent,956,110.8147964,110.66840605258702,0.14639034741298929,0.14639034741298929
baseline_train_40_percent,957,111.9763947,112.82178661438468,-0.8453919143846775,0.8453919143846775
baseline_train_40_percent,958,113.1552048,112.90431319325039,0.25089160674961875,0.25089160674961875
baseline_train_40_percent,959,114.4326401,114.5408735094367,-0.1082334094366928,0.1082334094366928
baseline_train_40_percent,960,108.9180222,108.26514007283723,0.6528821271627692,0.6528821271627692
baseline_train_40_percent,961,110.4227982,110.0542679299053,0.36853027009470907,0.36853027009470907
baseline_train_40_percent,962,107.8466644,107.78637301790869,0.060291382091307355,0.060291382091307355
baseline_train_40_percent,963,108.3957062,108.37705893121901,0.01864726878099532,0.01864726878099532
baseline_train_40_percent,964,111.9007111,112.37154861911664,-0.4708375191166425,0.4708375191166425
baseline_train_40_percent,965,111.2954254,111.49818963198759,-0.20276423198758664,0.20276423198758664
baseline_train_40_percent,966,113.43396,113.47983220610462,-0.04587220610461884,0.04587220610461884
baseline_train_40_percent,967,109.1177063,108.86280553288148,0.2549007671185137,0.2549007671185137
baseline_train_40_percent,968,110.4680328,109.70328716014306,0.7647456398569403,0.7647456398569403
baseline_train_40_percent,969,107.3520355,107.65832081087902,-0.30628531087901933,0.30628531087901933
baseline_train_40_percent,970,108.9811478,108.96688999393025,0.014257806069750245,0.014257806069750245
baseline_train_40_percent,971,111.0979919,110.9911857608809,0.10680613911910086,0.10680613911910086
baseline_train_40_percent,972,112.0914764,112.41746856371473,-0.32599216371473005,0.32599216371473005
baseline_train_40_percent,973,113.89048,113.91289164014665,-0.02241164014665742,0.02241164014665742
baseline_train_40_percent,974,111.6566467,111.42371973416041,0.2329269658395816,0.2329269658395816
baseline_train_40_percent,975,108.8144608,108.56084765702349,0.25361314297651916,0.25361314297651916
baseline_train_40_percent,976,107.2580872,108.3868043784617,-1.1287171784616987,1.1287171784616987
baseline_train_40_percent,977,109.849762,109.28002297286369,0.5697390271363076,0.5697390271363076
baseline_train_40_percent,978,110.8864899,110.93076873058227,-0.04427883058227167,0.04427883058227167
baseline_train_40_percent,979,113.2842865,112.38294529943106,0.9013412005689361,0.9013412005689361
baseline_train_40_percent,980,110.9780731,110.88511872219547,0.09295437780453142,0.09295437780453142
baseline_train_40_percent,981,113.6506805,112.812389899546,0.8382906004540018,0.8382906004540018
baseline_train_40_percent,982,108.2766495,108.03389690907525,0.2427525909247521,0.2427525909247521
baseline_train_40_percent,983,110.314827,109.43623623061424,0.8785907693857524,0.8785907693857524
baseline_train_40_percent,984,108.4355545,107.97734454380169,0.45820995619830285,0.45820995619830285
baseline_train_40_percent,985,109.98172,109.46160661604334,0.5201133839566552,0.5201133839566552
baseline_train_40_percent,986,111.6328812,111.18384998907908,0.44903121092092135,0.44903121092092135
baseline_train_40_percent,987,111.991478,111.31029924160018,0.6811787583998239,0.6811787583998239
baseline_train_40_percent,988,112.9465561,112.40160547042743,0.5449506295725683,0.5449506295725683
baseline_train_40_percent,989,114.2791138,114.2087745273263,0.07033927267370643,0.07033927267370643
baseline_train_40_percent,990,110.8353882,110.2973357004105,0.5380524995894973,0.5380524995894973
baseline_train_40_percent,991,108.809082,108.62514459821416,0.1839374017858404,0.1839374017858404
baseline_train_40_percent,992,108.6266785,108.1755880709191,0.45109042908089236,0.45109042908089236
baseline_train_40_percent,993,111.4313965,111.30975692667462,0.12163957332538189,0.12163957332538189
baseline_train_40_percent,994,113.3769913,113.94645432372815,-0.5694630237281473,0.5694630237281473
baseline_train_40_percent,995,113.2451935,113.38346881758743,-0.1382753175874285,0.1382753175874285
baseline_train_40_percent,996,108.1196976,108.22898997726769,-0.10929237726769259,0.10929237726769259
baseline_train_40_percent,997,110.6292038,110.95340416932068,-0.3242003693206783,0.3242003693206783
baseline_train_40_percent,998,108.8621216,108.5047759102476,0.35734568975239256,0.35734568975239256
baseline_train_40_percent,999,109.6034851,110.0355774734713,-0.43209237347130625,0.43209237347130625
baseline_train_40_percent,1000,111.145546,111.72958387006986,-0.5840378700698636,0.5840378700698636
baseline_train_40_percent,1001,112.0630798,112.13325613540331,-0.07017633540331758,0.07017633540331758
baseline_train_40_percent,1002,114.9518356,114.87213586281713,0.07969973718286383,0.07969973718286383
baseline_train_40_percent,1003,112.7851028,113.66178408372681,-0.8766812837268105,0.8766812837268105
baseline_train_40_percent,1004,108.814621,110.09479126130371,-1.2801702613037094,1.2801702613037094
baseline_train_40_percent,1005,110.8356705,111.3513474475227,-0.5156769475226923,0.5156769475226923
baseline_train_40_percent,1006,110.164978,109.84333427980066,0.32164372019934717,0.32164372019934717
baseline_train_40_percent,1007,110.4523621,110.31534413618664,0.1370179638133635,0.1370179638133635
baseline_train_40_percent,1008,111.9800415,111.7525780433054,0.22746345669459345,0.22746345669459345
baseline_train_40_percent,1009,112.6011353,112.86859681984392,-0.26746151984391986,0.26746151984391986
baseline_train_40_percent,1010,111.9471741,111.47398728325577,0.47318681674423146,0.47318681674423146
baseline_train_40_percent,1011,114.9637833,114.80763427868862,0.15614902131137853,0.15614902131137853
baseline_train_40_percent,1012,109.2527542,109.21877851982,0.033975680179992196,0.033975680179992196
baseline_train_40_percent,1013,109.8606262,109.50238277442946,0.3582434255705351,0.3582434255705351
baseline_train_40_percent,1014,108.5923691,108.70058364384298,-0.10821454384297624,0.10821454384297624
baseline_train_40_percent,1015,109.7911911,109.13556520854465,0.6556258914553581,0.6556258914553581
baseline_train_40_percent,1016,110.9761353,110.69416873827383,0.28196656172616485,0.28196656172616485
baseline_train_40_percent,1017,113.0313187,113.06433820089381,-0.03301950089381478,0.03301950089381478
baseline_train_40_percent,1018,114.0023117,113.95172525351067,0.050586446489333525,0.050586446489333525
baseline_train_40_percent,1019,113.8921432,114.2210401392011,-0.328896939201087,0.328896939201087
baseline_train_40_percent,1020,108.5201187,108.35206159502476,0.16805710497523307,0.16805710497523307
baseline_train_40_percent,1021,107.9880447,107.86729610821271,0.12074859178729014,0.12074859178729014
baseline_train_40_percent,1022,109.5816879,108.97090325901058,0.6107846409894222,0.6107846409894222
baseline_train_40_percent,1023,109.5183945,109.96034168248708,-0.441947182487084,0.441947182487084
baseline_train_40_percent,1024,109.8387299,109.7078998712121,0.13083002878789785,0.13083002878789785
baseline_train_40_percent,1025,108.5478745,108.24005866023128,0.30781583976872184,0.30781583976872184
baseline_train_40_percent,1026,107.9018707,107.43723008748347,0.46464061251653277,0.46464061251653277
baseline_train_40_percent,1027,108.1732941,108.24228404736465,-0.06898994736464203,0.06898994736464203
baseline_train_40_percent,1028,109.6377029,109.4372886782383,0.20041422176169021,0.20041422176169021
baseline_train_40_percent,1029,110.1961746,110.83508580745765,-0.6389112074576389,0.6389112074576389
baseline_train_40_percent,1030,110.1793594,110.03778785920213,0.1415715407978695,0.1415715407978695
baseline_train_40_percent,1031,111.017952,111.27186271212469,-0.25391071212469285,0.25391071212469285
baseline_train_40_percent,1032,111.4715195,111.19877808386268,0.27274141613732183,0.27274141613732183
baseline_train_40_percent,1033,109.3456955,109.51884050179437,-0.1731450017943672,0.1731450017943672
baseline_train_40_percent,1034,108.2024918,107.05599449021396,1.1464973097860423,1.1464973097860423
baseline_train_40_percent,1035,109.2636108,108.51679906741549,0.7468117325845043,0.7468117325845043
baseline_train_40_percent,1036,110.266716,109.43533368304648,0.8313823169535226,0.8313823169535226
baseline_train_40_percent,1037,112.5270538,111.93890434844,0.5881494515599996,0.5881494515599996
baseline_train_40_percent,1038,112.3155594,111.11756298411605,1.1979964158839493,1.1979964158839493
baseline_train_40_percent,1039,113.4734268,113.2814764811516,0.19195031884839864,0.19195031884839864
baseline_train_40_percent,1040,108.7046661,108.67981959664183,0.02484650335816241,0.02484650335816241
baseline_train_40_percent,1041,110.0192032,109.86340473915064,0.15579846084936833,0.15579846084936833
baseline_train_40_percent,1042,108.7494812,108.1491311251358,0.6003500748642097,0.6003500748642097
baseline_train_40_percent,1043,109.6305008,109.88886696409408,-0.25836616409408464,0.25836616409408464
baseline_train_40_percent,1044,109.8185196,109.92660944363845,-0.10808984363845298,0.10808984363845298
baseline_train_40_percent,1045,109.7623978,109.74450539469997,0.017892405300031555,0.017892405300031555
baseline_train_40_percent,1046,111.5169373,111.97638108248523,-0.45944378248523776,0.45944378248523776
baseline_train_40_percent,1047,109.5791931,109.00390882553785,0.5752842744621489,0.5752842744621489
baseline_train_40_percent,1048,109.967926,109.30400885434314,0.6639171456568675,0.6639171456568675
baseline_train_40_percent,1049,108.500885,108.27772242556519,0.22316257443480936,0.22316257443480936
baseline_train_40_percent,1050,109.8124313,109.14013475666054,0.6722965433394563,0.6722965433394563
baseline_train_40_percent,1051,108.7950363,108.71321129707127,0.0818250029287384,0.0818250029287384
baseline_train_40_percent,1052,111.9898453,111.94002481793194,0.049820482068057004,0.049820482068057004
baseline_train_40_percent,1053,110.3859253,110.75059373701036,-0.36466843701036566,0.36466843701036566
baseline_train_40_percent,1054,114.1802673,114.24100670270447,-0.060739402704470535,0.060739402704470535
baseline_train_40_percent,1055,108.3644562,108.27454497423787,0.08991122576213684,0.08991122576213684
baseline_train_40_percent,1056,108.2052078,107.83646703010223,0.3687407698977694,0.3687407698977694
baseline_train_40_percent,1057,112.1576614,111.94365712911387,0.21400427088612162,0.21400427088612162
baseline_train_40_percent,1058,111.7626877,111.12288189696896,0.6398058030310381,0.6398058030310381
baseline_train_40_percent,1059,112.5069733,112.59391677910229,-0.08694347910228828,0.08694347910228828
baseline_train_40_percent,1060,102.5364151,103.99705741449361,-1.4606423144936116,1.4606423144936116
baseline_train_40_percent,1061,108.748848,106.61816246561544,2.130685534384554,2.130685534384554
baseline_train_40_percent,1062,107.1690063,106.58822301447162,0.5807832855283834,0.5807832855283834
baseline_train_40_percent,1063,110.638588,110.13084168386973,0.507746316130266,0.507746316130266
baseline_train_40_percent,1064,111.0579147,110.61398144559877,0.4439332544012302,0.4439332544012302
baseline_train_40_percent,1065,112.55867,112.24055318461143,0.31811681538857783,0.31811681538857783
baseline_train_40_percent,1066,109.9562759,110.19743385312515,-0.2411579531251533,0.2411579531251533
baseline_train_40_percent,1067,107.8271255,106.83377011976911,0.9933553802308808,0.9933553802308808
baseline_train_40_percent,1068,110.7613678,110.23954286276859,0.5218249372314148,0.5218249372314148
baseline_train_40_percent,1069,106.5578384,106.35565026323606,0.20218813676393665,0.20218813676393665
baseline_train_40_percent,1070,109.4182281,109.32165856675329,0.0965695332467078,0.0965695332467078
baseline_train_40_percent,1071,109.6575851,109.86685733581206,-0.20927223581205112,0.20927223581205112
baseline_train_40_percent,1072,111.4719315,111.830547342784,-0.3586158427840047,0.3586158427840047
baseline_train_40_percent,1073,110.5802765,110.78157805616871,-0.20130155616871548,0.20130155616871548
baseline_train_40_percent,1074,111.2369843,111.0231334663584,0.21385083364160096,0.21385083364160096
baseline_train_40_percent,1075,108.867218,108.63588519414638,0.2313328058536115,0.2313328058536115
baseline_train_40_percent,1076,109.0617981,108.14723651520579,0.9145615847942139,0.9145615847942139
baseline_train_40_percent,1077,109.5890503,109.7077111555908,-0.11866085559080375,0.11866085559080375
baseline_train_40_percent,1078,108.5678711,108.5895919605565,-0.021720860556499133,0.021720860556499133
baseline_train_40_percent,1079,112.2971115,112.18316183986681,0.11394966013318708,0.11394966013318708
baseline_train_40_percent,1080,110.7359314,111.00098408439052,-0.26505268439052543,0.26505268439052543
baseline_train_40_percent,1081,108.9956436,109.68397699830578,-0.6883333983057867,0.6883333983057867
baseline_train_40_percent,1082,111.580162,111.20569981069788,0.37446218930212183,0.37446218930212183
baseline_train_40_percent,1083,108.6082306,108.5783181628268,0.029912437173194917,0.029912437173194917
baseline_train_40_percent,1084,109.7164993,108.62631422999671,1.0901850700032867,1.0901850700032867
baseline_train_40_percent,1085,110.042099,109.6549899824464,0.3871090175535983,0.3871090175535983
baseline_train_40_percent,1086,110.113327,109.54026526093077,0.5730617390692316,0.5730617390692316
baseline_train_40_percent,1087,111.4459839,111.32222999343533,0.12375390656467289,0.12375390656467289
baseline_train_40_percent,1088,111.9338455,112.4928474877858,-0.5590019877857912,0.5590019877857912
baseline_train_40_percent,1089,113.1790314,112.63701568636898,0.5420157136310166,0.5420157136310166
baseline_train_40_percent,1090,114.4844208,114.10865361729388,0.3757671827061131,0.3757671827061131
baseline_train_40_percent,1091,108.580368,108.77250036024985,-0.19213236024984326,0.19213236024984326
baseline_train_40_percent,1092,110.1362076,110.36750667160803,-0.23129907160802077,0.23129907160802077
baseline_train_40_percent,1093,109.9035416,109.33559928500205,0.5679423149979499,0.5679423149979499
baseline_train_40_percent,1094,110.6099472,109.84970108971854,0.7602461102814573,0.7602461102814573
baseline_train_40_percent,1095,110.1428757,109.36353042814265,0.7793452718573519,0.7793452718573519
baseline_train_40_percent,1096,110.4493713,109.98762282952228,0.4617484704777155,0.4617484704777155
baseline_train_40_percent,1097,111.3550873,111.20291843111755,0.1521688688824412,0.1521688688824412
baseline_train_40_percent,1098,108.4812698,108.03947932029311,0.44179047970689567,0.44179047970689567
baseline_train_40_percent,1099,110.5844803,110.35409723493024,0.23038306506975914,0.23038306506975914
baseline_train_40_percent,1100,109.0882111,108.75678101018477,0.33143008981522826,0.33143008981522826
baseline_train_40_percent,1101,108.6170883,108.38442687611325,0.23266142388675348,0.23266142388675348
baseline_train_40_percent,1102,109.9771423,108.76277873095191,1.2143635690480892,1.2143635690480892
baseline_train_40_percent,1103,110.6285095,109.83606784575683,0.7924416542431771,0.7924416542431771
baseline_train_40_percent,1104,110.9040756,111.53206513285934,-0.6279895328593454,0.6279895328593454
baseline_train_40_percent,1105,113.511673,114.01464876126377,-0.5029757612637695,0.5029757612637695
baseline_train_40_percent,1106,110.3815308,110.17129916456236,0.210231635437637,0.210231635437637
baseline_train_40_percent,1107,107.9426422,108.30507284100176,-0.36243064100176525,0.36243064100176525
baseline_train_40_percent,1108,108.5221024,107.67882465988535,0.8432777401146438,0.8432777401146438
baseline_train_40_percent,1109,107.1551361,107.43813164480916,-0.2829955448091539,0.2829955448091539
baseline_train_40_percent,1110,109.3878326,109.92442926104592,-0.5365966610459196,0.5365966610459196
baseline_train_40_percent,1111,112.552948,111.66393615388944,0.8890118461105629,0.8890118461105629
baseline_train_40_percent,1112,109.412529,109.8300607184172,-0.4175317184171945,0.4175317184171945
baseline_train_40_percent,1113,110.1726151,109.74080435215359,0.4318107478464128,0.4318107478464128
baseline_train_40_percent,1114,109.5305939,109.38174440872749,0.14884949127251446,0.14884949127251446
baseline_train_40_percent,1115,109.7277756,109.83341288675908,-0.10563728675907669,0.10563728675907669
baseline_train_40_percent,1116,109.325592,108.3241008192844,1.001491180715604,1.001491180715604
baseline_train_40_percent,1117,108.2793198,107.46248950742648,0.8168302925735134,0.8168302925735134
baseline_train_40_percent,1118,110.5781174,109.91084189503674,0.667275504963257,0.667275504963257
baseline_train_40_percent,1119,111.7930679,111.27956880144855,0.5134990985514492,0.5134990985514492
baseline_train_40_percent,1120,111.9964447,111.64629380060875,0.3501508993912523,0.3501508993912523
baseline_train_40_percent,1121,113.1473083,112.93109355473428,0.2162147452657308,0.2162147452657308
baseline_train_40_percent,1122,108.9157639,109.0214164634757,-0.10565256347570084,0.10565256347570084
baseline_train_40_percent,1123,110.5680542,110.27698890246135,0.2910652975386512,0.2910652975386512
baseline_train_40_percent,1124,107.8425446,107.87335295986882,-0.03080835986882846,0.03080835986882846
baseline_train_40_percent,1125,108.6996384,108.42992587251268,0.26971252748731445,0.26971252748731445
baseline_train_40_percent,1126,108.2977829,108.06112106163178,0.23666183836822086,0.23666183836822086
baseline_train_40_percent,1127,111.35923,111.0675980590624,0.2916319409375916,0.2916319409375916
baseline_train_40_percent,1128,110.5925369,110.68364785452816,-0.09111095452816187,0.09111095452816187
baseline_train_40_percent,1129,111.9861374,111.68631353004113,0.2998238699588711,0.2998238699588711
baseline_train_40_percent,1130,105.693367,105.8331088378344,-0.13974183783440708,0.13974183783440708
baseline_train_40_percent,1131,107.6300659,106.74359258710211,0.8864733128978912,0.8864733128978912
baseline_train_40_percent,1132,107.0935059,106.57854127986465,0.5149646201353448,0.5149646201353448
baseline_train_40_percent,1133,108.3296204,108.10851410567366,0.2211062943263329,0.2211062943263329
baseline_train_40_percent,1134,108.8830338,108.548422706893,0.3346110931070001,0.3346110931070001
baseline_train_40_percent,1135,112.7435455,112.82424989287969,-0.08070439287969577,0.08070439287969577
baseline_train_40_percent,1136,112.7438202,112.84373279201407,-0.09991259201406422,0.09991259201406422
baseline_train_40_percent,1137,114.0433884,114.02109922168754,0.022289178312462354,0.022289178312462354
baseline_train_40_percent,1138,110.6518478,110.24446789065821,0.4073799093417847,0.4073799093417847
baseline_train_40_percent,1139,111.623024,111.0020901060591,0.6209338939409008,0.6209338939409008
baseline_train_40_percent,1140,108.7040176,109.31322754361547,-0.6092099436154683,0.6092099436154683
baseline_train_40_percent,1141,110.1714783,109.9075817908147,0.26389650918530094,0.26389650918530094
baseline_train_40_percent,1142,111.0084534,110.785429579746,0.22302382025399936,0.22302382025399936
baseline_train_40_percent,1143,110.3816986,110.85365864850063,-0.4719600485006197,0.4719600485006197
baseline_train_40_percent,1144,110.1559448,110.38952255121384,-0.2335777512138435,0.2335777512138435
baseline_train_40_percent,1145,111.2797241,111.26611492832829,0.01360917167170328,0.01360917167170328
baseline_train_40_percent,1146,108.1082611,107.68921622640418,0.41904487359582276,0.41904487359582276
baseline_train_40_percent,1147,108.6424332,108.59350936069717,0.048923839302830174,0.048923839302830174
baseline_train_40_percent,1148,106.0146027,106.34178105360249,-0.32717835360249126,0.32717835360249126
baseline_train_40_percent,1149,109.5060425,109.82745742783509,-0.32141492783507886,0.32141492783507886
baseline_train_40_percent,1150,108.6017532,108.72742286583673,-0.12566966583672468,0.12566966583672468
baseline_train_40_percent,1151,108.1867905,108.49888496858527,-0.312094468585272,0.312094468585272
baseline_train_40_percent,1152,113.6893311,112.15789883039429,1.531432269605716,1.531432269605716
baseline_train_40_percent,1153,111.5279694,112.52304928553427,-0.9950798855342669,0.9950798855342669
baseline_train_40_percent,1154,108.4326706,108.40722617184069,0.02544442815930381,0.02544442815930381
baseline_train_40_percent,1155,108.3167267,108.32571305877724,-0.008986358777235637,0.008986358777235637
baseline_train_40_percent,1156,110.1847,110.22139811845503,-0.036698118455021245,0.036698118455021245
baseline_train_40_percent,1157,109.4002609,109.491023765759,-0.09076286575898962,0.09076286575898962
baseline_train_40_percent,1158,112.6692657,113.00588591997477,-0.3366202199747761,0.3366202199747761
baseline_train_40_percent,1159,105.1888657,106.59532737659494,-1.4064616765949438,1.4064616765949438
baseline_train_40_percent,1160,108.359436,108.73821533636774,-0.3787793363677423,0.3787793363677423
baseline_train_40_percent,1161,107.8173599,107.23191779922766,0.5854421007723403,0.5854421007723403
baseline_train_40_percent,1162,107.5070114,107.68449076566007,-0.17747936566007638,0.17747936566007638
baseline_train_40_percent,1163,109.5161209,109.07484344975998,0.4412774502400225,0.4412774502400225
baseline_train_40_percent,1164,110.9618073,111.55803480991803,-0.5962275099180232,0.5962275099180232
baseline_train_40_percent,1165,110.3132324,109.70615046973477,0.6070819302652382,0.6070819302652382
baseline_train_40_percent,1166,110.791069,110.59075713786532,0.20031186213466867,0.20031186213466867
baseline_train_40_percent,1167,108.8317261,108.2149959246139,0.6167301753860954,0.6167301753860954
baseline_train_40_percent,1168,109.6931076,110.0461975723129,-0.35308997231290107,0.35308997231290107
baseline_train_40_percent,1169,108.0525589,108.10497359770511,-0.05241469770511742,0.05241469770511742
baseline_train_40_percent,1170,109.2127075,109.5587632448367,-0.3460557448367041,0.3460557448367041
baseline_train_40_percent,1171,111.0431366,110.90198229534063,0.1411543046593664,0.1411543046593664
baseline_train_40_percent,1172,113.0467911,113.23900759055145,-0.19221649055145917,0.19221649055145917
baseline_train_40_percent,1173,114.2224426,114.19547621468418,0.02696638531581641,0.02696638531581641
baseline_train_40_percent,1174,110.7642441,110.71255690500584,0.05168719499415886,0.05168719499415886
baseline_train_40_percent,1175,106.2890167,106.366615858041,-0.07759915804099649,0.07759915804099649
baseline_train_40_percent,1176,108.603569,108.52696467572157,0.07660432427842068,0.07660432427842068
baseline_train_40_percent,1177,106.3014526,105.24812642136429,1.0533261786357144,1.0533261786357144
baseline_train_40_percent,1178,109.5170517,109.15134047578339,0.36571122421661073,0.36571122421661073
baseline_train_40_percent,1179,109.8686905,109.45859293737372,0.4100975626262766,0.4100975626262766
baseline_train_40_percent,1180,109.988266,110.08403663236307,-0.09577063236307026,0.09577063236307026
baseline_train_40_percent,1181,109.8179703,109.87737530415504,-0.05940500415503891,0.05940500415503891
baseline_train_40_percent,1182,108.8693085,108.39108569779317,0.47822280220682956,0.47822280220682956
baseline_train_40_percent,1183,107.4683075,107.29853114348055,0.16977635651944922,0.16977635651944922
baseline_train_40_percent,1184,106.6709518,107.01305491695308,-0.3421031169530835,0.3421031169530835
baseline_train_40_percent,1185,107.5515823,107.37585995100788,0.17572234899212447,0.17572234899212447
baseline_train_40_percent,1186,108.6987305,108.55258189362418,0.14614860637581728,0.14614860637581728
baseline_train_40_percent,1187,107.6766052,107.60225496061382,0.07435023938617746,0.07435023938617746
baseline_train_40_percent,1188,110.5247498,110.29098866732296,0.23376113267703147,0.23376113267703147
baseline_train_40_percent,1189,109.5644836,109.18214978881551,0.3823338111844947,0.3823338111844947
baseline_train_40_percent,1190,111.0766373,111.34972095457334,-0.27308365457334105,0.27308365457334105
baseline_train_40_percent,1191,94.97103119,94.49436861911668,0.4766625708833203,0.4766625708833203
baseline_train_40_percent,1192,95.33177185,94.97014247205647,0.36162937794352956,0.36162937794352956
baseline_train_40_percent,1193,96.46226501,95.52143876468654,0.9408262453134597,0.9408262453134597
baseline_train_40_percent,1194,107.6315765,107.03849243091997,0.593084069080021,0.593084069080021
baseline_train_40_percent,1195,109.1604233,109.13414725015528,0.02627604984472498,0.02627604984472498
baseline_train_40_percent,1196,109.1977234,108.95294242562986,0.24478097437014412,0.24478097437014412
baseline_train_40_percent,1197,110.0822372,110.43147016820511,-0.34923296820511496,0.34923296820511496
baseline_train_40_percent,1198,109.3318939,109.28381148200857,0.048082417991423654,0.048082417991423654
baseline_train_40_percent,1199,107.343605,108.10364720600005,-0.7600422060000511,0.7600422060000511
baseline_train_40_percent,1200,107.5480042,108.01983337737362,-0.4718291773736212,0.4718291773736212
baseline_train_40_percent,1201,108.447876,108.6963366181025,-0.24846061810251285,0.24846061810251285
baseline_train_40_percent,1202,109.7828064,110.49279668055658,-0.7099902805565819,0.7099902805565819
baseline_train_40_percent,1203,109.550293,110.24632874547908,-0.6960357454790795,0.6960357454790795
baseline_train_40_percent,1204,109.9535065,110.1422950347804,-0.18878853478040014,0.18878853478040014
baseline_train_40_percent,1205,106.4669571,106.56170661814446,-0.09474951814445376,0.09474951814445376
baseline_train_40_percent,1206,107.7381592,107.78380878568088,-0.04564958568087718,0.04564958568087718
baseline_train_40_percent,1207,107.6094513,107.30166610043322,0.30778519956677997,0.30778519956677997
baseline_train_40_percent,1208,109.5464249,109.99038502978776,-0.44396012978775445,0.44396012978775445
baseline_train_40_percent,1209,108.7636871,109.20060177772345,-0.4369146777234505,0.4369146777234505
baseline_train_40_percent,1210,110.7324524,111.07288243340095,-0.34043003340094913,0.34043003340094913
baseline_train_40_percent,1211,110.4282455,110.13362573057816,0.29461976942184265,0.29461976942184265
baseline_train_40_percent,1212,109.9445343,110.0130475701447,-0.06851327014470598,0.06851327014470598
baseline_train_40_percent,1213,107.3451843,107.47398744202505,-0.12880314202504906,0.12880314202504906
baseline_train_40_percent,1214,110.366684,110.73262924392014,-0.3659452439201374,0.3659452439201374
baseline_train_40_percent,1215,108.9994812,107.87212234648453,1.1273588535154744,1.1273588535154744
baseline_train_40_percent,1216,108.8961792,109.54274444987739,-0.6465652498773835,0.6465652498773835
baseline_train_40_percent,1217,109.1025772,110.35667186830199,-1.2540946683019882,1.2540946683019882
baseline_train_40_percent,1218,108.9594116,109.75479008677634,-0.7953784867763432,0.7953784867763432
baseline_train_40_percent,1219,110.5870132,111.5425950037427,-0.9555818037427031,0.9555818037427031
baseline_train_40_percent,1220,109.8677979,110.35371579959512,-0.48591789959512255,0.48591789959512255
baseline_train_40_percent,1221,106.8572159,107.39881255150063,-0.5415966515006261,0.5415966515006261
baseline_train_40_percent,1222,108.184021,108.41685012019181,-0.23282912019180912,0.23282912019180912
baseline_train_40_percent,1223,109.0648346,108.77126533914578,0.29356926085421264,0.29356926085421264
baseline_train_40_percent,1224,108.2824783,108.75091067766054,-0.4684323776605481,0.4684323776605481
baseline_train_40_percent,1225,110.8433609,111.0735099730729,-0.23014907307290855,0.23014907307290855
baseline_train_40_percent,1226,111.2393265,111.29813912076614,-0.05881262076613325,0.05881262076613325
baseline_train_40_percent,1227,109.5333252,110.250670063609,-0.7173448636090001,0.7173448636090001
baseline_train_40_percent,1228,110.8989639,111.23722025984038,-0.33825635984038627,0.33825635984038627
baseline_train_40_percent,1229,107.9012909,107.9676511726142,-0.06636027261419031,0.06636027261419031
baseline_train_40_percent,1230,109.7396088,109.6401409413284,0.09946785867160202,0.09946785867160202
baseline_train_40_percent,1231,107.0294724,107.10220547957145,-0.07273307957144937,0.07273307957144937
baseline_train_40_percent,1232,109.8357239,110.07283084158014,-0.23710694158013723,0.23710694158013723
baseline_train_40_percent,1233,110.4209824,110.23869960623281,0.18228279376718604,0.18228279376718604
baseline_train_40_percent,1234,110.1351395,109.76458611409379,0.3705533859062058,0.3705533859062058
baseline_train_40_percent,1235,110.8540497,111.108974402042,-0.2549247020419898,0.2549247020419898
baseline_train_40_percent,1236,111.8996735,111.94549183653761,-0.04581833653760725,0.04581833653760725
baseline_train_40_percent,1237,107.3802414,108.00328592864074,-0.6230445286407331,0.6230445286407331
baseline_train_40_percent,1238,106.8210907,106.18904197134968,0.632048728650318,0.632048728650318
baseline_train_40_percent,1239,105.1492004,106.11352988028189,-0.96432948028189,0.96432948028189
baseline_train_40_percent,1240,107.7005157,108.07895540776335,-0.37843970776334857,0.37843970776334857
baseline_train_40_percent,1241,108.2522354,108.28860086613678,-0.03636546613677183,0.03636546613677183
baseline_train_40_percent,1242,109.9263992,110.36874003099486,-0.44234083099485133,0.44234083099485133
baseline_train_40_percent,1243,107.6641159,107.72893616124439,-0.06482026124439244,0.06482026124439244
baseline_train_40_percent,1244,112.2264557,112.13273426849568,0.09372143150432066,0.09372143150432066
baseline_train_40_percent,1245,107.6898499,107.12025338764995,0.5695965123500457,0.5695965123500457
baseline_train_40_percent,1246,108.8877182,109.05325262453644,-0.16553442453644607,0.16553442453644607
baseline_train_40_percent,1247,108.0163422,107.8993050396139,0.11703716038609002,0.11703716038609002
baseline_train_40_percent,1248,111.1567917,110.94450945635022,0.21228224364978132,0.21228224364978132
baseline_train_40_percent,1249,110.7434311,111.0511688700273,-0.30773777002730185,0.30773777002730185
baseline_train_40_percent,1250,112.3656387,112.83103778026967,-0.4653990802696626,0.4653990802696626
baseline_train_40_percent,1251,113.3563004,112.5410140396603,0.815286360339698,0.815286360339698
baseline_train_40_percent,1252,107.6782608,107.59350556626792,0.08475523373208205,0.08475523373208205
baseline_train_40_percent,1253,107.9476166,108.43687900359727,-0.4892624035972659,0.4892624035972659
baseline_train_40_percent,1254,109.9500046,109.86065585878713,0.0893487412128735,0.0893487412128735
baseline_train_40_percent,1255,109.3101349,109.73747178552019,-0.4273368855201909,0.4273368855201909
baseline_train_40_percent,1256,107.4366302,107.99020962340684,-0.5535794234068447,0.5535794234068447
baseline_train_40_percent,1257,111.2249985,110.82811712574458,0.3968813742554147,0.3968813742554147
baseline_train_40_percent,1258,111.9666901,112.13731326657174,-0.17062316657174392,0.17062316657174392
baseline_train_40_percent,1259,113.3077698,113.4709380395794,-0.16316823957939164,0.16316823957939164
baseline_train_40_percent,1260,109.0635223,109.17627199693581,-0.11274969693580772,0.11274969693580772
baseline_train_40_percent,1261,108.7135925,109.04548296362911,-0.331890463629108,0.331890463629108
baseline_train_40_percent,1262,108.2446823,109.03824702271346,-0.7935647227134695,0.7935647227134695
baseline_train_40_percent,1263,110.6152496,110.95551699333261,-0.3402673933326099,0.3402673933326099
baseline_train_40_percent,1264,111.6225739,112.21480230996296,-0.5922284099629564,0.5922284099629564
baseline_train_40_percent,1265,101.5438461,101.97049677740793,-0.4266506774079346,0.4266506774079346
baseline_train_40_percent,1266,106.8981628,106.57207248700408,0.32609031299591607,0.32609031299591607
baseline_train_40_percent,1267,101.8966446,101.67711435283304,0.2195302471669578,0.2195302471669578
baseline_train_40_percent,1268,99.89500427,99.52615322288777,0.36885104711222994,0.36885104711222994
baseline_train_40_percent,1269,100.1474991,99.42719542377495,0.7203036762250576,0.7203036762250576
baseline_train_40_percent,1270,102.4951859,102.54131039825361,-0.04612449825361864,0.04612449825361864
baseline_train_40_percent,1271,102.2169571,102.75515120464121,-0.5381941046412066,0.5381941046412066
baseline_train_40_percent,1272,105.7533798,105.12550400455787,0.6278757954421366,0.6278757954421366
baseline_train_40_percent,1273,105.368248,104.19178972811943,1.1764582718805627,1.1764582718805627
baseline_train_40_percent,1274,98.99839783,98.66635511169957,0.3320427183004284,0.3320427183004284
baseline_train_40_percent,1275,97.50330353,96.49781676575893,1.0054867642410699,1.0054867642410699
baseline_train_40_percent,1276,99.26706696,97.64514886704632,1.6219180929536776,1.6219180929536776
baseline_train_40_percent,1277,98.55164337,98.08348003164853,0.4681633383514594,0.4681633383514594
baseline_train_40_percent,1278,101.8926773,102.03451408954209,-0.1418367895420829,0.1418367895420829
baseline_train_40_percent,1279,99.47115326,99.0509893341233,0.42016392587669316,0.42016392587669316
baseline_train_40_percent,1280,104.0427475,103.71579044925369,0.32695705074631576,0.32695705074631576
baseline_train_40_percent,1281,100.0955124,99.91064140472885,0.18487099527115447,0.18487099527115447
baseline_train_40_percent,1282,94.60806274,94.71311683961005,-0.10505409961005796,0.10505409961005796
baseline_train_40_percent,1283,96.02322388,95.57015933930249,0.4530645406975111,0.4530645406975111
baseline_train_40_percent,1284,94.74684143,94.46025958600764,0.28658184399236575,0.28658184399236575
baseline_train_40_percent,1285,102.7471848,101.71366602709286,1.0335187729071436,1.0335187729071436
baseline_train_40_percent,1286,103.0074921,102.65508908730587,0.35240301269412555,0.35240301269412555
baseline_train_40_percent,1287,102.32267,101.97390187783033,0.34876812216967323,0.34876812216967323
baseline_train_40_percent,1288,103.4988556,104.02144979168384,-0.5225941916838366,0.5225941916838366
baseline_train_40_percent,1289,98.73694611,98.78064651892811,-0.04370040892810323,0.04370040892810323
baseline_train_40_percent,1290,97.35820007,96.16994492871251,1.1882551412874847,1.1882551412874847
baseline_train_40_percent,1291,94.02378845,93.88459829856592,0.13919015143407876,0.13919015143407876
baseline_train_40_percent,1292,95.8237381,96.1247225803512,-0.30098448035120384,0.30098448035120384
baseline_train_40_percent,1293,97.66680145,98.13069638318495,-0.4638949331849602,0.4638949331849602
baseline_train_40_percent,1294,99.95075989,99.93474337372183,0.01601651627817091,0.01601651627817091
baseline_train_40_percent,1295,104.3834381,102.08077958142844,2.302658518571562,2.302658518571562
baseline_train_40_percent,1296,102.9049301,102.32485830017315,0.5800717998268539,0.5800717998268539
baseline_train_40_percent,1297,97.81546021,96.84987106430609,0.9655891456939116,0.9655891456939116
baseline_train_40_percent,1298,96.042099,96.32202201515537,-0.27992301515537577,0.27992301515537577
baseline_train_40_percent,1299,95.2906189,94.27176774028322,1.0188511597167746,1.0188511597167746
baseline_train_40_percent,1300,95.67701721,95.84406058184754,-0.1670433718475408,0.1670433718475408
baseline_train_40_percent,1301,100.5238647,99.703687434466,0.8201772655339994,0.8201772655339994
baseline_train_40_percent,1302,102.099617,102.52310138123372,-0.42348438123372034,0.42348438123372034
baseline_train_40_percent,1303,103.4337006,103.84179736196296,-0.40809676196296607,0.40809676196296607
baseline_train_40_percent,1304,103.0529251,102.75581738978852,0.29710771021147764,0.29710771021147764
baseline_train_40_percent,1305,98.36877441,98.02622815038569,0.3425462596143092,0.3425462596143092
baseline_train_40_percent,1306,95.63793182,95.38173828848028,0.25619353151972746,0.25619353151972746
baseline_train_40_percent,1307,97.14854431,96.28397929587109,0.8645650141289138,0.8645650141289138
baseline_train_40_percent,1308,103.1297302,102.16006433449921,0.9696658655007866,0.9696658655007866
baseline_train_40_percent,1309,103.6406631,102.80670656058075,0.8339565394192476,0.8339565394192476
baseline_train_40_percent,1310,102.8270416,103.05987205226164,-0.2328304522616378,0.2328304522616378
baseline_train_40_percent,1311,105.9398575,105.15173529450013,0.7881222054998744,0.7881222054998744
baseline_train_40_percent,1312,102.9000015,102.05220310689899,0.8477983931010158,0.8477983931010158
baseline_train_40_percent,1313,99.16056824,98.33025803893729,0.8303102010627157,0.8303102010627157
baseline_train_40_percent,1314,95.96714783,94.9474935859177,1.0196542440823038,1.0196542440823038
baseline_train_40_percent,1315,96.56166077,95.78672673976685,0.7749340302331547,0.7749340302331547
baseline_train_40_percent,1316,100.8820953,99.68524940456413,1.196845895435871,1.196845895435871
baseline_train_40_percent,1317,102.4538956,101.93845958408316,0.5154360159168334,0.5154360159168334
baseline_train_40_percent,1318,106.3866425,105.33523183378321,1.051410666216782,1.051410666216782
baseline_train_40_percent,1319,108.07444,107.5627754021935,0.5116645978065009,0.5116645978065009
baseline_train_40_percent,1320,98.73725891,98.52320560215057,0.21405330784942578,0.21405330784942578
baseline_train_40_percent,1321,97.7926712,96.83247026946108,0.9602009305389174,0.9602009305389174
baseline_train_40_percent,1322,97.85539246,97.09965518010098,0.755737279899023,0.755737279899023
baseline_train_40_percent,1323,104.5404205,104.02047017588058,0.5199503241194208,0.5199503241194208
baseline_train_40_percent,1324,106.401268,105.60194160134174,0.7993263986582662,0.7993263986582662
baseline_train_40_percent,1325,108.7904663,108.00609630441318,0.7843699955868288,0.7843699955868288
baseline_train_40_percent,1326,97.28065491,97.41121459002078,-0.1305596800207809,0.1305596800207809
baseline_train_40_percent,1327,94.98554993,94.08246367728643,0.9030862527135781,0.9030862527135781
baseline_train_40_percent,1328,100.5447083,99.51840971093021,1.026298589069782,1.026298589069782
baseline_train_40_percent,1329,102.2528,101.46547992819805,0.7873200718019433,0.7873200718019433
baseline_train_40_percent,1330,102.1899567,101.68264854337416,0.5073081566258395,0.5073081566258395
baseline_train_40_percent,1331,104.4536057,104.00388733674455,0.44971836325544245,0.44971836325544245
baseline_train_40_percent,1332,98.75071716,98.79311484653957,-0.04239768653957299,0.04239768653957299
baseline_train_40_percent,1333,97.15356445,96.97138771012145,0.18217673987855676,0.18217673987855676
baseline_train_40_percent,1334,94.54705811,93.79206498690428,0.7549931230957156,0.7549931230957156
baseline_train_40_percent,1335,95.35486603,94.97234841336538,0.38251761663461537,0.38251761663461537
baseline_train_40_percent,1336,101.5964355,100.2360388710062,1.3603966289937972,1.3603966289937972
baseline_train_40_percent,1337,104.0341949,103.47238365402197,0.5618112459780349,0.5618112459780349
baseline_train_40_percent,1338,104.6983643,103.83547893648506,0.8628853635149341,0.8628853635149341
baseline_train_40_percent,1339,108.078064,106.88469104338904,1.1933729566109577,1.1933729566109577
baseline_train_40_percent,1340,99.08666992,98.9282412336889,0.15842868631111173,0.15842868631111173
baseline_train_40_percent,1341,97.60695648,97.54522180824708,0.061734671752915915,0.061734671752915915
baseline_train_40_percent,1342,97.03923035,96.43593551382241,0.6032948361775823,0.6032948361775823
baseline_train_40_percent,1343,98.78350067,98.3289804173354,0.4545202526645937,0.4545202526645937
baseline_train_40_percent,1344,102.4776611,102.34861804948548,0.12904305051452525,0.12904305051452525
baseline_train_40_percent,1345,102.218399,101.94714867438081,0.27125032561919227,0.27125032561919227
baseline_train_40_percent,1346,106.5003662,105.31385824406438,1.1865079559356246,1.1865079559356246
baseline_train_40_percent,1347,108.6032715,107.8042592166404,0.7990122833596018,0.7990122833596018
baseline_train_40_percent,1348,99.2023468,99.65105013904919,-0.4487033390491888,0.4487033390491888
baseline_train_40_percent,1349,96.04341888,95.76440615536157,0.2790127246384344,0.2790127246384344
baseline_train_40_percent,1350,97.63085175,97.60589443430015,0.024957315699850824,0.024957315699850824
baseline_train_40_percent,1351,96.55773926,95.81749592903415,0.7402433309658534,0.7402433309658534
baseline_train_40_percent,1352,101.4991989,101.16946940229313,0.32972949770686455,0.32972949770686455
baseline_train_40_percent,1353,103.840271,104.2281855390251,-0.387914539025104,0.387914539025104
baseline_train_40_percent,1354,107.4973907,107.32378719053817,0.17360350946182734,0.17360350946182734
baseline_train_40_percent,1355,99.55371857,99.47703432939358,0.07668424060642565,0.07668424060642565
baseline_train_40_percent,1356,94.99892426,94.65403509998029,0.3448891600197044,0.3448891600197044
baseline_train_40_percent,1357,94.18655396,93.39120557081037,0.7953483891896269,0.7953483891896269
baseline_train_40_percent,1358,96.87512207,96.64493350966848,0.23018856033152701,0.23018856033152701
baseline_train_40_percent,1359,100.2755127,99.7049220447157,0.5705906552842919,0.5705906552842919
baseline_train_40_percent,1360,103.7857895,103.76406721088773,0.021722289112275917,0.021722289112275917
baseline_train_40_percent,1361,103.5054626,104.33119203199982,-0.8257294319998181,0.8257294319998181
baseline_train_40_percent,1362,107.70504,107.62789559368419,0.07714440631580999,0.07714440631580999
baseline_train_40_percent,1363,98.80771637,98.74835807350752,0.05935829649247637,0.05935829649247637
baseline_train_40_percent,1364,96.6155777,96.06471246755186,0.550865232448146,0.550865232448146
baseline_train_40_percent,1365,94.20697021,93.71558775613309,0.4913824538669047,0.4913824538669047
baseline_train_40_percent,1366,100.9336472,101.11777248814619,-0.18412528814619122,0.18412528814619122
baseline_train_40_percent,1367,103.6165771,103.11065088387795,0.5059262161220488,0.5059262161220488
baseline_train_40_percent,1368,105.1905441,105.64619789208004,-0.4556537920800423,0.4556537920800423
baseline_train_40_percent,1369,103.7383347,105.09713103266569,-1.3587963326656904,1.3587963326656904
baseline_train_40_percent,1370,95.25151062,94.35925970271279,0.892250917287214,0.892250917287214
baseline_train_40_percent,1371,95.17428589,94.71934804651632,0.45493784348367683,0.45493784348367683
baseline_train_40_percent,1372,95.82711029,95.02841602445443,0.7986942655455636,0.7986942655455636
baseline_train_40_percent,1373,99.53964233,98.77872714070797,0.7609151892920352,0.7609151892920352
baseline_train_40_percent,1374,103.0852432,102.89742753094754,0.18781566905245484,0.18781566905245484
baseline_train_40_percent,1375,105.5406418,105.55048623563165,-0.009844435631649162,0.009844435631649162
baseline_train_40_percent,1376,108.4182968,107.97975991388807,0.438536886111919,0.438536886111919
baseline_train_40_percent,1377,101.7591248,100.94341900527854,0.8157057947214525,0.8157057947214525
baseline_train_40_percent,1378,108.8791275,109.97660691922816,-1.097479419228165,1.097479419228165
baseline_train_40_percent,1379,112.9058609,112.20114575372413,0.7047151462758592,0.7047151462758592
baseline_train_40_percent,1380,114.1246719,114.11801633610361,0.006655563896387662,0.006655563896387662
baseline_train_40_percent,1381,115.57724,114.92886124704744,0.6483787529525671,0.6483787529525671
baseline_train_40_percent,1382,113.7744827,114.21560007286007,-0.44111737286007724,0.44111737286007724
baseline_train_40_percent,1383,112.6684113,112.51874662598642,0.14966467401357875,0.14966467401357875
baseline_train_40_percent,1384,111.1150055,111.47178031456262,-0.35677481456262683,0.35677481456262683
baseline_train_40_percent,1385,110.4112549,110.34660671508101,0.06464818491899393,0.06464818491899393
baseline_train_40_percent,1386,111.5980988,111.98490987256935,-0.3868110725693441,0.3868110725693441
baseline_train_40_percent,1387,112.8400421,112.94900102298398,-0.10895892298397314,0.10895892298397314
baseline_train_40_percent,1388,113.9335175,114.12136371969409,-0.18784621969409443,0.18784621969409443
baseline_train_40_percent,1389,114.4636841,114.6043143503614,-0.1406302503614114,0.1406302503614114
baseline_train_40_percent,1390,115.0914154,115.09931054585361,-0.00789514585360962,0.00789514585360962
baseline_train_40_percent,1391,113.413353,113.53219096518468,-0.1188379651846816,0.1188379651846816
baseline_train_40_percent,1392,112.5105515,111.96466956094388,0.5458819390561302,0.5458819390561302
baseline_train_40_percent,1393,112.932991,112.7356633970732,0.19732760292680496,0.19732760292680496
baseline_train_40_percent,1394,114.2383423,114.60343815394792,-0.36509585394792055,0.36509585394792055
baseline_train_40_percent,1395,116.6863022,116.79661280323316,-0.11031060323315955,0.11031060323315955
baseline_train_40_percent,1396,117.7860641,117.89755358364945,-0.11148948364945,0.11148948364945
baseline_train_40_percent,1397,112.459343,111.90709555494664,0.5522474450533679,0.5522474450533679
baseline_train_40_percent,1398,110.1550751,110.74152768294712,-0.5864525829471177,0.5864525829471177
baseline_train_40_percent,1399,109.2490082,109.59428823915344,-0.34528003915343675,0.34528003915343675
baseline_train_40_percent,1400,112.3949203,112.29135631121207,0.10356398878792561,0.10356398878792561
baseline_train_40_percent,1401,113.4598541,113.60354845621431,-0.14369435621431137,0.14369435621431137
baseline_train_40_percent,1402,113.6333313,113.26931135784761,0.36401994215238176,0.36401994215238176
baseline_train_40_percent,1403,110.8799744,110.96229230900589,-0.08231790900589431,0.08231790900589431
baseline_train_40_percent,1404,110.1832733,109.98088714271141,0.20238615728858633,0.20238615728858633
baseline_train_40_percent,1405,110.1013336,110.07457458630502,0.0267590136949849,0.0267590136949849
baseline_train_40_percent,1406,111.257225,111.35774640512747,-0.10052140512746632,0.10052140512746632
baseline_train_40_percent,1407,113.9265213,113.35600135170232,0.5705199482976866,0.5705199482976866
baseline_train_40_percent,1408,114.4444733,114.50149867703203,-0.057025377032033475,0.057025377032033475
baseline_train_40_percent,1409,115.1743393,115.84235018379671,-0.6680108837967111,0.6680108837967111
baseline_train_40_percent,1410,112.0110779,111.8876802612452,0.12339763875480969,0.12339763875480969
baseline_train_40_percent,1411,111.3941193,110.91035859486102,0.48376070513897673,0.48376070513897673
baseline_train_40_percent,1412,110.4857712,110.61158086389187,-0.12580966389187154,0.12580966389187154
baseline_train_40_percent,1413,111.743187,111.48792436945276,0.25526263054725007,0.25526263054725007
baseline_train_40_percent,1414,113.4203186,113.3579964581806,0.06232214181940776,0.06232214181940776
baseline_train_40_percent,1415,113.1065216,113.34527542227869,-0.2387538222786958,0.2387538222786958
baseline_train_40_percent,1416,113.3178787,113.2554664136033,0.06241228639669316,0.06241228639669316
baseline_train_40_percent,1417,114.3197861,114.30431514310857,0.015470956891434184,0.015470956891434184
baseline_train_40_percent,1418,110.8826904,111.32495518330293,-0.4422647833029316,0.4422647833029316
baseline_train_40_percent,1419,111.692131,111.50464894769202,0.18748205230798476,0.18748205230798476
baseline_train_40_percent,1420,111.091217,111.49835019023155,-0.4071331902315478,0.4071331902315478
baseline_train_40_percent,1421,111.8290024,111.64485823607144,0.1841441639285506,0.1841441639285506
baseline_train_40_percent,1422,112.7306519,113.54325039002015,-0.8125984900201502,0.8125984900201502
baseline_train_40_percent,1423,113.763092,113.66140258199127,0.10168941800873199,0.10168941800873199
baseline_train_40_percent,1424,115.9135208,116.44661132591247,-0.5330905259124705,0.5330905259124705
baseline_train_40_percent,1425,112.1516037,111.68132495035259,0.4702787496474059,0.4702787496474059
baseline_train_40_percent,1426,113.6797638,114.09574579271693,-0.4159819927169224,0.4159819927169224
baseline_train_40_percent,1427,111.5760422,111.41563773373774,0.16040446626226412,0.16040446626226412
baseline_train_40_percent,1428,111.7984772,111.99195166976455,-0.19347446976455274,0.19347446976455274
baseline_train_40_percent,1429,111.6633377,112.70652022534075,-1.0431825253407538,1.0431825253407538
baseline_train_40_percent,1430,114.0952911,115.22928572716253,-1.1339946271625365,1.1339946271625365
baseline_train_40_percent,1431,113.4015045,113.4715333258278,-0.07002882582780501,0.07002882582780501
baseline_train_40_percent,1432,114.9849396,115.49897797114588,-0.5140383711458725,0.5140383711458725
baseline_train_40_percent,1433,110.620018,111.258392346884,-0.6383743468839924,0.6383743468839924
baseline_train_40_percent,1434,110.7061539,111.1754774402808,-0.46932354028079715,0.46932354028079715
baseline_train_40_percent,1435,109.4923859,109.40549510726984,0.0868907927301592,0.0868907927301592
baseline_train_40_percent,1436,111.0329666,110.67789469896356,0.35507190103643893,0.35507190103643893
baseline_train_40_percent,1437,108.8515244,110.09399098440326,-1.2424665844032603,1.2424665844032603
baseline_train_40_percent,1438,114.5275116,114.79745241722924,-0.2699408172292408,0.2699408172292408
baseline_train_40_percent,1439,114.7130356,114.98098720187659,-0.2679516018765895,0.2679516018765895
baseline_train_40_percent,1440,115.9236298,116.09404726909746,-0.17041746909745825,0.17041746909745825
baseline_train_40_percent,1441,111.857605,112.01614025600504,-0.15853525600503815,0.15853525600503815
baseline_train_40_percent,1442,109.4567184,109.73911448172734,-0.28239608172734165,0.28239608172734165
baseline_train_40_percent,1443,109.8184814,110.02472537661438,-0.2062439766143882,0.2062439766143882
baseline_train_40_percent,1444,111.0669174,111.50768913534282,-0.4407717353428211,0.4407717353428211
baseline_train_40_percent,1445,113.2953262,113.16093523203989,0.1343909679601154,0.1343909679601154
baseline_train_40_percent,1446,113.8275757,114.34030092448617,-0.5127252244861751,0.5127252244861751
baseline_train_40_percent,1447,115.2328796,116.15459878961595,-0.921719189615942,0.921719189615942
baseline_train_40_percent,1448,115.335701,116.19863351029318,-0.8629325102931773,0.8629325102931773
baseline_train_40_percent,1449,113.0807724,113.3576451720567,-0.2768727720567057,0.2768727720567057
baseline_train_40_percent,1450,110.7297363,110.59772499656205,0.13201130343794887,0.13201130343794887
baseline_train_40_percent,1451,111.6154938,111.26869815557204,0.3467956444279565,0.3467956444279565
baseline_train_40_percent,1452,114.2928314,113.82321706813254,0.4696143318674615,0.4696143318674615
baseline_train_40_percent,1453,115.5671005,115.42564246609045,0.1414580339095437,0.1414580339095437
baseline_train_40_percent,1454,117.1313019,117.55356250161698,-0.4222606016169834,0.4222606016169834
baseline_train_40_percent,1455,117.868866,118.09139096530649,-0.22252496530649069,0.22252496530649069
baseline_train_40_percent,1456,117.6515961,118.11987808483192,-0.4682819848319184,0.4682819848319184
baseline_train_40_percent,1457,111.2452393,112.36734956772555,-1.12211026772556,1.12211026772556
baseline_train_40_percent,1458,113.5103912,113.77235261080727,-0.26196141080727386,0.26196141080727386
baseline_train_40_percent,1459,111.883873,112.53931443974886,-0.6554414397488699,0.6554414397488699
baseline_train_40_percent,1460,111.8483963,112.61090934107442,-0.7625130410744134,0.7625130410744134
baseline_train_40_percent,1461,113.2453613,113.84516641637907,-0.5998051163790734,0.5998051163790734
baseline_train_40_percent,1462,115.7199631,116.3268511681666,-0.6068880681665973,0.6068880681665973
baseline_train_40_percent,1463,116.3616867,117.12751512624854,-0.7658284262485324,0.7658284262485324
baseline_train_40_percent,1464,112.8512573,112.69312093940387,0.15813636059613145,0.15813636059613145
baseline_train_40_percent,1465,111.6797714,111.81740182378809,-0.13763042378808166,0.13763042378808166
baseline_train_40_percent,1466,111.315239,111.44762017591958,-0.13238117591957632,0.13238117591957632
baseline_train_40_percent,1467,111.1144867,111.43152620839558,-0.31703950839558104,0.31703950839558104
baseline_train_40_percent,1468,115.2979355,114.4443619123741,0.8535735876258883,0.8535735876258883
baseline_train_40_percent,1469,116.1253052,116.04453333855325,0.08077186144674897,0.08077186144674897
baseline_train_40_percent,1470,114.945961,115.29412507802927,-0.34816407802927074,0.34816407802927074
baseline_train_40_percent,1471,115.5589447,115.93083122850454,-0.37188652850454673,0.37188652850454673
baseline_train_40_percent,1472,113.1004028,113.2012985288595,-0.10089572885949849,0.10089572885949849
baseline_train_40_percent,1473,112.3374481,112.28942316425916,0.0480249357408411,0.0480249357408411
baseline_train_40_percent,1474,110.0526047,109.81524178727052,0.2373629127294805,0.2373629127294805
baseline_train_40_percent,1475,112.9532776,112.96737440274673,-0.014096802746720982,0.014096802746720982
baseline_train_40_percent,1476,114.8218307,114.85251784321059,-0.030687143210585077,0.030687143210585077
baseline_train_40_percent,1477,114.837677,114.46262357739046,0.37505342260953967,0.37505342260953967
baseline_train_40_percent,1478,114.1686401,113.89737742833816,0.2712626716618445,0.2712626716618445
baseline_train_40_percent,1479,112.4096375,112.59765408316461,-0.188016583164611,0.188016583164611
baseline_train_40_percent,1480,112.4247284,111.99352857790625,0.4311998220937596,0.4311998220937596
baseline_train_40_percent,1481,112.3548355,111.90837476674778,0.44646073325220925,0.44646073325220925
baseline_train_40_percent,1482,113.2199707,112.49342158316159,0.7265491168384131,0.7265491168384131
baseline_train_40_percent,1483,114.5818405,114.60651830480815,-0.024677804808149517,0.024677804808149517
baseline_train_40_percent,1484,116.3412628,116.86701025885164,-0.5257474588516402,0.5257474588516402
baseline_train_40_percent,1485,114.3540573,113.82522549301532,0.5288318069846696,0.5288318069846696
baseline_train_40_percent,1486,114.3351517,115.41014008547907,-1.0749883854790738,1.0749883854790738
baseline_train_40_percent,1487,111.0078583,111.15570184356152,-0.14784354356152107,0.14784354356152107
baseline_train_40_percent,1488,111.0926666,111.38124927771828,-0.2885826777182814,0.2885826777182814
baseline_train_40_percent,1489,112.6389999,112.02106880664002,0.6179310933599851,0.6179310933599851
baseline_train_40_percent,1490,114.1962051,114.4553270830553,-0.25912198305529444,0.25912198305529444
baseline_train_40_percent,1491,115.3270416,115.56076156541053,-0.23371996541052908,0.23371996541052908
baseline_train_40_percent,1492,115.1773911,115.72406083778057,-0.5466697377805758,0.5466697377805758
baseline_train_40_percent,1493,116.465683,116.63424145415675,-0.1685584541567522,0.1685584541567522
baseline_train_40_percent,1494,115.6083298,116.02997232211567,-0.4216425221156612,0.4216425221156612
baseline_train_40_percent,1495,111.0945053,110.78686544801798,0.3076398519820174,0.3076398519820174
baseline_train_40_percent,1496,110.5233994,110.89395401258216,-0.37055461258215416,0.37055461258215416
baseline_train_40_percent,1497,109.6148911,109.99180402253988,-0.37691292253988706,0.37691292253988706
baseline_train_40_percent,1498,112.2759018,112.10268155861804,0.17322024138195502,0.17322024138195502
baseline_train_40_percent,1499,112.9137115,113.20222503297997,-0.2885135329799624,0.2885135329799624
baseline_train_40_percent,1500,115.5150909,115.8120295695601,-0.29693866956009174,0.29693866956009174
baseline_train_40_percent,1501,115.721077,115.79616615560784,-0.07508915560784146,0.07508915560784146
baseline_train_40_percent,1502,109.9526062,109.73543078790833,0.21717541209167734,0.21717541209167734
baseline_train_40_percent,1503,111.529808,111.5798113221194,-0.05000332211939451,0.05000332211939451
baseline_train_40_percent,1504,111.8627777,112.06714520772155,-0.20436750772155676,0.20436750772155676
baseline_train_40_percent,1505,112.0641937,112.29027469145308,-0.22608099145307392,0.22608099145307392
baseline_train_40_percent,1506,112.1152267,112.10135160295705,0.01387509704294132,0.01387509704294132
baseline_train_40_percent,1507,114.4484558,114.67821294983406,-0.22975714983405737,0.22975714983405737
baseline_train_40_percent,1508,113.976944,114.43520383329762,-0.45825983329761755,0.45825983329761755
baseline_train_40_percent,1509,111.4016113,111.59296869148447,-0.19135739148447328,0.19135739148447328
baseline_train_40_percent,1510,101.2801437,101.21900783301116,0.061135866988834664,0.061135866988834664
baseline_train_40_percent,1511,101.4563217,100.6051847633097,0.8511369366903097,0.8511369366903097
baseline_train_40_percent,1512,105.5380783,104.69490173093507,0.8431765690649229,0.8431765690649229
baseline_train_40_percent,1513,114.0731049,114.22913327738873,-0.1560283773887221,0.1560283773887221
baseline_train_40_percent,1514,113.9220963,113.92987366800352,-0.007777368003516472,0.007777368003516472
baseline_train_40_percent,1515,115.5483093,115.05711562772962,0.49119367227038424,0.49119367227038424
baseline_train_40_percent,1516,112.4420547,112.6703020005536,-0.22824730055360476,0.22824730055360476
baseline_train_40_percent,1517,113.0996628,112.98585004951403,0.11381275048597672,0.11381275048597672
baseline_train_40_percent,1518,111.9265442,112.23431153548492,-0.3077673354849253,0.3077673354849253
baseline_train_40_percent,1519,112.1830444,112.27862919855377,-0.095584798553773,0.095584798553773
baseline_train_40_percent,1520,113.9862595,114.72093999596953,-0.7346804959695277,0.7346804959695277
baseline_train_40_percent,1521,114.5042801,115.35896320507238,-0.8546831050723824,0.8546831050723824
baseline_train_40_percent,1522,111.9892044,112.14798354673438,-0.15877914673437488,0.15877914673437488
baseline_train_40_percent,1523,113.7605515,113.07420482358643,0.6863466764135779,0.6863466764135779
baseline_train_40_percent,1524,114.5548019,114.45814211193934,0.09665978806066278,0.09665978806066278
baseline_train_40_percent,1525,115.2573395,115.45711422702004,-0.19977472702004206,0.19977472702004206
baseline_train_40_percent,1526,116.6879196,116.74894237419554,-0.06102277419553559,0.06102277419553559
baseline_train_40_percent,1527,116.9921036,117.01701659105292,-0.0249129910529291,0.0249129910529291
baseline_train_40_percent,1528,113.844368,113.93842120427959,-0.09405320427958941,0.09405320427958941
baseline_train_40_percent,1529,113.6152649,113.42018994000682,0.19507495999317825,0.19507495999317825
baseline_train_40_percent,1530,112.2814255,112.08796415919309,0.19346134080690547,0.19346134080690547
baseline_train_40_percent,1531,113.4067764,113.52125384348871,-0.1144774434887097,0.1144774434887097
baseline_train_40_percent,1532,114.7865372,115.40474033964644,-0.6182031396464396,0.6182031396464396
baseline_train_40_percent,1533,116.6283646,117.2544476514939,-0.6260830514939073,0.6260830514939073
baseline_train_40_percent,1534,115.5291138,116.36962068285257,-0.8405068828525657,0.8405068828525657
baseline_train_40_percent,1535,114.2702026,114.68546226075667,-0.41525966075666076,0.41525966075666076
baseline_train_40_percent,1536,112.0390778,113.02519082094678,-0.9861130209467746,0.9861130209467746
baseline_train_40_percent,1537,113.2457199,113.66506587067357,-0.41934597067357515,0.41934597067357515
baseline_train_40_percent,1538,113.6568069,113.23249799663932,0.42430890336068217,0.42430890336068217
baseline_train_40_percent,1539,110.5829315,111.63581367579103,-1.0528821757910265,1.0528821757910265
baseline_train_40_percent,1540,114.2341995,114.33838468382874,-0.10418518382873287,0.10418518382873287
baseline_train_40_percent,1541,112.9173126,114.0122659323136,-1.0949533323135938,1.0949533323135938
baseline_train_40_percent,1542,115.7036438,116.40724532229872,-0.703601522298726,0.703601522298726
baseline_train_40_percent,1543,114.0617142,113.91957839268451,0.14213580731548348,0.14213580731548348
baseline_train_40_percent,1544,113.465744,113.35057749822663,0.1151665017733734,0.1151665017733734
baseline_train_40_percent,1545,112.1726379,112.52640728583363,-0.3537693858336297,0.3537693858336297
baseline_train_40_percent,1546,111.3970337,111.51173761725744,-0.11470391725744378,0.11470391725744378
baseline_train_40_percent,1547,114.0838699,113.99787218394442,0.08599771605557294,0.08599771605557294
baseline_train_40_percent,1548,115.5021515,115.98117843767369,-0.4790269376736944,0.4790269376736944
baseline_train_40_percent,1549,115.6415863,116.26946585941732,-0.6278795594173232,0.6278795594173232
baseline_train_40_percent,1550,115.6424942,116.37770095495179,-0.7352067549517898,0.7352067549517898
baseline_train_40_percent,1551,113.7810745,113.85276970215735,-0.07169520215734337,0.07169520215734337
baseline_train_40_percent,1552,111.5173874,111.63516956076607,-0.11778216076606896,0.11778216076606896
baseline_train_40_percent,1553,112.3343658,111.66459342328787,0.6697723767121317,0.6697723767121317
baseline_train_40_percent,1554,111.4463806,111.27817203962199,0.16820856037800525,0.16820856037800525
baseline_train_40_percent,1555,115.1258011,115.08602222621279,0.03977887378721334,0.03977887378721334
baseline_train_40_percent,1556,115.7144928,115.47642630990778,0.2380664900922227,0.2380664900922227
baseline_train_40_percent,1557,116.0174637,116.26489332391577,-0.24742962391577805,0.24742962391577805
baseline_train_40_percent,1558,114.7108078,114.65876718181566,0.052040618184335585,0.052040618184335585
baseline_train_40_percent,1559,113.0461655,113.56633591961032,-0.5201704196103236,0.5201704196103236
baseline_train_40_percent,1560,112.3520966,113.98211353863269,-1.6300169386326928,1.6300169386326928
baseline_train_40_percent,1561,114.6164398,114.48531016725025,0.13112963274974732,0.13112963274974732
baseline_train_40_percent,1562,115.6496124,116.32575963807793,-0.676147238077931,0.676147238077931
baseline_train_40_percent,1563,117.5002365,117.85642454652908,-0.3561880465290841,0.3561880465290841
baseline_train_40_percent,1564,117.0958252,117.28927017368207,-0.1934449736820767,0.1934449736820767
baseline_train_40_percent,1565,113.9365158,114.86378049229731,-0.9272646922973138,0.9272646922973138
baseline_train_40_percent,1566,113.527626,114.33203391830553,-0.8044079183055288,0.8044079183055288
baseline_train_40_percent,1567,112.2337646,112.69365313983455,-0.4598885398345516,0.4598885398345516
baseline_train_40_percent,1568,113.0404587,112.97812588097277,0.0623328190272332,0.0623328190272332
baseline_train_40_percent,1569,113.5874329,113.80654210703618,-0.2191092070361833,0.2191092070361833
baseline_train_40_percent,1570,115.341217,115.75202231879729,-0.4108053187972871,0.4108053187972871
baseline_train_40_percent,1571,116.9822159,117.58141856363535,-0.5992026636353529,0.5992026636353529
baseline_train_40_percent,1572,113.434082,114.01581328624876,-0.581731286248754,0.581731286248754
baseline_train_40_percent,1573,113.7087555,113.45200849973368,0.2567470002663157,0.2567470002663157
baseline_train_40_percent,1574,110.4556961,110.87022742484395,-0.4145313248439493,0.4145313248439493
baseline_train_40_percent,1575,110.5175247,111.18591821715408,-0.6683935171540867,0.6683935171540867
baseline_train_40_percent,1576,111.3440018,111.40167510596838,-0.05767330596837894,0.05767330596837894
baseline_train_40_percent,1577,116.3413239,116.23739902203012,0.10392487796988803,0.10392487796988803
baseline_train_40_percent,1578,116.2921066,116.33838941173171,-0.046282811731714446,0.046282811731714446
baseline_train_40_percent,1579,115.1528244,115.81826856787262,-0.6654441678726215,0.6654441678726215
baseline_train_40_percent,1580,112.7159882,113.13080443555023,-0.4148162355502336,0.4148162355502336
baseline_train_40_percent,1581,112.2122421,112.45550138996829,-0.24325928996829305,0.24325928996829305
baseline_train_40_percent,1582,110.9932785,111.14232919068311,-0.1490506906831115,0.1490506906831115
baseline_train_40_percent,1583,111.1577148,111.26576553903946,-0.10805073903947005,0.10805073903947005
baseline_train_40_percent,1584,113.0745697,113.17322538266602,-0.09865568266602054,0.09865568266602054
baseline_train_40_percent,1585,113.7423325,113.9479738557816,-0.20564135578159437,0.20564135578159437
baseline_train_40_percent,1586,114.9408112,115.75065225013478,-0.8098410501347786,0.8098410501347786
baseline_train_40_percent,1587,106.867897,108.1787308132195,-1.310833813219503,1.310833813219503
baseline_train_40_percent,1588,110.0115356,110.69517738787701,-0.6836417878770078,0.6836417878770078
baseline_train_40_percent,1589,111.0824814,111.97695221922257,-0.8944708192225619,0.8944708192225619
baseline_train_40_percent,1590,110.2889938,110.54070818704261,-0.25171438704261107,0.25171438704261107
baseline_train_40_percent,1591,113.3297958,113.88469082480411,-0.5548950248041109,0.5548950248041109
baseline_train_40_percent,1592,114.4493866,115.40432125164625,-0.9549346516462549,0.9549346516462549
baseline_train_40_percent,1593,116.9492493,117.82660660048933,-0.8773573004893223,0.8773573004893223
baseline_train_40_percent,1594,114.8786163,115.41252275436452,-0.5339064543645122,0.5339064543645122
baseline_train_40_percent,1595,113.5654297,114.52006047843041,-0.9546307784304133,0.9546307784304133
baseline_train_40_percent,1596,113.7127609,114.52995422240136,-0.8171933224013515,0.8171933224013515
baseline_train_40_percent,1597,103.8675003,103.97653969291586,-0.10903939291586084,0.10903939291586084
baseline_train_40_percent,1598,115.694313,115.35188901513668,0.3424239848633164,0.3424239848633164
baseline_train_40_percent,1599,110.7619095,111.10624743808651,-0.34433793808651103,0.34433793808651103
baseline_train_40_percent,1600,112.2144318,113.23085369886361,-1.0164218988636122,1.0164218988636122
baseline_train_40_percent,1601,115.1248779,115.17105955852782,-0.04618165852781431,0.04618165852781431
baseline_train_40_percent,1602,116.2996063,117.79981030803734,-1.5002040080373433,1.5002040080373433
baseline_train_40_percent,1603,115.859436,116.37263703668091,-0.5132010366809112,0.5132010366809112
baseline_train_40_percent,1604,114.5480423,115.30156202327795,-0.7535197232779467,0.7535197232779467
baseline_train_40_percent,1605,115.3526077,115.64521699934102,-0.29260929934102364,0.29260929934102364
baseline_train_40_percent,1606,116.6081314,117.0384640966631,-0.4303326966631005,0.4303326966631005
baseline_train_40_percent,1607,117.9774628,118.76880435121124,-0.7913415512112465,0.7913415512112465
baseline_train_40_percent,1608,119.9474564,121.11586446509992,-1.168408065099925,1.168408065099925
baseline_train_40_percent,1609,120.8297348,121.23729295905707,-0.40755815905707493,0.40755815905707493
baseline_train_40_percent,1610,117.0438766,117.1752162466574,-0.13133964665739484,0.13133964665739484
baseline_train_40_percent,1611,114.5430298,114.57207848509151,-0.02904868509151015,0.02904868509151015
baseline_train_40_percent,1612,114.1374741,114.04315947826855,0.09431462173145633,0.09431462173145633
baseline_train_40_percent,1613,113.5589523,114.19075442188395,-0.6318021218839505,0.6318021218839505
baseline_train_40_percent,1614,116.6556091,116.68395100201519,-0.028341902015185383,0.028341902015185383
baseline_train_40_percent,1615,117.5262375,117.75149278039645,-0.22525528039645337,0.22525528039645337
baseline_train_40_percent,1616,119.9212418,120.46376277854971,-0.5425209785497032,0.5425209785497032
baseline_train_40_percent,1617,119.9161148,120.57707821094009,-0.6609634109400844,0.6609634109400844
baseline_train_40_percent,1618,116.0270615,115.66486960196639,0.36219189803361473,0.36219189803361473
baseline_train_40_percent,1619,114.3307266,114.81293207666548,-0.4822054766654702,0.4822054766654702
baseline_train_40_percent,1620,114.137764,114.8931943797784,-0.7554303797783888,0.7554303797783888
baseline_train_40_percent,1621,112.745697,113.58806931389215,-0.8423723138921417,0.8423723138921417
baseline_train_40_percent,1622,115.9752731,115.87598732337528,0.09928577662471127,0.09928577662471127
baseline_train_40_percent,1623,117.813591,118.47565938405009,-0.6620683840500874,0.6620683840500874
baseline_train_40_percent,1624,117.93396,119.03686658961553,-1.1029065896155288,1.1029065896155288
baseline_train_40_percent,1625,117.863884,118.72181274079712,-0.8579287407971208,0.8579287407971208
baseline_train_40_percent,1626,114.2773209,114.61409096472482,-0.3367700647248171,0.3367700647248171
baseline_train_40_percent,1627,114.012085,112.13487581108913,1.877209188910868,1.877209188910868
baseline_train_40_percent,1628,111.4598007,111.19224243208158,0.2675582679184174,0.2675582679184174
baseline_train_40_percent,1629,108.8296356,110.54477927154657,-1.7151436715465707,1.7151436715465707
baseline_train_40_percent,1630,112.5113297,112.67667043745823,-0.16534073745822297,0.16534073745822297
baseline_train_40_percent,1631,114.0836639,113.57430820233057,0.5093556976694344,0.5093556976694344
baseline_train_40_percent,1632,112.8144531,113.08743771589077,-0.2729846158907776,0.2729846158907776
baseline_train_40_percent,1633,116.5543137,117.24179352532992,-0.6874798253299303,0.6874798253299303
baseline_train_40_percent,1634,117.171051,118.14744896019937,-0.976397960199364,0.976397960199364
baseline_train_40_percent,1635,116.9314728,117.31969589160606,-0.38822309160606494,0.38822309160606494
baseline_train_40_percent,1636,114.3552246,114.78800514945634,-0.43278054945633926,0.43278054945633926
baseline_train_40_percent,1637,114.9601746,114.56684531695817,0.3933292830418367,0.3933292830418367
baseline_train_40_percent,1638,114.7005234,115.09722860960805,-0.3967052096080579,0.3967052096080579
baseline_train_40_percent,1639,117.5010071,118.49508450607372,-0.9940774060737283,0.9940774060737283
baseline_train_40_percent,1640,117.819252,118.48491478482308,-0.6656627848230698,0.6656627848230698
baseline_train_40_percent,1641,118.8029633,119.04041969670891,-0.2374563967089074,0.2374563967089074
baseline_train_40_percent,1642,114.6252975,114.43929498111574,0.18600251888426556,0.18600251888426556
baseline_train_40_percent,1643,113.7832565,113.64931857176676,0.13393792823323736,0.13393792823323736
baseline_train_40_percent,1644,113.743866,113.59986581749295,0.1440001825070425,0.1440001825070425
baseline_train_40_percent,1645,114.3287125,114.02466800586508,0.30404449413491363,0.30404449413491363
baseline_train_40_percent,1646,116.19487,116.3142329424817,-0.11936294248170043,0.11936294248170043
baseline_train_40_percent,1647,107.9612808,108.90925596071227,-0.9479751607122751,0.9479751607122751
baseline_train_40_percent,1648,108.5899353,108.85005417180017,-0.2601188718001737,0.2601188718001737
baseline_train_40_percent,1649,103.9928284,104.64708637157533,-0.6542579715753334,0.6542579715753334
baseline_train_40_percent,1650,112.6370926,112.14653161909156,0.490560980908441,0.490560980908441
baseline_train_40_percent,1651,113.2964554,113.24455646694747,0.05189893305252724,0.05189893305252724
baseline_train_40_percent,1652,112.2735138,111.16716377433937,1.1063500256606318,1.1063500256606318
baseline_train_40_percent,1653,109.7695313,110.90021550761838,-1.130684207618387,1.130684207618387
baseline_train_40_percent,1654,108.3503952,108.75732600632143,-0.40693080632144074,0.40693080632144074
baseline_train_40_percent,1655,107.6934204,108.39029589282994,-0.6968754928299461,0.6968754928299461
baseline_train_40_percent,1656,111.283783,111.1927057456411,0.09107725435889336,0.09107725435889336
baseline_train_40_percent,1657,115.665657,115.55066310129968,0.11499389870031962,0.11499389870031962
baseline_train_40_percent,1658,115.2092896,115.70263380199546,-0.4933442019954555,0.4933442019954555
baseline_train_40_percent,1659,113.1095734,113.3896273548718,-0.2800539548718035,0.2800539548718035
baseline_train_40_percent,1660,113.9749451,113.91362932238395,0.0613157776160449,0.0613157776160449
baseline_train_40_percent,1661,118.9992294,117.96750206380104,1.0317273361989692,1.0317273361989692
baseline_train_40_percent,1662,115.6942291,115.89935698890939,-0.20512788890938793,0.20512788890938793
baseline_train_40_percent,1663,114.7766647,114.64466636460818,0.13199833539181327,0.13199833539181327
baseline_train_40_percent,1664,113.7070618,114.69470136582878,-0.987639565828772,0.987639565828772
baseline_train_40_percent,1665,110.2455673,110.217821985823,0.027745314177010982,0.027745314177010982
baseline_train_40_percent,1666,117.9893951,117.3263003015204,0.663094798479591,0.663094798479591
baseline_train_40_percent,1667,105.7831497,105.94546750977548,-0.16231780977548738,0.16231780977548738
baseline_train_40_percent,1668,105.6350861,105.41013405817003,0.2249520418299653,0.2249520418299653
baseline_train_40_percent,1669,111.8071594,111.28937188447667,0.517787515523338,0.517787515523338
baseline_train_40_percent,1670,113.7946014,114.58597721598753,-0.7913758159875215,0.7913758159875215
baseline_train_40_percent,1671,113.9200745,114.31186988036116,-0.3917953803611596,0.3917953803611596
baseline_train_40_percent,1672,116.2178421,115.77165062447185,0.44619147552815264,0.44619147552815264
baseline_train_40_percent,1673,115.9525299,115.5809772571126,0.3715526428874085,0.3715526428874085
baseline_train_40_percent,1674,118.427742,119.15894075635573,-0.731198756355738,0.731198756355738
baseline_train_40_percent,1675,113.8860626,114.25404573368922,-0.3679831336892221,0.3679831336892221
baseline_train_40_percent,1676,115.0126801,115.86217284478305,-0.8494927447830491,0.8494927447830491
baseline_train_40_percent,1677,116.6008987,116.4763520933728,0.12454660662720585,0.12454660662720585
baseline_train_40_percent,1678,116.2827072,116.59672979020135,-0.31402259020134693,0.31402259020134693
baseline_train_40_percent,1679,118.7004318,119.07251970163355,-0.37208790163354877,0.37208790163354877
baseline_train_40_percent,1680,119.84758,119.64961171869031,0.19796828130968436,0.19796828130968436
baseline_train_40_percent,1681,99.97148895,103.20470693414794,-3.2332179841479416,3.2332179841479416
baseline_train_40_percent,1682,100.889946,104.53626879289105,-3.6463227928910555,3.6463227928910555
baseline_train_40_percent,1683,109.6404419,109.75061082104021,-0.11016892104021281,0.11016892104021281
baseline_train_40_percent,1684,106.1243896,106.80009922376662,-0.6757096237666218,0.6757096237666218
baseline_train_40_percent,1685,107.1666718,107.5852170841271,-0.4185452841270916,0.4185452841270916
baseline_train_40_percent,1686,106.2911453,106.90325805754314,-0.6121127575431444,0.6121127575431444
baseline_train_40_percent,1687,117.0456696,117.00931754292672,0.03635205707327316,0.03635205707327316
baseline_train_40_percent,1688,111.5625,112.38395607112469,-0.8214560711246861,0.8214560711246861
baseline_train_40_percent,1689,104.4909821,106.9314730943127,-2.4404909943126967,2.4404909943126967
baseline_train_40_percent,1690,106.382843,107.44752389987374,-1.0646808998737498,1.0646808998737498
baseline_train_40_percent,1691,114.4582977,114.04695444955412,0.4113432504458814,0.4113432504458814
baseline_train_40_percent,1692,114.5495148,115.28364760193253,-0.7341328019325317,0.7341328019325317
baseline_train_40_percent,1693,114.6687317,115.10012898156437,-0.4313972815643723,0.4313972815643723
baseline_train_40_percent,1694,116.7485428,116.82281694843445,-0.0742741484344549,0.0742741484344549
baseline_train_40_percent,1695,113.3866653,114.18061734995877,-0.7939520499587616,0.7939520499587616
baseline_train_40_percent,1696,115.9230118,116.31399870112101,-0.39098690112101053,0.39098690112101053
baseline_train_40_percent,1697,117.3573227,117.9721659928197,-0.6148432928196996,0.6148432928196996
baseline_train_40_percent,1698,116.3555527,116.64192562175934,-0.2863729217593374,0.2863729217593374
baseline_train_40_percent,1699,115.1958847,115.83037873935325,-0.6344940393532568,0.6344940393532568
baseline_train_40_percent,1700,120.2118454,120.86913233932461,-0.6572869393246066,0.6572869393246066
baseline_train_40_percent,1701,119.5528641,120.70614114198239,-1.153277041982392,1.153277041982392
baseline_train_40_percent,1702,104.7686386,106.81611484279564,-2.0474762427956392,2.0474762427956392
baseline_train_40_percent,1703,102.077507,104.47158263525836,-2.3940756352583605,2.3940756352583605
baseline_train_40_percent,1704,117.6353836,117.66311283784019,-0.02772923784019099,0.02772923784019099
baseline_train_40_percent,1705,113.382431,113.65570086027193,-0.2732698602719381,0.2732698602719381
baseline_train_40_percent,1706,113.8671417,114.34908007685516,-0.4819383768551546,0.4819383768551546
baseline_train_40_percent,1707,114.5612793,115.52858645322165,-0.967307153221654,0.967307153221654
baseline_train_40_percent,1708,117.0601883,117.73164143154116,-0.6714531315411705,0.6714531315411705
baseline_train_40_percent,1709,100.8761597,103.09220720715246,-2.216047507152453,2.216047507152453
baseline_train_40_percent,1710,102.2280502,104.14263321377298,-1.9145830137729831,1.9145830137729831
baseline_train_40_percent,1711,102.7297516,103.31094331421926,-0.5811917142192584,0.5811917142192584
baseline_train_40_percent,1712,100.7033234,100.88874743609531,-0.18542403609531277,0.18542403609531277
baseline_train_40_percent,1713,102.6039124,101.74756965478343,0.8563427452165655,0.8563427452165655
baseline_train_40_percent,1714,101.0322952,101.85114508036669,-0.8188498803666988,0.8188498803666988
baseline_train_40_percent,1715,100.7868958,100.89869987158994,-0.11180407158994399,0.11180407158994399
baseline_train_40_percent,1716,105.6644821,106.48098923372078,-0.8165071337207763,0.8165071337207763
baseline_train_40_percent,1717,100.8265686,101.86072041845286,-1.0341518184528553,1.0341518184528553
baseline_train_40_percent,1718,99.56552887,101.55937745960553,-1.993848589605534,1.993848589605534
baseline_train_40_percent,1719,107.9913559,108.23620312862978,-0.24484722862978003,0.24484722862978003
baseline_train_40_percent,1720,105.9171524,105.96934803834482,-0.05219563834481278,0.05219563834481278
baseline_train_40_percent,1721,114.6884766,114.91674122731106,-0.2282646273110629,0.2282646273110629
baseline_train_40_percent,1722,112.4770355,113.65565122077936,-1.1786157207793622,1.1786157207793622
baseline_train_40_percent,1723,113.4493637,113.37985184404083,0.06951185595917764,0.06951185595917764
baseline_train_40_percent,1724,113.8007813,113.60980763062122,0.1909736693787778,0.1909736693787778
baseline_train_40_percent,1725,114.3930664,114.89157981472644,-0.49851341472644606,0.49851341472644606
baseline_train_40_percent,1726,112.1407623,112.4606321831712,-0.3198698831711937,0.3198698831711937
baseline_train_40_percent,1727,115.6778259,116.2380882063044,-0.560262306304395,0.560262306304395
baseline_train_40_percent,1728,117.1416016,117.73308160671625,-0.5914800067162531,0.5914800067162531
baseline_train_40_percent,1729,110.7236328,111.27360458438015,-0.5499717843801477,0.5499717843801477
baseline_train_40_percent,1730,111.9054871,112.09338634722987,-0.18789924722986484,0.18789924722986484
baseline_train_40_percent,1731,115.3268127,115.32374764425823,0.0030650557417715163,0.0030650557417715163
baseline_train_40_percent,1732,101.6641312,101.65702541576405,0.007105784235946544,0.007105784235946544
baseline_train_40_percent,1733,100.5270844,100.4008635462269,0.12622085377310555,0.12622085377310555
baseline_train_40_percent,1734,103.9768372,103.37853254325776,0.5983046567422434,0.5983046567422434
baseline_train_40_percent,1735,111.332489,113.18274639502721,-1.8502573950272136,1.8502573950272136
baseline_train_40_percent,1736,108.2477951,109.42952914484925,-1.1817340448492502,1.1817340448492502
baseline_train_40_percent,1737,108.8056717,109.82586069640985,-1.0201889964098427,1.0201889964098427
baseline_train_40_percent,1738,108.6721954,108.52906176536929,0.14313363463071482,0.14313363463071482
baseline_train_40_percent,1739,113.8778305,113.44285487189403,0.434975628105974,0.434975628105974
baseline_train_40_percent,1740,101.1091995,101.0844187437741,0.024780756225908362,0.024780756225908362
baseline_train_40_percent,1741,99.62755585,100.25904628016313,-0.6314904301631401,0.6314904301631401
baseline_train_40_percent,1742,102.5332642,101.17819367854005,1.3550705214599503,1.3550705214599503
baseline_train_40_percent,1743,107.6989899,106.71345678815136,0.985533111848639,0.985533111848639
baseline_train_40_percent,1744,108.6412582,108.03698871254977,0.6042694874502246,0.6042694874502246
baseline_train_40_percent,1745,107.3319473,109.12258152988483,-1.7906342298848301,1.7906342298848301
baseline_train_40_percent,1746,117.1256638,116.95950973808853,0.1661540619114703,0.1661540619114703
baseline_train_40_percent,1747,116.071312,115.74450426649135,0.32680773350865877,0.32680773350865877
baseline_train_40_percent,1748,107.1594467,106.97401900982035,0.185427690179651,0.185427690179651
baseline_train_40_percent,1749,110.2650146,110.64145962249235,-0.3764450224923479,0.3764450224923479
baseline_train_40_percent,1750,113.8405685,113.4216628355607,0.41890566443930766,0.41890566443930766
baseline_train_40_percent,1751,113.0968704,113.33164191579864,-0.23477151579864142,0.23477151579864142
baseline_train_40_percent,1752,113.6977081,114.05208727872896,-0.3543791787289621,0.3543791787289621
baseline_train_40_percent,1753,113.0965958,112.97681268510317,0.11978311489683335,0.11978311489683335
baseline_train_40_percent,1754,107.3634949,107.3935561981829,-0.030061298182900487,0.030061298182900487
baseline_train_40_percent,1755,107.1751633,107.32952818829581,-0.15436488829581663,0.15436488829581663
baseline_train_40_percent,1756,107.9344101,108.03281857176019,-0.09840847176019452,0.09840847176019452
baseline_train_40_percent,1757,108.431572,108.2064815896997,0.22509041030029664,0.22509041030029664
baseline_train_40_percent,1758,113.8503647,114.13412938268269,-0.28376468268268695,0.28376468268268695
baseline_train_40_percent,1759,111.8622971,112.57359879681792,-0.7113016968179124,0.7113016968179124
baseline_train_40_percent,1760,115.8953705,115.80168715572901,0.09368334427098546,0.09368334427098546
baseline_train_40_percent,1761,115.7813492,115.59324149869211,0.18810770130788512,0.18810770130788512
baseline_train_40_percent,1762,108.9168091,108.77862981497401,0.1381792850259842,0.1381792850259842
baseline_train_40_percent,1763,109.100769,108.47458485394422,0.6261841460557775,0.6261841460557775
baseline_train_40_percent,1764,108.443634,110.00042487394445,-1.5567908739444505,1.5567908739444505
baseline_train_40_percent,1765,113.8977966,113.05471447870917,0.8430821212908342,0.8430821212908342
baseline_train_40_percent,1766,114.3759537,114.66727991647457,-0.29132621647457313,0.29132621647457313
baseline_train_40_percent,1767,114.2410202,115.19324022315482,-0.9522200231548226,0.9522200231548226
baseline_train_40_percent,1768,117.0657272,117.7829765171503,-0.7172493171503049,0.7172493171503049
baseline_train_40_percent,1769,115.7464066,116.06917268031209,-0.32276608031209264,0.32276608031209264
baseline_train_40_percent,1770,103.6280365,105.6960582839824,-2.0680217839824024,2.0680217839824024
baseline_train_40_percent,1771,108.8084564,109.00450037382859,-0.19604397382859418,0.19604397382859418
baseline_train_40_percent,1772,110.8923035,110.82097801273001,0.07132548726998778,0.07132548726998778
baseline_train_40_percent,1773,112.5103302,112.42617334727855,0.08415685272144913,0.08415685272144913
baseline_train_40_percent,1774,111.7434082,111.3448295545848,0.39857864541519916,0.39857864541519916
baseline_train_40_percent,1775,109.5858231,109.44181152724504,0.14401157275496246,0.14401157275496246
baseline_train_40_percent,1776,109.1435852,108.64586451755267,0.497720682447337,0.497720682447337
baseline_train_40_percent,1777,110.9025269,110.85512315683332,0.04740374316668294,0.04740374316668294
baseline_train_40_percent,1778,110.5811768,111.13170562277024,-0.5505288227702465,0.5505288227702465
baseline_train_40_percent,1779,113.9077606,114.19081317206319,-0.283052572063184,0.283052572063184
baseline_train_40_percent,1780,114.909668,115.74819866240492,-0.8385306624049207,0.8385306624049207
baseline_train_40_percent,1781,115.0546036,114.81362855886933,0.24097504113066748,0.24097504113066748
baseline_train_40_percent,1782,110.8140411,110.80426524429078,0.009775855709222014,0.009775855709222014
baseline_train_40_percent,1783,108.737381,108.62374109301365,0.11363990698635007,0.11363990698635007
baseline_train_40_percent,1784,109.9181595,110.20603683606201,-0.28787733606201016,0.28787733606201016
baseline_train_40_percent,1785,110.925705,111.43793453015033,-0.5122295301503357,0.5122295301503357
baseline_train_40_percent,1786,115.1236725,115.24990458612376,-0.12623208612376402,0.12623208612376402
baseline_train_40_percent,1787,102.357048,105.42159927745439,-3.0645512774543846,3.0645512774543846
baseline_train_40_percent,1788,116.0399857,116.0973251921773,-0.05733949217729162,0.05733949217729162
baseline_train_40_percent,1789,112.9619217,112.85083473416425,0.11108696583575295,0.11108696583575295
baseline_train_40_percent,1790,107.8215408,107.37067720732138,0.45086359267861553,0.45086359267861553
baseline_train_40_percent,1791,105.9769669,105.61955931862072,0.3574075813792774,0.3574075813792774
baseline_train_40_percent,1792,108.9953613,107.97916155248012,1.0161997475198774,1.0161997475198774
baseline_train_40_percent,1793,111.0037308,111.26925763331855,-0.2655268333185461,0.2655268333185461
baseline_train_40_percent,1794,116.6887054,116.01107643011,0.6776289698900086,0.6776289698900086
baseline_train_40_percent,1795,118.420845,118.49672614025198,-0.07588114025197967,0.07588114025197967
baseline_train_40_percent,1796,114.7412796,113.19991095400147,1.5413686459985314,1.5413686459985314
baseline_train_40_percent,1797,108.8594894,108.58465009399458,0.2748393060054184,0.2748393060054184
baseline_train_40_percent,1798,108.0162354,107.49736257691517,0.5188728230848341,0.5188728230848341
baseline_train_40_percent,1799,106.9776611,107.46806282647904,-0.49040172647903546,0.49040172647903546
baseline_train_40_percent,1800,111.5957031,111.35985781392372,0.23584528607626964,0.23584528607626964
baseline_train_40_percent,1801,114.4501114,114.65124897200015,-0.2011375720001496,0.2011375720001496
baseline_train_40_percent,1802,107.7384796,108.28484815411096,-0.5463685541109555,0.5463685541109555
baseline_train_40_percent,1803,112.5156021,112.27975653295967,0.23584556704032877,0.23584556704032877
baseline_train_40_percent,1804,108.9348297,108.47054321760481,0.4642864823951811,0.4642864823951811
baseline_train_40_percent,1805,107.0858612,106.6934942900911,0.3923669099089011,0.3923669099089011
baseline_train_40_percent,1806,109.891449,110.36193045695482,-0.470481456954829,0.470481456954829
baseline_train_40_percent,1807,112.4366074,112.85788226619329,-0.42127486619328636,0.42127486619328636
baseline_train_40_percent,1808,115.3159027,115.56102095141829,-0.24511825141829036,0.24511825141829036
baseline_train_40_percent,1809,116.0037766,115.74846124938215,0.25531535061784894,0.25531535061784894
baseline_train_40_percent,1810,117.5587463,117.27306404787049,0.2856822521295044,0.2856822521295044
baseline_train_40_percent,1811,113.5403214,113.40626582797978,0.13405557202021612,0.13405557202021612
baseline_train_40_percent,1812,108.6503677,108.1711145233907,0.4792531766093049,0.4792531766093049
baseline_train_40_percent,1813,106.3603821,106.34980365977353,0.010578440226467478,0.010578440226467478
baseline_train_40_percent,1814,109.1676865,111.04363438070476,-1.8759478807047572,1.8759478807047572
baseline_train_40_percent,1815,109.5914764,108.70060712053875,0.8908692794612563,0.8908692794612563
baseline_train_40_percent,1816,113.7085953,113.69492064933145,0.013674650668548338,0.013674650668548338
baseline_train_40_percent,1817,113.8427887,114.17760837213274,-0.33481967213273833,0.33481967213273833
baseline_train_40_percent,1818,111.0525055,111.40157503640722,-0.34906953640722804,0.34906953640722804
baseline_train_40_percent,1819,118.4353943,117.63685697018569,0.7985373298143088,0.7985373298143088
baseline_train_40_percent,1820,109.7585526,109.88498639726836,-0.126433797268362,0.126433797268362
baseline_train_40_percent,1821,108.2339706,108.0803990067677,0.15357159323230007,0.15357159323230007
baseline_train_40_percent,1822,109.8136444,110.43099363473962,-0.6173492347396206,0.6173492347396206
baseline_train_40_percent,1823,112.6200943,112.68651888989329,-0.06642458989328759,0.06642458989328759
baseline_train_40_percent,1824,114.7167358,115.53179950800524,-0.8150637080052405,0.8150637080052405
baseline_train_40_percent,1825,103.525116,106.96592927571105,-3.440813275711051,3.440813275711051
baseline_train_40_percent,1826,115.4215546,115.66474088898723,-0.24318628898723205,0.24318628898723205
baseline_train_40_percent,1827,113.1374588,113.07903087054149,0.05842792945851727,0.05842792945851727
baseline_train_40_percent,1828,107.1748352,107.13885549069082,0.03597970930918848,0.03597970930918848
baseline_train_40_percent,1829,106.5904007,107.28702478268758,-0.6966240826875776,0.6966240826875776
baseline_train_40_percent,1830,108.0686417,108.34839579682065,-0.27975409682065333,0.27975409682065333
baseline_train_40_percent,1831,110.7703094,110.51402579893893,0.25628360106107095,0.25628360106107095
baseline_train_40_percent,1832,110.414238,110.09626025577599,0.3179777442240095,0.3179777442240095
baseline_train_40_percent,1833,110.6025848,110.82726325778236,-0.2246784577823604,0.2246784577823604
baseline_train_40_percent,1834,109.4439545,109.12634500988301,0.31760949011699324,0.31760949011699324
baseline_train_40_percent,1835,105.8605957,106.00479951758507,-0.1442038175850655,0.1442038175850655
baseline_train_40_percent,1836,108.550972,108.1660829635103,0.38488903648969597,0.38488903648969597
baseline_train_40_percent,1837,106.3439865,106.92443930675209,-0.580452806752092,0.580452806752092
baseline_train_40_percent,1838,111.9465942,111.96796351630317,-0.021369316303164965,0.021369316303164965
baseline_train_40_percent,1839,113.6317749,113.95660277560582,-0.3248278756058198,0.3248278756058198
baseline_train_40_percent,1840,114.1960754,114.21787464457815,-0.021799244578147636,0.021799244578147636
baseline_train_40_percent,1841,112.821434,112.81866974685596,0.0027642531440363882,0.0027642531440363882
baseline_train_40_percent,1842,107.2966995,108.18774418805188,-0.8910446880518776,0.8910446880518776
baseline_train_40_percent,1843,105.8053055,106.42888706983801,-0.6235815698380094,0.6235815698380094
baseline_train_40_percent,1844,110.6443481,110.11429939578322,0.5300487042167816,0.5300487042167816
baseline_train_40_percent,1845,111.0556717,111.52227060347023,-0.4665989034702278,0.4665989034702278
baseline_train_40_percent,1846,110.466011,110.77939800468504,-0.31338700468504044,0.31338700468504044
baseline_train_40_percent,1847,112.6515732,112.96072521098222,-0.309152010982217,0.309152010982217
baseline_train_40_percent,1848,109.8237228,108.4830538939839,1.3406689060161057,1.3406689060161057
baseline_train_40_percent,1849,101.7480621,104.24194723231449,-2.493885132314489,2.493885132314489
baseline_train_40_percent,1850,110.3149185,109.74420635723598,0.5707121427640232,0.5707121427640232
baseline_train_40_percent,1851,107.3897705,108.14410247523952,-0.7543319752395234,0.7543319752395234
baseline_train_40_percent,1852,111.9760132,112.3794202745479,-0.4034070745478999,0.4034070745478999
baseline_train_40_percent,1853,111.4386597,112.52715546864691,-1.088495768646908,1.088495768646908
baseline_train_40_percent,1854,112.9247208,112.605675427487,0.3190453725130027,0.3190453725130027
baseline_train_40_percent,1855,113.9596329,114.16593820933778,-0.2063053093377789,0.2063053093377789
baseline_train_40_percent,1856,113.5137863,113.71142493619938,-0.19763863619937183,0.19763863619937183
baseline_train_40_percent,1857,113.9701233,114.06922297919175,-0.09909967919175244,0.09909967919175244
baseline_train_40_percent,1858,110.5328598,109.57468272891283,0.9581770710871638,0.9581770710871638
baseline_train_40_percent,1859,106.098114,106.44660702358657,-0.3484930235865704,0.3484930235865704
baseline_train_40_percent,1860,107.1251755,107.65721881083871,-0.5320433108387164,0.5320433108387164
baseline_train_40_percent,1861,113.2815781,113.49780288998205,-0.21622478998204997,0.21622478998204997
baseline_train_40_percent,1862,111.8663101,111.67135964436805,0.1949504556319539,0.1949504556319539
baseline_train_40_percent,1863,115.2449417,114.74929860791943,0.4956430920805701,0.4956430920805701
baseline_train_40_percent,1864,113.2010727,112.58001022518096,0.6210624748190412,0.6210624748190412
baseline_train_40_percent,1865,109.8078613,109.52971364822184,0.2781476517781556,0.2781476517781556
baseline_train_40_percent,1866,106.5058289,106.11063400379746,0.3951948962025398,0.3951948962025398
baseline_train_40_percent,1867,109.9440002,109.39662501448188,0.5473751855181206,0.5473751855181206
baseline_train_40_percent,1868,112.4487686,112.19550005325634,0.25326854674365507,0.25326854674365507
baseline_train_40_percent,1869,114.354744,113.96951755374626,0.38522644625373914,0.38522644625373914
baseline_train_40_percent,1870,113.2571259,113.07575566156723,0.1813702384327769,0.1813702384327769
baseline_train_40_percent,1871,109.8487091,110.0795966103614,-0.23088751036141275,0.23088751036141275
baseline_train_40_percent,1872,108.9641418,108.89413159846866,0.07001020153133197,0.07001020153133197
baseline_train_40_percent,1873,108.2490387,107.9756818548869,0.2733568451130992,0.2733568451130992
baseline_train_40_percent,1874,109.4057007,107.91909510510179,1.486605594898208,1.486605594898208
baseline_train_40_percent,1875,113.0421448,112.09109439860636,0.951050401393644,0.951050401393644
baseline_train_40_percent,1876,110.9925003,112.72523091588596,-1.7327306158859557,1.7327306158859557
baseline_train_40_percent,1877,117.4191895,116.89557757879761,0.523611921202388,0.523611921202388
baseline_train_40_percent,1878,115.5147705,115.69409883645142,-0.17932833645141955,0.17932833645141955
baseline_train_40_percent,1879,114.9029083,114.60752287896146,0.2953854210385458,0.2953854210385458
baseline_train_40_percent,1880,110.0328064,110.08393286209099,-0.051126462090991254,0.051126462090991254
baseline_train_40_percent,1881,107.8185883,108.29555966021528,-0.4769713602152734,0.4769713602152734
baseline_train_40_percent,1882,109.8377304,109.99857981208496,-0.16084941208495707,0.16084941208495707
baseline_train_40_percent,1883,113.0810928,113.46419240148703,-0.38309960148703226,0.38309960148703226
baseline_train_40_percent,1884,116.1803818,115.87069484674804,0.30968695325196904,0.30968695325196904
baseline_train_40_percent,1885,115.6768951,116.05682553875694,-0.37993043875694354,0.37993043875694354
baseline_train_40_percent,1886,114.4468689,113.94946151400063,0.4974073859993666,0.4974073859993666
baseline_train_40_percent,1887,116.755188,116.70883007004703,0.046357929952975496,0.046357929952975496
baseline_train_40_percent,1888,108.2259369,108.011124631368,0.214812268631988,0.214812268631988
baseline_train_40_percent,1889,108.8364334,107.87864880044332,0.9577845995566889,0.9577845995566889
baseline_train_40_percent,1890,110.0711441,110.27984873655127,-0.2087046365512748,0.2087046365512748
baseline_train_40_percent,1891,114.3660278,114.08181424800765,0.28421355199235165,0.28421355199235165
baseline_train_40_percent,1892,114.7136536,114.74163531939847,-0.027981719398468385,0.027981719398468385
baseline_train_40_percent,1893,110.9819717,111.24027115682088,-0.25829945682087896,0.25829945682087896
baseline_train_40_percent,1894,105.2886353,106.74673519091807,-1.4580998909180778,1.4580998909180778
baseline_train_40_percent,1895,119.2612305,119.12162537806698,0.1396051219330161,0.1396051219330161
baseline_train_40_percent,1896,117.9061966,117.954777938355,-0.048581338354992454,0.048581338354992454
baseline_train_40_percent,1897,119.5,118.18698054549469,1.3130194545053087,1.3130194545053087
baseline_train_40_percent,1898,114.2537613,113.39482716337662,0.8589341366233754,0.8589341366233754
baseline_train_40_percent,1899,115.9097977,115.54507704569328,0.36472065430672274,0.36472065430672274
baseline_train_40_percent,1900,116.143837,116.67244542758573,-0.5286084275857235,0.5286084275857235
baseline_train_40_percent,1901,120.642189,120.21384600309247,0.4283429969075314,0.4283429969075314
baseline_train_40_percent,1902,114.7907181,114.59313826419405,0.1975798358059535,0.1975798358059535
baseline_train_40_percent,1903,112.504982,112.07027870896053,0.4347032910394688,0.4347032910394688
baseline_train_40_percent,1904,119.3308411,118.37887567359395,0.9519654264060478,0.9519654264060478
baseline_train_40_percent,1905,111.0424347,112.75003953775607,-1.7076048377560653,1.7076048377560653
baseline_train_40_percent,1906,116.364151,116.16852295282827,0.19562804717173776,0.19562804717173776
baseline_train_40_percent,1907,118.7188644,118.99970359439571,-0.2808391943957105,0.2808391943957105
baseline_train_40_percent,1908,118.303772,119.03836164673214,-0.7345896467321467,0.7345896467321467
baseline_train_40_percent,1909,118.5296478,119.12135789870946,-0.5917100987094557,0.5917100987094557
baseline_train_40_percent,1910,115.6806183,116.01960267890438,-0.33898437890437094,0.33898437890437094
baseline_train_40_percent,1911,113.25103,112.81573387286154,0.4352961271384572,0.4352961271384572
baseline_train_40_percent,1912,110.524971,110.22360264180146,0.3013683581985305,0.3013683581985305
baseline_train_40_percent,1913,111.4002151,111.65483030864652,-0.254615208646527,0.254615208646527
baseline_train_40_percent,1914,115.6987686,115.59111068657424,0.10765791342575426,0.10765791342575426
baseline_train_40_percent,1915,116.3479996,116.15570953507074,0.19229006492925294,0.19229006492925294
baseline_train_40_percent,1916,120.3158951,119.83205875118497,0.4838363488150321,0.4838363488150321
baseline_train_40_percent,1917,120.0148392,120.39698030250099,-0.3821411025009951,0.3821411025009951
baseline_train_40_percent,1918,116.7442627,116.89230413497027,-0.14804143497028122,0.14804143497028122
baseline_train_40_percent,1919,111.5519562,112.18817273406779,-0.6362165340677848,0.6362165340677848
baseline_train_40_percent,1920,110.5297775,110.43832789219984,0.09144960780015765,0.09144960780015765
baseline_train_40_percent,1921,111.3701172,111.06055498628645,0.30956221371354786,0.30956221371354786
baseline_train_40_percent,1922,117.3279877,116.97991029758374,0.3480774024162514,0.3480774024162514
baseline_train_40_percent,1923,118.2087631,118.65996443358716,-0.4512013335871643,0.4512013335871643
baseline_train_40_percent,1924,121.0979538,121.38701332960377,-0.2890595296037759,0.2890595296037759
baseline_train_40_percent,1925,119.563179,119.24999484975069,0.3131841502493131,0.3131841502493131
baseline_train_40_percent,1926,117.9695053,117.38743234728389,0.5820729527161035,0.5820729527161035
baseline_train_40_percent,1927,109.8271713,110.26424399133478,-0.43707269133477666,0.43707269133477666
baseline_train_40_percent,1928,109.5473175,108.63745513205043,0.9098623679495716,0.9098623679495716
baseline_train_40_percent,1929,108.7695389,110.0071555793574,-1.2376166793574015,1.2376166793574015
baseline_train_40_percent,1930,116.2761612,116.14156352820739,0.13459767179261917,0.13459767179261917
baseline_train_40_percent,1931,116.6942291,119.04669430507556,-2.3524652050755606,2.3524652050755606
baseline_train_40_percent,1932,115.8351746,116.79006329651938,-0.9548886965193759,0.9548886965193759
baseline_train_40_percent,1933,119.7556915,119.4909916875948,0.2646998124051976,0.2646998124051976
baseline_train_40_percent,1934,113.252861,112.89265456648499,0.36020643351500325,0.36020643351500325
baseline_train_40_percent,1935,108.8318863,110.13848086981469,-1.306594569814692,1.306594569814692
baseline_train_40_percent,1936,112.1682663,112.1643635489074,0.0039027510925961906,0.0039027510925961906
baseline_train_40_percent,1937,114.8821335,114.25290409373956,0.6292294062604356,0.6292294062604356
baseline_train_40_percent,1938,114.1931534,114.09824189244532,0.09491150755468425,0.09491150755468425
baseline_train_40_percent,1939,116.454071,116.24711311523876,0.20695788476123766,0.20695788476123766
baseline_train_40_percent,1940,118.6243057,118.05543524517219,0.5688704548278025,0.5688704548278025
baseline_train_40_percent,1941,118.2850571,117.98806859632758,0.2969885036724236,0.2969885036724236
baseline_train_40_percent,1942,117.0498352,117.62601650421978,-0.576181304219773,0.576181304219773
baseline_train_40_percent,1943,117.8106689,118.27408923843684,-0.4634203384368476,0.4634203384368476
baseline_train_40_percent,1944,118.6465836,119.16917498754037,-0.5225913875403734,0.5225913875403734
baseline_train_40_percent,1945,118.3806686,118.73946555998839,-0.358796959988382,0.358796959988382
baseline_train_40_percent,1946,119.3579254,119.86383548394758,-0.5059100839475832,0.5059100839475832
baseline_train_40_percent,1947,116.4704208,116.66524462110694,-0.19482382110693663,0.19482382110693663
baseline_train_40_percent,1948,113.0526962,113.59097113458647,-0.5382749345864681,0.5382749345864681
baseline_train_40_percent,1949,115.1603699,114.57156918057443,0.5888007194255778,0.5888007194255778
baseline_train_40_percent,1950,105.1695938,107.85835082512287,-2.688757025122868,2.688757025122868
baseline_train_40_percent,1951,121.1922073,119.29188231333467,1.900324986665339,1.900324986665339
baseline_train_40_percent,1952,119.9678497,118.89549975122888,1.0723499487711194,1.0723499487711194
baseline_train_40_percent,1953,116.6318817,115.52837497832014,1.1035067216798495,1.1035067216798495
baseline_train_40_percent,1954,115.6900864,114.91324319203143,0.7768432079685681,0.7768432079685681
baseline_train_40_percent,1955,119.1324539,117.7463732748727,1.3860806251273061,1.3860806251273061
baseline_train_40_percent,1956,121.6212387,120.33422624114404,1.287012458855969,1.287012458855969
baseline_train_40_percent,1957,119.6708908,118.30264916081823,1.3682416391817611,1.3682416391817611
baseline_train_40_percent,1958,123.9272232,121.95220500928562,1.9750181907143798,1.9750181907143798
baseline_train_40_percent,1959,123.8342972,121.16057224116392,2.6737249588360754,2.6737249588360754
baseline_train_40_percent,1960,121.0926285,119.66772763416277,1.4249008658372304,1.4249008658372304
baseline_train_40_percent,1961,115.6501923,115.25984138589673,0.3903509141032657,0.3903509141032657
baseline_train_40_percent,1962,114.5056229,113.01614855024724,1.4894743497527685,1.4894743497527685
baseline_train_40_percent,1963,120.6647339,119.2823386792095,1.3823952207904995,1.3823952207904995
baseline_train_40_percent,1964,121.6580734,120.34920741301303,1.308865986986973,1.308865986986973
baseline_train_40_percent,1965,123.8720322,122.83020377247611,1.041828427523896,1.041828427523896
baseline_train_40_percent,1966,123.9629288,122.73112353489186,1.231805265108136,1.231805265108136
baseline_train_40_percent,1967,120.4762192,119.55598257585959,0.920236624140415,0.920236624140415
baseline_train_40_percent,1968,117.8117142,116.1712845446508,1.6404296553491946,1.6404296553491946
baseline_train_40_percent,1969,114.8917007,113.41064007462094,1.4810606253790581,1.4810606253790581
baseline_train_40_percent,1970,113.9781036,112.96417864498844,1.0139249550115608,1.0139249550115608
baseline_train_40_percent,1971,120.4213409,119.29520535132772,1.1261355486722806,1.1261355486722806
baseline_train_40_percent,1972,119.7569504,119.05313304876128,0.7038173512387118,0.7038173512387118
baseline_train_40_percent,1973,121.2674408,120.23832314481591,1.0291176551840948,1.0291176551840948
baseline_train_40_percent,1974,124.177002,121.45934921916722,2.717652780832779,2.717652780832779
baseline_train_40_percent,1975,122.1679688,119.44041895979689,2.7275498402031104,2.7275498402031104
baseline_train_40_percent,1976,116.3703613,115.14140918446849,1.2289521155315128,1.2289521155315128
baseline_train_40_percent,1977,113.6636124,114.79417154831113,-1.1305591483111215,1.1305591483111215
baseline_train_40_percent,1978,119.4000473,117.69331256423615,1.7067347357638454,1.7067347357638454
baseline_train_40_percent,1979,121.1081619,120.11625033737016,0.9919115626298378,0.9919115626298378
baseline_train_40_percent,1980,122.1647415,121.224282887066,0.9404586129340089,0.9404586129340089
baseline_train_40_percent,1981,121.5619659,119.99807154623738,1.5638943537626204,1.5638943537626204
baseline_train_40_percent,1982,122.026474,120.24503567144869,1.7814383285513031,1.7814383285513031
baseline_train_40_percent,1983,114.2251816,113.18259112944712,1.0425904705528808,1.0425904705528808
baseline_train_40_percent,1984,117.4802246,116.26762218112523,1.2126024188747664,1.2126024188747664
baseline_train_40_percent,1985,116.6331329,115.63446123825375,0.9986716617462577,0.9986716617462577
baseline_train_40_percent,1986,121.6789474,119.98708256018271,1.6918648398172849,1.6918648398172849
baseline_train_40_percent,1987,120.4166412,119.29024245974699,1.1263987402530091,1.1263987402530091
baseline_train_40_percent,1988,121.7886276,120.23274288008542,1.5558847199145731,1.5558847199145731
baseline_train_40_percent,1989,123.1900635,120.88613197905534,2.3039315209446585,2.3039315209446585
baseline_train_40_percent,1990,121.2644501,119.18157372767142,2.0828763723285846,2.0828763723285846
baseline_train_40_percent,1991,114.0795822,112.18153303519382,1.8980491648061815,1.8980491648061815
baseline_train_40_percent,1992,118.591507,117.52164490269362,1.0698620973063697,1.0698620973063697
baseline_train_40_percent,1993,121.6211243,119.46649873852584,2.1546255614741625,2.1546255614741625
baseline_train_40_percent,1994,121.0190659,119.1063573111321,1.9127085888679005,1.9127085888679005
baseline_train_40_percent,1995,121.5396118,119.66039751834889,1.879214281651116,1.879214281651116
baseline_train_40_percent,1996,122.3854675,120.15791543152893,2.22755206847107,2.22755206847107
baseline_train_40_percent,1997,115.7097549,114.21683273635779,1.4929221636422056,1.4929221636422056
baseline_train_40_percent,1998,113.4490128,112.21438015453641,1.2346326454635914,1.2346326454635914
baseline_train_40_percent,1999,113.3333282,112.80804279433518,0.5252854056648175,0.5252854056648175
baseline_train_40_percent,2000,117.5462112,115.57917727223078,1.9670339277692221,1.9670339277692221
baseline_train_40_percent,2001,115.3985138,113.84426873215965,1.5542450678403554,1.5542450678403554
baseline_train_40_percent,2002,114.3084183,112.71985492160377,1.5885633783962305,1.5885633783962305
baseline_train_40_percent,2003,114.7422562,112.72369672087576,2.018559479124235,2.018559479124235
baseline_train_40_percent,2004,114.8307037,112.9033590218508,1.927344678149197,1.927344678149197
baseline_train_40_percent,2005,115.1248932,113.28256596316372,1.842327236836283,1.842327236836283
baseline_train_40_percent,2006,113.5194016,113.63652382700909,-0.1171222270090908,0.1171222270090908
baseline_train_40_percent,2007,121.2346344,119.6549550268203,1.579679373179701,1.579679373179701
baseline_train_40_percent,2008,120.5689087,119.26949323729872,1.2994154627012762,1.2994154627012762
baseline_train_40_percent,2009,119.3401871,117.18269491077052,2.1574921892294725,2.1574921892294725
baseline_train_40_percent,2010,121.8949203,119.83423440779114,2.060685892208852,2.060685892208852
baseline_train_40_percent,2011,119.3328705,117.26300782122672,2.0698626787732763,2.0698626787732763
baseline_train_40_percent,2012,120.5568008,118.35400689572454,2.2027939042754667,2.2027939042754667
baseline_train_40_percent,2013,124.0690765,122.24851026619669,1.820566233803305,1.820566233803305
baseline_train_40_percent,2014,126.1589966,124.4304139634805,1.7285826365194907,1.7285826365194907
baseline_train_40_percent,2015,128.5534515,125.64762878073132,2.90582271926867,2.90582271926867
baseline_train_40_percent,2016,126.5247192,124.12654090713076,2.3981782928692468,2.3981782928692468
baseline_train_40_percent,2017,123.3556671,122.01281435857902,1.3428527414209839,1.3428527414209839
baseline_train_40_percent,2018,122.2888794,120.44935762068681,1.8395217793131877,1.8395217793131877
baseline_train_40_percent,2019,117.8837051,116.533990333658,1.3497147663420037,1.3497147663420037
baseline_train_40_percent,2020,121.6568909,119.89934243376571,1.757548466234283,1.757548466234283
baseline_train_40_percent,2021,124.6397171,123.05379575590831,1.5859213440916875,1.5859213440916875
baseline_train_40_percent,2022,126.46492,125.88535122143104,0.5795687785689694,0.5795687785689694
baseline_train_40_percent,2023,126.4813309,125.26665588498793,1.2146750150120766,1.2146750150120766
baseline_train_40_percent,2024,125.0785217,123.22695167011854,1.851570029881458,1.851570029881458
baseline_train_40_percent,2025,121.0641251,119.46667086169393,1.5974542383060708,1.5974542383060708
baseline_train_40_percent,2026,119.1370621,118.23227875597846,0.9047833440215385,0.9047833440215385
baseline_train_40_percent,2027,123.7231216,122.62344479390151,1.0996768060984863,1.0996768060984863
baseline_train_40_percent,2028,126.0575638,124.60772156020946,1.4498422397905415,1.4498422397905415
baseline_train_40_percent,2029,124.5950775,122.28059954138189,2.314477958618113,2.314477958618113
baseline_train_40_percent,2030,125.2255173,123.12428514971621,2.101232150283792,2.101232150283792
baseline_train_40_percent,2031,123.8070679,120.9716068577176,2.835461042282404,2.835461042282404
baseline_train_40_percent,2032,118.6603851,116.66332339769014,1.997061702309864,1.997061702309864
baseline_train_40_percent,2033,120.4310837,118.03929791203308,2.391785787966924,2.391785787966924
baseline_train_40_percent,2034,117.5800781,116.42629514776726,1.1537829522327314,1.1537829522327314
baseline_train_40_percent,2035,122.9454193,121.1129727366296,1.8324465633703966,1.8324465633703966
baseline_train_40_percent,2036,121.1971741,119.54459464880544,1.6525794511945548,1.6525794511945548
baseline_train_40_percent,2037,123.6081085,121.14272030020213,2.4653881997978715,2.4653881997978715
baseline_train_40_percent,2038,119.2564087,117.4559747243022,1.8004339756977998,1.8004339756977998
baseline_train_40_percent,2039,118.1698761,116.67923035592327,1.4906457440767298,1.4906457440767298
baseline_train_40_percent,2040,119.7352066,118.84623674692065,0.8889698530793453,0.8889698530793453
baseline_train_40_percent,2041,121.8894348,120.04319686328188,1.8462379367181256,1.8462379367181256
baseline_train_40_percent,2042,124.6693726,122.85622221481454,1.813150385185466,1.813150385185466
baseline_train_40_percent,2043,125.23246,123.26622738572709,1.9662326142729114,1.9662326142729114
baseline_train_40_percent,2044,124.3887329,121.78197079847729,2.6067621015227047,2.6067621015227047
baseline_train_40_percent,2045,123.6115265,120.61604121096484,2.995485289035159,2.995485289035159
baseline_train_40_percent,2046,115.5692291,113.8008546667724,1.7683744332276063,1.7683744332276063
baseline_train_40_percent,2047,114.5668182,113.53113113209118,1.0356870679088246,1.0356870679088246
baseline_train_40_percent,2048,118.0075607,116.75188485745467,1.2556758425453296,1.2556758425453296
baseline_train_40_percent,2049,121.8926544,120.08193390227244,1.8107204977275586,1.8107204977275586
baseline_train_40_percent,2050,119.6472702,119.51674938563035,0.13052081436964613,0.13052081436964613
baseline_train_40_percent,2051,119.8891907,118.61806762128872,1.271123078711284,1.271123078711284
baseline_train_40_percent,2052,120.8572083,119.35241946161271,1.5047888383872845,1.5047888383872845
baseline_train_40_percent,2053,121.1173859,119.21329251444462,1.9040933855553845,1.9040933855553845
baseline_train_40_percent,2054,114.3677063,113.46930895002566,0.8983973499743314,0.8983973499743314
baseline_train_40_percent,2055,115.0044785,113.31336274305829,1.6911157569417128,1.6911157569417128
baseline_train_40_percent,2056,114.7261734,113.25061034743025,1.4755630525697399,1.4755630525697399
baseline_train_40_percent,2057,116.7016449,114.62218617650875,2.079458723491257,2.079458723491257
baseline_train_40_percent,2058,119.8835754,118.35615641516443,1.5274189848355633,1.5274189848355633
baseline_train_40_percent,2059,118.5734024,116.85131758782676,1.7220848121732502,1.7220848121732502
baseline_train_40_percent,2060,121.1603622,119.25761847962904,1.9027437203709496,1.9027437203709496
baseline_train_40_percent,2061,120.8070831,118.20506837990652,2.6020147200934787,2.6020147200934787
baseline_train_40_percent,2062,117.6404343,116.13346815181261,1.506966148187388,1.506966148187388
baseline_train_40_percent,2063,121.2371445,119.80975575845417,1.4273887415458262,1.4273887415458262
baseline_train_40_percent,2064,123.3357925,121.92768767039202,1.4081048296079786,1.4081048296079786
baseline_train_40_percent,2065,125.7434921,123.64465117365113,2.0988409263488705,2.0988409263488705
baseline_train_40_percent,2066,126.4745178,125.53809761638234,0.9364201836176562,0.9364201836176562
baseline_train_40_percent,2067,125.954216,124.08765445670234,1.8665615432976637,1.8665615432976637
baseline_train_40_percent,2068,124.1072845,122.46334726148535,1.6439372385146527,1.6439372385146527
baseline_train_40_percent,2069,120.1601334,118.72494988212084,1.4351835178791674,1.4351835178791674
baseline_train_40_percent,2070,119.0754852,118.08932585747239,0.9861593425276141,0.9861593425276141
baseline_train_40_percent,2071,121.1654892,119.97566130656725,1.1898278934327493,1.1898278934327493
baseline_train_40_percent,2072,122.7214432,121.51387243634497,1.2075707636550277,1.2075707636550277
baseline_train_40_percent,2073,125.4685822,124.35828954206625,1.1102926579337549,1.1102926579337549
baseline_train_40_percent,2074,127.7629547,126.0833186379169,1.679636062083091,1.679636062083091
baseline_train_40_percent,2075,126.7726517,124.19110382878735,2.581547871212649,2.581547871212649
baseline_train_40_percent,2076,120.570488,119.7279566489531,0.842531351046901,0.842531351046901
baseline_train_40_percent,2077,117.0760117,115.55320872483418,1.522802975165817,1.522802975165817
baseline_train_40_percent,2078,123.3234482,122.15623794250828,1.1672102574917176,1.1672102574917176
baseline_train_40_percent,2079,124.5447845,123.19189339858339,1.352891101416617,1.352891101416617
baseline_train_40_percent,2080,124.1558304,123.50285084917095,0.6529795508290448,0.6529795508290448
baseline_train_40_percent,2081,126.9660492,125.49284929186715,1.4731999081328553,1.4731999081328553
baseline_train_40_percent,2082,127.4948044,125.58002275294774,1.9147816470522656,1.9147816470522656
baseline_train_40_percent,2083,120.5803375,118.71530168789258,1.865035812107422,1.865035812107422
baseline_train_40_percent,2084,118.2472687,116.94670821449573,1.3005604855042776,1.3005604855042776
baseline_train_40_percent,2085,119.223053,118.72370802384194,0.4993449761580564,0.4993449761580564
baseline_train_40_percent,2086,121.1306381,120.44229661700265,0.6883414829973447,0.6883414829973447
baseline_train_40_percent,2087,125.4184494,122.38155859446547,3.036890805534526,3.036890805534526
baseline_train_40_percent,2088,125.7205276,124.51101784641698,1.2095097535830206,1.2095097535830206
baseline_train_40_percent,2089,126.4000778,124.22758835082183,2.1724894491781725,2.1724894491781725
baseline_train_40_percent,2090,126.1155396,123.55684468850046,2.5586949114995434,2.5586949114995434
baseline_train_40_percent,2091,117.8777161,116.52117051728749,1.3565455827125135,1.3565455827125135
baseline_train_40_percent,2092,118.0363464,116.30633111754958,1.7300152824504238,1.7300152824504238
baseline_train_40_percent,2093,120.1091461,118.99697131160201,1.1121747883979936,1.1121747883979936
baseline_train_40_percent,2094,124.235054,122.80306303988776,1.4319909601122447,1.4319909601122447
baseline_train_40_percent,2095,125.3336563,124.28157192264088,1.0520843773591224,1.0520843773591224
baseline_train_40_percent,2096,127.3862152,125.097795836178,2.288419363822001,2.288419363822001
baseline_train_40_percent,2097,126.0324249,123.86588008326828,2.166544816731715,2.166544816731715
baseline_train_40_percent,2098,120.8986053,119.15842318639424,1.740182113605755,1.740182113605755
baseline_train_40_percent,2099,118.7219009,117.25760904062777,1.4642918593722243,1.4642918593722243
baseline_train_40_percent,2100,114.820549,113.76163930234557,1.0589096976544283,1.0589096976544283
baseline_train_40_percent,2101,117.4335098,116.84296601329389,0.5905437867061067,0.5905437867061067
baseline_train_40_percent,2102,120.0747604,118.89457639426821,1.180184005731789,1.180184005731789
baseline_train_40_percent,2103,123.5969696,121.82538146073618,1.7715881392638124,1.7715881392638124
baseline_train_40_percent,2104,124.0023117,122.36722518309242,1.6350865169075917,1.6350865169075917
baseline_train_40_percent,2105,120.7270737,119.2419002426397,1.485173457360304,1.485173457360304
baseline_train_40_percent,2106,116.2585526,114.80890819304751,1.449644406952487,1.449644406952487
baseline_train_40_percent,2107,114.3144226,113.25516438611544,1.0592582138845614,1.0592582138845614
baseline_train_40_percent,2108,119.1957474,118.26973088266706,0.9260165173329398,0.9260165173329398
baseline_train_40_percent,2109,119.978096,119.03104525631903,0.9470507436809612,0.9470507436809612
baseline_train_40_percent,2110,117.8128128,116.56215429238121,1.2506585076187946,1.2506585076187946
baseline_train_40_percent,2111,119.9676971,118.70346071521516,1.2642363847848372,1.2642363847848372
baseline_train_40_percent,2112,125.3352356,123.05274858663692,2.282487013363081,2.282487013363081
baseline_train_40_percent,2113,122.1822205,120.28760011350427,1.8946203864957312,1.8946203864957312
baseline_train_40_percent,2114,112.9391403,112.03345166215719,0.9056886378428146,0.9056886378428146
baseline_train_40_percent,2115,112.7953186,112.0522435796598,0.7430750203401999,0.7430750203401999
baseline_train_40_percent,2116,114.856369,113.58192844995784,1.2744405500421578,1.2744405500421578
baseline_train_40_percent,2117,121.913765,121.09338060808182,0.8203843919181821,0.8203843919181821
baseline_train_40_percent,2118,113.5188141,114.29837932571999,-0.7795652257199919,0.7795652257199919
baseline_train_40_percent,2119,116.6525497,115.44578473899767,1.206764961002321,1.206764961002321
baseline_train_40_percent,2120,117.3072891,115.92171275071443,1.3855763492855715,1.3855763492855715
baseline_train_40_percent,2121,117.7547607,117.30907659231734,0.4456841076826663,0.4456841076826663
baseline_train_40_percent,2122,123.6005554,120.09784900359779,3.5027063964022176,3.5027063964022176
baseline_train_40_percent,2123,120.4341354,119.55700644042068,0.8771289595793235,0.8771289595793235
baseline_train_40_percent,2124,120.1057434,118.90762042939524,1.1981229706047571,1.1981229706047571
baseline_train_40_percent,2125,120.5594254,119.06258361507315,1.4968417849268434,1.4968417849268434
baseline_train_40_percent,2126,119.6100998,118.73623739014143,0.8738624098585746,0.8738624098585746
baseline_train_40_percent,2127,119.9424133,117.83763614906502,2.1047771509349786,2.1047771509349786
baseline_train_40_percent,2128,120.7950821,119.40696944266344,1.3881126573365634,1.3881126573365634
baseline_train_40_percent,2129,119.5589752,118.16195996810575,1.3970152318942581,1.3970152318942581
baseline_train_40_percent,2130,119.9970703,119.02772342429662,0.9693468757033799,0.9693468757033799
baseline_train_40_percent,2131,122.5662842,121.29798667433752,1.2682975256624758,1.2682975256624758
baseline_train_40_percent,2132,121.3820648,119.75958863334382,1.6224761666561704,1.6224761666561704
baseline_train_40_percent,2133,120.5656662,118.77576461765373,1.7899015823462605,1.7899015823462605
baseline_train_40_percent,2134,119.0803299,117.70870008204594,1.3716298179540587,1.3716298179540587
baseline_train_40_percent,2135,116.0204697,115.61974549986931,0.4007242001306963,0.4007242001306963
baseline_train_40_percent,2136,120.6285095,120.21103034294272,0.41747915705728644,0.41747915705728644
baseline_train_40_percent,2137,120.5668411,119.68766883088921,0.8791722691107964,0.8791722691107964
baseline_train_40_percent,2138,121.8398361,120.36389785031943,1.475938249680567,1.475938249680567
baseline_train_40_percent,2139,119.9098892,117.78543968508559,2.124449514914403,2.124449514914403
baseline_train_40_percent,2140,114.9942551,113.53666815196767,1.4575869480323291,1.4575869480323291
baseline_train_40_percent,2141,114.358139,112.98835003207577,1.3697889679242223,1.3697889679242223
baseline_train_40_percent,2142,114.2685928,114.02381527480105,0.24477752519894125,0.24477752519894125
baseline_train_40_percent,2143,121.9712906,120.42291066500329,1.5483799349967171,1.5483799349967171
baseline_train_40_percent,2144,120.476593,119.11062290770583,1.3659700922941624,1.3659700922941624
baseline_train_40_percent,2145,120.5764923,120.87412890009871,-0.29763660009871273,0.29763660009871273
baseline_train_40_percent,2146,121.2730865,120.1079749278702,1.1651115721298027,1.1651115721298027
baseline_train_40_percent,2147,121.4351196,121.52300853680474,-0.0878889368047453,0.0878889368047453
baseline_train_40_percent,2148,122.2873764,121.04202444341743,1.2453519565825673,1.2453519565825673
baseline_train_40_percent,2149,121.4950638,119.86849965849876,1.626564141501234,1.626564141501234
baseline_train_40_percent,2150,121.2371521,120.29524886484208,0.9419032351579233,0.9419032351579233
baseline_train_40_percent,2151,121.9854889,120.85874938574187,1.1267395142581194,1.1267395142581194
baseline_train_40_percent,2152,123.4501648,122.38362176583834,1.0665430341616542,1.0665430341616542
baseline_train_40_percent,2153,122.3047333,121.21124314452928,1.0934901554707182,1.0934901554707182
baseline_train_40_percent,2154,120.8584976,119.5344863164525,1.324011283547506,1.324011283547506
baseline_train_40_percent,2155,122.1230698,122.07428360929315,0.0487861907068492,0.0487861907068492
baseline_train_40_percent,2156,123.0215836,122.08368876862113,0.9378948313788698,0.9378948313788698
baseline_train_40_percent,2157,120.5310822,119.57602961245753,0.9550525875424682,0.9550525875424682
baseline_train_40_percent,2158,123.8319092,123.33167489369512,0.5002343063048755,0.5002343063048755
baseline_train_40_percent,2159,125.1829453,124.15440367462946,1.0285416253705364,1.0285416253705364
baseline_train_40_percent,2160,124.7972031,123.94056213886314,0.8566409611368613,0.8566409611368613
baseline_train_40_percent,2161,125.1689224,123.68973131304217,1.479191086957826,1.479191086957826
baseline_train_40_percent,2162,122.2605133,120.48726294192639,1.7732503580736108,1.7732503580736108
baseline_train_40_percent,2163,119.8782043,118.9873070467386,0.8908972532614001,0.8908972532614001
baseline_train_40_percent,2164,120.0597305,118.502188625819,1.5575418741809983,1.5575418741809983
baseline_train_40_percent,2165,123.2391968,122.33383625489253,0.9053605451074702,0.9053605451074702
baseline_train_40_percent,2166,124.0220261,122.04136928112229,1.9806568188777192,1.9806568188777192
baseline_train_40_percent,2167,124.8240891,122.79262091736048,2.0314681826395145,2.0314681826395145
baseline_train_40_percent,2168,123.4850311,121.81893470235849,1.6660963976415104,1.6660963976415104
baseline_train_40_percent,2169,121.6993027,120.14775443504173,1.5515482649582708,1.5515482649582708
baseline_train_40_percent,2170,124.9449768,123.62391037303557,1.3210664269644354,1.3210664269644354
baseline_train_40_percent,2171,123.5705795,122.27756189608037,1.2930176039196226,1.2930176039196226
baseline_train_40_percent,2172,123.48349,122.0103107708647,1.4731792291352974,1.4731792291352974
baseline_train_40_percent,2173,124.3885651,123.44319648634685,0.9453686136531445,0.9453686136531445
baseline_train_40_percent,2174,123.7087479,122.27156915072317,1.437178749276839,1.437178749276839
baseline_train_40_percent,2175,126.8939056,125.42272412865657,1.471181471343428,1.471181471343428
baseline_train_40_percent,2176,127.0727997,125.90710199672478,1.165697703275228,1.165697703275228
baseline_train_40_percent,2177,129.4224396,129.103822227453,0.3186173725469814,0.3186173725469814
baseline_train_40_percent,2178,125.2231216,123.38772267572067,1.8353989242793318,1.8353989242793318
baseline_train_40_percent,2179,124.7482529,123.05747899509024,1.6907739049097614,1.6907739049097614
baseline_train_40_percent,2180,124.2672882,123.1936088401474,1.0736793598525907,1.0736793598525907
baseline_train_40_percent,2181,127.6913528,126.73250156872817,0.9588512312718365,0.9588512312718365
baseline_train_40_percent,2182,129.0732269,127.88259307820289,1.190633821797121,1.190633821797121
baseline_train_40_percent,2183,128.5978851,127.44189998884863,1.1559851111513808,1.1559851111513808
baseline_train_40_percent,2184,128.2470093,126.56508514184071,1.6819241581592905,1.6819241581592905
baseline_train_40_percent,2185,125.2873993,123.97141940518229,1.3159798948177155,1.3159798948177155
baseline_train_40_percent,2186,123.0353317,121.95245487659653,1.082876823403467,1.082876823403467
baseline_train_40_percent,2187,124.735466,123.88389163909112,0.8515743609088844,0.8515743609088844
baseline_train_40_percent,2188,127.5236588,126.24722564927809,1.276433150721914,1.276433150721914
baseline_train_40_percent,2189,126.1505585,125.81718962246413,0.3333688775358752,0.3333688775358752
baseline_train_40_percent,2190,126.5913696,126.17274055559047,0.41862904440952775,0.41862904440952775
baseline_train_40_percent,2191,121.9493942,121.1169786297137,0.832415570286301,0.832415570286301
baseline_train_40_percent,2192,119.4685211,120.04079848672353,-0.5722773867235276,0.5722773867235276
baseline_train_40_percent,2193,121.1723709,120.81773697408981,0.3546339259101927,0.3546339259101927
baseline_train_40_percent,2194,119.9303665,121.12594223790298,-1.1955757379029706,1.1955757379029706
baseline_train_40_percent,2195,123.0643616,123.02036338677419,0.043998213225805216,0.043998213225805216
baseline_train_40_percent,2196,125.9534149,125.38271829543558,0.570696604564418,0.570696604564418
baseline_train_40_percent,2197,127.2297516,126.57982804175748,0.64992355824252,0.64992355824252
baseline_train_40_percent,2198,125.2362823,124.29707883641586,0.9392034635841355,0.9392034635841355
baseline_train_40_percent,2199,119.1711426,118.77630978415749,0.3948328158425056,0.3948328158425056
baseline_train_40_percent,2200,117.4025421,117.59733839900161,-0.19479629900160944,0.19479629900160944
baseline_train_40_percent,2201,122.8739624,122.41565764028728,0.45830475971271767,0.45830475971271767
baseline_train_40_percent,2202,124.1678467,122.4373620795245,1.7304846204754938,1.7304846204754938
baseline_train_40_percent,2203,124.9358826,122.92563469693737,2.010247903062634,2.010247903062634
baseline_train_40_percent,2204,126.044838,125.0563312171013,0.9885067828986962,0.9885067828986962
baseline_train_40_percent,2205,124.5629349,122.73477656629872,1.828158333701282,1.828158333701282
baseline_train_40_percent,2206,120.9951477,119.48151369448169,1.5136340055183126,1.5136340055183126
baseline_train_40_percent,2207,122.0428391,120.87522233243989,1.167616767560105,1.167616767560105
baseline_train_40_percent,2208,122.7780457,122.30181070345623,0.47623499654378065,0.47623499654378065
baseline_train_40_percent,2209,126.9013824,125.17139238944621,1.7299900105537915,1.7299900105537915
baseline_train_40_percent,2210,122.5680542,121.67519718922345,0.8928570107765523,0.8928570107765523
baseline_train_40_percent,2211,123.6893997,123.3982496943718,0.2911500056281966,0.2911500056281966
baseline_train_40_percent,2212,116.4085464,116.56067086191983,-0.15212446191982565,0.15212446191982565
baseline_train_40_percent,2213,120.4309006,119.28516375886943,1.1457368411305708,1.1457368411305708
baseline_train_40_percent,2214,121.8597183,121.34949415508427,0.5102241449157248,0.5102241449157248
baseline_train_40_percent,2215,124.266304,123.69468842906932,0.5716155709306889,0.5716155709306889
baseline_train_40_percent,2216,124.8192444,124.29126293238777,0.5279814676122356,0.5279814676122356
baseline_train_40_percent,2217,122.8862686,122.69957289359807,0.18669570640192035,0.18669570640192035
baseline_train_40_percent,2218,120.8970337,120.07894898691973,0.8180847130802675,0.8180847130802675
baseline_train_40_percent,2219,118.3366699,117.48861612395413,0.8480537760458731,0.8480537760458731
baseline_train_40_percent,2220,120.7280273,120.92334412428585,-0.19531682428585384,0.19531682428585384
baseline_train_40_percent,2221,123.2168198,122.4173157363899,0.799504063610101,0.799504063610101
baseline_train_40_percent,2222,124.7825241,123.70484957405593,1.0776745259440759,1.0776745259440759
baseline_train_40_percent,2223,126.0746307,124.46379278988039,1.6108379101196135,1.6108379101196135
baseline_train_40_percent,2224,122.3845901,121.52697034747925,0.8576197525207476,0.8576197525207476
baseline_train_40_percent,2225,121.2309036,120.56159331026974,0.6693102897302623,0.6693102897302623
baseline_train_40_percent,2226,119.497139,119.03407133305244,0.4630676669475662,0.4630676669475662
baseline_train_40_percent,2227,121.115715,120.3923691851289,0.7233458148710952,0.7233458148710952
baseline_train_40_percent,2228,120.6030884,119.96503863487462,0.6380497651253876,0.6380497651253876
baseline_train_40_percent,2229,123.5933533,123.69214742181782,-0.09879412181781788,0.09879412181781788
baseline_train_40_percent,2230,125.5761871,124.5603401186088,1.0158469813911921,1.0158469813911921
baseline_train_40_percent,2231,126.4493256,124.15487347506954,2.2944521249304586,2.2944521249304586
baseline_train_40_percent,2232,120.1686554,119.84891394943051,0.3197414505694951,0.3197414505694951
baseline_train_40_percent,2233,118.4471512,117.91642272816179,0.5307284718382022,0.5307284718382022
baseline_train_40_percent,2234,120.1429443,119.403198424523,0.7397458754769985,0.7397458754769985
baseline_train_40_percent,2235,119.1495972,118.74018881050516,0.4094083894948426,0.4094083894948426
baseline_train_40_percent,2236,120.3355331,119.6539426082172,0.6815904917827993,0.6815904917827993
baseline_train_40_percent,2237,122.4575653,121.8757901655641,0.581775134435901,0.581775134435901
baseline_train_40_percent,2238,123.8153915,122.44907749473684,1.3663140052631633,1.3663140052631633
baseline_train_40_percent,2239,120.430275,119.07728412197034,1.352990878029658,1.352990878029658
baseline_train_40_percent,2240,121.4818344,120.30698489230656,1.1748495076934375,1.1748495076934375
baseline_train_40_percent,2241,119.8889999,117.9299072608824,1.9590926391175998,1.9590926391175998
baseline_train_40_percent,2242,121.212265,120.46523275592988,0.7470322440701267,0.7470322440701267
baseline_train_40_percent,2243,123.6823502,123.11182066630236,0.5705295336976377,0.5705295336976377
baseline_train_40_percent,2244,123.5825195,123.37099083400473,0.21152866599527442,0.21152866599527442
baseline_train_40_percent,2245,124.9568176,124.08121163337341,0.8756059666265799,0.8756059666265799
baseline_train_40_percent,2246,125.9652328,125.52633070513272,0.4389020948672737,0.4389020948672737
baseline_train_40_percent,2247,125.8626022,124.1836626347563,1.6789395652436951,1.6789395652436951
baseline_train_40_percent,2248,122.0012665,120.63795448344806,1.3633120165519443,1.3633120165519443
baseline_train_40_percent,2249,120.5200043,119.8952722250193,0.6247320749806988,0.6247320749806988
baseline_train_40_percent,2250,121.9452209,121.8849640960888,0.06025680391120147,0.06025680391120147
baseline_train_40_percent,2251,121.8304291,121.61638294142963,0.21404615857036902,0.21404615857036902
baseline_train_40_percent,2252,121.3938065,121.07782836314837,0.31597813685162635,0.31597813685162635
baseline_train_40_percent,2253,122.3218613,122.1514874877893,0.17037381221069836,0.17037381221069836
baseline_train_40_percent,2254,122.6631546,121.83868897186895,0.8244656281310512,0.8244656281310512
baseline_train_40_percent,2255,120.104393,120.09528147989332,0.009111520106685589,0.009111520106685589
baseline_train_40_percent,2256,122.0093765,121.62652907644343,0.3828474235565693,0.3828474235565693
baseline_train_40_percent,2257,123.0456619,123.24300142342032,-0.19733952342032524,0.19733952342032524
baseline_train_40_percent,2258,124.2753677,124.42433949133438,-0.14897179133437533,0.14897179133437533
baseline_train_40_percent,2259,125.707901,125.47045730898407,0.23744369101594032,0.23744369101594032
baseline_train_40_percent,2260,124.4169464,123.91236408052748,0.5045823194725187,0.5045823194725187
baseline_train_40_percent,2261,126.221199,124.13676785428797,2.0844311457120313,2.0844311457120313
baseline_train_40_percent,2262,122.9238586,122.35247337585889,0.5713852241411104,0.5713852241411104
baseline_train_40_percent,2263,122.6537399,122.90171637470269,-0.24797647470268203,0.24797647470268203
baseline_train_40_percent,2264,122.8348541,122.51254340881846,0.3223106911815421,0.3223106911815421
baseline_train_40_percent,2265,123.6538467,122.14174686506357,1.5120998349364356,1.5120998349364356
baseline_train_40_percent,2266,122.4040451,121.68587518835385,0.7181699116461573,0.7181699116461573
baseline_train_40_percent,2267,116.1479874,116.00475584510961,0.14323155489039152,0.14323155489039152
baseline_train_40_percent,2268,119.6041794,119.98943309344634,-0.3852536934463302,0.3852536934463302
baseline_train_40_percent,2269,121.1952133,121.08756480279945,0.10764849720055736,0.10764849720055736
baseline_train_40_percent,2270,123.5168533,122.77587789248157,0.7409754075184196,0.7409754075184196
baseline_train_40_percent,2271,122.7749634,122.16165114808041,0.613312251919595,0.613312251919595
baseline_train_40_percent,2272,124.0185623,123.1975942791213,0.8209680208786949,0.8209680208786949
baseline_train_40_percent,2273,118.7050323,118.25503400854619,0.44999829145380943,0.44999829145380943
baseline_train_40_percent,2274,116.3100357,116.52249789348035,-0.21246219348034856,0.21246219348034856
baseline_train_40_percent,2275,117.988327,117.64830565505535,0.3400213449446454,0.3400213449446454
baseline_train_40_percent,2276,121.1980896,121.1829667156084,0.015122884391601588,0.015122884391601588
baseline_train_40_percent,2277,124.6001968,124.04078077899425,0.5594160210057595,0.5594160210057595
baseline_train_40_percent,2278,125.2558212,124.20716514314464,1.0486560568553642,1.0486560568553642
baseline_train_40_percent,2279,120.8232574,119.83443623533888,0.9888211646611182,0.9888211646611182
baseline_train_40_percent,2280,115.6182404,114.8562847021178,0.7619556978822004,0.7619556978822004
baseline_train_40_percent,2281,115.0442886,114.63490892472468,0.4093796752753178,0.4093796752753178
baseline_train_40_percent,2282,116.5194931,117.25755901245675,-0.7380659124567472,0.7380659124567472
baseline_train_40_percent,2283,120.9710388,121.00017256595355,-0.029133765953545776,0.029133765953545776
baseline_train_40_percent,2284,119.1620789,119.08509394790298,0.07698495209702116,0.07698495209702116
baseline_train_40_percent,2285,119.4009476,118.77672209579593,0.6242255042040625,0.6242255042040625
baseline_train_40_percent,2286,118.5991287,118.37246110379608,0.2266675962039102,0.2266675962039102
baseline_train_40_percent,2287,119.6266861,118.58437066283403,1.0423154371659678,1.0423154371659678
baseline_train_40_percent,2288,117.1370621,116.16481803628785,0.9722440637121395,0.9722440637121395
baseline_train_40_percent,2289,119.9324646,119.3410732525609,0.5913913474390995,0.5913913474390995
baseline_train_40_percent,2290,120.9815292,120.64860883089754,0.33292036910245315,0.33292036910245315
baseline_train_40_percent,2291,120.0003967,119.70908874462592,0.29130795537408005,0.29130795537408005
baseline_train_40_percent,2292,119.116333,118.82177625781829,0.2945567421817117,0.2945567421817117
baseline_train_40_percent,2293,115.3569336,115.87953853124337,-0.5226049312433645,0.5226049312433645
baseline_train_40_percent,2294,116.4563141,116.81677084134652,-0.3604567413465247,0.3604567413465247
baseline_train_40_percent,2295,115.6241608,115.31703108083303,0.30712971916696574,0.30712971916696574
baseline_train_40_percent,2296,116.7962723,116.67991962802719,0.11635267197280541,0.11635267197280541
baseline_train_40_percent,2297,119.5062943,118.71933108836595,0.7869632116340455,0.7869632116340455
baseline_train_40_percent,2298,117.1337891,116.88530660387599,0.2484824961240122,0.2484824961240122
baseline_train_40_percent,2299,117.2189178,117.0380781362891,0.18083966371089844,0.18083966371089844
baseline_train_40_percent,2300,117.7043304,117.30230328931299,0.40202711068701547,0.40202711068701547
baseline_train_40_percent,2301,118.173172,117.65704977411417,0.5161222258858231,0.5161222258858231
baseline_train_40_percent,2302,115.6671906,115.17417627404912,0.493014325950881,0.493014325950881
baseline_train_40_percent,2303,116.0480042,115.10008554457123,0.9479186554287651,0.9479186554287651
baseline_train_40_percent,2304,117.7905579,117.0615266784544,0.729031221545597,0.729031221545597
baseline_train_40_percent,2305,119.5005341,119.59742526567841,-0.09689116567841438,0.09689116567841438
baseline_train_40_percent,2306,119.4556885,118.42334237590201,1.0323461240979839,1.0323461240979839
baseline_train_40_percent,2307,113.9818039,111.93941579076251,2.0423881092374927,2.0423881092374927
baseline_train_40_percent,2308,117.8478775,115.33555236704557,2.5123251329544303,2.5123251329544303
baseline_train_40_percent,2309,119.0760574,119.04230234694376,0.0337550530562396,0.0337550530562396
baseline_train_40_percent,2310,116.4786224,116.0635544833922,0.4150679166078106,0.4150679166078106
baseline_train_40_percent,2311,117.1104431,116.6158756602846,0.4945674397153965,0.4945674397153965
baseline_train_40_percent,2312,116.2932434,115.97131789937214,0.32192550062785585,0.32192550062785585
baseline_train_40_percent,2313,114.4761124,114.35543487117643,0.12067752882357752,0.12067752882357752
baseline_train_40_percent,2314,117.7577667,117.22545096888713,0.5323157311128739,0.5323157311128739
baseline_train_40_percent,2315,119.0007324,117.80903130952231,1.191701090477693,1.191701090477693
baseline_train_40_percent,2316,118.6280594,117.2221391072437,1.4059202927562922,1.4059202927562922
baseline_train_40_percent,2317,119.8377457,119.05866871295707,0.7790769870429273,0.7790769870429273
baseline_train_40_percent,2318,119.5385208,118.93638036817488,0.60214043182512,0.60214043182512
baseline_train_40_percent,2319,120.7397842,118.96541083903874,1.7743733609612633,1.7743733609612633
baseline_train_40_percent,2320,117.5759811,115.92970646216736,1.6462746378326472,1.6462746378326472
baseline_train_40_percent,2321,118.3972855,118.04330939985822,0.3539761001417787,0.3539761001417787
baseline_train_40_percent,2322,119.6885452,118.88486574066344,0.8036794593365499,0.8036794593365499
baseline_train_40_percent,2323,118.5932617,117.57969209840311,1.0135696015968847,1.0135696015968847
baseline_train_40_percent,2324,116.7085648,116.584513876697,0.12405092330300249,0.12405092330300249
baseline_train_40_percent,2325,119.1673126,117.77351336711136,1.3937992328886395,1.3937992328886395
baseline_train_40_percent,2326,119.6367188,118.93690429215611,0.6998145078438824,0.6998145078438824
baseline_train_40_percent,2327,121.9787598,121.15479428395476,0.8239655160452486,0.8239655160452486
baseline_train_40_percent,2328,120.7113953,119.2742002500597,1.4371950499403,1.4371950499403
baseline_train_40_percent,2329,119.4672089,119.45257524971275,0.014633650287251498,0.014633650287251498
baseline_train_40_percent,2330,121.5098267,121.01905331349846,0.49077338650154445,0.49077338650154445
baseline_train_40_percent,2331,122.4382935,122.34144931666602,0.09684418333398526,0.09684418333398526
baseline_train_40_percent,2332,123.8108444,123.95832538952243,-0.14748098952243538,0.14748098952243538
baseline_train_40_percent,2333,123.1787491,122.97761244626113,0.20113665373887102,0.20113665373887102
baseline_train_40_percent,2334,123.4596558,123.09618320172922,0.36347259827077494,0.36347259827077494
baseline_train_40_percent,2335,121.7592773,121.69407147346938,0.06520582653061524,0.06520582653061524
baseline_train_40_percent,2336,122.4351044,122.10498251784354,0.33012188215646177,0.33012188215646177
baseline_train_40_percent,2337,125.905304,125.93707284215749,-0.031768842157489985,0.031768842157489985
baseline_train_40_percent,2338,126.9274063,125.70237063286194,1.2250356671380587,1.2250356671380587
baseline_train_40_percent,2339,126.334198,126.41578188351939,-0.08158388351938584,0.08158388351938584
baseline_train_40_percent,2340,127.0331497,126.50966837846222,0.5234813215377727,0.5234813215377727
baseline_train_40_percent,2341,128.1347351,126.82148451489819,1.3132505851018124,1.3132505851018124
baseline_train_40_percent,2342,128.2835083,128.4892967373678,-0.20578843736780073,0.20578843736780073
baseline_train_40_percent,2343,125.083313,125.3588697302402,-0.2755567302401971,0.2755567302401971
baseline_train_40_percent,2344,122.6387253,122.85720765650571,-0.21848235650570302,0.21848235650570302
baseline_train_40_percent,2345,120.3916092,120.7797709890214,-0.388161789021396,0.388161789021396
baseline_train_40_percent,2346,126.3048325,126.15425185284006,0.15058064715994135,0.15058064715994135
baseline_train_40_percent,2347,125.9708405,127.18428067108515,-1.2134401710851535,1.2134401710851535
baseline_train_40_percent,2348,126.2425919,125.64901198079201,0.5935799192079827,0.5935799192079827
baseline_train_40_percent,2349,126.8315964,127.15826879837564,-0.3266723983756492,0.3266723983756492
baseline_train_40_percent,2350,131.750412,129.8397344033198,1.910677596680216,1.910677596680216
baseline_train_40_percent,2351,132.489975,130.1907125481799,2.299262451820084,2.299262451820084
baseline_train_40_percent,2352,133.0516052,131.2560245974255,1.7955806025745176,1.7955806025745176
baseline_train_40_percent,2353,132.8439484,130.84879753309338,1.995150866906613,1.995150866906613
baseline_train_40_percent,2354,130.024826,128.7245730699198,1.3002529300801768,1.3002529300801768
baseline_train_40_percent,2355,127.0856476,125.29781564147811,1.7878319585218918,1.7878319585218918
baseline_train_40_percent,2356,127.9377289,126.1867871308268,1.7509417691731954,1.7509417691731954
baseline_train_40_percent,2357,131.008728,129.1479468447752,1.8607811552247995,1.8607811552247995
baseline_train_40_percent,2358,132.089386,130.19551058113854,1.8938754188614553,1.8938754188614553
baseline_train_40_percent,2359,132.6792755,130.64315643605752,2.036119063942465,2.036119063942465
baseline_train_40_percent,2360,131.3599854,129.13565329774164,2.2243321022583586,2.2243321022583586
baseline_train_40_percent,2361,127.6356506,125.63436211164502,2.0012884883549873,2.0012884883549873
baseline_train_40_percent,2362,126.9992218,125.16645266302595,1.8327691369740506,1.8327691369740506
baseline_train_40_percent,2363,128.128006,125.91438162756161,2.213624372438389,2.213624372438389
baseline_train_40_percent,2364,129.1658478,127.7533287688329,1.4125190311670934,1.4125190311670934
baseline_train_40_percent,2365,128.5362854,126.7197525891327,1.816532810867301,1.816532810867301
baseline_train_40_percent,2366,130.2116394,127.52180106611836,2.6898383338816387,2.6898383338816387
baseline_train_40_percent,2367,129.6124573,127.37797588571433,2.2344814142856535,2.2344814142856535
baseline_train_40_percent,2368,119.6899567,119.8958911273395,-0.20593442733949985,0.20593442733949985
baseline_train_40_percent,2369,120.4610138,121.99657616051353,-1.5355623605135236,1.5355623605135236
baseline_train_40_percent,2370,122.2106247,123.47050685223188,-1.2598821522318815,1.2598821522318815
baseline_train_40_percent,2371,124.585289,125.11280716085923,-0.5275181608592305,0.5275181608592305
baseline_train_40_percent,2372,124.1732864,124.8389421321713,-0.6656557321713024,0.6656557321713024
baseline_train_40_percent,2373,122.1953278,123.01065639790502,-0.8153285979050224,0.8153285979050224
baseline_train_40_percent,2374,118.5051956,118.89454368972049,-0.3893480897204995,0.3893480897204995
baseline_train_40_percent,2375,115.9595413,116.13757473451437,-0.1780334345143757,0.1780334345143757
baseline_train_40_percent,2376,118.1548462,118.93606697176386,-0.78122077176387,0.78122077176387
baseline_train_40_percent,2377,123.5233536,124.96612222233173,-1.4427686223317409,1.4427686223317409
baseline_train_40_percent,2378,119.9854507,120.83064632868566,-0.8451956286856586,0.8451956286856586
baseline_train_40_percent,2379,121.8140182,122.16324933700646,-0.3492311370064556,0.3492311370064556
baseline_train_40_percent,2380,122.66996,123.64692691692639,-0.9769669169263864,0.9769669169263864
baseline_train_40_percent,2381,122.157547,122.01746478120091,0.14008221879907978,0.14008221879907978
baseline_train_40_percent,2382,117.9500351,118.77526668075251,-0.825231580752515,0.825231580752515
baseline_train_40_percent,2383,117.2343826,117.62978961977721,-0.3954070197772097,0.3954070197772097
baseline_train_40_percent,2384,116.3540802,116.73398742450848,-0.3799072245084858,0.3799072245084858
baseline_train_40_percent,2385,120.6085281,121.37314730681314,-0.764619206813137,0.764619206813137
baseline_train_40_percent,2386,122.4365082,124.04155314417207,-1.6050449441720644,1.6050449441720644
baseline_train_40_percent,2387,125.0170441,124.78540714709592,0.2316369529040827,0.2316369529040827
baseline_train_40_percent,2388,123.4395599,123.38207368867313,0.057486211326875036,0.057486211326875036
baseline_train_40_percent,2389,120.8876495,121.07346021542486,-0.18581071542486427,0.18581071542486427
baseline_train_40_percent,2390,109.3358078,111.03813884066136,-1.7023310406613632,1.7023310406613632
baseline_train_40_percent,2391,112.4530334,112.47859507922962,-0.025561679229625156,0.025561679229625156
baseline_train_40_percent,2392,115.373291,115.60961275226798,-0.23632175226798324,0.23632175226798324
baseline_train_40_percent,2393,116.3301773,116.6836948084561,-0.3535175084560933,0.3535175084560933
baseline_train_40_percent,2394,117.4954758,117.657897736793,-0.16242193679300954,0.16242193679300954
baseline_train_40_percent,2395,118.1583405,118.7026330949525,-0.544292594952509,0.544292594952509
baseline_train_40_percent,2396,118.6492462,118.89603772829236,-0.24679152829236273,0.24679152829236273
baseline_train_40_percent,2397,116.7088394,116.84363665557579,-0.1347972555757906,0.1347972555757906
baseline_train_40_percent,2398,119.9993668,120.2839039124706,-0.284537112470602,0.284537112470602
baseline_train_40_percent,2399,121.5053711,121.56481514644571,-0.05944404644570511,0.05944404644570511
baseline_train_40_percent,2400,121.805336,121.7952341188395,0.010101881160494486,0.010101881160494486
baseline_train_40_percent,2401,122.030365,122.05306765907845,-0.022702659078447596,0.022702659078447596
baseline_train_40_percent,2402,123.5063553,123.68516805576903,-0.17881275576903022,0.17881275576903022
baseline_train_40_percent,2403,123.0776901,123.80894907886011,-0.7312589788601116,0.7312589788601116
baseline_train_40_percent,2404,119.2935638,120.32355353169841,-1.0299897316984072,1.0299897316984072
baseline_train_40_percent,2405,121.5032501,122.65566473982575,-1.15241463982575,1.15241463982575
baseline_train_40_percent,2406,120.0349808,120.01251318223315,0.022467617766849912,0.022467617766849912
baseline_train_40_percent,2407,120.5138702,121.31823355512871,-0.8043633551287144,0.8043633551287144
baseline_train_40_percent,2408,121.5565033,121.96362940598183,-0.4071261059818312,0.4071261059818312
baseline_train_40_percent,2409,123.904747,124.35566430014165,-0.4509173001416542,0.4509173001416542
baseline_train_40_percent,2410,125.6749191,125.91348351412121,-0.23856441412121399,0.23856441412121399
baseline_train_40_percent,2411,124.423317,124.48530156945141,-0.061984569451411176,0.061984569451411176
baseline_train_40_percent,2412,122.788826,123.45365215290644,-0.6648261529064428,0.6648261529064428
baseline_train_40_percent,2413,121.2525482,121.22915321776205,0.023394982237959994,0.023394982237959994
baseline_train_40_percent,2414,123.7526169,124.30195089271824,-0.5493339927182319,0.5493339927182319
baseline_train_40_percent,2415,122.1839676,123.26665517058872,-1.0826875705887176,1.0826875705887176
baseline_train_40_percent,2416,122.9646912,123.66724763145696,-0.702556431456955,0.702556431456955
baseline_train_40_percent,2417,122.0838699,122.57109892107825,-0.4872290210782495,0.4872290210782495
baseline_train_40_percent,2418,124.5978546,124.68111457341773,-0.08325997341772506,0.08325997341772506
baseline_train_40_percent,2419,124.3581848,125.02225841635487,-0.6640736163548695,0.6640736163548695
baseline_train_40_percent,2420,122.7046509,122.98663253791513,-0.28198163791512343,0.28198163791512343
baseline_train_40_percent,2421,120.7851868,120.95228327437606,-0.16709647437605213,0.16709647437605213
baseline_train_40_percent,2422,116.7650757,117.23623762899703,-0.47116192899703435,0.47116192899703435
baseline_train_40_percent,2423,119.3924561,119.83010952369844,-0.4376534236984355,0.4376534236984355
baseline_train_40_percent,2424,123.0680923,123.72954765088419,-0.6614553508841823,0.6614553508841823
baseline_train_40_percent,2425,125.1371307,125.23159327448982,-0.09446257448982465,0.09446257448982465
baseline_train_40_percent,2426,124.3054504,124.01478605546998,0.2906643445300148,0.2906643445300148
baseline_train_40_percent,2427,123.2706223,123.5965619890687,-0.3259396890687043,0.3259396890687043
baseline_train_40_percent,2428,118.2967377,118.92190494829241,-0.6251672482924135,0.6251672482924135
baseline_train_40_percent,2429,116.5516129,116.96790850951895,-0.4162956095189543,0.4162956095189543
baseline_train_40_percent,2430,117.7809982,118.60242541783651,-0.821427217836515,0.821427217836515
baseline_train_40_percent,2431,120.6010056,120.9350840901669,-0.3340784901669025,0.3340784901669025
baseline_train_40_percent,2432,120.5811539,120.92461850464365,-0.3434646046436427,0.3434646046436427
baseline_train_40_percent,2433,119.1502151,119.98002967769125,-0.829814577691252,0.829814577691252
baseline_train_40_percent,2434,119.1844101,119.41764749885215,-0.2332373988521539,0.2332373988521539
baseline_train_40_percent,2435,120.3282089,120.22564515151792,0.10256374848208338,0.10256374848208338
baseline_train_40_percent,2436,118.7561035,119.23216043689621,-0.47605693689621376,0.47605693689621376
baseline_train_40_percent,2437,118.4446869,118.77775004985739,-0.33306314985739505,0.33306314985739505
baseline_train_40_percent,2438,117.1347961,118.35852466773605,-1.223728567736046,1.223728567736046
baseline_train_40_percent,2439,119.7235489,120.90048950914696,-1.1769406091469676,1.1769406091469676
baseline_train_40_percent,2440,122.2725754,122.80566674400676,-0.5330913440067633,0.5330913440067633
baseline_train_40_percent,2441,122.5901718,122.90859989865176,-0.3184280986517649,0.3184280986517649
baseline_train_40_percent,2442,125.0336304,125.57089892095176,-0.5372685209517556,0.5372685209517556
baseline_train_40_percent,2443,121.5586853,121.70503959742513,-0.14635429742513395,0.14635429742513395
baseline_train_40_percent,2444,117.6826401,118.19630837584539,-0.5136682758453901,0.5136682758453901
baseline_train_40_percent,2445,116.3669052,116.62816730800621,-0.261262108006207,0.261262108006207
baseline_train_40_percent,2446,117.8294601,118.51342052759588,-0.6839604275958777,0.6839604275958777
baseline_train_40_percent,2447,120.7643204,121.30614289834466,-0.5418224983446578,0.5418224983446578
baseline_train_40_percent,2448,121.9040451,121.98847081319329,-0.08442571319328351,0.08442571319328351
baseline_train_40_percent,2449,122.3870468,122.93748025606338,-0.5504334560633879,0.5504334560633879
baseline_train_40_percent,2450,119.1611557,121.58629410494254,-2.425138404942544,2.425138404942544
baseline_train_40_percent,2451,118.092804,118.54187080875661,-0.4490668087566121,0.4490668087566121
baseline_train_40_percent,2452,114.8461533,116.30750256291176,-1.4613492629117673,1.4613492629117673
baseline_train_40_percent,2453,111.3236008,110.62688977785231,0.6967110221476815,0.6967110221476815
baseline_train_40_percent,2454,111.2051315,112.70982000661445,-1.5046885066144569,1.5046885066144569
baseline_train_40_percent,2455,118.1182785,118.10553849766777,0.0127400023322366,0.0127400023322366
baseline_train_40_percent,2456,117.4422684,117.08649878989691,0.3557696101030956,0.3557696101030956
baseline_train_40_percent,2457,113.4811935,113.86951882476626,-0.3883253247662566,0.3883253247662566
baseline_train_40_percent,2458,112.5836868,113.16573193717097,-0.5820451371709794,0.5820451371709794
baseline_train_40_percent,2459,114.7998199,115.24177378956493,-0.4419538895649282,0.4419538895649282
baseline_train_40_percent,2460,117.471817,117.198168625585,0.27364837441500356,0.27364837441500356
baseline_train_40_percent,2461,118.4235229,118.62911615843724,-0.20559325843724707,0.20559325843724707
baseline_train_40_percent,2462,118.4561005,118.35549891052823,0.10060158947177911,0.10060158947177911
baseline_train_40_percent,2463,118.6822739,118.68098220513262,0.0012916948673762363,0.0012916948673762363
baseline_train_40_percent,2464,118.5541458,118.59919944644139,-0.04505364644138865,0.04505364644138865
baseline_train_40_percent,2465,117.1154785,117.31795271892564,-0.20247421892564432,0.20247421892564432
baseline_train_40_percent,2466,116.716713,116.95845038998682,-0.24173738998682381,0.24173738998682381
baseline_train_40_percent,2467,117.17099,116.51613200418942,0.6548579958105876,0.6548579958105876
baseline_train_40_percent,2468,118.5912094,118.89873878547893,-0.3075293854789294,0.3075293854789294
baseline_train_40_percent,2469,120.3607635,120.56593630150829,-0.205172801508283,0.205172801508283
baseline_train_40_percent,2470,120.5766525,121.30107764503866,-0.7244251450386656,0.7244251450386656
baseline_train_40_percent,2471,122.4392624,122.82503419230264,-0.38577179230263425,0.38577179230263425
baseline_train_40_percent,2472,122.6363678,123.13584410647661,-0.499476306476609,0.499476306476609
baseline_train_40_percent,2473,120.5213852,120.55362940677209,-0.03224420677209139,0.03224420677209139
baseline_train_40_percent,2474,118.240448,118.43137473131232,-0.19092673131231663,0.19092673131231663
baseline_train_40_percent,2475,118.1314774,118.30426225726958,-0.17278485726959047,0.17278485726959047
baseline_train_40_percent,2476,120.800354,121.60621642063626,-0.8058624206362595,0.8058624206362595
baseline_train_40_percent,2477,122.345314,122.70349406065871,-0.3581800606587109,0.3581800606587109
baseline_train_40_percent,2478,123.3042679,123.51342134904887,-0.2091534490488698,0.2091534490488698
baseline_train_40_percent,2479,123.1002197,124.28102629935,-1.1808065993500065,1.1808065993500065
baseline_train_40_percent,2480,120.7984772,121.29021971608184,-0.4917425160818425,0.4917425160818425
baseline_train_40_percent,2481,118.2546463,118.01428420645043,0.24036209354957805,0.24036209354957805
baseline_train_40_percent,2482,118.7477188,118.70995182475251,0.03776697524749295,0.03776697524749295
baseline_train_40_percent,2483,119.4898834,120.11106883901229,-0.6211854390122937,0.6211854390122937
baseline_train_40_percent,2484,123.962059,124.25904272311077,-0.29698372311077037,0.29698372311077037
baseline_train_40_percent,2485,123.1835327,123.865840131131,-0.6823074311309938,0.6823074311309938
baseline_train_40_percent,2486,126.3551788,126.35490495977345,0.00027384022655496665,0.00027384022655496665
baseline_train_40_percent,2487,118.1731186,118.91771407067303,-0.7445954706730333,0.7445954706730333
baseline_train_40_percent,2488,119.3660889,119.81216923024107,-0.44608033024107385,0.44608033024107385
baseline_train_40_percent,2489,121.1588211,122.02732820455849,-0.8685071045584891,0.8685071045584891
baseline_train_40_percent,2490,119.9886093,120.24347117269234,-0.25486187269234506,0.25486187269234506
baseline_train_40_percent,2491,121.4209595,121.70295826463467,-0.2819987646346789,0.2819987646346789
baseline_train_40_percent,2492,121.1637268,121.48541279478226,-0.321685994782257,0.321685994782257
baseline_train_40_percent,2493,116.7566528,117.23057359938535,-0.47392079938535403,0.47392079938535403
baseline_train_40_percent,2494,112.4625931,113.05310377416107,-0.5905106741610666,0.5905106741610666
baseline_train_40_percent,2495,111.5896378,111.53100937328404,0.058628426715969795,0.058628426715969795
baseline_train_40_percent,2496,109.3325958,109.45340769695584,-0.1208118969558285,0.1208118969558285
baseline_train_40_percent,2497,115.4483032,115.55737551097928,-0.10907231097928616,0.10907231097928616
baseline_train_40_percent,2498,117.5476837,118.21694008476778,-0.6692563847677917,0.6692563847677917
baseline_train_40_percent,2499,114.1917191,115.66458775305546,-1.472868653055457,1.472868653055457
baseline_train_40_percent,2500,111.3534241,111.26052274040345,0.09290135959655288,0.09290135959655288
baseline_train_40_percent,2501,113.7459106,114.30831062834149,-0.5624000283414858,0.5624000283414858
baseline_train_40_percent,2502,116.2873306,116.78499160392779,-0.49766100392778867,0.49766100392778867
baseline_train_40_percent,2503,119.7164841,120.36188945842905,-0.6454053584290449,0.6454053584290449
baseline_train_40_percent,2504,121.0784073,120.8365668393299,0.24184046067009035,0.24184046067009035
baseline_train_40_percent,2505,121.1696777,121.2726780282984,-0.10300032829840688,0.10300032829840688
baseline_train_40_percent,2506,118.4078979,118.32937904666693,0.07851885333306541,0.07851885333306541
baseline_train_40_percent,2507,115.1327515,115.90439008978969,-0.7716385897896885,0.7716385897896885
baseline_train_40_percent,2508,114.0776291,114.33383848425343,-0.2562093842534381,0.2562093842534381
baseline_train_40_percent,2509,117.2442093,117.99625472317327,-0.7520454231732714,0.7520454231732714
baseline_train_40_percent,2510,119.0027084,120.10700050611977,-1.1042921061197717,1.1042921061197717
baseline_train_40_percent,2511,121.4567947,122.0623696775844,-0.6055749775843964,0.6055749775843964
baseline_train_40_percent,2512,122.4632645,122.22592405844945,0.23734044155054335,0.23734044155054335
baseline_train_40_percent,2513,122.4769516,123.31145742662913,-0.8345058266291261,0.8345058266291261
baseline_train_40_percent,2514,118.9750671,119.53803403084268,-0.562966930842677,0.562966930842677
baseline_train_40_percent,2515,117.1706085,117.12713679306249,0.04347170693750968,0.04347170693750968
baseline_train_40_percent,2516,114.0396042,113.17525247248021,0.8643517275197894,0.8643517275197894
baseline_train_40_percent,2517,114.5433731,114.79652066711007,-0.25314756711007647,0.25314756711007647
baseline_train_40_percent,2518,117.3324051,117.81744819212153,-0.4850430921215292,0.4850430921215292
baseline_train_40_percent,2519,120.8394318,121.4562533226977,-0.6168215226977054,0.6168215226977054
baseline_train_40_percent,2520,121.8880692,121.53290382763679,0.3551653723632171,0.3551653723632171
baseline_train_40_percent,2521,120.745163,121.5091581257181,-0.7639951257180968,0.7639951257180968
baseline_train_40_percent,2522,118.4784698,118.58363991476047,-0.10517011476046889,0.10517011476046889
baseline_train_40_percent,2523,115.0858078,115.73783673917389,-0.6520289391738885,0.6520289391738885
baseline_train_40_percent,2524,111.3759918,112.15411184627547,-0.7781200462754754,0.7781200462754754
baseline_train_40_percent,2525,114.0945282,114.62702981383522,-0.5325016138352225,0.5325016138352225
baseline_train_40_percent,2526,117.4732208,117.75619265376761,-0.2829718537676058,0.2829718537676058
baseline_train_40_percent,2527,120.3587875,119.78197814374816,0.576809356251843,0.576809356251843
baseline_train_40_percent,2528,118.8595352,118.9214560084309,-0.06192080843089798,0.06192080843089798
baseline_train_40_percent,2529,116.5548477,116.18321113514958,0.3716365648504194,0.3716365648504194
baseline_train_40_percent,2530,110.1007462,110.5909101829059,-0.4901639829058979,0.4901639829058979
baseline_train_40_percent,2531,109.5570297,109.06748962964966,0.4895400703503441,0.4895400703503441
baseline_train_40_percent,2532,110.8634109,110.30786340794192,0.5555474920580821,0.5555474920580821
baseline_train_40_percent,2533,117.9224701,117.71735685381684,0.20511324618315996,0.20511324618315996
baseline_train_40_percent,2534,117.6209106,117.55788379872482,0.06302680127518556,0.06302680127518556
baseline_train_40_percent,2535,118.6071167,119.25603455397598,-0.6489178539759735,0.6489178539759735
baseline_train_40_percent,2536,114.0346603,113.97665989100902,0.0580004089909778,0.0580004089909778
baseline_train_40_percent,2537,112.7293777,112.62407668146241,0.10530101853758822,0.10530101853758822
baseline_train_40_percent,2538,114.2764435,113.53752927509123,0.7389142249087683,0.7389142249087683
baseline_train_40_percent,2539,118.5140839,118.14498711101429,0.36909678898571485,0.36909678898571485
baseline_train_40_percent,2540,121.2875443,121.02749408091121,0.26005021908878234,0.26005021908878234
baseline_train_40_percent,2541,123.0318604,122.74371234915186,0.288148050848136,0.288148050848136
baseline_train_40_percent,2542,119.3723907,119.1865803103046,0.18581038969539065,0.18581038969539065
baseline_train_40_percent,2543,114.5634689,115.36496101920984,-0.8014921192098399,0.8014921192098399
baseline_train_40_percent,2544,113.4865417,113.25609017628375,0.23045152371625477,0.23045152371625477
baseline_train_40_percent,2545,112.8875427,113.32105920371394,-0.4335165037139461,0.4335165037139461
baseline_train_40_percent,2546,115.9128799,116.29936151758548,-0.3864816175854884,0.3864816175854884
baseline_train_40_percent,2547,118.8662109,118.88239539728747,-0.016184497287468957,0.016184497287468957
baseline_train_40_percent,2548,119.3987885,119.50735377130614,-0.10856527130614779,0.10856527130614779
baseline_train_40_percent,2549,120.2192612,120.37927165653181,-0.16001045653180768,0.16001045653180768
baseline_train_40_percent,2550,114.8098984,116.27387500727339,-1.4639766072733948,1.4639766072733948
baseline_train_40_percent,2551,113.7317352,114.0743956567748,-0.3426604567747944,0.3426604567747944
baseline_train_40_percent,2552,113.2982559,113.56749517586653,-0.26923927586652496,0.26923927586652496
baseline_train_40_percent,2553,113.8004074,113.92517128360527,-0.12476388360526869,0.12476388360526869
baseline_train_40_percent,2554,116.0514755,116.73440745923169,-0.6829319592316949,0.6829319592316949
baseline_train_40_percent,2555,117.254364,118.05059117845022,-0.7962271784502235,0.7962271784502235
baseline_train_40_percent,2556,114.0922165,114.47039524346906,-0.37817874346905,0.37817874346905
baseline_train_40_percent,2557,114.6848679,115.00713406973084,-0.3222661697308382,0.3222661697308382
baseline_train_40_percent,2558,115.4423218,115.67690375166589,-0.2345819516658878,0.2345819516658878
baseline_train_40_percent,2559,115.1027222,115.85907471894065,-0.7563525189406448,0.7563525189406448
baseline_train_40_percent,2560,115.242691,115.01999177773321,0.22269922226678318,0.22269922226678318
baseline_train_40_percent,2561,111.1981964,112.39366809365819,-1.1954716936581917,1.1954716936581917
baseline_train_40_percent,2562,111.5108643,110.43273279744686,1.0781315025531342,1.0781315025531342
baseline_train_40_percent,2563,109.2663956,108.94564657264925,0.3207490273507432,0.3207490273507432
baseline_train_40_percent,2564,109.212532,110.14216756175335,-0.9296355617533578,0.9296355617533578
baseline_train_40_percent,2565,117.6178818,117.81926819792123,-0.20138639792122603,0.20138639792122603
baseline_train_40_percent,2566,117.122345,116.82919985342272,0.29314514657727386,0.29314514657727386
baseline_train_40_percent,2567,116.2776642,116.53335057482805,-0.2556863748280449,0.2556863748280449
baseline_train_40_percent,2568,116.5679398,116.39349288862192,0.17444691137808377,0.17444691137808377
baseline_train_40_percent,2569,115.4890366,116.15468156135876,-0.6656449613587512,0.6656449613587512
baseline_train_40_percent,2570,116.6259155,116.73539257094374,-0.10947707094373982,0.10947707094373982
baseline_train_40_percent,2571,115.6335831,115.75232296984798,-0.11873986984798535,0.11873986984798535
baseline_train_40_percent,2572,118.45047,118.87411896518158,-0.42364896518158446,0.42364896518158446
baseline_train_40_percent,2573,120.1563644,119.59168827100021,0.5646761289997926,0.5646761289997926
baseline_train_40_percent,2574,119.7301636,119.9135642216877,-0.18340062168769578,0.18340062168769578
baseline_train_40_percent,2575,121.8911438,121.80484437201085,0.0862994279891467,0.0862994279891467
baseline_train_40_percent,2576,118.0256195,118.25096570801989,-0.2253462080198858,0.2253462080198858
baseline_train_40_percent,2577,113.1014557,113.72783457943584,-0.6263788794358334,0.6263788794358334
baseline_train_40_percent,2578,112.1935654,112.11930543899362,0.07425996100637633,0.07425996100637633
baseline_train_40_percent,2579,113.4574127,113.82800012452013,-0.3705874245201244,0.3705874245201244
baseline_train_40_percent,2580,114.4771576,114.55911262304078,-0.08195502304077706,0.08195502304077706
baseline_train_40_percent,2581,117.4910507,118.24986358531886,-0.7588128853188607,0.7588128853188607
baseline_train_40_percent,2582,119.3281631,119.35047673173707,-0.022313631737077344,0.022313631737077344
baseline_train_40_percent,2583,119.6700287,119.47737347589927,0.19265522410073288,0.19265522410073288
baseline_train_40_percent,2584,114.6976089,114.5518533178597,0.14575558214031048,0.14575558214031048
baseline_train_40_percent,2585,114.0669022,113.9491142750346,0.11778792496539836,0.11778792496539836
baseline_train_40_percent,2586,114.3949585,113.95858658200301,0.4363719179969934,0.4363719179969934
baseline_train_40_percent,2587,112.8301086,113.51012908652034,-0.6800204865203341,0.6800204865203341
baseline_train_40_percent,2588,113.2782745,113.9609664336592,-0.6826919336591999,0.6826919336591999
baseline_train_40_percent,2589,117.0009308,118.85609779160447,-1.855166991604463,1.855166991604463
baseline_train_40_percent,2590,118.0938797,118.51221528355904,-0.4183355835590419,0.4183355835590419
baseline_train_40_percent,2591,118.0415421,118.34851210020307,-0.30697000020306575,0.30697000020306575
baseline_train_40_percent,2592,116.1606598,116.66219651652418,-0.5015367165241713,0.5015367165241713
baseline_train_40_percent,2593,114.442215,113.98063099591096,0.46158400408904754,0.46158400408904754
baseline_train_40_percent,2594,112.2933273,112.46667096260423,-0.17334366260422485,0.17334366260422485
baseline_train_40_percent,2595,110.8767395,111.59171808678988,-0.7149785867898828,0.7149785867898828
baseline_train_40_percent,2596,113.7380905,115.57769613654305,-1.8396056365430553,1.8396056365430553
baseline_train_40_percent,2597,118.5958328,119.490735711022,-0.894902911022001,0.894902911022001
baseline_train_40_percent,2598,118.0726318,118.63417141786967,-0.5615396178696699,0.5615396178696699
baseline_train_40_percent,2599,113.9864044,114.4057246157116,-0.4193202157116076,0.4193202157116076
baseline_train_40_percent,2600,107.8672791,107.75738939774654,0.10988970225346861,0.10988970225346861
baseline_train_40_percent,2601,105.8646164,105.53983405191264,0.3247823480873677,0.3247823480873677
baseline_train_40_percent,2602,110.1436081,110.05873793641985,0.08487016358014898,0.08487016358014898
baseline_train_40_percent,2603,111.3532257,111.23777999042456,0.11544570957543954,0.11544570957543954
baseline_train_40_percent,2604,112.4330444,112.82831868868841,-0.3952742886884124,0.3952742886884124
baseline_train_40_percent,2605,110.5939178,110.75765134918478,-0.16373354918478356,0.16373354918478356
baseline_train_40_percent,2606,112.1258926,112.29366112320385,-0.16776852320384705,0.16776852320384705
baseline_train_40_percent,2607,111.4681625,111.18602696806404,0.28213553193596397,0.28213553193596397
baseline_train_40_percent,2608,110.5846024,109.99731649373892,0.5872859062610729,0.5872859062610729
baseline_train_40_percent,2609,111.5770416,111.49380779174808,0.08323380825191862,0.08323380825191862
baseline_train_40_percent,2610,114.0193176,114.07913475358716,-0.05981715358716144,0.05981715358716144
baseline_train_40_percent,2611,115.7178268,114.91187671715068,0.8059500828493213,0.8059500828493213
baseline_train_40_percent,2612,116.6717606,116.91317788453833,-0.2414172845383291,0.2414172845383291
baseline_train_40_percent,2613,116.1624451,114.93905326882816,1.2233918311718384,1.2233918311718384
baseline_train_40_percent,2614,113.924057,113.87251284165951,0.05154415834049075,0.05154415834049075
baseline_train_40_percent,2615,115.1045227,114.75846914808436,0.34605355191564513,0.34605355191564513
baseline_train_40_percent,2616,114.8069839,115.87389312544965,-1.066909225449649,1.066909225449649
baseline_train_40_percent,2617,116.6033096,116.08099576242753,0.5223138375724687,0.5223138375724687
baseline_train_40_percent,2618,116.028595,116.35885889722277,-0.33026389722277827,0.33026389722277827
baseline_train_40_percent,2619,119.1039352,119.55225487589854,-0.4483196758985457,0.4483196758985457
baseline_train_40_percent,2620,119.5322342,119.40534731850498,0.12688688149502525,0.12688688149502525
baseline_train_40_percent,2621,119.1441879,118.39446416937248,0.7497237306275224,0.7497237306275224
baseline_train_40_percent,2622,113.8139496,114.17424218184568,-0.3602925818456839,0.3602925818456839
baseline_train_40_percent,2623,111.0722122,111.42192014242906,-0.3497079424290632,0.3497079424290632
baseline_train_40_percent,2624,115.4379425,115.2869895717728,0.1509529282271984,0.1509529282271984
baseline_train_40_percent,2625,115.2967834,115.24428108284982,0.05250231715017151,0.05250231715017151
baseline_train_40_percent,2626,116.3620377,117.32563429041377,-0.963596590413772,0.963596590413772
baseline_train_40_percent,2627,117.4842682,117.93220680671715,-0.4479386067171447,0.4479386067171447
baseline_train_40_percent,2628,118.9674301,118.86661989971341,0.10081020028658827,0.10081020028658827
baseline_train_40_percent,2629,117.0098724,117.25813715796848,-0.24826475796847092,0.24826475796847092
baseline_train_40_percent,2630,113.9431305,113.91719899102262,0.02593150897737928,0.02593150897737928
baseline_train_40_percent,2631,113.7579803,113.34501477772804,0.4129655222719606,0.4129655222719606
baseline_train_40_percent,2632,113.9502029,114.07334218297768,-0.12313928297768939,0.12313928297768939
baseline_train_40_percent,2633,113.3412247,113.58936289376778,-0.24813819376778667,0.24813819376778667
baseline_train_40_percent,2634,117.9873428,117.57305089896163,0.4142919010383679,0.4142919010383679
baseline_train_40_percent,2635,117.3366547,117.27887444993,0.057780250069995986,0.057780250069995986
baseline_train_40_percent,2636,120.4641037,120.6867014092799,-0.22259770927990985,0.22259770927990985
baseline_train_40_percent,2637,116.7194824,116.71732602032334,0.002156379676662823,0.002156379676662823
baseline_train_40_percent,2638,112.7229309,112.6930762882657,0.029854611734293712,0.029854611734293712
baseline_train_40_percent,2639,112.0576401,112.34778061143169,-0.2901405114316873,0.2901405114316873
baseline_train_40_percent,2640,111.9769669,112.52553791731253,-0.5485710173125398,0.5485710173125398
baseline_train_40_percent,2641,112.3778458,113.05011455883559,-0.6722687588355853,0.6722687588355853
baseline_train_40_percent,2642,115.1978607,115.5393216660882,-0.3414609660881922,0.3414609660881922
baseline_train_40_percent,2643,116.1278687,116.20829746591617,-0.08042876591618153,0.08042876591618153
baseline_train_40_percent,2644,116.5913467,116.89327889648354,-0.3019321964835342,0.3019321964835342
baseline_train_40_percent,2645,113.4870224,113.18128726102607,0.30573513897392957,0.30573513897392957
baseline_train_40_percent,2646,109.2422791,109.82083453422361,-0.5785554342236026,0.5785554342236026
baseline_train_40_percent,2647,111.7232819,112.10491719559569,-0.3816352955956859,0.3816352955956859
baseline_train_40_percent,2648,111.9287491,112.41169733602433,-0.48294823602432757,0.48294823602432757
baseline_train_40_percent,2649,115.9715347,116.21318267393791,-0.24164797393790138,0.24164797393790138
baseline_train_40_percent,2650,115.7558823,115.27736241943501,0.4785198805649884,0.4785198805649884
baseline_train_40_percent,2651,113.4174805,112.84675830474211,0.5707221952578863,0.5707221952578863
baseline_train_40_percent,2652,114.4713516,113.78129279657313,0.6900588034268793,0.6900588034268793
baseline_train_40_percent,2653,104.4213257,105.07874691152435,-0.6574212115243512,0.6574212115243512
baseline_train_40_percent,2654,110.3281326,109.85733986761524,0.4707927323847656,0.4707927323847656
baseline_train_40_percent,2655,99.67934418,100.63403442030369,-0.954690240303691,0.954690240303691
baseline_train_40_percent,2656,114.7730789,113.86818745740828,0.9048914425917189,0.9048914425917189
baseline_train_40_percent,2657,116.7171555,116.27903805033448,0.43811744966552624,0.43811744966552624
baseline_train_40_percent,2658,117.9736633,117.98990368062576,-0.016240380625760054,0.016240380625760054
baseline_train_40_percent,2659,119.7718506,119.72668852722157,0.045162072778424545,0.045162072778424545
baseline_train_40_percent,2660,117.3511658,117.13823121532752,0.21293458467248172,0.21293458467248172
baseline_train_40_percent,2661,115.6464615,115.17807371859858,0.4683877814014181,0.4683877814014181
baseline_train_40_percent,2662,116.6551666,117.25703862375525,-0.6018720237552486,0.6018720237552486
baseline_train_40_percent,2663,118.7526474,118.91347256609244,-0.1608251660924367,0.1608251660924367
baseline_train_40_percent,2664,119.8896637,118.91912818492335,0.9705355150766479,0.9705355150766479
baseline_train_40_percent,2665,119.8527756,119.60461625966255,0.2481593403374518,0.2481593403374518
baseline_train_40_percent,2666,117.4843216,117.75834465328788,-0.2740230532878769,0.2740230532878769
baseline_train_40_percent,2667,118.3685074,118.59463057087723,-0.22612317087723,0.22612317087723
baseline_train_40_percent,2668,117.8530121,117.25123966177959,0.6017724382204079,0.6017724382204079
baseline_train_40_percent,2669,118.6713333,119.23717821426514,-0.565844914265142,0.565844914265142
baseline_train_40_percent,2670,120.3489532,120.16926557441414,0.17968762558585638,0.17968762558585638
baseline_train_40_percent,2671,121.6592026,122.09297887158075,-0.43377627158075427,0.43377627158075427
baseline_train_40_percent,2672,121.8287277,121.5961244204345,0.2326032795654953,0.2326032795654953
baseline_train_40_percent,2673,122.3274612,122.39388441347639,-0.06642321347638358,0.06642321347638358
baseline_train_40_percent,2674,119.6838455,119.54236319069456,0.14148230930544514,0.14148230930544514
baseline_train_40_percent,2675,118.8340607,118.32294600278763,0.5111146972123635,0.5111146972123635
baseline_train_40_percent,2676,116.7947769,116.66109110895925,0.1336857910407474,0.1336857910407474
baseline_train_40_percent,2677,116.3181381,116.32754717447938,-0.009409074479378887,0.009409074479378887
baseline_train_40_percent,2678,117.2709732,116.97701674266384,0.29395645733616504,0.29395645733616504
baseline_train_40_percent,2679,117.9972,117.55232279725018,0.44487720274982223,0.44487720274982223
baseline_train_40_percent,2680,119.1878281,119.56474415045638,-0.3769160504563729,0.3769160504563729
baseline_train_40_percent,2681,119.9376678,119.80098714206252,0.1366806579374753,0.1366806579374753
baseline_train_40_percent,2682,118.9364395,118.58797011342773,0.3484693865722761,0.3484693865722761
baseline_train_40_percent,2683,114.9874115,114.18073690950011,0.8066745904998811,0.8066745904998811
baseline_train_40_percent,2684,114.5558472,114.49346941920074,0.0623777807992667,0.0623777807992667
baseline_train_40_percent,2685,114.1240997,113.81786954816721,0.3062301518327928,0.3062301518327928
baseline_train_40_percent,2686,116.8179474,116.23422357319478,0.5837238268052118,0.5837238268052118
baseline_train_40_percent,2687,117.5344849,117.02698006411738,0.5075048358826137,0.5075048358826137
baseline_train_40_percent,2688,117.1850357,116.53965625567223,0.6453794443277729,0.6453794443277729
baseline_train_40_percent,2689,114.0997314,114.81466850665258,-0.7149371066525845,0.7149371066525845
baseline_train_40_percent,2690,114.0134811,114.2696921076401,-0.25621100764008986,0.25621100764008986
baseline_train_40_percent,2691,114.3991013,113.0347197156011,1.364381584398899,1.364381584398899
matrix_train_30_percent,2692,116.4957428,116.24448575152492,0.25125704847508246,0.25125704847508246
matrix_train_30_percent,2693,120.4576111,120.11978638337112,0.33782471662887303,0.33782471662887303
matrix_train_30_percent,2694,115.701355,116.00006529266382,-0.298710292663813,0.298710292663813
matrix_train_30_percent,2695,118.204895,117.2158684361062,0.9890265638937876,0.9890265638937876
matrix_train_30_percent,2696,114.8955994,113.83873157386324,1.0568678261367523,1.0568678261367523
matrix_train_30_percent,2697,113.7043076,113.83484185439035,-0.13053425439034072,0.13053425439034072
matrix_train_30_percent,2698,113.2563095,112.37469245866777,0.881617041332234,0.881617041332234
matrix_train_30_percent,2699,114.5582504,113.90624892649203,0.6520014735079798,0.6520014735079798
matrix_train_30_percent,2700,117.6501236,116.9994367224874,0.650686877512598,0.650686877512598
matrix_train_30_percent,2701,117.4843216,116.46095164183293,1.0233699581670663,1.0233699581670663
matrix_train_30_percent,2702,117.3607254,116.18287830209641,1.1778470979035944,1.1778470979035944
matrix_train_30_percent,2703,117.0699615,116.40243439621327,0.667527103786739,0.667527103786739
matrix_train_30_percent,2704,116.527359,116.02504048558406,0.502318514415947,0.502318514415947
matrix_train_30_percent,2705,112.2978058,111.15627306610828,1.1415327338917223,1.1415327338917223
matrix_train_30_percent,2706,112.635231,111.39600618072465,1.2392248192753499,1.2392248192753499
matrix_train_30_percent,2707,112.7739639,112.29690132501655,0.4770625749834494,0.4770625749834494
matrix_train_30_percent,2708,113.9207077,114.42667115026784,-0.5059634502678421,0.5059634502678421
matrix_train_30_percent,2709,114.5930328,113.14258157386189,1.4504512261381137,1.4504512261381137
matrix_train_30_percent,2710,114.1234818,113.70007384716719,0.42340795283280386,0.42340795283280386
matrix_train_30_percent,2711,115.0907211,114.13995669835676,0.9507644016432408,0.9507644016432408
matrix_train_30_percent,2712,116.8366776,115.89852990322615,0.9381476967738536,0.9381476967738536
matrix_train_30_percent,2713,114.6977081,113.93605972258842,0.761648377411575,0.761648377411575
matrix_train_30_percent,2714,113.6498718,112.92577740115648,0.7240943988435191,0.7240943988435191
matrix_train_30_percent,2715,116.2880249,116.52021795011818,-0.23219305011818392,0.23219305011818392
matrix_train_30_percent,2716,121.9140625,121.35313771348264,0.5609247865173614,0.5609247865173614
matrix_train_30_percent,2717,121.9126282,121.79999922789817,0.11262897210183098,0.11262897210183098
matrix_train_30_percent,2718,121.8513947,121.75345492221693,0.0979397777830684,0.0979397777830684
matrix_train_30_percent,2719,121.1860733,120.38518509773918,0.8008882022608219,0.8008882022608219
matrix_train_30_percent,2720,120.0487061,119.79824598056524,0.2504601194347629,0.2504601194347629
matrix_train_30_percent,2721,119.9300766,119.90088497484484,0.029191625155164047,0.029191625155164047
matrix_train_30_percent,2722,118.6942673,118.56490554210559,0.12936175789441506,0.12936175789441506
matrix_train_30_percent,2723,120.1761398,120.7185541642946,-0.5424143642946007,0.5424143642946007
matrix_train_30_percent,2724,118.3277664,118.03846812188806,0.28929827811194286,0.28929827811194286
matrix_train_30_percent,2725,118.4452744,117.87156094060994,0.5737134593900635,0.5737134593900635
matrix_train_30_percent,2726,118.326683,118.07416338807316,0.2525196119268429,0.2525196119268429
matrix_train_30_percent,2727,117.9253311,117.33242434691836,0.5929067530816354,0.5929067530816354
matrix_train_30_percent,2728,117.0969543,116.47350767958343,0.6234466204165585,0.6234466204165585
matrix_train_30_percent,2729,117.1332779,116.05563923820665,1.077638661793344,1.077638661793344
matrix_train_30_percent,2730,117.1625519,117.3884208226755,-0.2258689226755024,0.2258689226755024
matrix_train_30_percent,2731,120.2886047,121.08441494151144,-0.7958102415114467,0.7958102415114467
matrix_train_30_percent,2732,119.1806793,119.77105294953003,-0.5903736495300365,0.5903736495300365
matrix_train_30_percent,2733,119.7154083,119.86373323788918,-0.14832493788917134,0.14832493788917134
matrix_train_30_percent,2734,117.4720612,116.76602662875239,0.7060345712476135,0.7060345712476135
matrix_train_30_percent,2735,116.4857864,116.3683381176874,0.11744828231259419,0.11744828231259419
matrix_train_30_percent,2736,114.5542679,114.63505620988595,-0.08078830988594632,0.08078830988594632
matrix_train_30_percent,2737,116.2378387,116.50996087359037,-0.2721221735903754,0.2721221735903754
matrix_train_30_percent,2738,121.847435,122.11828981109886,-0.27085481109885734,0.27085481109885734
matrix_train_30_percent,2739,123.4731674,123.67183704732956,-0.1986696473295666,0.1986696473295666
matrix_train_30_percent,2740,118.2254028,120.56573081610676,-2.340328016106767,2.340328016106767
matrix_train_30_percent,2741,124.1189194,123.75765962346689,0.36125977653310315,0.36125977653310315
matrix_train_30_percent,2742,120.9437103,120.395392587943,0.5483177120570133,0.5483177120570133
matrix_train_30_percent,2743,116.9598694,116.29485239879963,0.6650170012003684,0.6650170012003684
matrix_train_30_percent,2744,115.9557495,115.90041130586046,0.05533819413953722,0.05533819413953722
matrix_train_30_percent,2745,118.7447586,118.94304003591942,-0.19828143591942649,0.19828143591942649
matrix_train_30_percent,2746,122.2013626,121.97623315268025,0.2251294473197447,0.2251294473197447
matrix_train_30_percent,2747,122.6145782,123.21383147040368,-0.599253270403679,0.599253270403679
matrix_train_30_percent,2748,124.8728943,125.53496527801218,-0.6620709780121814,0.6620709780121814
matrix_train_30_percent,2749,125.9041824,125.95764939038966,-0.053466990389665625,0.053466990389665625
matrix_train_30_percent,2750,121.28405,121.0887451835997,0.19530481640029507,0.19530481640029507
matrix_train_30_percent,2751,120.9353561,119.64550015584891,1.2898559441510997,1.2898559441510997
matrix_train_30_percent,2752,118.8670273,118.80030640144086,0.0667208985591401,0.0667208985591401
matrix_train_30_percent,2753,121.430809,121.26709308968006,0.1637159103199366,0.1637159103199366
matrix_train_30_percent,2754,123.8361053,123.03394878836632,0.8021565116336831,0.8021565116336831
matrix_train_30_percent,2755,126.2112732,126.29389637104708,-0.08262317104708927,0.08262317104708927
matrix_train_30_percent,2756,126.9453354,125.98909637421058,0.9562390257894293,0.9562390257894293
matrix_train_30_percent,2757,119.8058167,119.48032779620316,0.32548890379683826,0.32548890379683826
matrix_train_30_percent,2758,118.5977402,118.64332309365476,-0.04558289365475332,0.04558289365475332
matrix_train_30_percent,2759,119.8502197,119.85003736310549,0.00018233689451108148,0.00018233689451108148
matrix_train_30_percent,2760,120.4605026,120.67207851613247,-0.21157591613247462,0.21157591613247462
matrix_train_30_percent,2761,123.1987534,123.1952660281081,0.003487371891907287,0.003487371891907287
matrix_train_30_percent,2762,121.7363892,122.09713599669412,-0.3607467966941158,0.3607467966941158
matrix_train_30_percent,2763,126.2676849,126.46816731457932,-0.20048241457931226,0.20048241457931226
matrix_train_30_percent,2764,119.4255829,119.54983713488032,-0.1242542348803255,0.1242542348803255
matrix_train_30_percent,2765,116.326767,115.97612268326742,0.3506443167325841,0.3506443167325841
matrix_train_30_percent,2766,116.9308472,116.67089655260718,0.25995064739282725,0.25995064739282725
matrix_train_30_percent,2767,117.5170898,117.66399113330567,-0.1469013333056779,0.1469013333056779
matrix_train_30_percent,2768,118.205719,118.37359022155127,-0.1678712215512661,0.1678712215512661
matrix_train_30_percent,2769,120.0493393,119.73239854282765,0.3169407571723468,0.3169407571723468
matrix_train_30_percent,2770,117.9935837,118.61073999288078,-0.6171562928807788,0.6171562928807788
matrix_train_30_percent,2771,116.9764175,117.43058662702975,-0.45416912702975765,0.45416912702975765
matrix_train_30_percent,2772,113.4076462,113.20937700788105,0.198269192118957,0.198269192118957
matrix_train_30_percent,2773,112.5308762,111.92950767526585,0.6013685247341414,0.6013685247341414
matrix_train_30_percent,2774,123.2775192,122.13221685538826,1.1453023446117356,1.1453023446117356
matrix_train_30_percent,2775,122.8200607,122.43147109002199,0.3885896099780126,0.3885896099780126
matrix_train_30_percent,2776,121.3668518,120.63194868111526,0.7349031188847448,0.7349031188847448
matrix_train_30_percent,2777,119.7032318,119.46999757064003,0.23323422935996518,0.23323422935996518
matrix_train_30_percent,2778,119.6914749,119.43200826486643,0.2594666351335775,0.2594666351335775
matrix_train_30_percent,2779,118.9374161,118.56445725793105,0.3729588420689396,0.3729588420689396
matrix_train_30_percent,2780,120.5202866,120.1061215045856,0.41416509541440405,0.41416509541440405
matrix_train_30_percent,2781,123.1182327,122.69557868728232,0.4226540127176719,0.4226540127176719
matrix_train_30_percent,2782,122.5615082,122.86264375768343,-0.30113555768342337,0.30113555768342337
matrix_train_30_percent,2783,124.4870987,124.17643801178076,0.31066068821924375,0.31066068821924375
matrix_train_30_percent,2784,124.3772964,124.2103332117081,0.16696318829190204,0.16696318829190204
matrix_train_30_percent,2785,122.2984009,121.7972693828932,0.5011315171067992,0.5011315171067992
matrix_train_30_percent,2786,117.5381241,119.34535579735767,-1.8072316973576648,1.8072316973576648
matrix_train_30_percent,2787,119.7500305,119.41024033461531,0.33979016538468443,0.33979016538468443
matrix_train_30_percent,2788,118.8443832,118.72436833969185,0.1200148603081459,0.1200148603081459
matrix_train_30_percent,2789,120.2071228,119.40810673780565,0.7990160621943403,0.7990160621943403
matrix_train_30_percent,2790,119.8892136,119.8621658573864,0.027047742613603987,0.027047742613603987
matrix_train_30_percent,2791,121.8889236,121.23503416466,0.6538894353400053,0.6538894353400053
matrix_train_30_percent,2792,116.2289581,116.16174731065055,0.06721078934944558,0.06721078934944558
matrix_train_30_percent,2793,112.2183304,112.37205519118451,-0.15372479118451565,0.15372479118451565
matrix_train_30_percent,2794,114.2274628,113.13032298890077,1.0971398110992254,1.0971398110992254
matrix_train_30_percent,2795,113.6249619,112.74317393896824,0.8817879610317618,0.8817879610317618
matrix_train_30_percent,2796,116.9709625,116.60337714791642,0.3675853520835801,0.3675853520835801
matrix_train_30_percent,2797,118.73452,118.01256165168277,0.72195834831723,0.72195834831723
matrix_train_30_percent,2798,119.5397339,118.84633721435962,0.6933966856403799,0.6933966856403799
matrix_train_30_percent,2799,109.2667542,109.15356563524477,0.11318856475521955,0.11318856475521955
matrix_train_30_percent,2800,109.8198547,109.04564892171996,0.7742057782800345,0.7742057782800345
matrix_train_30_percent,2801,120.5257111,120.0640367220741,0.4616743779258883,0.4616743779258883
matrix_train_30_percent,2802,120.8165131,120.0251727930843,0.7913403069156999,0.7913403069156999
matrix_train_30_percent,2803,116.2868576,115.64964422289829,0.6372133771017161,0.6372133771017161
matrix_train_30_percent,2804,117.4689713,117.0606506384054,0.4083206615946011,0.4083206615946011
matrix_train_30_percent,2805,115.5244904,115.18456232998835,0.33992807001165204,0.33992807001165204
matrix_train_30_percent,2806,112.26297,112.12296845294257,0.14000154705742318,0.14000154705742318
matrix_train_30_percent,2807,113.3771439,112.93146447312468,0.4456794268753157,0.4456794268753157
matrix_train_30_percent,2808,118.6098404,117.7038844433408,0.9059559566591986,0.9059559566591986
matrix_train_30_percent,2809,120.0601959,119.60222414592657,0.4579717540734265,0.4579717540734265
matrix_train_30_percent,2810,117.6147919,117.29364568457484,0.3211462154251592,0.3211462154251592
matrix_train_30_percent,2811,118.5111923,118.11310476292238,0.3980875370776289,0.3980875370776289
matrix_train_30_percent,2812,115.8607483,115.21838612930723,0.6423621706927634,0.6423621706927634
matrix_train_30_percent,2813,113.5872879,112.8579739690155,0.7293139309845031,0.7293139309845031
matrix_train_30_percent,2814,114.1949692,113.68308005369241,0.5118891463075954,0.5118891463075954
matrix_train_30_percent,2815,112.4307404,111.68352507238326,0.7472153276167433,0.7472153276167433
matrix_train_30_percent,2816,117.6905289,117.25630807121362,0.4342208287863798,0.4342208287863798
matrix_train_30_percent,2817,118.7820435,118.35678939706142,0.425254102938581,0.425254102938581
matrix_train_30_percent,2818,118.2830124,118.91025584561535,-0.6272434456153491,0.6272434456153491
matrix_train_30_percent,2819,120.4508438,120.63895649869617,-0.1881126986961732,0.1881126986961732
matrix_train_30_percent,2820,119.4247131,119.417904956281,0.006808143718998849,0.006808143718998849
matrix_train_30_percent,2821,116.7766113,116.8909502112827,-0.1143389112827009,0.1143389112827009
matrix_train_30_percent,2822,114.576767,114.17657275236904,0.4001942476309637,0.4001942476309637
matrix_train_30_percent,2823,114.7699738,115.64079574586339,-0.8708219458633835,0.8708219458633835
matrix_train_30_percent,2824,115.9869232,116.33560248349758,-0.3486792834975745,0.3486792834975745
matrix_train_30_percent,2825,120.4229431,120.9125628909176,-0.489619790917601,0.489619790917601
matrix_train_30_percent,2826,119.2046509,119.45125076037715,-0.24659986037714532,0.24659986037714532
matrix_train_30_percent,2827,121.3796616,122.27758396723465,-0.8979223672346421,0.8979223672346421
matrix_train_30_percent,2828,117.4497986,117.61756861285302,-0.16777001285302617,0.16777001285302617
matrix_train_30_percent,2829,116.1767807,116.06337112488791,0.11340957511208671,0.11340957511208671
matrix_train_30_percent,2830,114.5561447,114.19439399465782,0.3617507053421889,0.3617507053421889
matrix_train_30_percent,2831,116.9856796,117.37599612408971,-0.3903165240897124,0.3903165240897124
matrix_train_30_percent,2832,119.7059097,120.15599285523015,-0.4500831552301463,0.4500831552301463
matrix_train_30_percent,2833,121.6488495,122.75743543973212,-1.108585939732123,1.108585939732123
matrix_train_30_percent,2834,122.7635422,123.05113630355847,-0.2875941035584617,0.2875941035584617
matrix_train_30_percent,2835,125.0323181,124.96212042674368,0.07019767325631676,0.07019767325631676
matrix_train_30_percent,2836,120.3559189,121.18539519017673,-0.8294762901767285,0.8294762901767285
matrix_train_30_percent,2837,116.6997681,116.56580655051526,0.13396154948473793,0.13396154948473793
matrix_train_30_percent,2838,115.047905,115.48844223071703,-0.4405372307170268,0.4405372307170268
matrix_train_30_percent,2839,114.2295685,114.6405333096134,-0.41096480961340376,0.41096480961340376
matrix_train_30_percent,2840,118.1997604,118.01962140762107,0.18013899237892872,0.18013899237892872
matrix_train_30_percent,2841,120.0239105,119.82948763124648,0.1944228687535201,0.1944228687535201
matrix_train_30_percent,2842,120.3854904,120.74293839515357,-0.35744799515357784,0.35744799515357784
matrix_train_30_percent,2843,117.4282761,117.40682762271483,0.021448477285176182,0.021448477285176182
matrix_train_30_percent,2844,112.5471725,112.7679269937295,-0.22075449372950118,0.22075449372950118
matrix_train_30_percent,2845,108.3966827,107.98097208592375,0.41571061407624654,0.41571061407624654
matrix_train_30_percent,2846,112.6988678,113.17259300908601,-0.47372520908601246,0.47372520908601246
matrix_train_30_percent,2847,115.9028549,116.64305479292865,-0.7401998929286577,0.7401998929286577
matrix_train_30_percent,2848,115.9998474,116.24780209028614,-0.24795469028615003,0.24795469028615003
matrix_train_30_percent,2849,119.8521576,119.94666078913696,-0.0945031891369581,0.0945031891369581
matrix_train_30_percent,2850,121.4365387,120.80900682559847,0.6275318744015266,0.6275318744015266
matrix_train_30_percent,2851,114.1148682,114.1912584088207,-0.07639020882069758,0.07639020882069758
matrix_train_30_percent,2852,110.2860641,109.79935769772365,0.4867064022763543,0.4867064022763543
matrix_train_30_percent,2853,106.4004059,106.54014992333136,-0.13974402333136027,0.13974402333136027
matrix_train_30_percent,2854,109.8196869,108.94444620996993,0.8752406900300684,0.8752406900300684
matrix_train_30_percent,2855,111.6301117,111.52760622350837,0.10250547649162911,0.10250547649162911
matrix_train_30_percent,2856,110.7815399,111.40774341037712,-0.626203510377124,0.626203510377124
matrix_train_30_percent,2857,114.0393448,114.30875556411596,-0.26941076411596043,0.26941076411596043
matrix_train_30_percent,2858,113.5575638,112.62448843520902,0.9330753647909802,0.9330753647909802
matrix_train_30_percent,2859,110.9589844,111.13381538951536,-0.1748309895153568,0.1748309895153568
matrix_train_30_percent,2860,108.8357544,108.86698331896538,-0.03122891896538249,0.03122891896538249
matrix_train_30_percent,2861,106.9507675,106.54879543958988,0.4019720604101167,0.4019720604101167
matrix_train_30_percent,2862,107.7158737,107.96104930492203,-0.24517560492202506,0.24517560492202506
matrix_train_30_percent,2863,111.9479904,112.89918153603897,-0.9511911360389718,0.9511911360389718
matrix_train_30_percent,2864,114.2528,113.9503150350615,0.3024849649385004,0.3024849649385004
matrix_train_30_percent,2865,116.4522629,116.93251914537522,-0.48025624537523015,0.48025624537523015
matrix_train_30_percent,2866,117.7834167,117.75726575311965,0.02615094688034958,0.02615094688034958
matrix_train_30_percent,2867,113.2456207,112.52763522440567,0.7179854755943325,0.7179854755943325
matrix_train_30_percent,2868,107.459465,107.01303010183375,0.4464348981662454,0.4464348981662454
matrix_train_30_percent,2869,108.5401154,108.83657960286483,-0.29646420286482567,0.29646420286482567
matrix_train_30_percent,2870,107.4194336,106.87704477911284,0.5423888208871688,0.5423888208871688
matrix_train_30_percent,2871,111.1330338,111.13821576386273,-0.00518196386272507,0.00518196386272507
matrix_train_30_percent,2872,112.6147461,112.89628737515989,-0.28154127515988137,0.28154127515988137
matrix_train_30_percent,2873,115.1960068,114.84829530009915,0.3477114999008535,0.3477114999008535
matrix_train_30_percent,2874,118.0143509,118.14889419745012,-0.13454329745012217,0.13454329745012217
matrix_train_30_percent,2875,111.3225937,111.12146758121096,0.20112611878903408,0.20112611878903408
matrix_train_30_percent,2876,108.786087,107.98882527049437,0.797261729505621,0.797261729505621
matrix_train_30_percent,2877,105.9192123,105.60525800352133,0.3139542964786699,0.3139542964786699
matrix_train_30_percent,2878,99.08345795,101.44486316675666,-2.3614052167566655,2.3614052167566655
matrix_train_30_percent,2879,110.2519608,110.82349269147305,-0.5715318914730432,0.5715318914730432
matrix_train_30_percent,2880,113.2121277,113.3023437914004,-0.0902160914004071,0.0902160914004071
matrix_train_30_percent,2881,115.4021606,114.92920099852351,0.4729596014764894,0.4729596014764894
matrix_train_30_percent,2882,115.8748398,116.63145609344133,-0.7566162934413256,0.7566162934413256
matrix_train_30_percent,2883,110.0185089,108.43283014820655,1.585678751793452,1.585678751793452
matrix_train_30_percent,2884,101.224884,100.99900689832536,0.2258771016746408,0.2258771016746408
matrix_train_30_percent,2885,100.9847488,100.25376438120705,0.7309844187929571,0.7309844187929571
matrix_train_30_percent,2886,98.35639191,99.91714069354015,-1.5607487835401486,1.5607487835401486
matrix_train_30_percent,2887,106.8431015,107.39959194503952,-0.5564904450395147,0.5564904450395147
matrix_train_30_percent,2888,108.1748505,107.72749648526371,0.4473540147362911,0.4473540147362911
matrix_train_30_percent,2889,116.0035553,115.59129042670335,0.4122648732966496,0.4122648732966496
matrix_train_30_percent,2890,115.2176666,115.58927344221021,-0.37160684221021256,0.37160684221021256
matrix_train_30_percent,2891,110.624115,111.60744900866179,-0.9833340086617852,0.9833340086617852
matrix_train_30_percent,2892,105.9036636,105.39252242404653,0.511141175953469,0.511141175953469
matrix_train_30_percent,2893,110.3999176,109.99822985812403,0.40168774187596057,0.40168774187596057
matrix_train_30_percent,2894,112.1325836,112.89189610084473,-0.7593125008447288,0.7593125008447288
matrix_train_30_percent,2895,107.7550964,109.9044981496642,-2.1494017496642073,2.1494017496642073
matrix_train_30_percent,2896,114.1647949,115.15957334006987,-0.9947784400698652,0.9947784400698652
matrix_train_30_percent,2897,110.7414932,111.51145593790706,-0.7699627379070648,0.7699627379070648
matrix_train_30_percent,2898,106.0466843,106.52201477529722,-0.47533047529722694,0.47533047529722694
matrix_train_30_percent,2899,105.2377014,105.1521293618145,0.08557203818550363,0.08557203818550363
matrix_train_30_percent,2900,106.4158478,106.27591546961322,0.13993233038677033,0.13993233038677033
matrix_train_30_percent,2901,106.8840332,106.84951660756305,0.03451659243695815,0.03451659243695815
matrix_train_30_percent,2902,109.9353714,110.81127235268079,-0.8759009526807944,0.8759009526807944
matrix_train_30_percent,2903,114.521492,113.98825418696568,0.5332378130343187,0.5332378130343187
matrix_train_30_percent,2904,115.1351395,114.94537835364694,0.18976114635304953,0.18976114635304953
matrix_train_30_percent,2905,106.0580063,107.04360671186659,-0.9856004118665851,0.9856004118665851
matrix_train_30_percent,2906,101.6074219,102.46422429742377,-0.8568023974237633,0.8568023974237633
matrix_train_30_percent,2907,103.3642044,103.15047791777175,0.2137264822282532,0.2137264822282532
matrix_train_30_percent,2908,104.3649292,103.5747836891029,0.7901455108971049,0.7901455108971049
matrix_train_30_percent,2909,106.2651215,107.59272536150762,-1.3276038615076118,1.3276038615076118
matrix_train_30_percent,2910,106.8246155,106.65324023499596,0.17137526500403055,0.17137526500403055
matrix_train_30_percent,2911,105.391922,105.99318162830278,-0.6012596283027847,0.6012596283027847
matrix_train_30_percent,2912,107.9554749,107.92901976524847,0.026455134751529386,0.026455134751529386
matrix_train_30_percent,2913,110.9133911,110.96587205671553,-0.05248095671552733,0.05248095671552733
matrix_train_30_percent,2914,106.7267075,108.53451844827443,-1.8078109482744225,1.8078109482744225
matrix_train_30_percent,2915,111.9722595,112.45376535089494,-0.4815058508949335,0.4815058508949335
matrix_train_30_percent,2916,111.7746429,112.81617952501173,-1.0415366250117302,1.0415366250117302
matrix_train_30_percent,2917,108.6902695,108.9131673430932,-0.22289784309320737,0.22289784309320737
matrix_train_30_percent,2918,106.2306137,106.30342463970953,-0.07281093970952668,0.07281093970952668
matrix_train_30_percent,2919,105.9181671,104.4846601146599,1.4335069853401023,1.4335069853401023
matrix_train_30_percent,2920,105.0118866,104.43375945227034,0.5781271477296599,0.5781271477296599
matrix_train_30_percent,2921,105.3797989,104.21060923965962,1.169189660340379,1.169189660340379
matrix_train_30_percent,2922,109.1617355,108.72787711003264,0.43385838996736936,0.43385838996736936
matrix_train_30_percent,2923,109.8967133,108.97318420295501,0.923529097044991,0.923529097044991
matrix_train_30_percent,2924,113.737114,113.27096447550308,0.46614952449692737,0.46614952449692737
matrix_train_30_percent,2925,112.4652328,111.40239572843328,1.0628370715667188,1.0628370715667188
matrix_train_30_percent,2926,109.3555984,108.94355785027128,0.4120405497287294,0.4120405497287294
matrix_train_30_percent,2927,107.3689423,106.56959066746735,0.7993516325326482,0.7993516325326482
matrix_train_30_percent,2928,106.4694824,105.59829946160959,0.8711829383904188,0.8711829383904188
matrix_train_30_percent,2929,111.7854309,111.92125649988294,-0.13582559988294918,0.13582559988294918
matrix_train_30_percent,2930,114.0595093,113.46459075731944,0.5949185426805599,0.5949185426805599
matrix_train_30_percent,2931,114.248848,113.58266226333926,0.6661857366607364,0.6661857366607364
matrix_train_30_percent,2932,112.8377151,112.87457869884877,-0.03686359884876822,0.03686359884876822
matrix_train_30_percent,2933,110.0834122,110.35353787662449,-0.27012567662448816,0.27012567662448816
matrix_train_30_percent,2934,106.9224167,106.54625670730302,0.37615999269698364,0.37615999269698364
matrix_train_30_percent,2935,105.6930313,105.40703599363127,0.2859953063687328,0.2859953063687328
matrix_train_30_percent,2936,111.2213287,110.81389042126749,0.4074382787325135,0.4074382787325135
matrix_train_30_percent,2937,111.7356491,111.41489945674023,0.3207496432597736,0.3207496432597736
matrix_train_30_percent,2938,112.4615173,112.82454918515356,-0.36303188515356055,0.36303188515356055
matrix_train_30_percent,2939,106.9764938,107.34653127599715,-0.370037475997151,0.370037475997151
matrix_train_30_percent,2940,102.1031418,101.61549683469123,0.48764496530877466,0.48764496530877466
matrix_train_30_percent,2941,104.1299515,103.49124145132205,0.6387100486779502,0.6387100486779502
matrix_train_30_percent,2942,103.371048,102.7575491203431,0.6134988796569019,0.6134988796569019
matrix_train_30_percent,2943,104.8227615,104.43333478881983,0.3894267111801639,0.3894267111801639
matrix_train_30_percent,2944,106.3943787,106.44474557636751,-0.05036687636750514,0.05036687636750514
matrix_train_30_percent,2945,113.3579254,112.2556210071909,1.1023043928091028,1.1023043928091028
matrix_train_30_percent,2946,112.9883957,112.39590069939693,0.5924950006030656,0.5924950006030656
matrix_train_30_percent,2947,112.2483978,111.75230770966525,0.4960900903347607,0.4960900903347607
matrix_train_30_percent,2948,109.9161148,109.16217859861334,0.7539362013866651,0.7539362013866651
matrix_train_30_percent,2949,113.3073578,112.67838985753099,0.6289679424690178,0.6289679424690178
matrix_train_30_percent,2950,114.7001877,113.11400988902234,1.5861778109776594,1.5861778109776594
matrix_train_30_percent,2951,115.8548279,115.62894234717619,0.2258855528238115,0.2258855528238115
matrix_train_30_percent,2952,117.9798203,118.13624312334412,-0.1564228233441156,0.1564228233441156
matrix_train_30_percent,2953,114.9639664,113.87052280626106,1.0934435937389395,1.0934435937389395
matrix_train_30_percent,2954,110.2987061,109.74696527679777,0.5517408232022376,0.5517408232022376
matrix_train_30_percent,2955,108.2385788,107.95483737962377,0.28374142037623074,0.28374142037623074
matrix_train_30_percent,2956,106.7537766,108.78683334653171,-2.033056746531713,2.033056746531713
matrix_train_30_percent,2957,115.9456406,115.57446319419768,0.37117740580232805,0.37117740580232805
matrix_train_30_percent,2958,118.8663406,119.14454413535493,-0.27820353535493325,0.27820353535493325
matrix_train_30_percent,2959,121.6829987,121.3246544457352,0.358344254264793,0.358344254264793
matrix_train_30_percent,2960,116.9792633,116.12284441913542,0.856418880864581,0.856418880864581
matrix_train_30_percent,2961,111.7273788,110.98682705140709,0.7405517485929067,0.7405517485929067
matrix_train_30_percent,2962,109.3482132,109.30750728256048,0.04070591743952434,0.04070591743952434
matrix_train_30_percent,2963,110.5406799,110.24150658611606,0.29917331388394075,0.29917331388394075
matrix_train_30_percent,2964,114.4400253,113.51712575804058,0.9228995419594241,0.9228995419594241
matrix_train_30_percent,2965,114.5219498,116.06911113759313,-1.5471613375931241,1.5471613375931241
matrix_train_30_percent,2966,121.3656769,121.1979507808623,0.16772611913769708,0.16772611913769708
matrix_train_30_percent,2967,115.8828659,115.30639572364359,0.5764701763564091,0.5764701763564091
matrix_train_30_percent,2968,108.8769226,108.98021879448616,-0.10329619448616256,0.10329619448616256
matrix_train_30_percent,2969,108.6177673,107.70614691969661,0.9116203803033898,0.9116203803033898
matrix_train_30_percent,2970,107.0394211,107.13154347070353,-0.09212237070353524,0.09212237070353524
matrix_train_30_percent,2971,111.4213638,110.88129291177141,0.5400708882285841,0.5400708882285841
matrix_train_30_percent,2972,112.0352936,112.27355210658513,-0.23825850658512593,0.23825850658512593
matrix_train_30_percent,2973,114.7123871,114.67357047553995,0.03881662446005407,0.03881662446005407
matrix_train_30_percent,2974,118.654068,118.05973877908383,0.5943292209161655,0.5943292209161655
matrix_train_30_percent,2975,110.5130386,110.17987459950808,0.3331640004919194,0.3331640004919194
matrix_train_30_percent,2976,108.0625992,108.61164115738342,-0.5490419573834231,0.5490419573834231
matrix_train_30_percent,2977,109.3815994,108.27243610293279,1.1091632970672123,1.1091632970672123
matrix_train_30_percent,2978,109.1412354,108.79295718446787,0.3482782155321331,0.3482782155321331
matrix_train_30_percent,2979,111.8915558,111.76244126317538,0.12911453682463048,0.12911453682463048
matrix_train_30_percent,2980,114.2106934,112.96064229606216,1.2500511039378353,1.2500511039378353
matrix_train_30_percent,2981,113.6068954,112.84758500638802,0.7593103936119832,0.7593103936119832
matrix_train_30_percent,2982,118.47435,118.84066659879083,-0.36631659879083145,0.36631659879083145
matrix_train_30_percent,2983,110.2496719,110.37176680791875,-0.12209490791875055,0.12209490791875055
matrix_train_30_percent,2984,108.2594604,107.67832448803047,0.5811359119695254,0.5811359119695254
matrix_train_30_percent,2985,106.6255646,106.31696449967421,0.30860010032579055,0.30860010032579055
matrix_train_30_percent,2986,106.9401398,106.6551746356796,0.284965164320397,0.284965164320397
matrix_train_30_percent,2987,110.9929733,110.06510252234297,0.9278707776570343,0.9278707776570343
matrix_train_30_percent,2988,111.579361,110.45803586767138,1.1213251323286215,1.1213251323286215
matrix_train_30_percent,2989,111.3375549,109.99418100439203,1.343373895607968,1.343373895607968
matrix_train_30_percent,2990,110.084816,109.96492412019799,0.11989187980201166,0.11989187980201166
matrix_train_30_percent,2991,106.8206177,106.31130320258323,0.5093144974167672,0.5093144974167672
matrix_train_30_percent,2992,104.0687027,103.5317009791839,0.5370017208161073,0.5370017208161073
matrix_train_30_percent,2993,104.9965286,104.84713277657386,0.149395823426147,0.149395823426147
matrix_train_30_percent,2994,109.1164017,108.61670631725495,0.49969538274504544,0.49969538274504544
matrix_train_30_percent,2995,111.3028488,111.28843557849461,0.014413221505392926,0.014413221505392926
matrix_train_30_percent,2996,113.1429367,112.6974053808664,0.44553131913360744,0.44553131913360744
matrix_train_30_percent,2997,115.7634354,115.03851727331282,0.7249181266871858,0.7249181266871858
matrix_train_30_percent,2998,106.9302216,107.09891013665344,-0.1686885366534483,0.1686885366534483
matrix_train_30_percent,2999,100.8307495,100.00001436783165,0.8307351321683427,0.8307351321683427
matrix_train_30_percent,3000,102.3073578,101.56635004059717,0.7410077594028337,0.7410077594028337
matrix_train_30_percent,3001,102.8158493,101.49028545953716,1.3255638404628343,1.3255638404628343
matrix_train_30_percent,3002,104.9983521,104.46489399363796,0.5334581063620476,0.5334581063620476
matrix_train_30_percent,3003,110.6182404,109.60089383503114,1.017346564968861,1.017346564968861
matrix_train_30_percent,3004,109.5201721,109.00387870693345,0.5162933930665474,0.5162933930665474
matrix_train_30_percent,3005,105.0055847,104.55672735382926,0.44885734617074036,0.44885734617074036
matrix_train_30_percent,3006,107.5417786,106.6120572646296,0.9297213353704024,0.9297213353704024
matrix_train_30_percent,3007,106.2968597,105.91121261137248,0.38564708862752184,0.38564708862752184
matrix_train_30_percent,3008,106.4949188,106.4564746929085,0.03844410709149315,0.03844410709149315
matrix_train_30_percent,3009,110.7061844,110.29537632788202,0.4108080721179732,0.4108080721179732
matrix_train_30_percent,3010,113.0690079,112.21568579946117,0.8533221005388327,0.8533221005388327
matrix_train_30_percent,3011,113.0559082,113.1588985658196,-0.10299036581959342,0.10299036581959342
matrix_train_30_percent,3012,117.0529327,117.73361909145083,-0.6806863914508341,0.6806863914508341
matrix_train_30_percent,3013,112.2234955,111.51850839321433,0.7049871067856657,0.7049871067856657
matrix_train_30_percent,3014,102.6058044,103.39956461667582,-0.7937602166758211,0.7937602166758211
matrix_train_30_percent,3015,104.6494064,104.04161912441809,0.6077872755819129,0.6077872755819129
matrix_train_30_percent,3016,104.8185043,104.26820866094164,0.550295639058362,0.550295639058362
matrix_train_30_percent,3017,110.3559875,109.8866173010425,0.4693701989574919,0.4693701989574919
matrix_train_30_percent,3018,114.1593552,113.6166336356047,0.5427215643952934,0.5427215643952934
matrix_train_30_percent,3019,113.34729,113.04521338394443,0.30207661605557234,0.30207661605557234
matrix_train_30_percent,3020,117.2551193,116.83090767948931,0.4242116205106896,0.4242116205106896
matrix_train_30_percent,3021,108.8969193,109.04609360004018,-0.14917430004018684,0.14917430004018684
matrix_train_30_percent,3022,104.1054459,103.8183976961854,0.2870482038146065,0.2870482038146065
matrix_train_30_percent,3023,106.3469009,105.52818338786658,0.8187175121334178,0.8187175121334178
matrix_train_30_percent,3024,106.0280991,105.48523844150426,0.5428606584957407,0.5428606584957407
matrix_train_30_percent,3025,109.9731598,109.91417978756353,0.058980012436478546,0.058980012436478546
matrix_train_30_percent,3026,111.4621353,110.96815503754509,0.49398026245491167,0.49398026245491167
matrix_train_30_percent,3027,114.8340988,114.47777173806489,0.35632706193511865,0.35632706193511865
matrix_train_30_percent,3028,117.2530212,116.99702580390328,0.25599539609672206,0.25599539609672206
matrix_train_30_percent,3029,107.4206161,107.79513435008994,-0.37451825008993467,0.37451825008993467
matrix_train_30_percent,3030,104.5464783,102.98933786439419,1.5571404356058167,1.5571404356058167
matrix_train_30_percent,3031,104.6219101,104.01132540768315,0.6105846923168485,0.6105846923168485
matrix_train_30_percent,3032,103.8869324,104.22225578116507,-0.3353233811650682,0.3353233811650682
matrix_train_30_percent,3033,108.6085815,108.61022606360316,-0.0016445636031647837,0.0016445636031647837
matrix_train_30_percent,3034,111.2555084,109.84788703034272,1.407621369657278,1.407621369657278
matrix_train_30_percent,3035,110.280983,109.99958141716554,0.28140158283446226,0.28140158283446226
matrix_train_30_percent,3036,111.2190399,110.90237978106516,0.31666011893483414,0.31666011893483414
matrix_train_30_percent,3037,108.8462601,108.64685089402474,0.19940920597525746,0.19940920597525746
matrix_train_30_percent,3038,104.7060471,104.69476354725369,0.011283552746320424,0.011283552746320424
matrix_train_30_percent,3039,108.6289673,108.6046195333753,0.024347766624700284,0.024347766624700284
matrix_train_30_percent,3040,110.0223846,109.02566688985036,0.996717710149639,0.996717710149639
matrix_train_30_percent,3041,109.2090302,109.12395266954752,0.08507753045248023,0.08507753045248023
matrix_train_30_percent,3042,112.4747391,111.88617026652175,0.5885688334782486,0.5885688334782486
matrix_train_30_percent,3043,112.9391785,111.95762955539095,0.9815489446090453,0.9815489446090453
matrix_train_30_percent,3044,114.5738373,113.92171149480767,0.6521258051923269,0.6521258051923269
matrix_train_30_percent,3045,114.6135406,114.62607304641098,-0.012532446410986608,0.012532446410986608
matrix_train_30_percent,3046,114.9848404,115.19872010237513,-0.21387970237513798,0.21387970237513798
matrix_train_30_percent,3047,114.5345993,114.47120118147909,0.06339811852090804,0.06339811852090804
matrix_train_30_percent,3048,111.1598663,110.34059012285776,0.8192761771422425,0.8192761771422425
matrix_train_30_percent,3049,112.1669464,111.97256217073458,0.19438422926542387,0.19438422926542387
matrix_train_30_percent,3050,110.2428894,109.81719867926876,0.4256907207312395,0.4256907207312395
matrix_train_30_percent,3051,110.559021,110.28826604525672,0.27075495474328193,0.27075495474328193
matrix_train_30_percent,3052,108.6977386,110.0494921926431,-1.3517535926431066,1.3517535926431066
matrix_train_30_percent,3053,112.561554,112.33860396602704,0.22295003397296398,0.22295003397296398
matrix_train_30_percent,3054,110.9803009,110.71569646384017,0.26460443615982854,0.26460443615982854
matrix_train_30_percent,3055,114.7626572,114.53521279438617,0.22744440561383783,0.22744440561383783
matrix_train_30_percent,3056,109.8929596,109.60760641390526,0.2853531860947385,0.2853531860947385
matrix_train_30_percent,3057,104.6898804,104.37510298511575,0.3147774148842615,0.3147774148842615
matrix_train_30_percent,3058,110.3687744,109.81716850166033,0.5516058983396732,0.5516058983396732
matrix_train_30_percent,3059,112.434494,112.13756030219696,0.29693369780304124,0.29693369780304124
matrix_train_30_percent,3060,112.20047,112.0097090672106,0.1907609327894022,0.1907609327894022
matrix_train_30_percent,3061,112.1629028,112.35472030242683,-0.19181750242682938,0.19181750242682938
matrix_train_30_percent,3062,113.7003326,113.08448093315758,0.615851666842417,0.615851666842417
matrix_train_30_percent,3063,108.627182,108.64537043341949,-0.018188433419481953,0.018188433419481953
matrix_train_30_percent,3064,112.6547852,111.41573659719033,1.2390486028096745,1.2390486028096745
matrix_train_30_percent,3065,111.516037,110.5947746471112,0.9212623528888031,0.9212623528888031
matrix_train_30_percent,3066,112.0402222,111.76004670829253,0.28017549170746747,0.28017549170746747
matrix_train_30_percent,3067,111.98526,112.45541195320531,-0.4701519532053169,0.4701519532053169
matrix_train_30_percent,3068,111.7514877,112.03688133784921,-0.2853936378492108,0.2853936378492108
matrix_train_30_percent,3069,110.1108475,109.93013462964574,0.1807128703542702,0.1807128703542702
matrix_train_30_percent,3070,111.3308792,111.51845452366648,-0.18757532366647922,0.18757532366647922
matrix_train_30_percent,3071,111.1216888,111.11738617766193,0.004302622338073547,0.004302622338073547
matrix_train_30_percent,3072,112.5493851,112.03216703453941,0.5172180654605825,0.5172180654605825
matrix_train_30_percent,3073,112.1892776,111.86594496905217,0.3233326309478315,0.3233326309478315
matrix_train_30_percent,3074,113.3477859,113.0889383723896,0.2588475276103992,0.2588475276103992
matrix_train_30_percent,3075,112.4405289,113.08198689865782,-0.6414579986578133,0.6414579986578133
matrix_train_30_percent,3076,112.5799561,112.29679776130028,0.28315833869972096,0.28315833869972096
matrix_train_30_percent,3077,111.9791794,111.72756001075778,0.25161938924222227,0.25161938924222227
matrix_train_30_percent,3078,111.4204559,110.59272878709419,0.827727112905805,0.827727112905805
matrix_train_30_percent,3079,112.3265915,111.88194980642972,0.44464169357028993,0.44464169357028993
matrix_train_30_percent,3080,113.611145,113.41585380006657,0.19529119993342192,0.19529119993342192
matrix_train_30_percent,3081,112.8341675,112.81028821319279,0.023879286807215294,0.023879286807215294
matrix_train_30_percent,3082,111.9648819,111.8413709688798,0.12351093112019385,0.12351093112019385
matrix_train_30_percent,3083,114.0384064,113.55914529034396,0.4792611096560364,0.4792611096560364
matrix_train_30_percent,3084,107.4052429,107.12312703006299,0.2821158699370159,0.2821158699370159
matrix_train_30_percent,3085,110.6375046,109.87987098787805,0.7576336121219498,0.7576336121219498
matrix_train_30_percent,3086,110.5265656,109.14081684799622,1.385748752003778,1.385748752003778
matrix_train_30_percent,3087,112.0415192,110.82395921986101,1.2175599801389865,1.2175599801389865
matrix_train_30_percent,3088,109.26828,108.33330822215204,0.9349717778479629,0.9349717778479629
matrix_train_30_percent,3089,112.0475311,111.31067794010417,0.7368531598958299,0.7368531598958299
matrix_train_30_percent,3090,113.7999725,113.07195212783176,0.7280203721682312,0.7280203721682312
matrix_train_30_percent,3091,112.7534027,111.80821272041358,0.9451899795864165,0.9451899795864165
matrix_train_30_percent,3092,110.5367584,110.65855878655613,-0.12180038655613146,0.12180038655613146
matrix_train_30_percent,3093,112.5993729,111.9541067054777,0.645266194522307,0.645266194522307
matrix_train_30_percent,3094,113.5665207,113.788801406629,-0.22228070662900734,0.22228070662900734
matrix_train_30_percent,3095,112.5526047,113.06859787336157,-0.515993173361565,0.515993173361565
matrix_train_30_percent,3096,98.86771393,101.76408933852277,-2.896375408522772,2.896375408522772
matrix_train_30_percent,3097,100.6846237,103.03626212626094,-2.3516384262609336,2.3516384262609336
matrix_train_30_percent,3098,108.0361023,107.32587151518976,0.7102307848102356,0.7102307848102356
matrix_train_30_percent,3099,111.1338043,110.28670445319487,0.8470998468051221,0.8470998468051221
matrix_train_30_percent,3100,112.5686417,111.80540955690378,0.7632321430962179,0.7632321430962179
matrix_train_30_percent,3101,114.2250595,113.4863265896472,0.7387329103527946,0.7387329103527946
matrix_train_30_percent,3102,113.8462143,114.16012161675496,-0.31390731675496397,0.31390731675496397
matrix_train_30_percent,3103,114.2842941,114.00004186932632,0.28425223067367256,0.28425223067367256
matrix_train_30_percent,3104,112.826149,112.30863040771301,0.51751859228699,0.51751859228699
matrix_train_30_percent,3105,106.1526108,106.30910306631216,-0.1564922663121564,0.1564922663121564
matrix_train_30_percent,3106,112.2886124,111.40433697910619,0.8842754208938146,0.8842754208938146
matrix_train_30_percent,3107,110.3449631,109.988968803001,0.3559942969990004,0.3559942969990004
matrix_train_30_percent,3108,111.5856171,111.09585801433212,0.4897590856678704,0.4897590856678704
matrix_train_30_percent,3109,114.0234756,113.4706426960152,0.5528329039847932,0.5528329039847932
matrix_train_30_percent,3110,114.3909912,114.3469660014512,0.04402519854880893,0.04402519854880893
matrix_train_30_percent,3111,111.9813766,111.5313116728899,0.4500649271101054,0.4500649271101054
matrix_train_30_percent,3112,114.1450653,112.87181352662552,1.2732517733744828,1.2732517733744828
matrix_train_30_percent,3113,113.3707962,112.40525388287571,0.9655423171242887,0.9655423171242887
matrix_train_30_percent,3114,115.6300278,113.02186206581793,2.608165734182066,2.608165734182066
matrix_train_30_percent,3115,115.9658585,112.83560223240084,3.130256267599151,3.130256267599151
matrix_train_30_percent,3116,117.1607819,114.68242325889882,2.478358641101181,2.478358641101181
matrix_train_30_percent,3117,112.1597595,109.75931584683495,2.4004436531650555,2.4004436531650555
matrix_train_30_percent,3118,113.1923828,110.67433050627803,2.518052293721979,2.518052293721979
matrix_train_30_percent,3119,110.8448181,108.5702785805503,2.2745395194497036,2.2745395194497036
matrix_train_30_percent,3120,116.067482,113.431607907274,2.6358740927259987,2.6358740927259987
matrix_train_30_percent,3121,116.2519302,113.7997887259513,2.4521414740487018,2.4521414740487018
matrix_train_30_percent,3122,114.9567566,112.61138213790275,2.3453744620972543,2.3453744620972543
matrix_train_30_percent,3123,116.5571518,113.89338311338176,2.6637686866182406,2.6637686866182406
matrix_train_30_percent,3124,117.4970551,114.47196587957184,3.025089220428157,3.025089220428157
matrix_train_30_percent,3125,114.5907745,112.20992256354135,2.3808519364586402,2.3808519364586402
matrix_train_30_percent,3126,117.2138748,114.53415511642275,2.6797196835772468,2.6797196835772468
matrix_train_30_percent,3127,113.836937,111.56052725922989,2.27640974077012,2.27640974077012
matrix_train_30_percent,3128,113.6003799,110.49357055914794,3.1068093408520525,3.1068093408520525
matrix_train_30_percent,3129,114.9719238,112.48046258818782,2.4914612118121795,2.4914612118121795
matrix_train_30_percent,3130,114.2317276,110.79599667610151,3.4357309238984897,3.4357309238984897
matrix_train_30_percent,3131,116.4405212,113.23643129435916,3.204089905640842,3.204089905640842
matrix_train_30_percent,3132,116.6377335,114.2041799881345,2.4335535118654974,2.4335535118654974
matrix_train_30_percent,3133,118.1584625,115.2650419942493,2.893420505750697,2.893420505750697
matrix_train_30_percent,3134,118.9351578,116.35235024543184,2.582807554568163,2.582807554568163
matrix_train_30_percent,3135,115.6312866,113.3376525133518,2.293634086648197,2.293634086648197
matrix_train_30_percent,3136,114.6536179,112.23385470884426,2.419763191155738,2.419763191155738
matrix_train_30_percent,3137,114.8360977,111.74822262682682,3.08787507317318,3.08787507317318
matrix_train_30_percent,3138,113.9780273,110.9670670489435,3.0109602510564883,3.0109602510564883
matrix_train_30_percent,3139,115.3030167,112.0910628209421,3.2119538790579014,3.2119538790579014
matrix_train_30_percent,3140,117.4231186,113.70475326253224,3.718365337467759,3.718365337467759
matrix_train_30_percent,3141,115.7764053,113.06404381085335,2.7123614891466445,2.7123614891466445
matrix_train_30_percent,3142,115.5436707,112.92576209530453,2.6179086046954723,2.6179086046954723
matrix_train_30_percent,3143,114.9446106,112.39557824714475,2.5490323528552494,2.5490323528552494
matrix_train_30_percent,3144,116.4784164,112.9602161164284,3.518200283571602,3.518200283571602
matrix_train_30_percent,3145,116.2403259,113.28304982631224,2.9572760736877655,2.9572760736877655
matrix_train_30_percent,3146,116.1619492,112.87422683089075,3.2877223691092468,3.2877223691092468
matrix_train_30_percent,3147,116.6679153,114.25715633359601,2.4107589664039892,2.4107589664039892
matrix_train_30_percent,3148,118.7213745,116.01812625591995,2.7032482440800436,2.7032482440800436
matrix_train_30_percent,3149,118.5871353,115.81003601830392,2.7770992816960813,2.7770992816960813
matrix_train_30_percent,3150,114.0970001,111.0731053130883,3.023894786911697,3.023894786911697
matrix_train_30_percent,3151,115.7284546,112.30687908395143,3.421575516048577,3.421575516048577
matrix_train_30_percent,3152,114.9899902,111.32160279644376,3.6683874035562383,3.6683874035562383
matrix_train_30_percent,3153,118.1171722,114.47591402355935,3.641258176440644,3.641258176440644
matrix_train_30_percent,3154,116.9393158,114.280237499673,2.659078300326996,2.659078300326996
matrix_train_30_percent,3155,117.3481522,115.03607997106657,2.312072228933431,2.312072228933431
matrix_train_30_percent,3156,114.6941452,111.18124997872336,3.5128952212766364,3.5128952212766364
matrix_train_30_percent,3157,113.4951706,109.7182858471998,3.7768847528002,3.7768847528002
matrix_train_30_percent,3158,115.7884827,111.93502265934941,3.853460040650589,3.853460040650589
matrix_train_30_percent,3159,116.9369659,113.90470560973931,3.0322602902606945,3.0322602902606945
matrix_train_30_percent,3160,115.6016006,112.62508678894135,2.976513811058652,2.976513811058652
matrix_train_30_percent,3161,118.1382904,115.18758449553061,2.9507059044693875,2.9507059044693875
matrix_train_30_percent,3162,114.5072327,111.4966555987565,3.0105771012434985,3.0105771012434985
matrix_train_30_percent,3163,114.0534592,111.37579029817735,2.6776689018226563,2.6776689018226563
matrix_train_30_percent,3164,113.8031921,110.35865592858514,3.4445361714148675,3.4445361714148675
matrix_train_30_percent,3165,114.1209335,110.4091184229159,3.711815077084111,3.711815077084111
matrix_train_30_percent,3166,114.7737885,111.24308378272836,3.5307047172716324,3.5307047172716324
matrix_train_30_percent,3167,115.77845,113.126543826973,2.651906173027001,2.651906173027001
matrix_train_30_percent,3168,117.0827179,113.69409555718347,3.3886223428165323,3.3886223428165323
matrix_train_30_percent,3169,115.4369812,113.02789761173214,2.409083588267862,2.409083588267862
matrix_train_30_percent,3170,112.7442322,109.15491254991362,3.589319650086381,3.589319650086381
matrix_train_30_percent,3171,113.637291,109.96582156988477,3.6714694301152377,3.6714694301152377
matrix_train_30_percent,3172,113.0611649,109.40291960493211,3.6582452950678856,3.6582452950678856
matrix_train_30_percent,3173,112.7136765,109.01766498335239,3.6960115166476157,3.6960115166476157
matrix_train_30_percent,3174,113.8566055,110.52449014410475,3.3321153558952545,3.3321153558952545
matrix_train_30_percent,3175,113.4131317,110.6138809564424,2.799250743557593,2.799250743557593
matrix_train_30_percent,3176,115.7915802,112.06368838339738,3.7278918166026216,3.7278918166026216
matrix_train_30_percent,3177,111.6328964,108.41428552838578,3.2186108716142314,3.2186108716142314
matrix_train_30_percent,3178,112.374855,108.82723941199659,3.54761558800341,3.54761558800341
matrix_train_30_percent,3179,113.1944809,110.50171041575057,2.6927704842494364,2.6927704842494364
matrix_train_30_percent,3180,115.5583344,111.94830489363493,3.6100295063650805,3.6100295063650805
matrix_train_30_percent,3181,116.528862,112.92324714648454,3.605614853515462,3.605614853515462
matrix_train_30_percent,3182,116.063179,112.8228563074443,3.240322692555708,3.240322692555708
matrix_train_30_percent,3183,112.9221344,109.61253511173537,3.3095992882646357,3.3095992882646357
matrix_train_30_percent,3184,115.005043,111.60953504678277,3.3955079532172334,3.3955079532172334
matrix_train_30_percent,3185,114.581337,111.25596615425147,3.3253708457485374,3.3253708457485374
matrix_train_30_percent,3186,116.9805222,113.46063612578406,3.5198860742159326,3.5198860742159326
matrix_train_30_percent,3187,113.4370575,109.75891119522454,3.678146304775453,3.678146304775453
matrix_train_30_percent,3188,114.2362213,110.77716332971963,3.4590579702803694,3.4590579702803694
matrix_train_30_percent,3189,112.6931229,109.63685248421017,3.0562704157898395,3.0562704157898395
matrix_train_30_percent,3190,115.0806427,112.27515559832383,2.8054871016761638,2.8054871016761638
matrix_train_30_percent,3191,116.0856018,112.68756951496677,3.3980322850332385,3.3980322850332385
matrix_train_30_percent,3192,116.027298,112.62520469299761,3.4020933070023887,3.4020933070023887
matrix_train_30_percent,3193,115.9689941,112.56283767153883,3.4061564284611734,3.4061564284611734
matrix_train_30_percent,3194,115.9106903,112.50045484451805,3.4102354554819527,3.4102354554819527
matrix_train_30_percent,3195,115.8523865,112.4380882994752,3.4142982005247973,3.4142982005247973
matrix_train_30_percent,3196,115.7940826,112.37572631741634,3.418356282583659,3.418356282583659
matrix_train_30_percent,3197,115.7357788,112.31334812946339,3.422430670536613,3.422430670536613
matrix_train_30_percent,3198,115.677475,112.25097646481831,3.4264985351816932,3.4264985351816932
matrix_train_30_percent,3199,115.6191711,112.18861155542315,3.4305595445768517,3.4305595445768517
matrix_train_30_percent,3200,115.5608673,112.12623668091679,3.434630619083208,3.434630619083208
matrix_train_30_percent,3201,115.5025711,112.06386265182695,3.4387084481730454,3.4387084481730454
matrix_train_30_percent,3202,115.4442673,112.00150011102788,3.4427671889721267,3.4427671889721267
matrix_train_30_percent,3203,115.3859634,111.93912156638143,3.4468418336185636,3.4468418336185636
matrix_train_30_percent,3204,115.3276596,111.87675499319346,3.450904606806546,3.450904606806546
matrix_train_30_percent,3205,115.2693558,111.81438622989982,3.4549695701001752,3.4549695701001752
matrix_train_30_percent,3206,115.2110519,111.75201012195329,3.4590417780467106,3.4590417780467106
matrix_train_30_percent,3207,115.1527481,111.68964362976955,3.463104470230448,3.463104470230448
matrix_train_30_percent,3208,115.0944443,111.62727827379855,3.467166026201454,3.467166026201454
matrix_train_30_percent,3209,115.0361404,111.564899453611,3.4712409463889884,3.4712409463889884
matrix_train_30_percent,3210,114.9778366,111.50252889304183,3.4753077069581764,3.4753077069581764
matrix_train_30_percent,3211,114.9195328,111.4401669104075,3.4793658895925006,3.4793658895925006
matrix_train_30_percent,3212,114.8612289,111.37778496668503,3.483443933314973,3.483443933314973
matrix_train_30_percent,3213,114.8029251,111.31541824230362,3.487506857696374,3.487506857696374
matrix_train_30_percent,3214,114.7446213,111.25304718962732,3.4915741103726816,3.4915741103726816
matrix_train_30_percent,3215,114.6863251,111.19067730620439,3.4956477937956123,3.4956477937956123
matrix_train_30_percent,3216,114.6280212,111.12830309674347,3.4997181032565408,3.4997181032565408
matrix_train_30_percent,3217,114.5697174,111.06593652228385,3.503780877716153,3.503780877716153
matrix_train_30_percent,3218,114.5114136,111.00356586177627,3.507847738223731,3.507847738223731
matrix_train_30_percent,3219,114.4531097,110.94119180926809,3.511917890731908,3.511917890731908
matrix_train_30_percent,3220,114.3948059,110.87882520172947,3.515980698270525,3.515980698270525
matrix_train_30_percent,3221,114.3365021,110.81645149741921,3.5200506025807954,3.5200506025807954
matrix_train_30_percent,3222,114.2781982,110.75408415063457,3.524114049365437,3.524114049365437
matrix_train_30_percent,3223,114.2198944,110.69171060211201,3.5281837978879906,3.5281837978879906
matrix_train_30_percent,3224,114.1615906,110.6293400488726,3.5322505511273903,3.5322505511273903
matrix_train_30_percent,3225,114.1032867,110.56697029914125,3.5363164008587518,3.5363164008587518
matrix_train_30_percent,3226,114.0449829,110.50460246706255,3.5403804329374395,3.5403804329374395
matrix_train_30_percent,3227,113.9866791,110.4422253941479,3.5444537058521064,3.5444537058521064
matrix_train_30_percent,3228,113.9283752,110.37985883214225,3.548516367857758,3.548516367857758
matrix_train_30_percent,3229,113.8700714,110.31748857912146,3.5525828208785413,3.5525828208785413
matrix_train_30_percent,3230,113.8117752,110.25510915906784,3.556666040932157,3.556666040932157
matrix_train_30_percent,3231,113.7534714,110.19274691129814,3.560724488701851,3.560724488701851
matrix_train_30_percent,3232,113.6951675,110.13037714911282,3.564790350887179,3.564790350887179
matrix_train_30_percent,3233,113.6368637,110.06800228706042,3.568861412939583,3.568861412939583
matrix_train_30_percent,3234,114.1531296,110.46818147649819,3.684948123501812,3.684948123501812
matrix_train_30_percent,3235,111.8963928,108.62463696392876,3.271755836071236,3.271755836071236
matrix_train_30_percent,3236,114.6229095,111.49453593669287,3.128373563307136,3.128373563307136
matrix_train_30_percent,3237,117.8528748,114.28438385803757,3.5684909419624233,3.5684909419624233
matrix_train_30_percent,3238,115.4095459,112.72835451568587,2.6811913843141326,2.6811913843141326
matrix_train_30_percent,3239,115.7085037,113.06277434390576,2.645729356094236,2.645729356094236
matrix_train_30_percent,3240,113.9125595,110.1221861257138,3.7903733742862045,3.7903733742862045
matrix_train_30_percent,3241,111.5334778,107.87623804145055,3.6572397585494514,3.6572397585494514
matrix_train_30_percent,3242,112.5230179,109.3691395975937,3.153878302406298,3.153878302406298
matrix_train_30_percent,3243,115.4314728,111.84106589285342,3.5904069071465727,3.5904069071465727
matrix_train_30_percent,3244,116.8582993,113.56386969722521,3.294429602774784,3.294429602774784
matrix_train_30_percent,3245,111.115921,107.52423720344441,3.5916837965555857,3.5916837965555857
matrix_train_30_percent,3246,113.377861,109.86699675920158,3.510864240798412,3.510864240798412
matrix_train_30_percent,3247,115.6875916,112.08803950274019,3.599552097259817,3.599552097259817
matrix_train_30_percent,3248,106.2541122,102.59338508559728,3.660727114402718,3.660727114402718
matrix_train_30_percent,3249,108.0686646,105.61014277610843,2.458521823891573,2.458521823891573
matrix_train_30_percent,3250,111.4672012,107.98696126648674,3.4802399335132606,3.4802399335132606
matrix_train_30_percent,3251,112.9642029,109.30707244643139,3.6571304535686124,3.6571304535686124
matrix_train_30_percent,3252,115.6086731,112.11224440576292,3.496428694237082,3.496428694237082
matrix_train_30_percent,3253,111.193924,107.6461337722849,3.5477902277150974,3.5477902277150974
matrix_train_30_percent,3254,114.9050827,111.2362850445295,3.668797655470499,3.668797655470499
matrix_train_30_percent,3255,114.1957703,110.77447872570467,3.4212915742953385,3.4212915742953385
matrix_train_30_percent,3256,116.032753,112.35516827417179,3.6775847258282113,3.6775847258282113
matrix_train_30_percent,3257,111.6010513,109.33745686073961,2.2635944392603875,2.2635944392603875
matrix_train_30_percent,3258,112.0887756,108.46735364325791,3.621421956742097,3.621421956742097
matrix_train_30_percent,3259,112.2148972,108.48257343266218,3.7323237673378173,3.7323237673378173
matrix_train_30_percent,3260,113.9816132,110.6406482052437,3.340964994756291,3.340964994756291
matrix_train_30_percent,3261,113.1631546,110.17243631268076,2.9907182873192397,2.9907182873192397
matrix_train_30_percent,3262,111.8507309,109.2105319436359,2.6401989563641024,2.6401989563641024
matrix_train_30_percent,3263,109.9698181,106.67163209425439,3.298186005745606,3.298186005745606
matrix_train_30_percent,3264,109.840538,106.18585376502568,3.6546842349743116,3.6546842349743116
matrix_train_30_percent,3265,110.6204681,107.32004823879554,3.3004198612044604,3.3004198612044604
matrix_train_30_percent,3266,104.9816284,103.09382578095502,1.8878026190449901,1.8878026190449901
matrix_train_30_percent,3267,111.915451,109.75082707849727,2.164623921502738,2.164623921502738
matrix_train_30_percent,3268,113.9361954,110.87938568229502,3.0568097177049793,3.0568097177049793
matrix_train_30_percent,3269,115.7770691,112.05106403113521,3.7260050688647937,3.7260050688647937
matrix_train_30_percent,3270,115.9178848,112.59586920837916,3.32201559162084,3.32201559162084
matrix_train_30_percent,3271,112.4209747,109.2253131743238,3.1956615256762007,3.1956615256762007
matrix_train_30_percent,3272,110.2505875,106.83935645608285,3.411231043917141,3.411231043917141
matrix_train_30_percent,3273,115.1550446,111.94284544448621,3.2121991555137868,3.2121991555137868
matrix_train_30_percent,3274,114.9991455,111.33114953222552,3.6679959677744733,3.6679959677744733
matrix_train_30_percent,3275,115.9341278,112.95827538144589,2.975852418554112,2.975852418554112
matrix_train_30_percent,3276,113.3495102,109.81094599656755,3.5385642034324434,3.5385642034324434
matrix_train_30_percent,3277,116.0270157,112.27840455916188,3.748611140838122,3.748611140838122
matrix_train_30_percent,3278,116.3762512,112.63827800677866,3.737973193221336,3.737973193221336
matrix_train_30_percent,3279,114.1690903,111.53139549941474,2.637694800585251,2.637694800585251
matrix_train_30_percent,3280,114.3211823,111.54050457937113,2.780677720628873,2.780677720628873
matrix_train_30_percent,3281,115.9195709,112.75074040955712,3.168830490442872,3.168830490442872
matrix_train_30_percent,3282,113.779808,110.74115899239992,3.0386490076000854,3.0386490076000854
matrix_train_30_percent,3283,113.9975281,110.3884436095683,3.609084490431698,3.609084490431698
matrix_train_30_percent,3284,113.1109085,110.24060424077693,2.8703042592230616,2.8703042592230616
matrix_train_30_percent,3285,114.4022141,111.15446320085628,3.2477508991437105,3.2477508991437105
matrix_train_30_percent,3286,115.0807419,112.63593938663462,2.4448025133653886,2.4448025133653886
matrix_train_30_percent,3287,116.5835953,113.48536690191075,3.0982283980892475,3.0982283980892475
matrix_train_30_percent,3288,110.9693832,107.90437327148018,3.065009928519814,3.065009928519814
matrix_train_30_percent,3289,114.9395065,111.08669134960425,3.8528151503957417,3.8528151503957417
matrix_train_30_percent,3290,116.1368561,112.7730856852375,3.3637704147624987,3.3637704147624987
matrix_train_30_percent,3291,117.4794388,113.98993151286146,3.4895072871385366,3.4895072871385366
matrix_train_30_percent,3292,116.2271805,113.50560541936734,2.721575080632661,2.721575080632661
matrix_train_30_percent,3293,111.6573639,108.28942580270315,3.367938097296843,3.367938097296843
matrix_train_30_percent,3294,114.072731,110.74965071271828,3.3230802872817264,3.3230802872817264
matrix_train_30_percent,3295,116.5274124,112.98401437928773,3.5433980207122744,3.5433980207122744
matrix_train_30_percent,3296,115.6814957,112.27926122041934,3.402234479580656,3.402234479580656
matrix_train_30_percent,3297,117.1814346,113.86665276562739,3.31478183437261,3.31478183437261
matrix_train_30_percent,3298,112.3156815,109.30068025144779,3.0150012485522097,3.0150012485522097
matrix_train_30_percent,3299,99.29750824,96.51399777633631,2.7835104636636885,2.7835104636636885
matrix_train_30_percent,3300,105.8196945,102.56207796303727,3.257616536962729,3.257616536962729
matrix_train_30_percent,3301,106.3500671,103.78971374371476,2.5603533562852476,2.5603533562852476
matrix_train_30_percent,3302,107.5253906,105.14810591118106,2.377284688818932,2.377284688818932
matrix_train_30_percent,3303,113.857193,110.05720236883829,3.7999906311617053,3.7999906311617053
matrix_train_30_percent,3304,112.6720963,109.03859405316558,3.633502246834425,3.633502246834425
matrix_train_30_percent,3305,114.7966156,111.28009453217723,3.516521067822765,3.516521067822765
matrix_train_30_percent,3306,116.6970673,113.17461949861517,3.5224478013848284,3.5224478013848284
matrix_train_30_percent,3307,106.9446411,103.50627875882768,3.438362341172322,3.438362341172322
matrix_train_30_percent,3308,109.0230331,105.75194044791233,3.271092652087674,3.271092652087674
matrix_train_30_percent,3309,114.9797897,111.18616111247893,3.79362858752107,3.79362858752107
matrix_train_30_percent,3310,115.0345764,112.51033922078258,2.5242371792174225,2.5242371792174225
matrix_train_30_percent,3311,106.731308,103.99282779279086,2.738480207209136,2.738480207209136
matrix_train_30_percent,3312,109.5359497,105.9521538087524,3.583795891247604,3.583795891247604
matrix_train_30_percent,3313,99.37426758,96.22404708381906,3.1502204961809355,3.1502204961809355
matrix_train_30_percent,3314,99.10819244,96.22118913774557,2.8870033022544277,2.8870033022544277
matrix_train_30_percent,3315,105.6874924,102.66154333897931,3.0259490610206825,3.0259490610206825
matrix_train_30_percent,3316,108.0630188,105.78330410050596,2.2797146994940363,2.2797146994940363
matrix_train_30_percent,3317,109.4044189,106.79409981126236,2.61031908873764,2.61031908873764
matrix_train_30_percent,3318,102.7031555,99.9897541875355,2.713401312464498,2.713401312464498
matrix_train_30_percent,3319,106.012352,103.14827595947916,2.8640760405208425,2.8640760405208425
matrix_train_30_percent,3320,105.0374146,103.0599732018614,1.977441398138609,1.977441398138609
matrix_train_30_percent,3321,104.1473312,101.77342030688725,2.3739108931127504,2.3739108931127504
matrix_train_30_percent,3322,104.3777618,101.49743096341489,2.8803308365851166,2.8803308365851166
matrix_train_30_percent,3323,111.236496,107.53555955004751,3.7009364499524935,3.7009364499524935
matrix_train_30_percent,3324,112.5729904,108.78123734900413,3.7917530509958652,3.7917530509958652
matrix_train_30_percent,3325,100.3490753,98.17701080019926,2.17206449980074,2.17206449980074
matrix_train_30_percent,3326,105.0741501,101.37444122656879,3.699708873431206,3.699708873431206
matrix_train_30_percent,3327,102.2396622,100.00001598386146,2.2396462161385386,2.2396462161385386
matrix_train_30_percent,3328,116.7754822,113.01195708643158,3.76352511356842,3.76352511356842
matrix_train_30_percent,3329,115.9005661,112.33285515409692,3.5677109459030873,3.5677109459030873
matrix_train_30_percent,3330,111.2262268,107.43012855442723,3.7960982455727788,3.7960982455727788
matrix_train_30_percent,3331,111.0762405,107.31655907353631,3.759681426463686,3.759681426463686
matrix_train_30_percent,3332,115.1894684,111.47447438201124,3.714994017988758,3.714994017988758
matrix_train_30_percent,3333,115.603508,111.92356599727778,3.6799420027222283,3.6799420027222283
matrix_train_30_percent,3334,111.8622742,108.52084681102616,3.341427388973841,3.341427388973841
matrix_train_30_percent,3335,111.7369003,108.0581531549783,3.6787471450217026,3.6787471450217026
matrix_train_30_percent,3336,114.1044693,111.20697048414735,2.897498815852657,2.897498815852657
matrix_train_30_percent,3337,116.6805115,113.44200697556873,3.2385045244312636,3.2385045244312636
matrix_train_30_percent,3338,112.315506,108.88149599354801,3.4340100064519845,3.4340100064519845
matrix_train_30_percent,3339,112.3361435,109.44266240127237,2.8934810987276336,2.8934810987276336
matrix_train_30_percent,3340,113.5784607,110.16029694309444,3.4181637569055567,3.4181637569055567
matrix_train_30_percent,3341,113.7273636,110.54098402066181,3.186379579338194,3.186379579338194
matrix_train_30_percent,3342,112.257225,108.90961373126255,3.3476112687374524,3.3476112687374524
matrix_train_30_percent,3343,110.0374069,106.53910991198737,3.4982969880126262,3.4982969880126262
matrix_train_30_percent,3344,110.4849625,106.80513207089169,3.679830429108307,3.679830429108307
matrix_train_30_percent,3345,112.4853134,108.72656460157572,3.7587487984242784,3.7587487984242784
matrix_train_30_percent,3346,112.7083817,109.23050862577065,3.4778730742293504,3.4778730742293504
matrix_train_30_percent,3347,114.1275177,110.56319962788243,3.5643180721175725,3.5643180721175725
matrix_train_30_percent,3348,108.9794159,105.46876677139913,3.5106491286008747,3.5106491286008747
matrix_train_30_percent,3349,110.7684174,107.57718975972963,3.1912276402703696,3.1912276402703696
matrix_train_30_percent,3350,110.8459167,107.1466453956553,3.6992713043447054,3.6992713043447054
matrix_train_30_percent,3351,112.5359192,109.95504092134092,2.580878278659071,2.580878278659071
matrix_train_30_percent,3352,110.2766113,107.29981843503138,2.9767928649686155,2.9767928649686155
matrix_train_30_percent,3353,111.819603,108.09326582043876,3.7263371795612414,3.7263371795612414
matrix_train_30_percent,3354,112.836937,109.17462979503176,3.6623072049682435,3.6623072049682435
matrix_train_30_percent,3355,112.9579239,109.82918129645641,3.1287426035435857,3.1287426035435857
matrix_train_30_percent,3356,115.6026611,112.44832319747265,3.1543379025273595,3.1543379025273595
matrix_train_30_percent,3357,114.7311783,111.56325276273814,3.1679255372618513,3.1679255372618513
matrix_train_30_percent,3358,110.4602509,107.02238198793746,3.437868912062541,3.437868912062541
matrix_train_30_percent,3359,109.7321472,107.43992883530944,2.292218364690555,2.292218364690555
matrix_train_30_percent,3360,113.5946274,110.38196952781705,3.2126578721829446,3.2126578721829446
matrix_train_30_percent,3361,115.028244,111.6646191988901,3.363624801109907,3.363624801109907
matrix_train_30_percent,3362,114.3246384,111.13509344967598,3.18954495032402,3.18954495032402
matrix_train_30_percent,3363,115.1201553,111.86075987025527,3.2593954297447283,3.2593954297447283
matrix_train_30_percent,3364,112.5415039,109.57975438660124,2.9617495133987575,2.9617495133987575
matrix_train_30_percent,3365,111.6973419,108.24823787206576,3.44910402793424,3.44910402793424
matrix_train_30_percent,3366,111.7775421,108.12834249387774,3.6491996061222665,3.6491996061222665
matrix_train_30_percent,3367,114.0340424,110.54525707209069,3.488785327909312,3.488785327909312
matrix_train_30_percent,3368,115.7694473,112.07424765903522,3.6951996409647734,3.6951996409647734
matrix_train_30_percent,3369,115.8061447,112.09879653318194,3.707348166818065,3.707348166818065
matrix_train_30_percent,3370,112.6908798,109.41120870282475,3.279671097175253,3.279671097175253
matrix_train_30_percent,3371,110.9330521,107.59243627639185,3.3406158236081467,3.3406158236081467
matrix_train_30_percent,3372,109.9840012,106.3887983251024,3.595202874897595,3.595202874897595
matrix_train_30_percent,3373,111.5748138,108.13377076952864,3.441043030471363,3.441043030471363
matrix_train_30_percent,3374,114.0665283,110.800671075584,3.2658572244159956,3.2658572244159956
matrix_train_30_percent,3375,115.0744781,111.82832601159329,3.2461520884067028,3.2461520884067028
matrix_train_30_percent,3376,115.6259613,112.50087035685573,3.125090943144272,3.125090943144272
matrix_train_30_percent,3377,112.1194153,108.95726453534314,3.1621507646568574,3.1621507646568574
matrix_train_30_percent,3378,110.637001,107.43425300130528,3.2027479986947185,3.2027479986947185
matrix_train_30_percent,3379,113.3508759,110.08278865039772,3.2680872496022886,3.2680872496022886
matrix_train_30_percent,3380,110.1410522,107.4424882547814,2.698563945218609,2.698563945218609
matrix_train_30_percent,3381,113.558403,110.47417780060844,3.084225199391554,3.084225199391554
matrix_train_30_percent,3382,114.6170197,111.99408518858424,2.622934511415764,2.622934511415764
matrix_train_30_percent,3383,111.3368988,107.9981722752463,3.338726524753696,3.338726524753696
matrix_train_30_percent,3384,111.3185196,108.0415175145029,3.2770020854971023,3.2770020854971023
matrix_train_30_percent,3385,111.2236786,107.69702098518049,3.526657614819513,3.526657614819513
matrix_train_30_percent,3386,113.6539612,110.30475865518744,3.349202544812556,3.349202544812556
matrix_train_30_percent,3387,115.3718719,111.79797015069532,3.5739017493046816,3.5739017493046816
matrix_train_30_percent,3388,111.686058,109.05479763520707,2.6312603647929365,2.6312603647929365
matrix_train_30_percent,3389,110.9952164,107.93732500643647,3.057891393563537,3.057891393563537
matrix_train_30_percent,3390,110.3043747,106.81985247461104,3.4845222253889574,3.4845222253889574
matrix_train_30_percent,3391,110.2819214,106.87681433666181,3.4051070633381926,3.4051070633381926
matrix_train_30_percent,3392,112.0977783,108.91990213377645,3.1778761662235553,3.1778761662235553
matrix_train_30_percent,3393,111.6368561,108.84859791692898,2.7882581830710222,2.7882581830710222
matrix_train_30_percent,3394,113.8555145,110.21284038129714,3.642674118702857,3.642674118702857
matrix_train_30_percent,3395,111.8883362,109.06718860239187,2.8211475976081317,2.8211475976081317
matrix_train_30_percent,3396,108.3529205,105.00746707544361,3.345453424556382,3.345453424556382
matrix_train_30_percent,3397,109.8011856,106.01858966216531,3.782595937834685,3.782595937834685
matrix_train_30_percent,3398,112.4525757,109.22447782772961,3.228097872270382,3.228097872270382
matrix_train_30_percent,3399,113.9056473,110.7386135150575,3.167033784942504,3.167033784942504
matrix_train_30_percent,3400,112.455368,109.51172732487221,2.9436406751277957,2.9436406751277957
matrix_train_30_percent,3401,115.0438919,112.70208401653971,2.341807883460291,2.341807883460291
matrix_train_30_percent,3402,111.5476532,108.45814571427053,3.08950748572947,3.08950748572947
matrix_train_30_percent,3403,112.2481842,109.68143908282856,2.566745117171436,2.566745117171436
matrix_train_30_percent,3404,112.9455872,109.72845373999093,3.21713346000908,3.21713346000908
matrix_train_30_percent,3405,114.5020294,111.25532936245406,3.246700037545935,3.246700037545935
matrix_train_30_percent,3406,116.1169052,113.03764454190463,3.0792606580953787,3.0792606580953787
matrix_train_30_percent,3407,115.6338654,113.7537742072492,1.880091192750811,1.880091192750811
matrix_train_30_percent,3408,113.2409515,110.88295064597723,2.3580008540227624,2.3580008540227624
matrix_train_30_percent,3409,110.3551865,108.54160924361135,1.8135772563886547,1.8135772563886547
matrix_train_30_percent,3410,117.1996307,113.92849068103669,3.271140018963308,3.271140018963308
matrix_train_30_percent,3411,117.3400726,113.65061772967817,3.689454870321825,3.689454870321825
matrix_train_30_percent,3412,109.3480453,107.20499543177516,2.1430498682248356,2.1430498682248356
matrix_train_30_percent,3413,112.6796112,109.20146599897569,3.4781452010243044,3.4781452010243044
matrix_train_30_percent,3414,114.7269211,110.98763172986918,3.7392893701308196,3.7392893701308196
matrix_train_30_percent,3415,116.27771,113.23664945525148,3.041060544748518,3.041060544748518
matrix_train_30_percent,3416,113.7613907,110.28595257170613,3.4754381282938738,3.4754381282938738
matrix_train_30_percent,3417,111.3460388,107.66674122989198,3.6792975701080195,3.6792975701080195
matrix_train_30_percent,3418,114.6336288,111.62173848904325,3.011890310956744,3.011890310956744
matrix_train_30_percent,3419,112.5055695,109.49184111373816,3.013728386261832,3.013728386261832
matrix_train_30_percent,3420,111.456955,108.61518582849595,2.8417691715040405,2.8417691715040405
matrix_train_30_percent,3421,111.2167664,108.2543939103275,2.9623724896725037,2.9623724896725037
matrix_train_30_percent,3422,110.9211655,107.55669807119297,3.364467428807032,3.364467428807032
matrix_train_30_percent,3423,114.464241,110.71886850583259,3.7453724941674125,3.7453724941674125
matrix_train_30_percent,3424,113.3676758,110.95238276657057,2.4152930334294354,2.4152930334294354
matrix_train_30_percent,3425,111.735199,108.5161769632886,3.2190220367113938,3.2190220367113938
matrix_train_30_percent,3426,112.8003159,109.92326245717105,2.8770534428289523,2.8770534428289523
matrix_train_30_percent,3427,100.0149155,96.48199372130792,3.532921778692085,3.532921778692085
matrix_train_30_percent,3428,100.765274,97.30112431619723,3.4641496838027734,3.4641496838027734
matrix_train_30_percent,3429,104.9109497,103.25820832159634,1.652741378403661,1.652741378403661
matrix_train_30_percent,3430,99.07959747,95.68253068616312,3.397066783836877,3.397066783836877
matrix_train_30_percent,3431,96.56554413,92.8919188192996,3.6736253107004018,3.6736253107004018
matrix_train_30_percent,3432,102.1820068,98.5720854517124,3.6099213482875996,3.6099213482875996
matrix_train_30_percent,3433,103.6057968,100.63658507987944,2.969211720120555,2.969211720120555
matrix_train_30_percent,3434,105.2285156,102.42271505330913,2.805800546690861,2.805800546690861
matrix_train_30_percent,3435,108.9875336,105.44790458315265,3.539629016847357,3.539629016847357
matrix_train_30_percent,3436,99.93526459,96.61162778637723,3.323636803622776,3.323636803622776
matrix_train_30_percent,3437,99.14794922,95.68839709526515,3.4595521247348557,3.4595521247348557
matrix_train_30_percent,3438,114.3312454,111.47060408660654,2.860641313393458,2.860641313393458
matrix_train_30_percent,3439,116.0468521,113.51278527099417,2.5340668290058233,2.5340668290058233
matrix_train_30_percent,3440,112.8359833,110.09088586841537,2.7450974315846253,2.7450974315846253
matrix_train_30_percent,3441,113.3850861,109.69274142181781,3.692344678182181,3.692344678182181
matrix_train_30_percent,3442,112.9509048,110.0737661220839,2.8771386779161077,2.8771386779161077
matrix_train_30_percent,3443,113.1789093,109.72662309532072,3.4522862046792824,3.4522862046792824
matrix_train_30_percent,3444,115.9037323,112.74688925049524,3.156843049504758,3.156843049504758
matrix_train_30_percent,3445,115.0456467,112.52531807956612,2.5203286204338866,2.5203286204338866
matrix_train_30_percent,3446,111.766922,108.63803137663466,3.1288906233653364,3.1288906233653364
matrix_train_30_percent,3447,113.0761414,109.71840709125529,3.3577343087447105,3.3577343087447105
matrix_train_30_percent,3448,112.1445007,108.4682748910142,3.676225808985791,3.676225808985791
matrix_train_30_percent,3449,112.6311035,109.11731199156961,3.513791508430387,3.513791508430387
matrix_train_30_percent,3450,111.8026733,108.64651138460519,3.1561619153948044,3.1561619153948044
matrix_train_30_percent,3451,114.8605957,111.30251025696853,3.558085443031473,3.558085443031473
matrix_train_30_percent,3452,115.7736511,112.3484687804434,3.4251823195565976,3.4251823195565976
matrix_train_30_percent,3453,117.2304993,113.76491137491175,3.4655879250882577,3.4655879250882577
matrix_train_30_percent,3454,103.592186,101.15547090684008,2.4367150931599184,2.4367150931599184
matrix_train_30_percent,3455,97.69059753,95.82684918725037,1.8637483427496306,1.8637483427496306
matrix_train_30_percent,3456,109.9784851,106.98553273052998,2.992952369470018,2.992952369470018
matrix_train_30_percent,3457,110.9706116,107.8267371430377,3.143874456962294,3.143874456962294
matrix_train_30_percent,3458,115.7388306,112.27828659012091,3.4605440098790865,3.4605440098790865
matrix_train_30_percent,3459,115.1396408,112.43403116484374,2.70560963515625,2.70560963515625
matrix_train_30_percent,3460,115.5743637,112.49574620888296,3.0786174911170434,3.0786174911170434
matrix_train_30_percent,3461,114.4881668,111.41763763415021,3.0705291658497913,3.0705291658497913
matrix_train_30_percent,3462,114.1636734,111.16522712669394,2.998446273306058,2.998446273306058
matrix_train_30_percent,3463,111.943161,108.82263283540277,3.120528164597232,3.120528164597232
matrix_train_30_percent,3464,115.2773132,111.92437571559879,3.3529374844012096,3.3529374844012096
matrix_train_30_percent,3465,117.1673889,114.17261357111396,2.9947753288860497,2.9947753288860497
matrix_train_30_percent,3466,117.0341339,113.90260861686325,3.131525283136753,3.131525283136753
matrix_train_30_percent,3467,112.2649078,109.06028565673007,3.20462214326993,3.20462214326993
matrix_train_30_percent,3468,116.7415009,113.38218078706133,3.3593201129386756,3.3593201129386756
matrix_train_30_percent,3469,113.2733536,110.97858815376414,2.294765446235857,2.294765446235857
matrix_train_30_percent,3470,118.1992645,115.59503773993782,2.6042267600621756,2.6042267600621756
matrix_train_30_percent,3471,118.8366928,116.44866141588878,2.3880313841112155,2.3880313841112155
matrix_train_30_percent,3472,119.1920624,115.95631620575104,3.2357461942489607,3.2357461942489607
matrix_train_30_percent,3473,112.9481659,109.89646710588028,3.05169879411973,3.05169879411973
matrix_train_30_percent,3474,114.4974823,111.39646139914285,3.1010209008571508,3.1010209008571508
matrix_train_30_percent,3475,114.4191284,111.15580470092344,3.2633236990765653,3.2633236990765653
matrix_train_30_percent,3476,116.2198029,112.92378007442967,3.2960228255703328,3.2960228255703328
matrix_train_30_percent,3477,115.6937714,113.64299428204149,2.0507771179585177,2.0507771179585177
matrix_train_30_percent,3478,118.6327133,115.94854161910833,2.68417168089168,2.68417168089168
matrix_train_30_percent,3479,118.4777527,116.50125529123639,1.9764974087636062,1.9764974087636062
matrix_train_30_percent,3480,114.9174805,111.975873454049,2.9416070459510024,2.9416070459510024
matrix_train_30_percent,3481,114.6169968,111.54727331235938,3.0697234876406156,3.0697234876406156
matrix_train_30_percent,3482,114.1691666,110.8414196925031,3.327746907496902,3.327746907496902
matrix_train_30_percent,3483,116.1623764,113.12680273525838,3.0355736647416194,3.0355736647416194
matrix_train_30_percent,3484,117.8978806,114.92120380444364,2.976676795556358,2.976676795556358
matrix_train_30_percent,3485,116.3725891,113.14880117819727,3.2237879218027246,3.2237879218027246
matrix_train_30_percent,3486,117.9412155,115.58058517302234,2.360630326977656,2.360630326977656
matrix_train_30_percent,3487,113.9932632,111.25042729650549,2.742835903494509,2.742835903494509
matrix_train_30_percent,3488,115.0947571,111.31093529547198,3.783821804528017,3.783821804528017
matrix_train_30_percent,3489,113.3278732,109.50474931514714,3.823123884852862,3.823123884852862
matrix_train_30_percent,3490,113.7436447,110.27641971158346,3.4672249884165467,3.4672249884165467
matrix_train_30_percent,3491,117.4256973,114.16955749108865,3.2561398089113425,3.2561398089113425
matrix_train_30_percent,3492,118.214592,115.64012700969673,2.5744649903032695,2.5744649903032695
matrix_train_30_percent,3493,118.486969,115.99484845538318,2.4921205446168244,2.4921205446168244
matrix_train_30_percent,3494,115.0773621,112.27947853858379,2.7978835614162136,2.7978835614162136
matrix_train_30_percent,3495,114.3097992,111.06517109844943,3.2446281015505747,3.2446281015505747
matrix_train_30_percent,3496,115.8999252,112.67567658143882,3.2242486185611767,3.2242486185611767
matrix_train_30_percent,3497,117.7754364,114.96286715220069,2.812569247799317,2.812569247799317
matrix_train_30_percent,3498,116.8336105,114.55639451153432,2.2772159884656844,2.2772159884656844
matrix_train_30_percent,3499,113.5889664,110.3920574354707,3.1969089645292996,3.1969089645292996
matrix_train_30_percent,3500,113.0595779,109.54427342118042,3.515304478819573,3.515304478819573
matrix_train_30_percent,3501,113.0442734,109.6202258566465,3.4240475433534954,3.4240475433534954
matrix_train_30_percent,3502,115.2056503,112.14398401934905,3.061666280650954,3.061666280650954
matrix_train_30_percent,3503,116.6239319,113.29926489110287,3.324667008897137,3.324667008897137
matrix_train_30_percent,3504,115.2632904,112.64405369230784,2.619236707692167,2.619236707692167
matrix_train_30_percent,3505,118.7412415,116.2308047772335,2.5104367227664994,2.5104367227664994
matrix_train_30_percent,3506,113.3251953,111.34784235383052,1.9773529461694892,1.9773529461694892
matrix_train_30_percent,3507,111.9601746,108.65133881897356,3.3088357810264455,3.3088357810264455
matrix_train_30_percent,3508,113.9484482,110.31171252267592,3.636735677324083,3.636735677324083
matrix_train_30_percent,3509,115.1639023,111.88310326541878,3.2807990345812215,3.2807990345812215
matrix_train_30_percent,3510,116.5906754,113.53601888059436,3.05465651940564,3.05465651940564
matrix_train_30_percent,3511,116.6888733,114.06183397580139,2.6270393241986056,2.6270393241986056
matrix_train_30_percent,3512,118.1087418,115.23801230770856,2.8707294922914457,2.8707294922914457
matrix_train_30_percent,3513,114.4966049,111.5882429222031,2.9083619777969005,2.9083619777969005
matrix_train_30_percent,3514,114.2294006,111.31170443398003,2.9176961660199794,2.9176961660199794
matrix_train_30_percent,3515,114.6780624,111.83826712127156,2.8397952787284453,2.8397952787284453
matrix_train_30_percent,3516,114.1610947,111.43738536532199,2.72370933467802,2.72370933467802
matrix_train_30_percent,3517,117.0975418,114.00481773916844,3.092724060831557,3.092724060831557
matrix_train_30_percent,3518,113.947937,110.57927041088467,3.368666589115321,3.368666589115321
matrix_train_30_percent,3519,112.526413,108.90431653571444,3.622096464285562,3.622096464285562
matrix_train_30_percent,3520,113.8477173,110.7852375489085,3.0624797510915016,3.0624797510915016
matrix_train_30_percent,3521,111.9390335,108.53797019778352,3.401063302216471,3.401063302216471
matrix_train_30_percent,3522,114.0922165,111.07035136458293,3.021865135417073,3.021865135417073
matrix_train_30_percent,3523,114.0377426,111.78414355125958,2.2535990487404263,2.2535990487404263
matrix_train_30_percent,3524,113.988205,111.16642988421968,2.821775115780312,2.821775115780312
matrix_train_30_percent,3525,114.3097458,111.77694328467273,2.532802515327276,2.532802515327276
matrix_train_30_percent,3526,113.0886688,110.0451390916759,3.043529708324087,3.043529708324087
matrix_train_30_percent,3527,112.5312958,108.87605249912723,3.655243300872769,3.655243300872769
matrix_train_30_percent,3528,113.1925888,109.95922863529542,3.233360164704578,3.233360164704578
matrix_train_30_percent,3529,113.8790588,111.06433356620138,2.8147252337986117,2.8147252337986117
matrix_train_30_percent,3530,114.6509018,112.2346157344865,2.4162860655135034,2.4162860655135034
matrix_train_30_percent,3531,115.402298,112.75602834408748,2.646269655912519,2.646269655912519
matrix_train_30_percent,3532,118.4564819,115.2326475803932,3.2238343196067945,3.2238343196067945
matrix_train_30_percent,3533,113.1482468,111.16620180106631,1.982044998933688,1.982044998933688
matrix_train_30_percent,3534,113.4857178,110.32768478865977,3.158033011340237,3.158033011340237
matrix_train_30_percent,3535,114.4859238,111.294184457397,3.1917393426030003,3.1917393426030003
matrix_train_30_percent,3536,114.0001526,111.24354641116136,2.7566061888386457,2.7566061888386457
matrix_train_30_percent,3537,115.6725693,112.36567329747298,3.3068960025270258,3.3068960025270258
matrix_train_30_percent,3538,116.6743698,114.21976880721753,2.45460099278246,2.45460099278246
matrix_train_30_percent,3539,115.7910233,113.72205227908893,2.0689710209110785,2.0689710209110785
matrix_train_30_percent,3540,117.6155777,114.84348657458257,2.7720911254174325,2.7720911254174325
matrix_train_30_percent,3541,115.6997604,112.94069979947034,2.759060600529665,2.759060600529665
matrix_train_30_percent,3542,113.1921539,110.89012441816836,2.3020294818316387,2.3020294818316387
matrix_train_30_percent,3543,113.7265244,111.20574783989018,2.520776560109823,2.520776560109823
matrix_train_30_percent,3544,113.9855881,111.38692353136757,2.5986645686324295,2.5986645686324295
matrix_train_30_percent,3545,115.4625931,112.72494481369822,2.7376482863017912,2.7376482863017912
matrix_train_30_percent,3546,118.5302582,115.71271417426983,2.8175440257301716,2.8175440257301716
matrix_train_30_percent,3547,118.8713074,116.60073549863267,2.270571901367333,2.270571901367333
matrix_train_30_percent,3548,121.2473297,118.99110000665056,2.2562296933494395,2.2562296933494395
matrix_train_30_percent,3549,116.0948334,113.97999006745654,2.114843332543458,2.114843332543458
matrix_train_30_percent,3550,113.9102554,111.22534582796406,2.6849095720359344,2.6849095720359344
matrix_train_30_percent,3551,114.439827,111.71010246203286,2.7297245379671295,2.7297245379671295
matrix_train_30_percent,3552,118.2402039,115.21085939977506,3.029344500224937,3.029344500224937
matrix_train_30_percent,3553,119.0460663,116.51547907435992,2.5305872256400903,2.5305872256400903
matrix_train_30_percent,3554,118.1447144,115.77723796776738,2.367476432232621,2.367476432232621
matrix_train_30_percent,3555,117.1724472,114.71068154615897,2.4617656538410273,2.4617656538410273
matrix_train_30_percent,3556,114.9329224,111.42552389948453,3.507398500515464,3.507398500515464
matrix_train_30_percent,3557,113.4440384,110.10621807960791,3.3378203203920833,3.3378203203920833
matrix_train_30_percent,3558,115.7537537,112.03710113033382,3.7166525696661807,3.7166525696661807
matrix_train_30_percent,3559,113.9616623,110.86022559072863,3.1014367092713684,3.1014367092713684
matrix_train_30_percent,3560,117.2380447,114.64213034727108,2.5959143527289257,2.5959143527289257
matrix_train_30_percent,3561,117.5722427,113.81183204070715,3.760410659292859,3.760410659292859
matrix_train_30_percent,3562,115.3341751,111.902488590834,3.431686509165999,3.431686509165999
matrix_train_30_percent,3563,113.8393402,110.77907801743771,3.0602621825622833,3.0602621825622833
matrix_train_30_percent,3564,113.23806,109.43818194440753,3.7998780555924725,3.7998780555924725
matrix_train_30_percent,3565,112.7905502,109.6080021123901,3.182548087609902,3.182548087609902
matrix_train_30_percent,3566,114.0352783,112.30544057036025,1.7298377296397547,1.7298377296397547
matrix_train_30_percent,3567,115.9505539,112.51027720506221,3.4402766949377934,3.4402766949377934
matrix_train_30_percent,3568,117.2107925,113.97494387200632,3.2358486279936756,3.2358486279936756
matrix_train_30_percent,3569,118.6186523,115.17852251091597,3.4401297890840254,3.4401297890840254
matrix_train_30_percent,3570,114.2443237,110.58395280942963,3.6603708905703627,3.6603708905703627
matrix_train_30_percent,3571,112.4838562,109.82471284895341,2.6591433510465947,2.6591433510465947
matrix_train_30_percent,3572,113.5341568,110.7503593972065,2.7837974027935104,2.7837974027935104
matrix_train_30_percent,3573,115.5312576,112.19153144169819,3.339726158301815,3.339726158301815
matrix_train_30_percent,3574,117.379364,114.49560382550126,2.8837601744987325,2.8837601744987325
matrix_train_30_percent,3575,117.7311249,115.16514537379716,2.565979526202838,2.565979526202838
matrix_train_30_percent,3576,114.4899979,112.12641687893098,2.363581021069024,2.363581021069024
matrix_train_30_percent,3577,113.7834473,110.65996603605176,3.12348126394825,3.12348126394825
matrix_train_30_percent,3578,113.8912201,111.05141250970442,2.839807590295578,2.839807590295578
matrix_train_30_percent,3579,114.1184311,111.73318189722401,2.385249202775981,2.385249202775981
matrix_train_30_percent,3580,116.3506241,113.26048221199274,3.090141888007267,3.090141888007267
matrix_train_30_percent,3581,117.2379379,114.42011302762764,2.81782487237237,2.81782487237237
matrix_train_30_percent,3582,116.83564,114.15452725952925,2.681112740470752,2.681112740470752
matrix_train_30_percent,3583,117.2938309,114.59599113349991,2.6978397665000955,2.6978397665000955
matrix_train_30_percent,3584,113.7455902,111.37889832651594,2.366691873484058,2.366691873484058
matrix_train_30_percent,3585,115.6364059,111.96557521977545,3.6708306802245545,3.6708306802245545
matrix_train_30_percent,3586,114.6969147,112.14545624044268,2.5514584595573098,2.5514584595573098
matrix_train_30_percent,3587,114.9545364,111.57604948738387,3.3784869126161254,3.3784869126161254
matrix_train_30_percent,3588,117.4227905,115.12688574715783,2.2959047528421763,2.2959047528421763
matrix_train_30_percent,3589,117.9576035,114.66715210881294,3.2904513911870623,3.2904513911870623
matrix_train_30_percent,3590,117.9826584,115.67191122813526,2.3107471718647474,2.3107471718647474
matrix_train_30_percent,3591,117.9874954,115.32381425282425,2.663681147175751,2.663681147175751
matrix_train_30_percent,3592,113.5311966,110.98875365937856,2.5424429406214415,2.5424429406214415
matrix_train_30_percent,3593,115.9004211,112.92094433393838,2.979476766061623,2.979476766061623
matrix_train_30_percent,3594,114.8153915,111.74578700934929,3.0696044906507183,3.0696044906507183
matrix_train_30_percent,3595,117.6986771,114.35124145704162,3.3474356429583736,3.3474356429583736
matrix_train_30_percent,3596,120.117157,117.12443310183973,2.9927238981602784,2.9927238981602784
matrix_train_30_percent,3597,119.9488983,117.21917324812075,2.7297250518792424,2.7297250518792424
matrix_train_30_percent,3598,113.5444107,110.17175477416924,3.372655925830756,3.372655925830756
matrix_train_30_percent,3599,113.7134018,110.51217950693055,3.201222293069449,3.201222293069449
matrix_train_30_percent,3600,113.2771683,110.80258562646618,2.474582673533817,2.474582673533817
matrix_train_30_percent,3601,114.9057541,112.02941789841697,2.8763362015830296,2.8763362015830296
matrix_train_30_percent,3602,115.310318,111.73243358866598,3.5778844113340114,3.5778844113340114
matrix_train_30_percent,3603,114.5572968,112.29630868353782,2.260988116462187,2.260988116462187
matrix_train_30_percent,3604,118.1339035,115.26511442120353,2.8687890787964676,2.8687890787964676
matrix_train_30_percent,3605,113.396965,110.40300244040708,2.993962559592916,2.993962559592916
matrix_train_30_percent,3606,113.9032211,110.39127211855637,3.5119489814436236,3.5119489814436236
matrix_train_30_percent,3607,113.864975,110.43924287369134,3.4257321263086595,3.4257321263086595
matrix_train_30_percent,3608,115.0943451,112.46257190721273,2.6317731927872643,2.6317731927872643
matrix_train_30_percent,3609,117.7621384,114.42019837894517,3.3419400210548247,3.3419400210548247
matrix_train_30_percent,3610,116.5298996,113.92149989163639,2.6083997083636064,2.6083997083636064
matrix_train_30_percent,3611,118.0632706,115.18832229205968,2.874948307940315,2.874948307940315
matrix_train_30_percent,3612,116.0592575,112.56189243327597,3.4973650667240292,3.4973650667240292
matrix_train_30_percent,3613,112.9033203,109.17339257340804,3.729927726591967,3.729927726591967
matrix_train_30_percent,3614,112.7091293,109.25685137276169,3.4522779272383133,3.4522779272383133
matrix_train_30_percent,3615,112.7358322,109.76083099245608,2.975001207543926,2.975001207543926
matrix_train_30_percent,3616,115.9572144,113.48429903242054,2.4729153675794606,2.4729153675794606
matrix_train_30_percent,3617,116.4943542,113.57578943857108,2.918564761428925,2.918564761428925
matrix_train_30_percent,3618,118.7655258,115.74536321105434,3.0201625889456665,3.0201625889456665
matrix_train_30_percent,3619,118.7011566,115.88934970183804,2.8118068981619615,2.8118068981619615
matrix_train_30_percent,3620,115.4611588,112.36441961775749,3.0967391822425157,3.0967391822425157
matrix_train_30_percent,3621,115.375267,112.1093669185272,3.265900081472793,3.265900081472793
matrix_train_30_percent,3622,115.6380005,112.2733086837072,3.3646918162928046,3.3646918162928046
matrix_train_30_percent,3623,115.0361023,111.74667481347323,3.289427486526762,3.289427486526762
matrix_train_30_percent,3624,116.7710342,113.62640791510262,3.1446262848973845,3.1446262848973845
matrix_train_30_percent,3625,115.766037,113.60951325933104,2.156523740668959,2.156523740668959
matrix_train_30_percent,3626,114.8819351,112.30906334316036,2.572871756839646,2.572871756839646
matrix_train_30_percent,3627,112.8077545,110.30406936121241,2.5036851387875885,2.5036851387875885
matrix_train_30_percent,3628,112.8539124,109.86068814987752,2.9932242501224806,2.9932242501224806
matrix_train_30_percent,3629,112.9218369,109.70214526589892,3.219691634101082,3.219691634101082
matrix_train_30_percent,3630,114.7114258,111.4189888030007,3.2924369969992995,3.2924369969992995
matrix_train_30_percent,3631,115.0371933,112.4797815279377,2.557411772062295,2.557411772062295
matrix_train_30_percent,3632,114.9526062,111.99789959621357,2.954706603786434,2.954706603786434
matrix_train_30_percent,3633,115.1556625,112.24720890094193,2.9084535990580775,2.9084535990580775
matrix_train_30_percent,3634,115.3504181,112.35577231976721,2.994645780232787,2.994645780232787
matrix_train_30_percent,3635,115.3031693,112.169397926597,3.1337713734029933,3.1337713734029933
matrix_train_30_percent,3636,115.2516403,112.14094269140749,3.110697608592517,3.110697608592517
matrix_train_30_percent,3637,117.2221069,114.3777933385671,2.844313561432898,2.844313561432898
matrix_train_30_percent,3638,117.2770538,114.98861890656232,2.2884348934376817,2.2884348934376817
matrix_train_30_percent,3639,116.7572327,114.29939289921832,2.4578398007816844,2.4578398007816844
matrix_train_30_percent,3640,116.2143173,113.40419154195226,2.8101257580477466,2.8101257580477466
matrix_train_30_percent,3641,115.9007111,112.70872784076458,3.191983259235414,3.191983259235414
matrix_train_30_percent,3642,115.7884521,112.61922201728433,3.1692300827156714,3.1692300827156714
matrix_train_30_percent,3643,116.4627457,114.1634214339257,2.2993242660742936,2.2993242660742936
matrix_train_30_percent,3644,116.793396,113.78038759159404,3.013008408405966,3.013008408405966
matrix_train_30_percent,3645,116.9167557,114.41124306788119,2.5055126321188084,2.5055126321188084
matrix_train_30_percent,3646,116.6982422,113.68096657946924,3.0172756205307536,3.0172756205307536
matrix_train_30_percent,3647,114.9347076,112.78880175102135,2.145905848978643,2.145905848978643
matrix_train_30_percent,3648,115.5942307,112.41611382094092,3.1781168790590755,3.1781168790590755
matrix_train_30_percent,3649,118.3096771,115.47427267438586,2.8354044256141435,2.8354044256141435
matrix_train_30_percent,3650,119.9212875,116.45823744850752,3.4630500514924876,3.4630500514924876
matrix_train_30_percent,3651,118.8616257,116.06224079382436,2.7993849061756464,2.7993849061756464
matrix_train_30_percent,3652,116.4407196,113.34635332795085,3.094366272049143,3.094366272049143
matrix_train_30_percent,3653,116.4240265,113.35988184786059,3.0641446521394045,3.0641446521394045
matrix_train_30_percent,3654,118.3978882,115.9250432863021,2.472844913697898,2.472844913697898
matrix_train_30_percent,3655,118.4672852,116.12068802548161,2.3465971745183936,2.3465971745183936
matrix_train_30_percent,3656,120.7032166,117.82713548094173,2.87608111905827,2.87608111905827
matrix_train_30_percent,3657,120.4315338,117.38130906059085,3.0502247394091455,3.0502247394091455
matrix_train_30_percent,3658,118.9107437,116.13652240867928,2.774221291320714,2.774221291320714
matrix_train_30_percent,3659,114.5951996,112.01557447049721,2.579625129502787,2.579625129502787
matrix_train_30_percent,3660,113.7926483,111.97182809762239,1.820820202377604,1.820820202377604
matrix_train_30_percent,3661,116.7759628,114.07745104598123,2.6985117540187673,2.6985117540187673
matrix_train_30_percent,3662,119.2256927,116.25985391046162,2.965838789538381,2.965838789538381
matrix_train_30_percent,3663,118.7823257,116.28504533902306,2.4972803609769443,2.4972803609769443
matrix_train_30_percent,3664,118.565239,115.98976978868032,2.5754692113196853,2.5754692113196853
matrix_train_30_percent,3665,116.3814545,113.8577504792254,2.523704020774602,2.523704020774602
matrix_train_30_percent,3666,113.1156693,110.68435356990025,2.4313157300997403,2.4313157300997403
matrix_train_30_percent,3667,114.6037064,111.73241217484923,2.8712942251507627,2.8712942251507627
matrix_train_30_percent,3668,114.6960831,111.50840006248171,3.1876830375182834,3.1876830375182834
matrix_train_30_percent,3669,115.5829315,113.12889593047976,2.4540355695202436,2.4540355695202436
matrix_train_30_percent,3670,118.6742554,115.8005929538663,2.8736624461337072,2.8736624461337072
matrix_train_30_percent,3671,119.3495636,117.19760841191874,2.15195518808126,2.15195518808126
matrix_train_30_percent,3672,118.3954544,117.05958641529328,1.3358679847067236,1.3358679847067236
matrix_train_30_percent,3673,119.2576675,116.34853957309375,2.909127926906251,2.909127926906251
matrix_train_30_percent,3674,114.1770477,110.88352708020057,3.2935206197994376,3.2935206197994376
matrix_train_30_percent,3675,115.2572556,112.14496176437903,3.11229383562096,3.11229383562096
matrix_train_30_percent,3676,113.8254089,110.83757220982378,2.9878366901762234,2.9878366901762234
matrix_train_30_percent,3677,119.0313721,115.89903586403365,3.132336235966349,3.132336235966349
matrix_train_30_percent,3678,117.9559555,115.8787909413246,2.077164558675406,2.077164558675406
matrix_train_30_percent,3679,121.1855774,118.74189289829309,2.4436845017069118,2.4436845017069118
matrix_train_30_percent,3680,121.4871826,119.12242638162199,2.3647562183780053,2.3647562183780053
matrix_train_30_percent,3681,117.8872528,115.23203027701379,2.6552225229862074,2.6552225229862074
matrix_train_30_percent,3682,115.0740433,112.53230136104314,2.5417419389568607,2.5417419389568607
matrix_train_30_percent,3683,116.172554,112.70012303996057,3.472430960039432,3.472430960039432
matrix_train_30_percent,3684,116.612442,113.85215616146611,2.760285838533889,2.760285838533889
matrix_train_30_percent,3685,113.1031723,110.7979747151355,2.3051975848645014,2.3051975848645014
matrix_train_30_percent,3686,115.0187378,112.02762177650932,2.991116023490676,2.991116023490676
matrix_train_30_percent,3687,117.0567856,114.3639494260218,2.6928361739781934,2.6928361739781934
matrix_train_30_percent,3688,115.4255066,112.8364425470099,2.5890640529901106,2.5890640529901106
matrix_train_30_percent,3689,115.0867538,111.61916275739236,3.467591042607637,3.467591042607637
matrix_train_30_percent,3690,114.5128326,111.7207559878414,2.7920766121585956,2.7920766121585956
matrix_train_30_percent,3691,113.0738831,111.03726114322653,2.036621956773473,2.036621956773473
matrix_train_30_percent,3692,114.4207535,112.10783815860373,2.312915341396277,2.312915341396277
matrix_train_30_percent,3693,118.7122726,116.05813328734422,2.6541393126557864,2.6541393126557864
matrix_train_30_percent,3694,115.9939575,113.11390684679694,2.8800506532030568,2.8800506532030568
matrix_train_30_percent,3695,113.2830276,110.31498171850492,2.9680458814950725,2.9680458814950725
matrix_train_30_percent,3696,113.1599655,110.37732814211255,2.7826373578874524,2.7826373578874524
matrix_train_30_percent,3697,118.0100708,114.94331573747142,3.0667550625285713,3.0667550625285713
matrix_train_30_percent,3698,118.6600342,116.18570217849829,2.4743320215017093,2.4743320215017093
matrix_train_30_percent,3699,119.1370087,116.68554384366955,2.451464856330446,2.451464856330446
matrix_train_30_percent,3700,116.9314728,114.81760485159668,2.1138679484033105,2.1138679484033105
matrix_train_30_percent,3701,117.1622391,114.45016228726858,2.7120768127314108,2.7120768127314108
matrix_train_30_percent,3702,113.4391708,111.17858249623801,2.260588303761992,2.260588303761992
matrix_train_30_percent,3703,113.5697861,110.4512860250374,3.118500074962597,3.118500074962597
matrix_train_30_percent,3704,115.1598663,111.71136269454608,3.448503605453922,3.448503605453922
matrix_train_30_percent,3705,116.6993561,113.7434176163212,2.955938483678807,2.955938483678807
matrix_train_30_percent,3706,117.4435883,114.27014605799114,3.1734422420088606,3.1734422420088606
matrix_train_30_percent,3707,119.0349121,115.91307005721671,3.1218420427832854,3.1218420427832854
matrix_train_30_percent,3708,118.5565567,115.23648273765123,3.320073962348772,3.320073962348772
matrix_train_30_percent,3709,114.6320648,112.16979468643108,2.46227011356892,2.46227011356892
matrix_train_30_percent,3710,114.6864395,111.32631202256142,3.3601274774385814,3.3601274774385814
matrix_train_30_percent,3711,114.0400467,111.28282670794243,2.7572199920575713,2.7572199920575713
matrix_train_30_percent,3712,113.9000397,111.06772604252761,2.8323136574723833,2.8323136574723833
matrix_train_30_percent,3713,115.1721039,113.6514326944498,1.520671205550201,1.520671205550201
matrix_train_30_percent,3714,120.5146484,117.79492136337144,2.719727036628555,2.719727036628555
matrix_train_30_percent,3715,120.7452164,118.33805726454317,2.407159135456837,2.407159135456837
matrix_train_30_percent,3716,119.5473557,117.3797369322467,2.1676187677532965,2.1676187677532965
matrix_train_30_percent,3717,117.2275543,115.05468252341623,2.1728717765837615,2.1728717765837615
matrix_train_30_percent,3718,114.9880066,112.2150282095971,2.772978390402912,2.772978390402912
matrix_train_30_percent,3719,115.4217606,113.02063556231208,2.401125037687919,2.401125037687919
matrix_train_30_percent,3720,115.6685562,112.95354119445224,2.7150150055477553,2.7150150055477553
matrix_train_30_percent,3721,119.0977707,116.64027831429404,2.4574923857059616,2.4574923857059616
matrix_train_30_percent,3722,120.0247345,117.98351253982447,2.0412219601755197,2.0412219601755197
matrix_train_30_percent,3723,119.2418747,117.35170019543833,1.8901745045616707,1.8901745045616707
matrix_train_30_percent,3724,119.5594101,116.93669953035597,2.6227105696440276,2.6227105696440276
matrix_train_30_percent,3725,116.6334686,113.74705369330533,2.886414906694668,2.886414906694668
matrix_train_30_percent,3726,116.1064224,112.98370118191524,3.122721218084763,3.122721218084763
matrix_train_30_percent,3727,115.1714325,112.69375522829796,2.477677271702035,2.477677271702035
matrix_train_30_percent,3728,115.1033707,112.51191412397802,2.591456576021983,2.591456576021983
matrix_train_30_percent,3729,118.8611603,115.92793696204436,2.9332233379556385,2.9332233379556385
matrix_train_30_percent,3730,119.1838303,116.62531109001057,2.558519209989427,2.558519209989427
matrix_train_30_percent,3731,120.0664139,117.501975706257,2.564438193743001,2.564438193743001
matrix_train_30_percent,3732,121.210289,118.59106018898972,2.619228811010288,2.619228811010288
matrix_train_30_percent,3733,115.0879974,113.23188763064141,1.8561097693585964,1.8561097693585964
matrix_train_30_percent,3734,113.4037399,111.17508388848,2.228656011520002,2.228656011520002
matrix_train_30_percent,3735,115.7433014,112.59941958677027,3.1438818132297257,3.1438818132297257
matrix_train_30_percent,3736,113.3355103,110.67848995366124,2.6570203463387543,2.6570203463387543
matrix_train_30_percent,3737,120.3272552,117.12157771632451,3.205677483675487,3.205677483675487
matrix_train_30_percent,3738,122.8555984,119.2022510215371,3.653347378462911,3.653347378462911
matrix_train_30_percent,3739,123.1104431,121.30955127995676,1.8008918200432333,1.8008918200432333
matrix_train_30_percent,3740,118.12603,116.79187229276229,1.3341577072377078,1.3341577072377078
matrix_train_30_percent,3741,116.1223755,114.26138019121541,1.8609953087845952,1.8609953087845952
matrix_train_30_percent,3742,115.8079605,114.27868477559535,1.5292757244046413,1.5292757244046413
matrix_train_30_percent,3743,118.3898773,117.03340672339402,1.3564705766059717,1.3564705766059717
matrix_train_30_percent,3744,121.5182114,119.41710788501658,2.1011035149834214,2.1011035149834214
matrix_train_30_percent,3745,120.4375,118.28174678409981,2.155753215900191,2.155753215900191
matrix_train_30_percent,3746,121.0542831,119.27649941828108,1.7777836817189296,1.7777836817189296
matrix_train_30_percent,3747,115.1694641,112.5771879102198,2.5922761897801934,2.5922761897801934
matrix_train_30_percent,3748,112.4882431,110.91976977091574,1.56847332908427,1.56847332908427
matrix_train_30_percent,3749,114.8424683,112.56848383401083,2.273984465989159,2.273984465989159
matrix_train_30_percent,3750,117.2099075,115.51704125550394,1.6928662444960594,1.6928662444960594
matrix_train_30_percent,3751,121.1153183,120.07980395608004,1.0355143439199566,1.0355143439199566
matrix_train_30_percent,3752,122.5956726,119.76127742768877,2.8343951723112326,2.8343951723112326
matrix_train_30_percent,3753,115.0066833,114.54594425208886,0.4607390479111473,0.4607390479111473
matrix_train_30_percent,3754,116.1561584,113.68783595878568,2.468322441214312,2.468322441214312
matrix_train_30_percent,3755,118.3845978,115.96584613818915,2.4187516618108447,2.4187516618108447
matrix_train_30_percent,3756,120.3290024,118.15160647477505,2.1773959252249426,2.1773959252249426
matrix_train_30_percent,3757,118.4345093,116.49572573803835,1.9387835619616567,1.9387835619616567
matrix_train_30_percent,3758,119.5829697,117.99808696355072,1.5848827364492877,1.5848827364492877
matrix_train_30_percent,3759,117.8540115,116.23167669947348,1.6223348005265166,1.6223348005265166
matrix_train_30_percent,3760,118.3590698,116.08516284808499,2.2739069519150092,2.2739069519150092
matrix_train_30_percent,3761,116.563179,114.99842450113071,1.5647544988692914,1.5647544988692914
matrix_train_30_percent,3762,119.9112701,117.50186440083203,2.409405699167962,2.409405699167962
matrix_train_30_percent,3763,118.7504196,116.5894622599614,2.160957340038607,2.160957340038607
matrix_train_30_percent,3764,120.8458481,118.9179722200332,1.9278758799667912,1.9278758799667912
matrix_train_30_percent,3765,117.4412155,116.54975099746181,0.8914645025381844,0.8914645025381844
matrix_train_30_percent,3766,119.7800217,117.9364340452984,1.843587654701608,1.843587654701608
matrix_train_30_percent,3767,118.7415619,117.35552855693243,1.3860333430675666,1.3860333430675666
matrix_train_30_percent,3768,119.1492844,117.17103868061932,1.9782457193806806,1.9782457193806806
matrix_train_30_percent,3769,118.3737869,116.92020327446153,1.4535836255384709,1.4535836255384709
matrix_train_30_percent,3770,113.7371826,111.78722614761311,1.9499564523868855,1.9499564523868855
matrix_train_30_percent,3771,121.2124405,119.0248700073032,2.1875704926967927,2.1875704926967927
matrix_train_30_percent,3772,121.0034256,119.44390144838314,1.5595241516168556,1.5595241516168556
matrix_train_30_percent,3773,121.1559448,119.33093040021984,1.8250143997801587,1.8250143997801587
matrix_train_30_percent,3774,121.9651108,119.75243508198494,2.2126757180150634,2.2126757180150634
matrix_train_30_percent,3775,118.5233536,116.91859970138628,1.6047538986137084,1.6047538986137084
matrix_train_30_percent,3776,119.2159119,116.60941618161247,2.606495718387521,2.606495718387521
matrix_train_30_percent,3777,116.7357254,116.43683337345057,0.2988920265494386,0.2988920265494386
matrix_train_30_percent,3778,117.9233246,115.76332058067867,2.1600040193213346,2.1600040193213346
matrix_train_30_percent,3779,113.9973297,112.0409237677424,1.9564059322575957,1.9564059322575957
matrix_train_30_percent,3780,116.2200012,114.25108206962278,1.9689191303772162,1.9689191303772162
matrix_train_30_percent,3781,117.4503632,115.52180273096774,1.9285604690322629,1.9285604690322629
matrix_train_30_percent,3782,114.8956528,112.88035675730076,2.0152960426992337,2.0152960426992337
matrix_train_30_percent,3783,116.6204834,114.9337638420199,1.6867195579800978,1.6867195579800978
matrix_train_30_percent,3784,118.7963333,116.36119430363037,2.4351389963696306,2.4351389963696306
matrix_train_30_percent,3785,118.4431229,116.64554480630548,1.7975780936945256,1.7975780936945256
matrix_train_30_percent,3786,117.9357452,116.02304861438859,1.912696585611414,1.912696585611414
matrix_train_30_percent,3787,114.8087845,113.19736384043989,1.6114206595601104,1.6114206595601104
matrix_train_30_percent,3788,115.4729919,113.1492144428001,2.3237774571998955,2.3237774571998955
matrix_train_30_percent,3789,114.4386139,112.66024967832419,1.778364221675801,1.778364221675801
matrix_train_30_percent,3790,117.1171875,115.38684441665903,1.7303430833409692,1.7303430833409692
matrix_train_30_percent,3791,116.7952118,115.31228017968988,1.4829316203101257,1.4829316203101257
matrix_train_30_percent,3792,118.534317,117.53337889589899,1.0009381041010101,1.0009381041010101
matrix_train_30_percent,3793,121.2014236,118.97526015818251,2.2261634418174907,2.2261634418174907
matrix_train_30_percent,3794,119.193428,117.69621129637515,1.4972167036248436,1.4972167036248436
matrix_train_30_percent,3795,118.7758942,116.5212236612789,2.2546705387211006,2.2546705387211006
matrix_train_30_percent,3796,116.0953522,114.94751039964143,1.147841800358563,1.147841800358563
matrix_train_30_percent,3797,116.0165558,114.53366662970524,1.4828891702947686,1.4828891702947686
matrix_train_30_percent,3798,117.4586868,115.60855935946641,1.8501274405335835,1.8501274405335835
matrix_train_30_percent,3799,119.6179276,117.8722697976684,1.745657802331607,1.745657802331607
matrix_train_30_percent,3800,120.5256348,118.817269280866,1.7083655191340057,1.7083655191340057
matrix_train_30_percent,3801,121.3428802,119.31692957798353,2.0259506220164667,2.0259506220164667
matrix_train_30_percent,3802,120.8852005,119.23204567467697,1.6531548253230284,1.6531548253230284
matrix_train_30_percent,3803,120.0343781,118.29520839282745,1.7391697071725503,1.7391697071725503
matrix_train_30_percent,3804,115.8043747,114.13307449840808,1.6713002015919187,1.6713002015919187
matrix_train_30_percent,3805,114.0336533,112.43838941260039,1.5952638873996108,1.5952638873996108
matrix_train_30_percent,3806,116.9432678,115.00513102089276,1.9381367791072392,1.9381367791072392
matrix_train_30_percent,3807,119.8887177,118.17159203661724,1.7171256633827596,1.7171256633827596
matrix_train_30_percent,3808,119.2652435,117.64928785611272,1.6159556438872755,1.6159556438872755
matrix_train_30_percent,3809,120.263916,118.38919273724206,1.8747232627579393,1.8747232627579393
matrix_train_30_percent,3810,119.9494553,117.43861399819143,2.5108413018085685,2.5108413018085685
matrix_train_30_percent,3811,119.538208,117.67177034280594,1.866437657194055,1.866437657194055
matrix_train_30_percent,3812,116.2566071,114.9742416529182,1.2823654470818013,1.2823654470818013
matrix_train_30_percent,3813,116.9499207,115.32951438727406,1.6204063127259474,1.6204063127259474
matrix_train_30_percent,3814,118.0261917,115.89912620686455,2.127065493135447,2.127065493135447
matrix_train_30_percent,3815,115.2623138,113.2779175974758,1.984396202524195,1.984396202524195
matrix_train_30_percent,3816,116.2705612,114.5582424907545,1.7123187092455083,1.7123187092455083
matrix_train_30_percent,3817,112.0746384,110.36767790880324,1.706960491196753,1.706960491196753
matrix_train_30_percent,3818,114.5345078,113.18495039222512,1.3495574077748813,1.3495574077748813
matrix_train_30_percent,3819,114.0341644,112.1692336365456,1.864930763454396,1.864930763454396
matrix_train_30_percent,3820,115.4728928,113.71730072479662,1.7555920752033813,1.7555920752033813
matrix_train_30_percent,3821,113.9425812,112.28566031323811,1.6569208867618954,1.6569208867618954
matrix_train_30_percent,3822,116.9384384,114.24130338862622,2.697135011373774,2.697135011373774
matrix_train_30_percent,3823,118.7691345,116.53266276335869,2.2364717366413203,2.2364717366413203
matrix_train_30_percent,3824,117.5894852,115.52103799805846,2.068447201941538,2.068447201941538
matrix_train_30_percent,3825,117.1947861,115.8696923286192,1.325093771380807,1.325093771380807
matrix_train_30_percent,3826,116.7025604,114.27961057575043,2.422949824249571,2.422949824249571
matrix_train_30_percent,3827,115.9895248,114.19156319958832,1.797961600411682,1.797961600411682
matrix_train_30_percent,3828,113.7682266,112.48146587700829,1.2867607229917155,1.2867607229917155
matrix_train_30_percent,3829,116.4407578,114.80453453913819,1.6362232608618115,1.6362232608618115
matrix_train_30_percent,3830,115.8379898,116.37646702684656,-0.5384772268465525,0.5384772268465525
matrix_train_30_percent,3831,117.8283234,116.47712885195449,1.3511945480455125,1.3511945480455125
matrix_train_30_percent,3832,121.3657532,119.5847727903159,1.7809804096841049,1.7809804096841049
matrix_train_30_percent,3833,120.526947,118.87869458112458,1.6482524188754297,1.6482524188754297
matrix_train_30_percent,3834,119.5858002,117.81806928488099,1.767730915119003,1.767730915119003
matrix_train_30_percent,3835,114.7923889,114.24527439807582,0.5471145019241845,0.5471145019241845
matrix_train_30_percent,3836,115.8394318,114.20788234811178,1.631549451888219,1.631549451888219
matrix_train_30_percent,3837,117.5383835,115.44417676727578,2.094206732724217,2.094206732724217
matrix_train_30_percent,3838,116.9669266,115.31275933002712,1.6541672699728736,1.6541672699728736
matrix_train_30_percent,3839,117.8821945,118.49642597144131,-0.6142314714413146,0.6142314714413146
matrix_train_30_percent,3840,120.1267471,118.56148458189486,1.5652625181051434,1.5652625181051434
matrix_train_30_percent,3841,121.0554962,118.14003997169827,2.9154562283017214,2.9154562283017214
matrix_train_30_percent,3842,119.064415,117.05459640048095,2.0098185995190505,2.0098185995190505
matrix_train_30_percent,3843,119.0403671,117.03312746286593,2.007239637134063,2.007239637134063
matrix_train_30_percent,3844,117.0990982,114.79089086970663,2.3082073302933708,2.3082073302933708
matrix_train_30_percent,3845,118.1125488,116.36314934298062,1.7493994570193792,1.7493994570193792
matrix_train_30_percent,3846,119.9139099,119.23867396742305,0.675235932576939,0.675235932576939
matrix_train_30_percent,3847,120.9582901,119.58448786251397,1.3738022374860321,1.3738022374860321
matrix_train_30_percent,3848,122.9828186,122.53479445920449,0.44802414079551056,0.44802414079551056
matrix_train_30_percent,3849,121.6403732,121.39747374396543,0.2428994560345643,0.2428994560345643
matrix_train_30_percent,3850,117.531189,116.79409403313562,0.737094966864376,0.737094966864376
matrix_train_30_percent,3851,116.1605606,114.9572512026729,1.2033093973271036,1.2033093973271036
matrix_train_30_percent,3852,116.0327301,114.87469354640889,1.1580365535911028,1.1580365535911028
matrix_train_30_percent,3853,118.4165573,117.46873698099445,0.9478203190055439,0.9478203190055439
matrix_train_30_percent,3854,119.9112015,118.95913323313468,0.9520682668653251,0.9520682668653251
matrix_train_30_percent,3855,121.3617706,120.20972911806658,1.1520414819334235,1.1520414819334235
matrix_train_30_percent,3856,120.6951141,119.06469462869906,1.6304194713009394,1.6304194713009394
matrix_train_30_percent,3857,120.0600967,118.38079067692007,1.6793060230799313,1.6793060230799313
matrix_train_30_percent,3858,111.052803,110.94208340806475,0.1107195919352506,0.1107195919352506
matrix_train_30_percent,3859,113.8358002,112.059604760599,1.7761954394009933,1.7761954394009933
matrix_train_30_percent,3860,116.5994644,115.62570658253587,0.9737578174641328,0.9737578174641328
matrix_train_30_percent,3861,120.5556793,119.17501705754484,1.3806622424551591,1.3806622424551591
matrix_train_30_percent,3862,121.2705612,119.95458343474371,1.3159777652562923,1.3159777652562923
matrix_train_30_percent,3863,121.7931976,120.50686112043945,1.2863364795605463,1.2863364795605463
matrix_train_30_percent,3864,120.3122635,118.4559918086315,1.8562716913685051,1.8562716913685051
matrix_train_30_percent,3865,122.7315598,120.85068412310196,1.880875676898043,1.880875676898043
matrix_train_30_percent,3866,116.0519485,113.83138552954784,2.22056297045215,2.22056297045215
matrix_train_30_percent,3867,115.0709686,113.00936974375408,2.061598856245922,2.061598856245922
matrix_train_30_percent,3868,118.7734451,117.15249339816577,1.6209517018342297,1.6209517018342297
matrix_train_30_percent,3869,119.2540894,118.56605814580699,0.6880312541930067,0.6880312541930067
matrix_train_30_percent,3870,123.1620712,121.39496048871439,1.7671107112856106,1.7671107112856106
matrix_train_30_percent,3871,122.4637375,121.49681564348705,0.9669218565129398,0.9669218565129398
matrix_train_30_percent,3872,125.3795242,123.85925660622085,1.5202675937791525,1.5202675937791525
matrix_train_30_percent,3873,124.1721115,122.9820229282043,1.1900885717956982,1.1900885717956982
matrix_train_30_percent,3874,119.1509476,117.56581839469756,1.5851292053024366,1.5851292053024366
matrix_train_30_percent,3875,115.8610916,114.40838397541852,1.4527076245814783,1.4527076245814783
matrix_train_30_percent,3876,119.0594788,118.1039640574537,0.9555147425462991,0.9555147425462991
matrix_train_30_percent,3877,119.9085922,119.31307819111366,0.5955140088863402,0.5955140088863402
matrix_train_30_percent,3878,121.7363815,121.47351952600603,0.2628619739939637,0.2628619739939637
matrix_train_30_percent,3879,122.9142456,120.91193420792536,2.0023113920746454,2.0023113920746454
matrix_train_30_percent,3880,123.3874969,121.91169073976576,1.4758061602342423,1.4758061602342423
matrix_train_30_percent,3881,122.9434128,121.03340074877632,1.9100120512236884,1.9100120512236884
matrix_train_30_percent,3882,116.7748108,116.00843655753185,0.7663742424681459,0.7663742424681459
matrix_train_30_percent,3883,116.5884476,114.70398885302313,1.8844587469768612,1.8844587469768612
matrix_train_30_percent,3884,118.9348679,117.45030018175714,1.4845677182428574,1.4845677182428574
matrix_train_30_percent,3885,122.7535477,121.16568448248103,1.5878632175189722,1.5878632175189722
matrix_train_30_percent,3886,122.8478394,120.26196601424414,2.5858733857558605,2.5858733857558605
matrix_train_30_percent,3887,121.0679398,119.65612312926523,1.4118166707347797,1.4118166707347797
matrix_train_30_percent,3888,123.3824921,121.53277471867203,1.849717381327963,1.849717381327963
matrix_train_30_percent,3889,115.6377335,114.37109701523565,1.2666364847643479,1.2666364847643479
matrix_train_30_percent,3890,114.1567078,112.45329358019089,1.703414219809119,1.703414219809119
matrix_train_30_percent,3891,119.5562134,117.24124900860801,2.314964391391996,2.314964391391996
matrix_train_30_percent,3892,121.5029984,119.42144519041257,2.081553209587426,2.081553209587426
matrix_train_30_percent,3893,122.4126511,121.6750326018742,0.737618498125812,0.737618498125812
matrix_train_30_percent,3894,124.964447,123.15343459421837,1.8110124057816392,1.8110124057816392
matrix_train_30_percent,3895,118.4411621,119.10740331485773,-0.6662412148577346,0.6662412148577346
matrix_train_30_percent,3896,119.0395126,117.16259119521455,1.876921404785449,1.876921404785449
matrix_train_30_percent,3897,116.725174,116.04825315788626,0.6769208421137307,0.6769208421137307
matrix_train_30_percent,3898,117.092308,115.9185386761273,1.1737693238727047,1.1737693238727047
matrix_train_30_percent,3899,117.9964218,116.21918451879635,1.7772372812036394,1.7772372812036394
matrix_train_30_percent,3900,118.0088348,116.88735880966586,1.1214759903341474,1.1214759903341474
matrix_train_30_percent,3901,114.9077148,113.99310057541807,0.9146142245819249,0.9146142245819249
matrix_train_30_percent,3902,116.3346481,115.2230830715536,1.1115650284463925,1.1115650284463925
matrix_train_30_percent,3903,115.2881851,114.17827630940651,1.1099087905934937,1.1099087905934937
matrix_train_30_percent,3904,117.1699142,115.10871303650762,2.0612011634923704,2.0612011634923704
matrix_train_30_percent,3905,118.192955,116.48800267327755,1.7049523267224487,1.7049523267224487
matrix_train_30_percent,3906,116.6080093,114.9595899355385,1.6484193644615033,1.6484193644615033
matrix_train_30_percent,3907,118.5840149,117.30356620580937,1.2804486941906248,1.2804486941906248
matrix_train_30_percent,3908,119.1719666,116.60549858482877,2.566468015171239,2.566468015171239
matrix_train_30_percent,3909,116.6307831,115.92531761370317,0.7054654862968306,0.7054654862968306
matrix_train_30_percent,3910,119.394371,116.74170561927868,2.6526653807213307,2.6526653807213307
matrix_train_30_percent,3911,119.6654358,118.16771569134171,1.4977201086582852,1.4977201086582852
matrix_train_30_percent,3912,117.0137939,115.31592566184517,1.6978682381548253,1.6978682381548253
matrix_train_30_percent,3913,115.363533,114.19938748299363,1.164145517006375,1.164145517006375
matrix_train_30_percent,3914,118.2554016,116.9226073880509,1.3327942119490928,1.3327942119490928
matrix_train_30_percent,3915,118.5527496,116.76290675547132,1.7898428445286783,1.7898428445286783
matrix_train_30_percent,3916,117.1930847,116.26265760583466,0.9304270941653385,0.9304270941653385
matrix_train_30_percent,3917,116.7782898,114.88903608332663,1.889253716673366,1.889253716673366
matrix_train_30_percent,3918,116.3615494,117.31480967158865,-0.9532602715886469,0.9532602715886469
matrix_train_30_percent,3919,115.3332367,116.32102622721763,-0.9877895272176289,0.9877895272176289
matrix_train_30_percent,3920,114.788353,114.00843137227328,0.779921627726722,0.779921627726722
matrix_train_30_percent,3921,116.835434,115.63110531698854,1.2043286830114681,1.2043286830114681
matrix_train_30_percent,3922,118.5746689,117.29007067502927,1.2845982249707362,1.2845982249707362
matrix_train_30_percent,3923,120.7157516,119.56857750740429,1.1471740925957192,1.1471740925957192
matrix_train_30_percent,3924,120.8137817,119.48387369858543,1.32990800141458,1.32990800141458
matrix_train_30_percent,3925,120.6239853,118.93728466461533,1.6867006353846676,1.6867006353846676
matrix_train_30_percent,3926,118.6225204,117.25653509292415,1.3659853070758459,1.3659853070758459
matrix_train_30_percent,3927,116.2002182,115.21874786202149,0.9814703379785072,0.9814703379785072
matrix_train_30_percent,3928,115.9114151,114.29681104328355,1.6146040567164448,1.6146040567164448
matrix_train_30_percent,3929,116.0338287,115.23611068828005,0.7977180117199509,0.7977180117199509
matrix_train_30_percent,3930,119.2149811,118.71505229583865,0.49992880416135677,0.49992880416135677
matrix_train_30_percent,3931,120.9440765,120.1200286992937,0.8240478007062961,0.8240478007062961
matrix_train_30_percent,3932,121.8239059,121.16808745350284,0.6558184464971646,0.6558184464971646
matrix_train_30_percent,3933,121.9375992,120.24446485577859,1.6931343442214057,1.6931343442214057
matrix_train_30_percent,3934,120.5762253,118.30116309396305,2.2750622060369494,2.2750622060369494
matrix_train_30_percent,3935,115.3290024,114.43737182243773,0.8916305775622675,0.8916305775622675
matrix_train_30_percent,3936,114.7097549,112.84052823212052,1.8692266678794738,1.8692266678794738
matrix_train_30_percent,3937,113.73172,113.02091678034748,0.7108032196525187,0.7108032196525187
matrix_train_30_percent,3938,118.3722305,117.02712233480472,1.3451081651952848,1.3451081651952848
matrix_train_30_percent,3939,119.0825043,118.0197607385735,1.062743561426501,1.062743561426501
matrix_train_30_percent,3940,121.2913284,120.46749942798833,0.8238289720116683,0.8238289720116683
matrix_train_30_percent,3941,121.2577286,119.37915859358513,1.8785700064148614,1.8785700064148614
matrix_train_30_percent,3942,120.2397919,119.44917406630472,0.7906178336952792,0.7906178336952792
matrix_train_30_percent,3943,111.51548,110.61737420371686,0.8981057962831329,0.8981057962831329
matrix_train_30_percent,3944,114.0977097,113.05124140903236,1.0464682909676384,1.0464682909676384
matrix_train_30_percent,3945,117.6574249,116.11373188900295,1.5436930109970461,1.5436930109970461
matrix_train_30_percent,3946,121.0245361,119.73390461786289,1.2906314821371154,1.2906314821371154
matrix_train_30_percent,3947,119.9270782,118.78455725318794,1.1425209468120556,1.1425209468120556
matrix_train_30_percent,3948,121.4988632,120.69329279366042,0.8055704063395837,0.8055704063395837
matrix_train_30_percent,3949,120.8271255,119.25202277911491,1.5751027208850843,1.5751027208850843
matrix_train_30_percent,3950,114.1963272,113.1303594571629,1.0659677428371026,1.0659677428371026
matrix_train_30_percent,3951,113.3094635,112.0782759693099,1.2311875306901072,1.2311875306901072
matrix_train_30_percent,3952,116.0884781,114.95352702895144,1.1349510710485617,1.1349510710485617
matrix_train_30_percent,3953,120.1058731,119.3784400174909,0.7274330825090942,0.7274330825090942
matrix_train_30_percent,3954,121.2398605,120.19601686539457,1.0438436346054374,1.0438436346054374
matrix_train_30_percent,3955,120.884346,119.49007851979736,1.394267480202629,1.394267480202629
matrix_train_30_percent,3956,118.3914642,116.87953281586091,1.5119313841390891,1.5119313841390891
matrix_train_30_percent,3957,119.5866776,118.09676746661475,1.4899101333852514,1.4899101333852514
matrix_train_30_percent,3958,114.9056702,112.80079909937973,2.1048711006202723,2.1048711006202723
matrix_train_30_percent,3959,114.3423691,112.98287373313042,1.3594953668695808,1.3594953668695808
matrix_train_30_percent,3960,113.6048965,112.27366361267856,1.331232887321434,1.331232887321434
matrix_train_30_percent,3961,122.9454498,121.58631801933781,1.3591317806621959,1.3591317806621959
matrix_train_30_percent,3962,118.8388672,116.36440648718363,2.4744607128163665,2.4744607128163665
matrix_train_30_percent,3963,119.6083069,118.64965486272915,0.958652037270852,0.958652037270852
matrix_train_30_percent,3964,116.3258667,114.62225286004683,1.703613839953178,1.703613839953178
matrix_train_30_percent,3965,118.3960648,117.55936991809396,0.8366948819060411,0.8366948819060411
matrix_train_30_percent,3966,114.3311081,113.05729474010002,1.2738133598999752,1.2738133598999752
matrix_train_30_percent,3967,115.2092209,113.80954904379443,1.3996718562055719,1.3996718562055719
matrix_train_30_percent,3968,113.4859085,112.48164265106062,1.0042658489393688,1.0042658489393688
matrix_train_30_percent,3969,118.6834564,117.44470601377053,1.2387503862294693,1.2387503862294693
matrix_train_30_percent,3970,118.0330048,116.2873075981992,1.7456972018007946,1.7456972018007946
matrix_train_30_percent,3971,118.8999023,117.35950306682311,1.5403992331768848,1.5403992331768848
matrix_train_30_percent,3972,119.3174515,117.83165482250774,1.4857966774922602,1.4857966774922602
matrix_train_30_percent,3973,117.115509,116.08394042791465,1.031568572085348,1.031568572085348
matrix_train_30_percent,3974,117.1615982,115.28455287017894,1.8770453298210583,1.8770453298210583
matrix_train_30_percent,3975,116.5765381,115.22943526195291,1.3471028380470784,1.3471028380470784
matrix_train_30_percent,3976,117.6468048,115.76943175283868,1.8773730471613135,1.8773730471613135
matrix_train_30_percent,3977,119.8568344,118.73912137747712,1.117713022522878,1.117713022522878
matrix_train_30_percent,3978,119.4421844,116.87289285108622,2.5692915489137818,2.5692915489137818
matrix_train_30_percent,3979,119.0918045,117.0471196360596,2.0446848639403896,2.0446848639403896
matrix_train_30_percent,3980,117.9091263,116.4965591838811,1.4125671161188933,1.4125671161188933
matrix_train_30_percent,3981,112.8982086,111.63744624208624,1.2607623579137623,1.2607623579137623
matrix_train_30_percent,3982,113.5473862,112.19568532867079,1.3517008713292142,1.3517008713292142
matrix_train_30_percent,3983,117.0478287,115.37679254114914,1.6710361588508533,1.6710361588508533
matrix_train_30_percent,3984,118.1423721,116.72805096644932,1.4143211335506862,1.4143211335506862
matrix_train_30_percent,3985,117.2841034,115.20024996318752,2.0838534368124897,2.0838534368124897
matrix_train_30_percent,3986,120.1785965,118.25900386338814,1.9195926366118528,1.9195926366118528
matrix_train_30_percent,3987,118.5090408,117.27029639676668,1.2387444032333121,1.2387444032333121
matrix_train_30_percent,3988,118.1815643,116.18427542710783,1.9972888728921703,1.9972888728921703
matrix_train_30_percent,3989,120.9590912,118.70306816628646,2.2560230337135465,2.2560230337135465
matrix_train_30_percent,3990,120.8794098,118.38578375773454,2.4936260422654613,2.4936260422654613
matrix_train_30_percent,3991,119.5619507,117.26108231949625,2.3008683805037435,2.3008683805037435
matrix_train_30_percent,3992,121.0863419,118.91619605696144,2.1701458430385543,2.1701458430385543
matrix_train_30_percent,3993,120.3957291,118.93357211763939,1.4621569823606109,1.4621569823606109
matrix_train_30_percent,3994,125.4269714,121.87028863516427,3.5566827648357275,3.5566827648357275
matrix_train_30_percent,3995,123.8028717,122.1134431608984,1.6894285391015984,1.6894285391015984
matrix_train_30_percent,3996,125.0445328,123.23882235275165,1.8057104472483445,1.8057104472483445
matrix_train_30_percent,3997,122.9012527,120.568608984508,2.3326437154919972,2.3326437154919972
matrix_train_30_percent,3998,118.5056992,117.2574542287769,1.2482449712231016,1.2482449712231016
matrix_train_30_percent,3999,117.6948318,116.08009149913997,1.614740300860035,1.614740300860035
matrix_train_30_percent,4000,121.6118698,119.71067905765845,1.9011907423415408,1.9011907423415408
matrix_train_30_percent,4001,123.6778183,122.99504321514317,0.6827750848568286,0.6827750848568286
matrix_train_30_percent,4002,125.0491104,123.40863486256187,1.6404755374381352,1.6404755374381352
matrix_train_30_percent,4003,123.4955521,122.07841944906741,1.4171326509325866,1.4171326509325866
matrix_train_30_percent,4004,125.6618347,123.22338406120059,2.4384506387994094,2.4384506387994094
matrix_train_30_percent,4005,122.9952698,121.62483566631549,1.3704341336845118,1.3704341336845118
matrix_train_30_percent,4006,119.7979279,118.15283317856462,1.6450947214353846,1.6450947214353846
matrix_train_30_percent,4007,116.9083862,115.33821395485832,1.570172245141677,1.570172245141677
matrix_train_30_percent,4008,116.2872467,115.39348539677582,0.8937613032241813,0.8937613032241813
matrix_train_30_percent,4009,122.4796524,121.29853149754547,1.1811209024545377,1.1811209024545377
matrix_train_30_percent,4010,123.6121292,121.10145519858271,2.5106740014172857,2.5106740014172857
matrix_train_30_percent,4011,126.0461502,123.86703512436927,2.179115075630733,2.179115075630733
matrix_train_30_percent,4012,124.4918289,123.12799015601492,1.3638387439850845,1.3638387439850845
matrix_train_30_percent,4013,124.2182388,122.51964657449301,1.6985922255069852,1.6985922255069852
matrix_train_30_percent,4014,119.4689102,117.64838148813676,1.8205287118632327,1.8205287118632327
matrix_train_30_percent,4015,118.9638901,117.54603578317317,1.4178543168268334,1.4178543168268334
matrix_train_30_percent,4016,118.9517059,117.23457686629537,1.717129033704623,1.717129033704623
matrix_train_30_percent,4017,123.6269608,121.98397433975911,1.6429864602408912,1.6429864602408912
matrix_train_30_percent,4018,125.5142822,123.95295763487283,1.5613245651271654,1.5613245651271654
matrix_train_30_percent,4019,122.6523361,120.4378232484018,2.214512851598201,2.214512851598201
matrix_train_30_percent,4020,125.4401779,124.12366582029009,1.3165120797099092,1.3165120797099092
matrix_train_30_percent,4021,123.4044495,121.27833185127356,2.126117648726435,2.126117648726435
matrix_train_30_percent,4022,120.722847,119.3931101218319,1.3297368781681058,1.3297368781681058
matrix_train_30_percent,4023,118.6761856,117.1132867103988,1.5628988896012004,1.5628988896012004
matrix_train_30_percent,4024,122.8713913,122.03201696227487,0.8393743377251326,0.8393743377251326
matrix_train_30_percent,4025,126.9194489,125.72036850900098,1.199080390999029,1.199080390999029
matrix_train_30_percent,4026,126.2504578,124.12827190295698,2.1221858970430247,2.1221858970430247
matrix_train_30_percent,4027,126.80336,124.82599539360788,1.9773646063921149,1.9773646063921149
matrix_train_30_percent,4028,127.7635651,126.23372464717124,1.5298404528287506,1.5298404528287506
matrix_train_30_percent,4029,121.2922974,120.17256433377256,1.1197330662274396,1.1197330662274396
matrix_train_30_percent,4030,118.9833298,117.25263124581872,1.7306985541812878,1.7306985541812878
matrix_train_30_percent,4031,124.155838,123.00063524417718,1.1552027558228275,1.1552027558228275
matrix_train_30_percent,4032,126.0386887,125.19204572227623,0.8466429777237607,0.8466429777237607
matrix_train_30_percent,4033,125.3866806,123.75094435829702,1.6357362417029861,1.6357362417029861
matrix_train_30_percent,4034,123.3702621,122.59967752778691,0.770584572213096,0.770584572213096
matrix_train_30_percent,4035,125.070549,123.42406257340134,1.6464864265986563,1.6464864265986563
matrix_train_30_percent,4036,114.4836731,115.23738197672579,-0.7537088767257814,0.7537088767257814
matrix_train_30_percent,4037,118.1427841,117.34839130381077,0.7943927961892285,0.7943927961892285
matrix_train_30_percent,4038,120.6517715,118.87601992247903,1.775751577520964,1.775751577520964
matrix_train_30_percent,4039,122.7482834,121.00309602013988,1.745187379860127,1.745187379860127
matrix_train_30_percent,4040,124.6895752,123.54149951847911,1.1480756815208792,1.1480756815208792
matrix_train_30_percent,4041,124.1828537,124.50817842963848,-0.32532472963848136,0.32532472963848136
matrix_train_30_percent,4042,125.9396362,124.46744628745326,1.4721899125467388,1.4721899125467388
matrix_train_30_percent,4043,125.8627701,124.1313516532561,1.731418446743902,1.731418446743902
matrix_train_30_percent,4044,120.8486176,119.71483379990698,1.1337838000930134,1.1337838000930134
matrix_train_30_percent,4045,118.3399506,117.33346694571217,1.0064836542878197,1.0064836542878197
matrix_train_30_percent,4046,121.2229843,119.59352970232132,1.6294545976786736,1.6294545976786736
matrix_train_30_percent,4047,123.2945023,123.17790272486079,0.11659957513921881,0.11659957513921881
matrix_train_30_percent,4048,127.1397552,126.1464609612133,0.993294238786703,0.993294238786703
matrix_train_30_percent,4049,125.3748703,123.96201070164969,1.412859598350309,1.412859598350309
matrix_train_30_percent,4050,125.8071289,125.04984500584527,0.7572838941547246,0.7572838941547246
matrix_train_30_percent,4051,123.838623,123.27536379368237,0.5632592063176247,0.5632592063176247
matrix_train_30_percent,4052,119.3492355,119.4923382341585,-0.1431027341584894,0.1431027341584894
matrix_train_30_percent,4053,113.9587555,113.52112130586944,0.4376341941305526,0.4376341941305526
matrix_train_30_percent,4054,118.5078659,117.4129012882369,1.0949646117631033,1.0949646117631033
matrix_train_30_percent,4055,123.2364349,122.40644946303792,0.8299854369620903,0.8299854369620903
matrix_train_30_percent,4056,124.6796799,123.06826216102496,1.6114177389750353,1.6114177389750353
matrix_train_30_percent,4057,125.6631851,124.77305814035131,0.8901269596486969,0.8901269596486969
matrix_train_30_percent,4058,125.0582199,123.41254111304018,1.6456787869598202,1.6456787869598202
matrix_train_30_percent,4059,126.6207428,125.40986303696772,1.2108797630322812,1.2108797630322812
matrix_train_30_percent,4060,118.5744781,117.50824498187356,1.0662331181264335,1.0662331181264335
matrix_train_30_percent,4061,113.8362122,113.81932604640701,0.01688615359299206,0.01688615359299206
matrix_train_30_percent,4062,119.5844803,118.87565968824809,0.7088206117519036,0.7088206117519036
matrix_train_30_percent,4063,121.6204453,119.84803840071417,1.7724068992858264,1.7724068992858264
matrix_train_30_percent,4064,122.3475494,120.38078441376474,1.9667649862352619,1.9667649862352619
matrix_train_30_percent,4065,121.5750885,120.4196075831236,1.1554809168764137,1.1554809168764137
matrix_train_30_percent,4066,121.1231155,119.08911385064496,2.0340016493550337,2.0340016493550337
matrix_train_30_percent,4067,118.3283081,117.24835250124868,1.0799555987513259,1.0799555987513259
matrix_train_30_percent,4068,118.1012802,116.10830089551585,1.9929793044841517,1.9929793044841517
matrix_train_30_percent,4069,120.1456985,118.81035862954732,1.335339870452671,1.335339870452671
matrix_train_30_percent,4070,119.2717209,116.68998830698955,2.5817325930104573,2.5817325930104573
matrix_train_30_percent,4071,122.0018845,119.967843822476,2.034040677524004,2.034040677524004
matrix_train_30_percent,4072,121.8173676,120.17237236054014,1.6449952394598597,1.6449952394598597
matrix_train_30_percent,4073,121.4386444,119.28317183048918,2.1554725695108203,2.1554725695108203
matrix_train_30_percent,4074,118.2787018,116.65295906921214,1.6257427307878487,1.6257427307878487
matrix_train_30_percent,4075,118.6443634,116.73983471022757,1.9045286897724338,1.9045286897724338
matrix_train_30_percent,4076,122.0494537,119.78819922759287,2.2612544724071313,2.2612544724071313
matrix_train_30_percent,4077,122.5784912,120.5421551001831,2.036336099816907,2.036336099816907
matrix_train_30_percent,4078,123.5687866,122.0344111397231,1.534375460276891,1.534375460276891
matrix_train_30_percent,4079,121.7573853,121.4997323983993,0.257652901600693,0.257652901600693
matrix_train_30_percent,4080,121.783905,120.3421026229402,1.4418023770598012,1.4418023770598012
matrix_train_30_percent,4081,121.3408356,119.14226191072011,2.198573689279897,2.198573689279897
matrix_train_30_percent,4082,122.9416504,120.70121171633532,2.240438683664678,2.240438683664678
matrix_train_30_percent,4083,123.0741882,121.84000905976444,1.234179140235554,1.234179140235554
matrix_train_30_percent,4084,122.5746689,121.04461829500599,1.5300506049940168,1.5300506049940168
matrix_train_30_percent,4085,122.0278091,120.8894507834952,1.1383583165047924,1.1383583165047924
matrix_train_30_percent,4086,121.1832581,120.72957415730036,0.45368394269964085,0.45368394269964085
matrix_train_30_percent,4087,122.0850143,119.96714357481403,2.1178707251859663,2.1178707251859663
matrix_train_30_percent,4088,121.4370193,120.16959080143651,1.2674284985634898,1.2674284985634898
matrix_train_30_percent,4089,120.1179886,118.29429496873877,1.8236936312612357,1.8236936312612357
matrix_train_30_percent,4090,121.1146851,119.96129861168176,1.1533864883182474,1.1533864883182474
matrix_train_30_percent,4091,121.3908691,120.181296785917,1.2095723140830046,1.2095723140830046
matrix_train_30_percent,4092,120.7438583,119.67125942592006,1.0725988740799437,1.0725988740799437
matrix_train_30_percent,4093,119.0834656,118.5373258134649,0.5461397865350932,0.5461397865350932
matrix_train_30_percent,4094,119.1149521,117.21271291813308,1.9022391818669178,1.9022391818669178
matrix_train_30_percent,4095,123.2516861,120.6084729095746,2.6432131904253993,2.6432131904253993
matrix_train_30_percent,4096,123.018158,121.9686140204935,1.0495439795064954,1.0495439795064954
matrix_train_30_percent,4097,122.9877319,122.06682944124417,0.9209024587558332,0.9209024587558332
matrix_train_30_percent,4098,122.776535,121.82431922651415,0.9522157734858467,0.9522157734858467
matrix_train_30_percent,4099,123.6954269,122.32387644394153,1.371550456058472,1.371550456058472
matrix_train_30_percent,4100,121.7117004,120.20325993735297,1.5084404626470302,1.5084404626470302
matrix_train_30_percent,4101,121.7495575,120.01848333001149,1.7310741699885028,1.7310741699885028
matrix_train_30_percent,4102,121.5928574,120.58104640753432,1.0118109924656835,1.0118109924656835
matrix_train_30_percent,4103,122.3808212,121.3890237781326,0.9917974218674033,0.9917974218674033
matrix_train_30_percent,4104,124.7175903,122.81265926051287,1.9049310394871242,1.9049310394871242
matrix_train_30_percent,4105,124.1584167,122.23641491449573,1.9220017855042784,1.9220017855042784
matrix_train_30_percent,4106,126.3949432,124.94913418324091,1.4458090167590854,1.4458090167590854
matrix_train_30_percent,4107,126.6422729,125.29513419412203,1.347138705877967,1.347138705877967
matrix_train_30_percent,4108,122.1665421,121.10416480091642,1.062377299083579,1.062377299083579
matrix_train_30_percent,4109,122.3580017,120.80046957533965,1.557532124660355,1.557532124660355
matrix_train_30_percent,4110,121.9566116,120.13808471325459,1.818526886745417,1.818526886745417
matrix_train_30_percent,4111,119.9147797,120.54662324731588,-0.6318435473158814,0.6318435473158814
matrix_train_30_percent,4112,127.4632111,125.79681964872094,1.666391451279054,1.666391451279054
matrix_train_30_percent,4113,125.0103912,123.66653966874055,1.3438515312594461,1.3438515312594461
matrix_train_30_percent,4114,119.3588486,117.70110551319095,1.6577430868090488,1.6577430868090488
matrix_train_30_percent,4115,119.3101654,118.0844504716369,1.2257149283631037,1.2257149283631037
matrix_train_30_percent,4116,126.4375,124.7815307534922,1.6559692465077944,1.6559692465077944
matrix_train_30_percent,4117,126.1003189,124.21029765336135,1.8900212466386535,1.8900212466386535
matrix_train_30_percent,4118,126.5619965,124.76486586444412,1.797130635555888,1.797130635555888
matrix_train_30_percent,4119,126.9162369,124.2291167831464,2.687120116853606,2.687120116853606
matrix_train_30_percent,4120,123.7329407,121.75822042460435,1.9747202753956543,1.9747202753956543
matrix_train_30_percent,4121,118.7488785,117.2453818210581,1.5034966789419002,1.5034966789419002
matrix_train_30_percent,4122,119.1760788,117.30884993668955,1.8672288633104444,1.8672288633104444
matrix_train_30_percent,4123,119.7435837,118.57276706946486,1.1708166305351426,1.1708166305351426
matrix_train_30_percent,4124,123.4557877,122.69568156795033,0.7601061320496711,0.7601061320496711
matrix_train_30_percent,4125,124.3734055,123.60860714032627,0.7647983596737333,0.7647983596737333
matrix_train_30_percent,4126,124.162941,122.67884165250601,1.484099347493995,1.484099347493995
matrix_train_30_percent,4127,122.003418,120.14164094377443,1.8617770562255629,1.8617770562255629
matrix_train_30_percent,4128,120.6409454,119.27434055040528,1.3666048495947223,1.3666048495947223
matrix_train_30_percent,4129,119.124115,118.51652496842566,0.6075900315743468,0.6075900315743468
matrix_train_30_percent,4130,121.4684753,120.43588673696836,1.0325885630316378,1.0325885630316378
matrix_train_30_percent,4131,122.2061157,119.91763532204727,2.288480377952723,2.288480377952723
matrix_train_30_percent,4132,123.4229889,122.7773399455748,0.645648954425198,0.645648954425198
matrix_train_30_percent,4133,124.8452606,124.05380037985631,0.7914602201436907,0.7914602201436907
matrix_train_30_percent,4134,124.670372,122.5815205141718,2.088851485828201,2.088851485828201
matrix_train_30_percent,4135,124.793396,122.71660096325931,2.076795036740691,2.076795036740691
matrix_train_30_percent,4136,117.7384033,118.01461419581074,-0.27621089581073477,0.27621089581073477
matrix_train_30_percent,4137,116.5243683,115.42021232699072,1.1041559730092843,1.1041559730092843
matrix_train_30_percent,4138,120.1509323,118.18509611561768,1.9658361843823116,1.9658361843823116
matrix_train_30_percent,4139,120.0792694,120.98836777286854,-0.9090983728685416,0.9090983728685416
matrix_train_30_percent,4140,122.3671494,120.69101048164276,1.676138918357239,1.676138918357239
matrix_train_30_percent,4141,121.0297089,119.2667322876061,1.7629766123938992,1.7629766123938992
matrix_train_30_percent,4142,122.5254517,120.6432714643496,1.8821802356504094,1.8821802356504094
matrix_train_30_percent,4143,122.5229492,121.31595866224092,1.2069905377590828,1.2069905377590828
matrix_train_30_percent,4144,120.7186661,117.5950571039846,3.123608996015392,3.123608996015392
matrix_train_30_percent,4145,120.5010071,118.70639367249669,1.7946134275033074,1.7946134275033074
matrix_train_30_percent,4146,120.5775375,118.40447384257303,2.1730636574269795,2.1730636574269795
matrix_train_30_percent,4147,122.0222321,120.57277450114924,1.4494575988507563,1.4494575988507563
matrix_train_30_percent,4148,124.429512,123.12944677332871,1.3000652266712933,1.3000652266712933
matrix_train_30_percent,4149,125.2947693,123.68497137868215,1.609797921317849,1.609797921317849
matrix_train_30_percent,4150,123.1374512,121.20429038538417,1.9331608146158317,1.9331608146158317
matrix_train_30_percent,4151,118.106369,116.51234842920644,1.5940205707935604,1.5940205707935604
matrix_train_30_percent,4152,117.5090637,115.96017840461498,1.5488852953850198,1.5488852953850198
matrix_train_30_percent,4153,123.6482315,122.1005987288289,1.547632771171095,1.547632771171095
matrix_train_30_percent,4154,123.5915298,122.49757889758338,1.0939509024166227,1.0939509024166227
matrix_train_30_percent,4155,124.7540436,122.5028685779816,2.2511750220184013,2.2511750220184013
matrix_train_30_percent,4156,124.2761688,123.19139007297977,1.0847787270202218,1.0847787270202218
matrix_train_30_percent,4157,115.8391495,116.6786186326204,-0.839469132620394,0.839469132620394
matrix_train_30_percent,4158,117.8297806,115.77192230630642,2.0578582936935845,2.0578582936935845
matrix_train_30_percent,4159,118.6708298,117.54601373310757,1.1248160668924356,1.1248160668924356
matrix_train_30_percent,4160,121.5591202,120.31959369914271,1.2395265008572807,1.2395265008572807
matrix_train_30_percent,4161,123.0294418,121.15508446561226,1.8743573343877387,1.8743573343877387
matrix_train_30_percent,4162,123.0046997,120.97385387978301,2.030845820216996,2.030845820216996
matrix_train_30_percent,4163,124.4752197,123.40640772008007,1.0688119799199285,1.0688119799199285
matrix_train_30_percent,4164,119.4826355,117.64160875898368,1.8410267410163215,1.8410267410163215
matrix_train_30_percent,4165,116.6789322,114.50703474196472,2.171897458035289,2.171897458035289
matrix_train_30_percent,4166,118.4253387,117.2136529732158,1.2116857267841965,1.2116857267841965
matrix_train_30_percent,4167,121.496666,120.93576827795161,0.560897722048395,0.560897722048395
matrix_train_30_percent,4168,123.7651672,122.608108052206,1.157059147793987,1.157059147793987
matrix_train_30_percent,4169,123.1291809,121.2894332257078,1.839747674292198,1.839747674292198
matrix_train_30_percent,4170,121.1551971,120.2859684449597,0.8692286550402883,0.8692286550402883
matrix_train_30_percent,4171,123.3406982,121.73537729698563,1.6053209030143734,1.6053209030143734
matrix_train_30_percent,4172,119.0925293,116.87604176199734,2.216487538002653,2.216487538002653
matrix_train_30_percent,4173,114.9489212,114.10134066503078,0.8475805349692251,0.8475805349692251
matrix_train_30_percent,4174,117.8172455,116.28000647283882,1.5372390271611778,1.5372390271611778
matrix_train_30_percent,4175,121.9596786,120.80860573631989,1.1510728636801133,1.1510728636801133
matrix_train_30_percent,4176,121.7055511,121.15255691462905,0.5529941853709488,0.5529941853709488
matrix_train_30_percent,4177,124.0793076,123.0332809135912,1.0460266864088084,1.0460266864088084
matrix_train_30_percent,4178,124.4269333,122.43154404138684,1.9953892586131587,1.9953892586131587
matrix_train_30_percent,4179,122.2012405,121.1201616966015,1.0810788033984977,1.0810788033984977
matrix_train_30_percent,4180,117.1117172,116.26477260283981,0.8469445971601886,0.8469445971601886
matrix_train_30_percent,4181,115.2027359,113.36150048541097,1.841235414589022,1.841235414589022
matrix_train_30_percent,4182,115.4250031,114.00405188650947,1.4209512134905253,1.4209512134905253
matrix_train_30_percent,4183,121.0118637,119.63723944186889,1.3746242581311208,1.3746242581311208
matrix_train_30_percent,4184,123.4584351,122.60570356736693,0.8527315326330722,0.8527315326330722
matrix_train_30_percent,4185,123.223381,121.78839283276547,1.4349881672345361,1.4349881672345361
matrix_train_30_percent,4186,123.6653519,121.74009139704181,1.9252605029581957,1.9252605029581957
matrix_train_30_percent,4187,122.9927063,121.0631266031121,1.9295796968878989,1.9295796968878989
matrix_train_30_percent,4188,117.6657562,116.0157801959973,1.6499760040027098,1.6499760040027098
matrix_train_30_percent,4189,113.8379211,113.35647680366434,0.4814442963356669,0.4814442963356669
matrix_train_30_percent,4190,116.9140701,115.692428208012,1.2216418919879999,1.2216418919879999
matrix_train_30_percent,4191,113.1341095,115.03556307703742,-1.9014535770374295,1.9014535770374295
matrix_train_30_percent,4192,122.4588242,121.3520439830146,1.106780216985399,1.106780216985399
matrix_train_30_percent,4193,123.7867584,122.03569055465594,1.7510678453440534,1.7510678453440534
matrix_train_30_percent,4194,120.8965683,119.23782052125146,1.658747778748534,1.658747778748534
matrix_train_30_percent,4195,115.6040192,114.8041829276433,0.7998362723566999,0.7998362723566999
matrix_train_30_percent,4196,114.4767838,113.32857206150112,1.1482117384988868,1.1482117384988868
matrix_train_30_percent,4197,114.5259399,114.40151438374863,0.12442551625136389,0.12442551625136389
matrix_train_30_percent,4198,122.8488388,121.27739646360911,1.5714423363908878,1.5714423363908878
matrix_train_30_percent,4199,121.4672546,120.71008842423606,0.7571661757639419,0.7571661757639419
matrix_train_30_percent,4200,120.4415131,119.17243368502481,1.269079414975181,1.269079414975181
matrix_train_30_percent,4201,117.5620117,115.57315967935688,1.9888520206431224,1.9888520206431224
matrix_train_30_percent,4202,115.7981644,114.11545002370939,1.682714376290619,1.682714376290619
matrix_train_30_percent,4203,118.8655319,117.65397554439872,1.2115563556012745,1.2115563556012745
matrix_train_30_percent,4204,119.1935425,117.98160842494867,1.2119340750513317,1.2119340750513317
matrix_train_30_percent,4205,123.8565369,122.39092295552814,1.4656139444718548,1.4656139444718548
matrix_train_30_percent,4206,122.1495667,121.70559232732867,0.44397437267132034,0.44397437267132034
matrix_train_30_percent,4207,122.278656,121.51270239247692,0.7659536075230733,0.7659536075230733
matrix_train_30_percent,4208,121.0182343,119.81809330316715,1.2001409968328574,1.2001409968328574
matrix_train_30_percent,4209,119.6028061,118.07565405668257,1.5271520433174288,1.5271520433174288
matrix_train_30_percent,4210,117.0236588,115.87670556355899,1.1469532364410213,1.1469532364410213
matrix_train_30_percent,4211,117.0324097,117.25603781566444,-0.22362811566443952,0.22362811566443952
matrix_train_30_percent,4212,120.7541046,118.95413013676469,1.7999744632353156,1.7999744632353156
matrix_train_30_percent,4213,124.2357025,122.44248111157196,1.7932213884280372,1.7932213884280372
matrix_train_30_percent,4214,122.8490982,120.45854832743402,2.390549872565984,2.390549872565984
matrix_train_30_percent,4215,123.458992,121.68684839462708,1.7721436053729178,1.7721436053729178
matrix_train_30_percent,4216,123.0675049,122.37595464647272,0.6915502535272822,0.6915502535272822
matrix_train_30_percent,4217,119.039917,117.63087724434655,1.4090397556534526,1.4090397556534526
matrix_train_30_percent,4218,117.2296295,115.64172453819054,1.587904961809457,1.587904961809457
matrix_train_30_percent,4219,119.6672211,118.67791107742528,0.9893100225747276,0.9893100225747276
matrix_train_30_percent,4220,122.1293564,121.26617476628135,0.8631816337186535,0.8631816337186535
matrix_train_30_percent,4221,123.8318558,122.77640171618873,1.05545408381127,1.05545408381127
matrix_train_30_percent,4222,122.8624268,121.85967518494894,1.0027516150510536,1.0027516150510536
matrix_train_30_percent,4223,125.2725754,122.84900869407446,2.4235667059255377,2.4235667059255377
matrix_train_30_percent,4224,124.5822525,122.80091897350223,1.781333526497761,1.781333526497761
matrix_train_30_percent,4225,119.9357758,118.63257762694063,1.3031981730593714,1.3031981730593714
matrix_train_30_percent,4226,117.8726425,116.43531238487061,1.4373301151293845,1.4373301151293845
matrix_train_30_percent,4227,120.747551,119.38365458409662,1.3638964159033833,1.3638964159033833
matrix_train_30_percent,4228,123.3064651,121.63481153946184,1.6716535605381608,1.6716535605381608
matrix_train_30_percent,4229,123.4039764,122.05107896143913,1.3528974385608734,1.3528974385608734
matrix_train_30_percent,4230,124.4068069,122.91620252369695,1.4906043763030539,1.4906043763030539
matrix_train_30_percent,4231,124.2228775,122.75323878731253,1.4696387126874697,1.4696387126874697
matrix_train_30_percent,4232,124.1474152,122.01674363977094,2.130671560229061,2.130671560229061
matrix_train_30_percent,4233,119.4757843,118.17614025072399,1.2996440492760115,1.2996440492760115
matrix_train_30_percent,4234,117.3481598,115.82348309860967,1.5246767013903337,1.5246767013903337
matrix_train_30_percent,4235,120.1834412,118.85138321947228,1.332057980527722,1.332057980527722
matrix_train_30_percent,4236,123.2454834,121.2792747974924,1.9662086025075922,1.9662086025075922
matrix_train_30_percent,4237,125.3129807,124.85594272496864,0.4570379750313549,0.4570379750313549
matrix_train_30_percent,4238,124.1607742,122.6806100868946,1.4801641131054026,1.4801641131054026
matrix_train_30_percent,4239,123.9701385,122.60873683708508,1.361401662914929,1.361401662914929
matrix_train_30_percent,4240,122.8899765,121.70785254093002,1.1821239590699832,1.1821239590699832
matrix_train_30_percent,4241,119.7052765,117.99221381287413,1.7130626871258698,1.7130626871258698
matrix_train_30_percent,4242,120.9155197,119.48333771145037,1.4321819885496296,1.4321819885496296
matrix_train_30_percent,4243,121.7962799,120.02815654337361,1.7681233566263899,1.7681233566263899
matrix_train_30_percent,4244,120.2993546,118.53766335650556,1.7616912434944396,1.7616912434944396
matrix_train_30_percent,4245,120.3197937,119.0760261915728,1.2437675084272115,1.2437675084272115
matrix_train_30_percent,4246,117.6577225,115.99354069606646,1.6641818039335448,1.6641818039335448
matrix_train_30_percent,4247,117.8812866,115.79848265806574,2.0828039419342588,2.0828039419342588
matrix_train_30_percent,4248,120.8504562,119.33777561369669,1.5126805863033042,1.5126805863033042
matrix_train_30_percent,4249,120.4249344,118.3734010820673,2.0515333179326944,2.0515333179326944
matrix_train_30_percent,4250,120.1553116,116.90395035780429,3.2513612421957134,3.2513612421957134
matrix_train_30_percent,4251,119.698761,117.24102393938277,2.4577370606172337,2.4577370606172337
matrix_train_30_percent,4252,120.6460953,119.0413678765032,1.6047274234967972,1.6047274234967972
matrix_train_30_percent,4253,119.112709,117.59517932739021,1.5175296726097827,1.5175296726097827
matrix_train_30_percent,4254,118.272377,116.65090003466716,1.621476965332846,1.621476965332846
matrix_train_30_percent,4255,120.7922592,119.41550674558188,1.3767524544181242,1.3767524544181242
matrix_train_30_percent,4256,121.5275955,119.7975166351062,1.7300788648937981,1.7300788648937981
matrix_train_30_percent,4257,120.711235,118.78995792910149,1.9212770708985119,1.9212770708985119
matrix_train_30_percent,4258,119.8948746,117.78239813540776,2.112476464592234,2.112476464592234
matrix_train_30_percent,4259,119.0785065,116.77484153568085,2.303664964319154,2.303664964319154
matrix_train_30_percent,4260,118.262146,115.76728582465832,2.4948601753416852,2.4948601753416852
matrix_train_30_percent,4261,117.4457855,114.75973088321568,2.6860546167843182,2.6860546167843182
matrix_train_30_percent,4262,120.7685547,117.85569725562242,2.912857444377579,2.912857444377579
matrix_train_30_percent,4263,121.5233688,119.02837887243751,2.494989927562486,2.494989927562486
matrix_train_30_percent,4264,119.9581299,117.80346483594228,2.154665064057724,2.154665064057724
matrix_train_30_percent,4265,121.9950638,119.15946430311033,2.835599496889671,2.835599496889671
matrix_train_30_percent,4266,120.7218552,118.6954997839224,2.0263554160775925,2.0263554160775925
matrix_train_30_percent,4267,122.1616974,119.77891444921323,2.382782950786762,2.382782950786762
matrix_train_30_percent,4268,119.8487625,117.75065406441355,2.098108435586454,2.098108435586454
matrix_train_30_percent,4269,119.0895767,116.47222187015356,2.617354829846434,2.617354829846434
matrix_train_30_percent,4270,119.3715668,117.57979303516346,1.7917737648365346,1.7917737648365346
matrix_train_30_percent,4271,119.2439423,117.29739618080056,1.9465461191994393,1.9465461191994393
matrix_train_30_percent,4272,122.3115921,120.16540393766388,2.1461881623361165,2.1461881623361165
matrix_train_30_percent,4273,123.4535141,121.60169892021273,1.8518151797872804,1.8518151797872804
matrix_train_30_percent,4274,124.9465332,123.22431034724319,1.7222228527568149,1.7222228527568149
matrix_train_30_percent,4275,127.1704407,126.05237939259459,1.1180613074054122,1.1180613074054122
matrix_train_30_percent,4276,125.7198257,123.74167748077247,1.9781482192275348,1.9781482192275348
matrix_train_30_percent,4277,121.5256424,121.60843391131257,-0.08279151131257834,0.08279151131257834
matrix_train_30_percent,4278,121.7434692,119.55815821706628,2.1853109829337285,2.1853109829337285
matrix_train_30_percent,4279,117.9206238,117.79885441043557,0.1217693895644345,0.1217693895644345
matrix_train_30_percent,4280,116.9924316,116.16672931947674,0.8257022805232594,0.8257022805232594
matrix_train_30_percent,4281,119.7129059,118.5761560579103,1.1367498420896993,1.1367498420896993
matrix_train_30_percent,4282,129.5700073,127.82645898563104,1.743548314368951,1.743548314368951
matrix_train_30_percent,4283,127.8752899,125.99641752038104,1.8788723796189544,1.8788723796189544
matrix_train_30_percent,4284,123.101265,121.2212971915275,1.8799678084725002,1.8799678084725002
matrix_train_30_percent,4285,121.5191422,118.68215494337548,2.836987256624525,2.836987256624525
matrix_train_30_percent,4286,122.8354721,120.99621617064463,1.8392559293553745,1.8392559293553745
matrix_train_30_percent,4287,117.0867233,117.5943946292031,-0.5076713292030917,0.5076713292030917
matrix_train_30_percent,4288,116.4724503,118.21054816145661,-1.738097861456609,1.738097861456609
matrix_train_30_percent,4289,122.9986267,121.47511071070245,1.5235159892975503,1.5235159892975503
matrix_train_30_percent,4290,120.0944824,118.21016891424232,1.884313485757687,1.884313485757687
matrix_train_30_percent,4291,121.8736572,119.61039032970085,2.263266870299148,2.263266870299148
matrix_train_30_percent,4292,122.8144226,121.34237686066125,1.4720457393387534,1.4720457393387534
matrix_train_30_percent,4293,128.0265198,126.29837758520088,1.7281422147991066,1.7281422147991066
matrix_train_30_percent,4294,124.4070816,122.48614940699055,1.920932193009449,1.920932193009449
matrix_train_30_percent,4295,118.9418411,116.81348705223041,2.128354047769591,2.128354047769591
matrix_train_30_percent,4296,119.1273117,117.11545544340852,2.0118562565914857,2.0118562565914857
matrix_train_30_percent,4297,117.0260773,115.8826917963622,1.143385503637802,1.143385503637802
matrix_train_30_percent,4298,123.2634659,122.13904282840167,1.1244230715983292,1.1244230715983292
matrix_train_30_percent,4299,125.4097595,123.62570780422615,1.7840516957738544,1.7840516957738544
matrix_train_30_percent,4300,124.6021881,121.95322670219518,2.6489613978048254,2.6489613978048254
matrix_train_30_percent,4301,122.4560928,120.12706996987765,2.329022830122341,2.329022830122341
matrix_train_30_percent,4302,119.1056824,116.77283697275965,2.3328454272403576,2.3328454272403576
matrix_train_30_percent,4303,115.1713867,114.10202897033473,1.0693577296652705,1.0693577296652705
matrix_train_30_percent,4304,117.3649368,115.3374754203527,2.027461379647292,2.027461379647292
matrix_train_30_percent,4305,118.5355759,117.3436485173707,1.1919273826293022,1.1919273826293022
matrix_train_30_percent,4306,122.6428375,120.67040801500585,1.9724294849941515,1.9724294849941515
matrix_train_30_percent,4307,125.4954529,123.47350411043571,2.0219487895642914,2.0219487895642914
matrix_train_30_percent,4308,124.9687653,123.14998254610498,1.8187827538950216,1.8187827538950216
matrix_train_30_percent,4309,120.9296799,118.36123594112759,2.5684439588724075,2.5684439588724075
matrix_train_30_percent,4310,118.4402084,116.67256215488567,1.767646245114335,1.767646245114335
matrix_train_30_percent,4311,116.8999405,113.8988996383503,3.001040861649699,3.001040861649699
matrix_train_30_percent,4312,119.7039566,118.05097435322021,1.6529822467797857,1.6529822467797857
matrix_train_30_percent,4313,122.6721649,120.50081657245964,2.1713483275403576,2.1713483275403576
matrix_train_30_percent,4314,122.696785,120.61701126644694,2.0797737335530684,2.0797737335530684
matrix_train_30_percent,4315,124.7173996,121.99142043284202,2.7259791671579734,2.7259791671579734
matrix_train_30_percent,4316,121.4248886,119.39032260443898,2.0345659955610245,2.0345659955610245
matrix_train_30_percent,4317,116.3969727,114.99620720712409,1.4007654928759194,1.4007654928759194
matrix_train_30_percent,4318,116.7846756,114.49424820879373,2.290427391206265,2.290427391206265
matrix_train_30_percent,4319,116.4868622,114.13298576675054,2.353876433249468,2.353876433249468
matrix_train_30_percent,4320,119.5716629,117.82997899071704,1.741683909282969,1.741683909282969
matrix_train_30_percent,4321,120.3654633,119.06823702708829,1.2972262729117148,1.2972262729117148
matrix_train_30_percent,4322,122.5448685,120.28947911045009,2.2553893895499186,2.2553893895499186
matrix_train_30_percent,4323,123.4226532,121.34304132306598,2.079611876934024,2.079611876934024
matrix_train_30_percent,4324,116.4204254,114.15733282516112,2.263092574838879,2.263092574838879
matrix_train_30_percent,4325,114.3712692,112.8175889180001,1.5536802819999025,1.5536802819999025
matrix_train_30_percent,4326,114.4847794,111.95198788042264,2.5327915195773585,2.5327915195773585
matrix_train_30_percent,4327,116.0085449,115.92794046355388,0.08060443644612292,0.08060443644612292
matrix_train_30_percent,4328,120.9393921,119.58211453026794,1.3572775697320623,1.3572775697320623
matrix_train_30_percent,4329,120.591835,118.39038994272518,2.2014450572748245,2.2014450572748245
matrix_train_30_percent,4330,118.8336792,116.83894671804713,1.9947324819528802,1.9947324819528802
matrix_train_30_percent,4331,116.1727524,114.1224842229445,2.0502681770555,2.0502681770555
matrix_train_30_percent,4332,114.0404968,111.98215144993868,2.058345350061316,2.058345350061316
matrix_train_30_percent,4333,112.4091339,110.70396036835717,1.7051735316428278,1.7051735316428278
matrix_train_30_percent,4334,112.842308,111.14757692027764,1.6947310797223594,1.6947310797223594
matrix_train_30_percent,4335,119.9658966,118.23002600818542,1.7358705918145745,1.7358705918145745
matrix_train_30_percent,4336,119.015686,117.14638240598782,1.8693035940121803,1.8693035940121803
matrix_train_30_percent,4337,120.9095154,119.8232646397984,1.086250760201608,1.086250760201608
matrix_train_30_percent,4338,121.3568726,119.32982274134804,2.0270498586519636,2.0270498586519636
matrix_train_30_percent,4339,118.3639679,117.14710923213838,1.2168586678616293,1.2168586678616293
matrix_train_30_percent,4340,113.979393,111.71635245620571,2.2630405437942898,2.2630405437942898
matrix_train_30_percent,4341,113.0236359,111.60716855479171,1.4164673452082894,1.4164673452082894
matrix_train_30_percent,4342,111.8511505,111.87612003051481,-0.024969530514809435,0.024969530514809435
matrix_train_30_percent,4343,116.6814117,114.5345401254288,2.1468715745711933,2.1468715745711933
matrix_train_30_percent,4344,119.0392609,119.81811303020473,-0.7788521302047258,0.7788521302047258
matrix_train_30_percent,4345,121.4642715,120.38739105805466,1.0768804419453346,1.0768804419453346
matrix_train_30_percent,4346,121.7857742,119.84208811340042,1.943686086599584,1.943686086599584
matrix_train_30_percent,4347,120.7824631,119.42069063844664,1.3617724615533575,1.3617724615533575
matrix_train_30_percent,4348,116.5563736,115.08276055228868,1.473613047711325,1.473613047711325
matrix_train_30_percent,4349,113.4659424,111.33032567845599,2.135616721544011,2.135616721544011
matrix_train_30_percent,4350,113.7612534,112.21965130128862,1.5416020987113797,1.5416020987113797
matrix_train_30_percent,4351,117.4461441,116.46984972407799,0.9762943759220093,0.9762943759220093
matrix_train_30_percent,4352,121.6015549,119.96422568019162,1.6373292198083789,1.6373292198083789
matrix_train_30_percent,4353,123.6098328,122.53831089766308,1.0715219023369258,1.0715219023369258
matrix_train_30_percent,4354,123.1607513,121.23070616061946,1.930045139380539,1.930045139380539
matrix_train_30_percent,4355,119.993927,117.95284367501358,2.041083324986417,2.041083324986417
matrix_train_30_percent,4356,114.7694321,112.97344132896598,1.7959907710340275,1.7959907710340275
matrix_train_30_percent,4357,117.720047,116.59110288941056,1.1289441105894298,1.1289441105894298
matrix_train_30_percent,4358,119.6304398,117.25601642835498,2.3744233716450225,2.3744233716450225
matrix_train_30_percent,4359,120.083931,118.16889338984677,1.9150376101532345,1.9150376101532345
matrix_train_30_percent,4360,114.3797302,112.46409171994307,1.915638480056927,1.915638480056927
matrix_train_30_percent,4361,111.7154083,109.21313598432285,2.5022723156771605,2.5022723156771605
matrix_train_30_percent,4362,118.2961426,115.30873172486984,2.987410875130152,2.987410875130152
matrix_train_30_percent,4363,120.8347626,119.08304694698045,1.7517156530195592,1.7517156530195592
matrix_train_30_percent,4364,120.8361053,119.11509002556157,1.7210152744384288,1.7210152744384288
matrix_train_30_percent,4365,117.6223984,115.70260795061587,1.9197904493841236,1.9197904493841236
matrix_train_30_percent,4366,112.5114441,110.61413112490116,1.897312975098842,1.897312975098842
matrix_train_30_percent,4367,112.4565964,109.85569555068278,2.600900849317213,2.600900849317213
matrix_train_30_percent,4368,112.2886581,109.80424545589969,2.484412644100317,2.484412644100317
matrix_train_30_percent,4369,115.7223587,114.21488427900472,1.5074744209952797,1.5074744209952797
matrix_train_30_percent,4370,116.1861572,113.94194655714905,2.2442106428509447,2.2442106428509447
matrix_train_30_percent,4371,110.0230865,108.42904998515486,1.5940365148451434,1.5940365148451434
matrix_train_30_percent,4372,111.3448563,109.74736136897394,1.5974949310260627,1.5974949310260627
matrix_train_30_percent,4373,111.7285614,110.23378810333963,1.4947732966603695,1.4947732966603695
matrix_train_30_percent,4374,112.4147186,111.12665366611695,1.2880649338830494,1.2880649338830494
matrix_train_30_percent,4375,109.8559265,108.5621212968791,1.2938052031208969,1.2938052031208969
matrix_train_30_percent,4376,112.4291,110.4655177987158,1.9635822012842112,1.9635822012842112
matrix_train_30_percent,4377,112.9887085,111.58545471031711,1.4032537896828927,1.4032537896828927
matrix_train_30_percent,4378,112.9151688,110.67749712910076,2.237671670899246,2.237671670899246
matrix_train_30_percent,4379,111.6743927,109.87297554576554,1.801417154234457,1.801417154234457
matrix_train_30_percent,4380,118.190239,115.87660498113473,2.3136340188652724,2.3136340188652724
matrix_train_30_percent,4381,118.279007,117.36994271052811,0.9090642894718854,0.9090642894718854
matrix_train_30_percent,4382,121.2228394,119.73519573071313,1.487643669286868,1.487643669286868
matrix_train_30_percent,4383,119.9915619,118.09286507753343,1.8986968224665617,1.8986968224665617
matrix_train_30_percent,4384,114.9965591,113.2064368763145,1.7901222236855006,1.7901222236855006
matrix_train_30_percent,4385,110.9044266,110.14178816408382,0.7626384359161733,0.7626384359161733
matrix_train_30_percent,4386,110.2728043,108.6381711032016,1.6346331967984042,1.6346331967984042
matrix_train_30_percent,4387,110.7976913,108.9441484296548,1.8535428703451942,1.8535428703451942
matrix_train_30_percent,4388,117.2007065,114.79621429773516,2.4044922022648336,2.4044922022648336
matrix_train_30_percent,4389,114.0817184,111.39220055963288,2.6895178403671167,2.6895178403671167
matrix_train_30_percent,4390,112.7303543,110.70496293019538,2.0253913698046233,2.0253913698046233
matrix_train_30_percent,4391,112.6019287,110.44686619562104,2.155062504378961,2.155062504378961
matrix_train_30_percent,4392,112.1071701,109.85991802207776,2.2472520779222407,2.2472520779222407
matrix_train_30_percent,4393,108.3090973,106.20104796973673,2.1080493302632703,2.1080493302632703
matrix_train_30_percent,4394,110.7750473,108.1489239937807,2.6261233062192986,2.6261233062192986
matrix_train_30_percent,4395,115.2449493,113.2371504327843,2.0077988672156977,2.0077988672156977
matrix_train_30_percent,4396,116.832962,115.51579647778162,1.3171655222183745,1.3171655222183745
matrix_train_30_percent,4397,120.108963,117.99641637509495,2.1125466249050504,2.1125466249050504
matrix_train_30_percent,4398,120.6552505,117.83030076302087,2.8249497369791214,2.8249497369791214
matrix_train_30_percent,4399,119.2169647,117.25834340854371,1.9586212914562964,1.9586212914562964
matrix_train_30_percent,4400,117.0092392,114.21680335283591,2.7924358471640858,2.7924358471640858
matrix_train_30_percent,4401,113.3996811,110.45638758017834,2.943293519821651,2.943293519821651
matrix_train_30_percent,4402,113.4887161,111.40750571214056,2.081210387859443,2.081210387859443
matrix_train_30_percent,4403,118.1801987,116.18367946538949,1.996519234610517,1.996519234610517
matrix_train_30_percent,4404,121.5653687,119.34345822141476,2.2219104785852295,2.2219104785852295
matrix_train_30_percent,4405,118.3199081,116.65616327338114,1.663744826618867,1.663744826618867
matrix_train_30_percent,4406,113.6427994,112.12112605756157,1.521673342438433,1.521673342438433
matrix_train_30_percent,4407,112.2503662,109.93409161876507,2.3162745812349357,2.3162745812349357
matrix_train_30_percent,4408,112.405304,109.49450880956968,2.9107951904303206,2.9107951904303206
matrix_train_30_percent,4409,117.0438919,115.3604002699133,1.6834916300867064,1.6834916300867064
matrix_train_30_percent,4410,120.7109909,119.04829848550767,1.6626924144923265,1.6626924144923265
matrix_train_30_percent,4411,119.7220535,118.2772767505315,1.4447767494685024,1.4447767494685024
matrix_train_30_percent,4412,119.3844757,117.0003172496812,2.384158450318793,2.384158450318793
matrix_train_30_percent,4413,112.7059097,111.7439239020591,0.9619857979409119,0.9619857979409119
matrix_train_30_percent,4414,112.742218,109.92690515520106,2.815312844798939,2.815312844798939
matrix_train_30_percent,4415,114.9937973,112.34762241050797,2.6461748894920305,2.6461748894920305
matrix_train_30_percent,4416,115.4620972,113.00986723919559,2.4522299608044165,2.4522299608044165
matrix_train_30_percent,4417,118.0438232,116.35749285931786,1.6863303406821473,1.6863303406821473
matrix_train_30_percent,4418,122.0226517,119.81874585379055,2.2039058462094516,2.2039058462094516
matrix_train_30_percent,4419,120.7691879,118.64653124259699,2.122656657403013,2.122656657403013
matrix_train_30_percent,4420,117.8263016,115.54214156221637,2.2841600377836215,2.2841600377836215
matrix_train_30_percent,4421,115.9162521,113.83437566148443,2.0818764385155646,2.0818764385155646
matrix_train_30_percent,4422,113.3794022,111.25620139503627,2.12320080496373,2.12320080496373
matrix_train_30_percent,4423,113.5682144,110.9020516734532,2.6661627265468013,2.6661627265468013
matrix_train_30_percent,4424,114.7082825,112.8003062303566,1.9079762696433988,1.9079762696433988
matrix_train_30_percent,4425,115.9628296,113.95749226987631,2.0053373301236945,2.0053373301236945
matrix_train_30_percent,4426,123.2525482,120.69184758358074,2.5607006164192683,2.5607006164192683
matrix_train_30_percent,4427,115.1609268,112.88577779739278,2.275149002607222,2.275149002607222
matrix_train_30_percent,4428,114.7295456,112.63690066264307,2.0926449373569227,2.0926449373569227
matrix_train_30_percent,4429,114.2886887,111.58642927757073,2.7022594224292646,2.7022594224292646
matrix_train_30_percent,4430,117.7259827,115.78076542955712,1.9452172704428818,1.9452172704428818
matrix_train_30_percent,4431,116.0803375,115.12545367003207,0.9548838299679261,0.9548838299679261
matrix_train_30_percent,4432,110.2437057,111.4224026194248,-1.1786969194247945,1.1786969194247945
matrix_train_30_percent,4433,112.2675934,111.46965345442638,0.7979399455736171,0.7979399455736171
matrix_train_30_percent,4434,111.6516724,109.47560583267563,2.1760665673243693,2.1760665673243693
matrix_train_30_percent,4435,111.8065109,109.69808394944238,2.1084269505576287,2.1084269505576287
matrix_train_30_percent,4436,118.857605,116.58263023759058,2.2749747624094283,2.2749747624094283
matrix_train_30_percent,4437,121.6797714,118.97829144561788,2.7014799543821226,2.7014799543821226
matrix_train_30_percent,4438,120.3446808,118.07562762338468,2.26905317661533,2.26905317661533
matrix_train_30_percent,4439,116.935936,114.84562663030904,2.0903093696909565,2.0903093696909565
matrix_train_30_percent,4440,115.41082,113.1580679265934,2.2527520734065973,2.2527520734065973
matrix_train_30_percent,4441,113.5474472,111.59184906011072,1.9555981398892754,1.9555981398892754
matrix_train_30_percent,4442,112.5582123,110.33407655888304,2.224135741116953,2.224135741116953
matrix_train_30_percent,4443,115.1096191,112.81556965657973,2.2940494434202776,2.2940494434202776
matrix_train_30_percent,4444,115.2141495,112.20149507455936,3.012654425440644,3.012654425440644
matrix_train_30_percent,4445,116.5980682,114.33032830745175,2.2677398925482493,2.2677398925482493
matrix_train_30_percent,4446,115.6645203,112.63834402328932,3.026176276710686,3.026176276710686
matrix_train_30_percent,4447,115.8010178,113.06388915415492,2.7371286458450754,2.7371286458450754
matrix_train_30_percent,4448,112.0170898,109.53619210981661,2.480897690183383,2.480897690183383
matrix_train_30_percent,4449,110.4281845,108.18035415165603,2.2478303483439674,2.2478303483439674
matrix_train_30_percent,4450,110.0445557,106.87378449174014,3.1707712082598647,3.1707712082598647
matrix_train_30_percent,4451,113.7430801,111.28309671294097,2.459983387059026,2.459983387059026
matrix_train_30_percent,4452,116.0991135,113.96850881236469,2.130604687635312,2.130604687635312
matrix_train_30_percent,4453,117.8311005,115.5998344425847,2.2312660574153114,2.2312660574153114
matrix_train_30_percent,4454,112.9973526,110.86387793760214,2.133474662397859,2.133474662397859
matrix_train_30_percent,4455,110.6898193,107.96345874083313,2.7263605591668636,2.7263605591668636
matrix_train_30_percent,4456,109.054718,106.21795719496714,2.8367608050328528,2.8367608050328528
matrix_train_30_percent,4457,114.3700638,111.8028756416099,2.5671881583900955,2.5671881583900955
matrix_train_30_percent,4458,117.072464,114.37125901202894,2.701204987971053,2.701204987971053
matrix_train_30_percent,4459,117.5955429,115.16602435974845,2.42951854025155,2.42951854025155
matrix_train_30_percent,4460,105.3086777,106.29525004952744,-0.9865723495274352,0.9865723495274352
matrix_train_30_percent,4461,118.900032,115.90963585705917,2.990396142940824,2.990396142940824
matrix_train_30_percent,4462,119.7470703,117.569505442152,2.1775648578479974,2.1775648578479974
matrix_train_30_percent,4463,117.5412903,115.38935470354038,2.151935596459623,2.151935596459623
matrix_train_30_percent,4464,119.3008194,117.36697442509232,1.9338449749076716,1.9338449749076716
matrix_train_30_percent,4465,118.3802795,115.69527834712667,2.685001152873326,2.685001152873326
matrix_train_30_percent,4466,119.4947128,117.36448621433159,2.13022658566841,2.13022658566841
matrix_train_30_percent,4467,120.1256866,118.84390004718975,1.281786552810246,1.281786552810246
matrix_train_30_percent,4468,119.3751678,117.1461045185451,2.2290632814548985,2.2290632814548985
matrix_train_30_percent,4469,118.997345,117.136506885458,1.8608381145419912,1.8608381145419912
matrix_train_30_percent,4470,117.3762207,115.22298793434771,2.153232765652291,2.153232765652291
matrix_train_30_percent,4471,121.7558746,119.90794092942545,1.8479336705745482,1.8479336705745482
matrix_train_30_percent,4472,121.673027,119.7629712405676,1.9100557594324101,1.9100557594324101
matrix_train_30_percent,4473,121.8910446,119.78184873653649,2.109195863463512,2.109195863463512
matrix_train_30_percent,4474,116.6831741,114.34224280942074,2.340931290579263,2.340931290579263
matrix_train_30_percent,4475,112.8845673,110.40259298772203,2.48197431227797,2.48197431227797
matrix_train_30_percent,4476,115.6133652,112.90100591527914,2.7123592847208613,2.7123592847208613
matrix_train_30_percent,4477,113.1389084,110.53181569646216,2.6070927035378446,2.6070927035378446
matrix_train_30_percent,4478,114.9508362,112.27040347246832,2.680432727531681,2.680432727531681
matrix_train_30_percent,4479,114.7764435,111.8690442639605,2.9073992360394953,2.9073992360394953
matrix_train_30_percent,4480,114.4893036,111.81572474691735,2.6735788530826454,2.6735788530826454
matrix_train_30_percent,4481,118.3075867,115.60596219841993,2.7016245015800706,2.7016245015800706
matrix_train_30_percent,4482,119.6222382,117.5280431041471,2.0941950958528963,2.0941950958528963
matrix_train_30_percent,4483,120.0914917,118.01649068821686,2.0750010117831437,2.0750010117831437
matrix_train_30_percent,4484,115.8387222,114.19612282131583,1.6425993786841815,1.6425993786841815
matrix_train_30_percent,4485,116.5011139,114.41006764344311,2.0910462565568793,2.0910462565568793
matrix_train_30_percent,4486,116.6151352,114.55629464568376,2.058840554316234,2.058840554316234
matrix_train_30_percent,4487,116.7291641,114.70251696635448,2.0266471336455254,2.0266471336455254
matrix_train_30_percent,4488,116.8431931,114.84875226190998,1.9944408380900143,1.9944408380900143
matrix_train_30_percent,4489,116.9572144,114.99497047680914,1.9622439231908544,1.9622439231908544
matrix_train_30_percent,4490,117.0712433,115.1412011763868,1.9300421236132053,1.9300421236132053
matrix_train_30_percent,4491,117.1852722,115.28742311167753,1.8978490883224737,1.8978490883224737
matrix_train_30_percent,4492,117.2992935,115.43365374042389,1.865639759576112,1.865639759576112
matrix_train_30_percent,4493,117.4133224,115.5798802751267,1.8334421248733008,1.8334421248733008
matrix_train_30_percent,4494,117.5273438,115.7261030844494,1.8012407155505912,1.8012407155505912
matrix_train_30_percent,4495,117.6413727,115.87233291655564,1.76903978344437,1.76903978344437
matrix_train_30_percent,4496,117.7554016,116.01855980257608,1.7368417974239208,1.7368417974239208
matrix_train_30_percent,4497,117.8694229,116.16478721045718,1.704635689542826,1.704635689542826
matrix_train_30_percent,4498,117.9834518,116.31100874798678,1.6724430520132216,1.6724430520132216
matrix_train_30_percent,4499,118.0974808,116.45723953468467,1.6402412653153249,1.6402412653153249
matrix_train_30_percent,4500,118.2115021,116.60345768230606,1.6080444176939466,1.6080444176939466
matrix_train_30_percent,4501,118.325531,116.74969216955304,1.5758388304469548,1.5758388304469548
matrix_train_30_percent,4502,118.4395599,116.89591024634313,1.5436496536568711,1.5436496536568711
matrix_train_30_percent,4503,118.5535812,117.04214095103804,1.5114402489619607,1.5114402489619607
matrix_train_30_percent,4504,118.6676102,117.18837117510854,1.4792390248914558,1.4792390248914558
matrix_train_30_percent,4505,118.7816315,117.33459863488065,1.447032865119354,1.447032865119354
matrix_train_30_percent,4506,118.8956604,117.4808251795162,1.4148352204837948,1.4148352204837948
matrix_train_30_percent,4507,119.0096893,117.62704748395439,1.38264181604562,1.38264181604562
matrix_train_30_percent,4508,118.2987213,116.03144785864652,2.267273441353481,2.267273441353481
matrix_train_30_percent,4509,113.684021,111.63923899810777,2.04478200189223,2.04478200189223
matrix_train_30_percent,4510,111.8234482,108.60535319829734,3.2180950017026646,3.2180950017026646
matrix_train_30_percent,4511,115.5550613,113.14274629098028,2.4123150090197214,2.4123150090197214
matrix_train_30_percent,4512,117.9459763,116.44155893922691,1.5044173607730897,1.5044173607730897
matrix_train_30_percent,4513,117.563385,115.69735052004474,1.8660344799552604,1.8660344799552604
matrix_train_30_percent,4514,120.120575,118.0261759352494,2.094399064750604,2.094399064750604
matrix_train_30_percent,4515,105.4055557,105.43327305470012,-0.027717354700129704,0.027717354700129704
matrix_train_30_percent,4516,108.5726471,107.71746182082401,0.8551852791759842,0.8551852791759842
matrix_train_30_percent,4517,111.3476715,109.276719105934,2.0709523940659977,2.0709523940659977
matrix_train_30_percent,4518,111.6785202,109.73388627726962,1.9446339227303753,1.9446339227303753
matrix_train_30_percent,4519,114.5513458,112.26964728248377,2.281698517516233,2.281698517516233
matrix_train_30_percent,4520,117.6813278,115.7316453634846,1.9496824365154026,1.9496824365154026
matrix_train_30_percent,4521,119.2954483,117.23830386767959,2.0571444323204133,2.0571444323204133
matrix_train_30_percent,4522,119.0738754,117.47006390813418,1.6038114918658266,1.6038114918658266
matrix_train_30_percent,4523,104.9078598,105.27295604193746,-0.36509624193746504,0.36509624193746504
matrix_train_30_percent,4524,111.4358826,110.096929383615,1.3389532163849935,1.3389532163849935
matrix_train_30_percent,4525,108.7176361,106.44930015832817,2.268335941671836,2.268335941671836
matrix_train_30_percent,4526,108.4697037,107.72369133346426,0.7460123665357372,0.7460123665357372
matrix_train_30_percent,4527,113.1142578,110.62508797885035,2.489169821149659,2.489169821149659
matrix_train_30_percent,4528,116.0081711,113.4429614963296,2.5652096036703966,2.5652096036703966
matrix_train_30_percent,4529,114.9212036,111.68703892573008,3.2341646742699197,3.2341646742699197
matrix_train_30_percent,4530,113.3306274,111.21527715426403,2.115350245735968,2.115350245735968
matrix_train_30_percent,4531,117.0203934,114.07789169162785,2.9425017083721485,2.9425017083721485
matrix_train_30_percent,4532,116.2495041,114.39074339721807,1.8587607027819217,1.8587607027819217
matrix_train_30_percent,4533,116.588829,114.45791195540075,2.130917044599258,2.130917044599258
matrix_train_30_percent,4534,104.7095947,105.46432767984253,-0.7547329798425295,0.7547329798425295
matrix_train_30_percent,4535,106.1884003,106.27541961352073,-0.08701931352072734,0.08701931352072734
matrix_train_30_percent,4536,114.4029007,112.93212302258232,1.4707776774176864,1.4707776774176864
matrix_train_30_percent,4537,113.3071823,111.01949223869524,2.287690061304758,2.287690061304758
matrix_train_30_percent,4538,117.246788,115.15230292459842,2.094485075401579,2.094485075401579
matrix_train_30_percent,4539,115.9802704,114.08382796432966,1.8964424356703375,1.8964424356703375
matrix_train_30_percent,4540,114.1123199,113.44856417828278,0.663755721717223,0.663755721717223
matrix_train_30_percent,4541,116.7627258,114.61209068899674,2.150635111003254,2.150635111003254
matrix_train_30_percent,4542,113.7823486,111.10889119606097,2.6734574039390395,2.6734574039390395
matrix_train_30_percent,4543,112.8454132,110.47959178838681,2.365821411613183,2.365821411613183
matrix_train_30_percent,4544,113.294281,111.19855744446123,2.0957235555387683,2.0957235555387683
matrix_train_30_percent,4545,113.2000809,111.2837764924698,1.9163044075302054,1.9163044075302054
matrix_train_30_percent,4546,117.4871445,114.89490575582784,2.592238744172164,2.592238744172164
matrix_train_30_percent,4547,106.1183777,106.82915250528438,-0.7107748052843874,0.7107748052843874
matrix_train_30_percent,4548,106.5820084,107.56610995157972,-0.9841015515797125,0.9841015515797125
matrix_train_30_percent,4549,104.7145157,105.20341565120279,-0.4888999512027823,0.4888999512027823
matrix_train_30_percent,4550,110.8481445,108.66968093765604,2.178463562343964,2.178463562343964
matrix_train_30_percent,4551,111.4689789,109.11392329154332,2.3550556084566807,2.3550556084566807
matrix_train_30_percent,4552,108.6864548,106.54314493311061,2.143309866889396,2.143309866889396
matrix_train_30_percent,4553,110.4430847,108.65789446310578,1.7851902368942234,1.7851902368942234
matrix_train_30_percent,4554,114.2898254,111.9360176269351,2.3538077730649007,2.3538077730649007
matrix_train_30_percent,4555,105.7454147,107.32255580830481,-1.577141108304815,1.577141108304815
matrix_train_30_percent,4556,100.1161728,102.26508373854489,-2.148910938544887,2.148910938544887
matrix_train_30_percent,4557,115.7088013,112.91870786510641,2.790093434893592,2.790093434893592
matrix_train_30_percent,4558,113.8411713,111.64348141060695,2.1976898893930468,2.1976898893930468
matrix_train_30_percent,4559,115.1331329,112.44931383072819,2.68381906927182,2.68381906927182
matrix_train_30_percent,4560,118.1111526,115.99223217981006,2.118920420189937,2.118920420189937
matrix_train_30_percent,4561,119.7295074,116.895722475851,2.8337849241490005,2.8337849241490005
matrix_train_30_percent,4562,118.1050491,115.11273556339219,2.99231353660781,2.99231353660781
matrix_train_30_percent,4563,103.792305,106.9055836138702,-3.1132786138702073,3.1132786138702073
matrix_train_30_percent,4564,103.3813095,106.8833066718264,-3.501997171826403,3.501997171826403
matrix_train_30_percent,4565,125.1277924,122.79961473294105,2.3281776670589522,2.3281776670589522
matrix_train_30_percent,4566,120.897995,118.21198703474543,2.6860079652545608,2.6860079652545608
matrix_train_30_percent,4567,104.1578674,106.79048133237474,-2.6326139323747384,2.6326139323747384
matrix_train_30_percent,4568,104.3274536,106.23923001511699,-1.9117764151169894,1.9117764151169894
matrix_train_30_percent,4569,104.6650009,108.25604665932951,-3.5910457593295178,3.5910457593295178
matrix_train_30_percent,4570,104.5872726,107.65224271198841,-3.0649701119884014,3.0649701119884014
matrix_train_30_percent,4571,118.6418915,117.05912530731936,1.5827661926806371,1.5827661926806371
matrix_train_30_percent,4572,119.3188095,117.4435854644708,1.8752240355292003,1.8752240355292003
matrix_train_30_percent,4573,123.0199585,120.73986703361085,2.280091466389152,2.280091466389152
matrix_train_30_percent,4574,125.6551514,123.19169108493992,2.4634603150600753,2.4634603150600753
matrix_train_30_percent,4575,126.8894119,125.11593897923676,1.7734729207632398,1.7734729207632398
matrix_train_30_percent,4576,115.854248,114.29798781101096,1.556260188989043,1.556260188989043
matrix_train_30_percent,4577,118.7019424,116.7280788217719,1.9738635782280909,1.9738635782280909
matrix_train_30_percent,4578,119.7320709,118.09192504754108,1.6401458524589145,1.6401458524589145
matrix_train_30_percent,4579,121.9075623,120.15362397856967,1.7539383214303257,1.7539383214303257
matrix_train_30_percent,4580,121.2461166,119.28109306317253,1.9650235368274593,1.9650235368274593
matrix_train_30_percent,4581,121.9142532,120.18376674420473,1.7304864557952726,1.7304864557952726
matrix_train_30_percent,4582,120.0807953,117.69725962260964,2.3835356773903698,2.3835356773903698
matrix_train_30_percent,4583,116.0317535,113.1966926771624,2.8350608228375904,2.8350608228375904
matrix_train_30_percent,4584,112.4283447,110.6782193896043,1.7501253103957026,1.7501253103957026
matrix_train_30_percent,4585,114.228363,112.17008022250005,2.0582827774999544,2.0582827774999544
matrix_train_30_percent,4586,117.6309052,115.69250540825118,1.9383997917488216,1.9383997917488216
matrix_train_30_percent,4587,117.779213,116.09841991450529,1.680793085494713,1.680793085494713
matrix_train_30_percent,4588,114.0619888,112.34862529160262,1.7133635083973786,1.7133635083973786
matrix_train_30_percent,4589,110.028862,108.22008847503272,1.808773524967279,1.808773524967279
matrix_train_30_percent,4590,110.4586487,108.78286839777492,1.6757803022250783,1.6757803022250783
matrix_train_30_percent,4591,113.1194687,111.26035553276162,1.8591131672383767,1.8591131672383767
matrix_train_30_percent,4592,117.5524521,115.45836574694692,2.094086353053072,2.094086353053072
matrix_train_30_percent,4593,117.0437698,115.28532917252582,1.7584406274741866,1.7584406274741866
matrix_train_30_percent,4594,118.9253845,117.13945008349019,1.7859344165098179,1.7859344165098179
matrix_train_30_percent,4595,114.4796906,112.00866517186886,2.471025428131142,2.471025428131142
matrix_train_30_percent,4596,107.1688309,104.76332347793708,2.405507422062925,2.405507422062925
matrix_train_30_percent,4597,105.8571396,104.16275170566422,1.694387894335776,1.694387894335776
matrix_train_30_percent,4598,107.8594818,105.82172977563084,2.037752024369155,2.037752024369155
matrix_train_30_percent,4599,111.2294693,109.09663075657687,2.1328385434231336,2.1328385434231336
matrix_train_30_percent,4600,115.5498734,113.90154538167194,1.6483280183280584,1.6483280183280584
matrix_train_30_percent,4601,117.6201706,114.89190953942031,2.7282610605796833,2.7282610605796833
matrix_train_30_percent,4602,105.2290039,106.39884494597975,-1.1698410459797515,1.1698410459797515
matrix_train_30_percent,4603,105.0575333,105.43980630043517,-0.38227300043516266,0.38227300043516266
matrix_train_30_percent,4604,111.214592,109.4088415495195,1.8057504504805024,1.8057504504805024
matrix_train_30_percent,4605,110.2453613,108.47900348725476,1.766357812745241,1.766357812745241
matrix_train_30_percent,4606,113.6224823,111.53455057966909,2.0879317203309142,2.0879317203309142
matrix_train_30_percent,4607,115.7176514,113.67673413215299,2.040917267847007,2.040917267847007
matrix_train_30_percent,4608,117.7447739,114.92851952171914,2.81625437828086,2.81625437828086
matrix_train_30_percent,4609,116.6808701,114.90549883215294,1.7753712678470635,1.7753712678470635
matrix_train_30_percent,4610,105.341362,108.15643215444176,-2.815070154441756,2.815070154441756
matrix_train_30_percent,4611,106.539772,106.01876780043266,0.5210041995673436,0.5210041995673436
matrix_train_30_percent,4612,110.512825,108.68107572761618,1.8317492723838313,1.8317492723838313
matrix_train_30_percent,4613,110.5074997,109.22008939822781,1.2874103017721836,1.2874103017721836
matrix_train_30_percent,4614,113.0899048,111.23749847487738,1.8524063251226153,1.8524063251226153
matrix_train_30_percent,4615,116.1292725,114.19119862224399,1.9380738777560111,1.9380738777560111
matrix_train_30_percent,4616,115.1544724,113.38961915935568,1.764853240644328,1.764853240644328
matrix_train_30_percent,4617,115.1411133,112.4503609851268,2.690752314873194,2.690752314873194
matrix_train_30_percent,4618,115.1201706,113.6428255552937,1.477345044706297,1.477345044706297
matrix_train_30_percent,4619,109.3371353,107.7898678459759,1.5472674540240945,1.5472674540240945
matrix_train_30_percent,4620,111.1764526,109.12118040915396,2.05527219084604,2.05527219084604
matrix_train_30_percent,4621,112.0804062,110.05039332039671,2.030012879603291,2.030012879603291
matrix_train_30_percent,4622,113.9084473,111.5985466879547,2.309900612045311,2.309900612045311
matrix_train_30_percent,4623,117.4422531,115.29891051948066,2.143342580519345,2.143342580519345
matrix_train_30_percent,4624,119.7290573,116.03785423618935,3.6912030638106472,3.6912030638106472
matrix_train_30_percent,4625,116.7423782,115.22443521076683,1.5179429892331768,1.5179429892331768
matrix_train_30_percent,4626,111.6827087,109.6830890220381,1.9996196779619027,1.9996196779619027
matrix_train_30_percent,4627,109.8150024,107.7910878874691,2.0239145125308937,2.0239145125308937
matrix_train_30_percent,4628,111.0897751,108.61092960823868,2.4788454917613194,2.4788454917613194
matrix_train_30_percent,4629,113.0060883,110.96969914218764,2.0363891578123656,2.0363891578123656
matrix_train_30_percent,4630,114.8895035,113.6843999711135,1.2051035288864966,1.2051035288864966
matrix_train_30_percent,4631,114.3920135,112.86171403427608,1.5302994657239282,1.5302994657239282
matrix_train_30_percent,4632,101.0804901,101.95605781137911,-0.8755677113791052,0.8755677113791052
matrix_train_30_percent,4633,106.9759369,104.7558930427631,2.220043857236888,2.220043857236888
matrix_train_30_percent,4634,109.6418152,107.3025027724003,2.339312427599694,2.339312427599694
matrix_train_30_percent,4635,110.5644379,109.10082338299101,1.4636145170089918,1.4636145170089918
matrix_train_30_percent,4636,109.8583221,107.65008418953272,2.2082379104672754,2.2082379104672754
matrix_train_30_percent,4637,111.6645737,109.23710345652658,2.4274702434734223,2.4274702434734223
matrix_train_30_percent,4638,105.6343155,105.31475247650994,0.31956302349006194,0.31956302349006194
matrix_train_30_percent,4639,105.201973,103.14018508674349,2.0617879132565093,2.0617879132565093
matrix_train_30_percent,4640,104.4356537,101.91650155628359,2.5191521437164113,2.5191521437164113
matrix_train_30_percent,4641,109.2103729,106.40057823663582,2.8097946633641726,2.8097946633641726
matrix_train_30_percent,4642,110.1571503,108.33229118252906,1.824859117470936,1.824859117470936
matrix_train_30_percent,4643,112.6619644,109.61608839889585,3.0458760011041477,3.0458760011041477
matrix_train_30_percent,4644,110.3734894,108.14299639683944,2.2304930031605608,2.2304930031605608
matrix_train_30_percent,4645,109.9733963,107.34859854567402,2.624797754325982,2.624797754325982
matrix_train_30_percent,4646,109.9566498,107.40593635858805,2.5507134414119434,2.5507134414119434
matrix_train_30_percent,4647,111.390892,109.23090353869013,2.159988461309865,2.159988461309865
matrix_train_30_percent,4648,116.0242386,113.44377669459065,2.5804619054093507,2.5804619054093507
matrix_train_30_percent,4649,116.6429214,114.10156394583929,2.5413574541607176,2.5413574541607176
matrix_train_30_percent,4650,116.3081665,113.32515473541078,2.9830117645892216,2.9830117645892216
matrix_train_30_percent,4651,105.4132614,106.40309721239065,-0.9898358123906519,0.9898358123906519
matrix_train_30_percent,4652,103.652565,105.11467967069146,-1.462114670691463,1.462114670691463
matrix_train_30_percent,4653,117.2827759,114.52088879255236,2.7618871074476488,2.7618871074476488
matrix_train_30_percent,4654,117.7464905,115.74131507704944,2.0051754229505576,2.0051754229505576
matrix_train_30_percent,4655,117.3274384,115.37868533412146,1.9487530658785488,1.9487530658785488
matrix_train_30_percent,4656,110.3105392,108.13698293002462,2.1735562699753785,2.1735562699753785
matrix_train_30_percent,4657,114.4206314,111.77458641744124,2.646044982558763,2.646044982558763
matrix_train_30_percent,4658,115.4298172,112.77885747446187,2.6509597255381294,2.6509597255381294
matrix_train_30_percent,4659,114.8194885,112.56424790855876,2.2552405914412503,2.2552405914412503
matrix_train_30_percent,4660,104.7744064,105.9962146019825,-1.2218082019824976,1.2218082019824976
matrix_train_30_percent,4661,105.5973663,104.8148331422108,0.782533157789203,0.782533157789203
matrix_train_30_percent,4662,108.9621964,106.73921873081215,2.2229776691878413,2.2229776691878413
matrix_train_30_percent,4663,106.4279633,105.69452033502498,0.7334429649750263,0.7334429649750263
matrix_train_30_percent,4664,112.8870773,111.47648563639565,1.4105916636043503,1.4105916636043503
matrix_train_30_percent,4665,104.880722,104.4795475522459,0.4011744477541015,0.4011744477541015
matrix_train_30_percent,4666,104.8808441,106.77886945773153,-1.8980253577315267,1.8980253577315267
matrix_train_30_percent,4667,110.9431076,109.63824903462017,1.3048585653798312,1.3048585653798312
matrix_train_30_percent,4668,109.1198273,106.97104185254459,2.14878544745541,2.14878544745541
matrix_train_30_percent,4669,106.8242188,104.54344800192492,2.280770798075082,2.280770798075082
matrix_train_30_percent,4670,107.5707626,105.59792265853116,1.972839941468834,1.972839941468834
matrix_train_30_percent,4671,112.4271927,110.76498288600143,1.6622098139985724,1.6622098139985724
matrix_train_30_percent,4672,115.4081116,114.22750952651172,1.1806020734882736,1.1806020734882736
matrix_train_30_percent,4673,105.8297729,104.29609580342631,1.5336770965736832,1.5336770965736832
matrix_train_30_percent,4674,106.2579575,103.1040982546793,3.153859245320703,3.153859245320703
matrix_train_30_percent,4675,106.2977295,103.33804702081576,2.959682479184238,2.959682479184238
matrix_train_30_percent,4676,107.5507736,104.99017681907677,2.560596780923234,2.560596780923234
matrix_train_30_percent,4677,112.6979675,110.4441720047397,2.253795495260306,2.253795495260306
matrix_train_30_percent,4678,112.1950607,110.80966941140255,1.3853912885974466,1.3853912885974466
matrix_train_30_percent,4679,114.1205215,112.29942480808417,1.8210966919158267,1.8210966919158267
matrix_train_30_percent,4680,107.2887344,105.32859239607563,1.9601420039243607,1.9601420039243607
matrix_train_30_percent,4681,110.5258942,107.80633534945652,2.7195588505434785,2.7195588505434785
matrix_train_30_percent,4682,111.3908691,108.88627336289845,2.5045957371015533,2.5045957371015533
matrix_train_30_percent,4683,112.4742966,109.91286530944768,2.5614312905523207,2.5614312905523207
matrix_train_30_percent,4684,105.2450027,103.5581953018949,1.6868073981051026,1.6868073981051026
matrix_train_30_percent,4685,105.8362503,102.990933083065,2.845317216935001,2.845317216935001
matrix_train_30_percent,4686,105.8324509,103.97299045584991,1.8594604441500877,1.8594604441500877
matrix_train_30_percent,4687,105.741539,104.00570733448167,1.735831665518333,1.735831665518333
matrix_train_30_percent,4688,113.6483841,110.77767288105082,2.8707112189491824,2.8707112189491824
matrix_train_30_percent,4689,111.6659775,109.61300704964056,2.052970450359439,2.052970450359439
matrix_train_30_percent,4690,110.4612122,108.44451539190064,2.0166968080993684,2.0166968080993684
matrix_train_30_percent,4691,117.1751251,115.36631151433195,1.808813585668048,1.808813585668048
matrix_train_30_percent,4692,104.4096832,105.35628781647503,-0.9466046164750281,0.9466046164750281
matrix_train_30_percent,4693,105.9227829,106.89150692753212,-0.9687240275321187,0.9687240275321187
matrix_train_30_percent,4694,101.896492,102.3684622759293,-0.4719702759293085,0.4719702759293085
matrix_train_30_percent,4695,108.9627914,107.17171760885758,1.7910737911424235,1.7910737911424235
matrix_train_30_percent,4696,108.8148041,106.50834621719973,2.3064578828002738,2.3064578828002738
matrix_train_30_percent,4697,110.8611069,108.15804568029571,2.7030612197042814,2.7030612197042814
matrix_train_30_percent,4698,111.4653854,109.00996481765637,2.455420582343635,2.455420582343635
matrix_train_30_percent,4699,111.40345,108.82378985035805,2.5796601496419527,2.5796601496419527
matrix_train_30_percent,4700,105.0372925,105.08006496739571,-0.04277246739570728,0.04277246739570728
matrix_train_30_percent,4701,102.735321,104.64021266489014,-1.904891664890144,1.904891664890144
matrix_train_30_percent,4702,107.0823364,106.35069820661359,0.7316381933864164,0.7316381933864164
matrix_train_30_percent,4703,112.3861771,110.71620277959417,1.669974320405828,1.669974320405828
matrix_train_30_percent,4704,116.0442963,113.9183334220947,2.1259628779052946,2.1259628779052946
matrix_train_30_percent,4705,115.2460785,113.28368824587025,1.962390254129744,1.962390254129744
matrix_train_30_percent,4706,103.5482712,104.04204166748278,-0.49377046748277564,0.49377046748277564
matrix_train_30_percent,4707,101.8037567,104.23051863569528,-2.426761935695282,2.426761935695282
matrix_train_30_percent,4708,102.152092,104.72029698455479,-2.5682049845547965,2.5682049845547965
matrix_train_30_percent,4709,113.3711395,112.37979743129279,0.9913420687072119,0.9913420687072119
matrix_train_30_percent,4710,110.4200897,107.73286559691884,2.6872241030811637,2.6872241030811637
untouched_test_30_percent,4711,110.4298019,108.41333670277704,2.0164651972229564,2.0164651972229564
untouched_test_30_percent,4712,102.6494446,102.58873208471195,0.060712515288045665,0.060712515288045665
untouched_test_30_percent,4713,101.8694839,103.59875771834035,-1.7292738183403458,1.7292738183403458
untouched_test_30_percent,4714,113.072113,111.33558813612407,1.7365248638759283,1.7365248638759283
untouched_test_30_percent,4715,111.3982468,108.59538240755361,2.8028643924463807,2.8028643924463807
untouched_test_30_percent,4716,109.4732819,106.4506959584095,3.0225859415905063,3.0225859415905063
untouched_test_30_percent,4717,107.8694611,105.41803049536148,2.4514306046385173,2.4514306046385173
untouched_test_30_percent,4718,112.9961853,111.09453820650653,1.901647093493466,1.901647093493466
untouched_test_30_percent,4719,104.2066956,104.36802970343061,-0.16133410343060461,0.16133410343060461
untouched_test_30_percent,4720,111.8447189,109.45534893172243,2.3893699682775775,2.3893699682775775
untouched_test_30_percent,4721,109.7415237,107.85781749709156,1.8837062029084422,1.8837062029084422
untouched_test_30_percent,4722,105.7307968,104.12423687552396,1.6065599244760307,1.6065599244760307
untouched_test_30_percent,4723,106.4551849,103.13336408225572,3.321820817744282,3.321820817744282
untouched_test_30_percent,4724,103.1332855,102.91915995902336,0.21412554097663872,0.21412554097663872
untouched_test_30_percent,4725,113.7087631,111.1529317693416,2.5558313306583926,2.5558313306583926
untouched_test_30_percent,4726,112.4317398,110.61514614802127,1.8165936519787351,1.8165936519787351
untouched_test_30_percent,4727,105.4777298,104.36745343488396,1.11027636511605,1.11027636511605
untouched_test_30_percent,4728,104.7785034,104.291928119441,0.4865752805590091,0.4865752805590091
untouched_test_30_percent,4729,104.6553497,102.74148390273729,1.9138657972627158,1.9138657972627158
untouched_test_30_percent,4730,104.6190948,101.61949513820643,2.9995996617935674,2.9995996617935674
untouched_test_30_percent,4731,108.0834579,105.05138811404295,3.0320697859570487,3.0320697859570487
untouched_test_30_percent,4732,107.1477051,104.61102371531517,2.536681384684826,2.536681384684826
untouched_test_30_percent,4733,110.1110001,107.29128881949909,2.8197112805009112,2.8197112805009112
untouched_test_30_percent,4734,105.9781265,104.09608840599051,1.8820380940094878,1.8820380940094878
untouched_test_30_percent,4735,99.53970337,100.21085011084091,-0.6711467408409106,0.6711467408409106
untouched_test_30_percent,4736,106.2534027,103.31973811680608,2.9336645831939165,2.9336645831939165
untouched_test_30_percent,4737,106.4457474,103.27628047076915,3.1694669292308504,3.1694669292308504
untouched_test_30_percent,4738,105.4297028,102.41970722828711,3.009995571712892,3.009995571712892
untouched_test_30_percent,4739,111.341629,108.52714338912654,2.8144856108734615,2.8144856108734615
untouched_test_30_percent,4740,112.4112167,109.74630734912287,2.6649093508771244,2.6649093508771244
untouched_test_30_percent,4741,113.9628525,111.74941796464935,2.2134345353506433,2.2134345353506433
untouched_test_30_percent,4742,99.56781769,101.54068219327523,-1.9728645032752326,1.9728645032752326
untouched_test_30_percent,4743,99.92761993,101.178510737111,-1.2508908071109914,1.2508908071109914
untouched_test_30_percent,4744,110.2689056,108.09451198302501,2.1743936169749816,2.1743936169749816
untouched_test_30_percent,4745,109.8152466,107.95722747597216,1.8580191240278339,1.8580191240278339
untouched_test_30_percent,4746,109.2688522,106.95284156695249,2.3160106330475116,2.3160106330475116
untouched_test_30_percent,4747,107.238678,105.74181590680126,1.4968620931987289,1.4968620931987289
untouched_test_30_percent,4748,116.6404266,113.60246296022,3.0379636397800027,3.0379636397800027
untouched_test_30_percent,4749,105.1687241,105.31080341815445,-0.14207931815444397,0.14207931815444397
untouched_test_30_percent,4750,100.6236038,102.80544174554174,-2.1818379455417443,2.1818379455417443
untouched_test_30_percent,4751,105.2293472,106.60983811545051,-1.3804909154505083,1.3804909154505083
untouched_test_30_percent,4752,113.852562,111.53384952618728,2.318712473812724,2.318712473812724
untouched_test_30_percent,4753,113.5583496,111.71314929901506,1.845200300984942,1.845200300984942
untouched_test_30_percent,4754,113.556488,111.02129163753202,2.5351963624679854,2.5351963624679854
untouched_test_30_percent,4755,112.6757736,110.56868852065054,2.10708507934946,2.10708507934946
untouched_test_30_percent,4756,115.8232193,113.19687267958172,2.626346620418289,2.626346620418289
untouched_test_30_percent,4757,104.8480377,105.66797151256335,-0.8199338125633489,0.8199338125633489
untouched_test_30_percent,4758,106.0893555,106.94306124091804,-0.8537057409180449,0.8537057409180449
untouched_test_30_percent,4759,105.2646408,106.17643573742494,-0.9117949374249434,0.9117949374249434
untouched_test_30_percent,4760,114.8329773,112.87616020713153,1.9568170928684623,1.9568170928684623
untouched_test_30_percent,4761,113.6062546,111.25130047384806,2.354954126151938,2.354954126151938
untouched_test_30_percent,4762,111.8659286,109.14877339203869,2.717155207961312,2.717155207961312
untouched_test_30_percent,4763,114.0308304,111.83541589439743,2.195414505602571,2.195414505602571
untouched_test_30_percent,4764,103.0474091,104.31567572369576,-1.2682666236957658,1.2682666236957658
untouched_test_30_percent,4765,101.2757263,104.59156706980595,-3.315840769805945,3.315840769805945
untouched_test_30_percent,4766,113.3235092,111.48912927939405,1.8343799206059543,1.8343799206059543
untouched_test_30_percent,4767,113.0402145,110.41280546278254,2.627409037217461,2.627409037217461
untouched_test_30_percent,4768,110.6445313,108.36478585020942,2.279745449790582,2.279745449790582
untouched_test_30_percent,4769,111.4410324,109.01834316433474,2.42268923566526,2.42268923566526
untouched_test_30_percent,4770,117.310257,114.84564723580043,2.4646097641995652,2.4646097641995652
untouched_test_30_percent,4771,104.7673721,104.60634404298156,0.16102805701844147,0.16102805701844147
untouched_test_30_percent,4772,103.6263657,105.3801089277563,-1.7537432277563028,1.7537432277563028
untouched_test_30_percent,4773,102.6183243,106.01939521853491,-3.401070918534913,3.401070918534913
untouched_test_30_percent,4774,111.6355286,109.92905658549766,1.7064720145023387,1.7064720145023387
untouched_test_30_percent,4775,112.4200058,110.49439634695561,1.9256094530443875,1.9256094530443875
untouched_test_30_percent,4776,107.8370209,106.0507890856073,1.7862318143926927,1.7862318143926927
untouched_test_30_percent,4777,107.1656113,105.39508282463034,1.7705284753696588,1.7705284753696588
untouched_test_30_percent,4778,104.9362717,105.8882399680256,-0.9519682680255954,0.9519682680255954
untouched_test_30_percent,4779,106.6446075,107.05662099634057,-0.4120134963405633,0.4120134963405633
untouched_test_30_percent,4780,104.7419434,106.57220514232485,-1.8302617423248506,1.8302617423248506
untouched_test_30_percent,4781,110.8694153,108.79741518012656,2.0720001198734366,2.0720001198734366
untouched_test_30_percent,4782,109.8295593,106.9176108860896,2.9119484139103946,2.9119484139103946
untouched_test_30_percent,4783,108.2598724,106.03590035352559,2.2239720464744153,2.2239720464744153
untouched_test_30_percent,4784,107.7064896,105.60745670141378,2.0990328985862163,2.0990328985862163
untouched_test_30_percent,4785,109.7426224,107.60461519992535,2.1380072000746537,2.1380072000746537
untouched_test_30_percent,4786,114.170105,110.91997211863267,3.2501328813673354,3.2501328813673354
untouched_test_30_percent,4787,105.6652756,105.56649685988845,0.09877874011155541,0.09877874011155541
untouched_test_30_percent,4788,109.026741,107.18756643952335,1.8391745604766498,1.8391745604766498
untouched_test_30_percent,4789,105.8997421,104.71411646226294,1.1856256377370613,1.1856256377370613
untouched_test_30_percent,4790,103.1002426,100.42600934401968,2.674233255980326,2.674233255980326
untouched_test_30_percent,4791,103.5317459,100.56147075257351,2.9702751474264915,2.9702751474264915
untouched_test_30_percent,4792,105.5291214,102.92365800704408,2.6054633929559117,2.6054633929559117
untouched_test_30_percent,4793,110.4339371,108.35914771004086,2.074789389959136,2.074789389959136
untouched_test_30_percent,4794,110.7323914,108.71836790416695,2.014023495833044,2.014023495833044
untouched_test_30_percent,4795,105.4058075,102.41846476029507,2.9873427397049284,2.9873427397049284
untouched_test_30_percent,4796,104.791954,102.53392077382658,2.258033226173424,2.258033226173424
untouched_test_30_percent,4797,103.9071045,101.13856535088466,2.768539149115341,2.768539149115341
untouched_test_30_percent,4798,105.1872864,102.82530642694007,2.361979973059931,2.361979973059931
untouched_test_30_percent,4799,112.2042542,109.16298199887717,3.0412722011228226,3.0412722011228226
untouched_test_30_percent,4800,113.9776459,111.91107614525691,2.0665697547430852,2.0665697547430852
untouched_test_30_percent,4801,104.5188599,104.19481257564524,0.32404732435475125,0.32404732435475125
untouched_test_30_percent,4802,106.8033066,106.23776202101035,0.5655445789896447,0.5655445789896447
untouched_test_30_percent,4803,107.193161,104.95854703894427,2.2346139610557287,2.2346139610557287
untouched_test_30_percent,4804,107.3881912,104.52084739621483,2.867343803785161,2.867343803785161
untouched_test_30_percent,4805,107.6865616,105.62825736482117,2.058304235178838,2.058304235178838
untouched_test_30_percent,4806,110.6031036,108.31999011200234,2.283113487997653,2.283113487997653
untouched_test_30_percent,4807,113.0371246,110.87612512878349,2.1609994712165133,2.1609994712165133
untouched_test_30_percent,4808,105.1010361,103.94043283203979,1.1606032679602123,1.1606032679602123
untouched_test_30_percent,4809,104.8905182,105.01677788831819,-0.12625968831818568,0.12625968831818568
untouched_test_30_percent,4810,105.7366867,103.6541253778772,2.082561322122814,2.082561322122814
untouched_test_30_percent,4811,106.0926666,103.86864649373462,2.2240201062653853,2.2240201062653853
untouched_test_30_percent,4812,104.1026459,102.01971660509125,2.0829292949087517,2.0829292949087517
untouched_test_30_percent,4813,107.9943924,105.0699217374821,2.9244706625178907,2.9244706625178907
untouched_test_30_percent,4814,111.1756592,108.68094873450626,2.494710465493739,2.494710465493739
untouched_test_30_percent,4815,111.0216293,109.03568844239213,1.985940857607872,1.985940857607872
untouched_test_30_percent,4816,105.3903275,104.79511220331216,0.5952152966878401,0.5952152966878401
untouched_test_30_percent,4817,108.0655975,106.59375795747162,1.4718395425283717,1.4718395425283717
untouched_test_30_percent,4818,107.8132935,104.55876967345115,3.254523826548848,3.254523826548848
untouched_test_30_percent,4819,104.6167908,102.36800301159226,2.248787788407739,2.248787788407739
untouched_test_30_percent,4820,104.848587,102.48875466289489,2.3598323371051038,2.3598323371051038
untouched_test_30_percent,4821,108.727562,105.84809646316721,2.8794655368327966,2.8794655368327966
untouched_test_30_percent,4822,113.2408371,111.24564298187434,1.995194118125653,1.995194118125653
untouched_test_30_percent,4823,111.4145584,107.6785135820628,3.7360448179371986,3.7360448179371986
untouched_test_30_percent,4824,106.883194,105.54566850661226,1.3375254933877443,1.3375254933877443
untouched_test_30_percent,4825,106.7034607,104.64509566742649,2.058365032573505,2.058365032573505
untouched_test_30_percent,4826,107.2127991,105.4898143919917,1.7229847080082976,1.7229847080082976
untouched_test_30_percent,4827,106.8432236,104.77257176463513,2.0706518353648704,2.0706518353648704
untouched_test_30_percent,4828,105.3962097,104.38818018174733,1.0080295182526697,1.0080295182526697
untouched_test_30_percent,4829,104.6131287,105.57331302363039,-0.9601843236303864,0.9601843236303864
untouched_test_30_percent,4830,106.7010345,104.76759966735919,1.9334348326408133,1.9334348326408133
untouched_test_30_percent,4831,105.9823303,103.3688737453052,2.6134565546948068,2.6134565546948068
untouched_test_30_percent,4832,101.786644,99.29524067989267,2.491403320107324,2.491403320107324
untouched_test_30_percent,4833,104.1672821,101.39045297461837,2.7768291253816244,2.7768291253816244
untouched_test_30_percent,4834,108.7135468,106.22563482404786,2.4879119759521444,2.4879119759521444
untouched_test_30_percent,4835,106.5484695,104.71379031993284,1.8346791800671554,1.8346791800671554
untouched_test_30_percent,4836,104.5237503,103.85807643668012,0.6656738633198813,0.6656738633198813
untouched_test_30_percent,4837,103.2213516,100.27220264773945,2.9491489522605576,2.9491489522605576
untouched_test_30_percent,4838,104.7941208,101.47902088968574,3.3150999103142595,3.3150999103142595
untouched_test_30_percent,4839,104.5802002,100.97513290417588,3.6050672958241137,3.6050672958241137
untouched_test_30_percent,4840,105.2640915,102.27121976518825,2.9928717348117573,2.9928717348117573
untouched_test_30_percent,4841,106.9576492,103.90179724924718,3.0558519507528246,3.0558519507528246
untouched_test_30_percent,4842,110.1118851,107.24462161020399,2.8672634897960023,2.8672634897960023
untouched_test_30_percent,4843,103.0218964,103.41991394155582,-0.3980175415558165,0.3980175415558165
untouched_test_30_percent,4844,103.7359772,103.80004776103952,-0.06407056103952868,0.06407056103952868
untouched_test_30_percent,4845,112.1498566,110.65476405975846,1.4950925402415436,1.4950925402415436
untouched_test_30_percent,4846,111.7028198,109.92076954346261,1.7820502565373886,1.7820502565373886
untouched_test_30_percent,4847,107.7127991,106.4774991470031,1.2352999529968969,1.2352999529968969
untouched_test_30_percent,4848,107.3315811,105.24906473280514,2.082516367194856,2.082516367194856
untouched_test_30_percent,4849,107.85849,105.30564798239718,2.5528420176028277,2.5528420176028277
untouched_test_30_percent,4850,116.6745453,113.04059632852832,3.633948971471682,3.633948971471682
untouched_test_30_percent,4851,111.5088959,108.63975616817785,2.8691397318221448,2.8691397318221448
untouched_test_30_percent,4852,115.4250031,112.39830510870316,3.0266979912968424,3.0266979912968424
untouched_test_30_percent,4853,104.7086105,103.69381057068631,1.0147999293136962,1.0147999293136962
untouched_test_30_percent,4854,105.7000656,104.622545157243,1.077520442757006,1.077520442757006
untouched_test_30_percent,4855,104.5165024,102.60484062117052,1.911661778829469,1.911661778829469
untouched_test_30_percent,4856,105.1841278,102.25387708755568,2.9302507124443196,2.9302507124443196
untouched_test_30_percent,4857,104.5882797,101.78506896565179,2.8032107343482124,2.8032107343482124
untouched_test_30_percent,4858,107.0069199,103.96867819878814,3.0382417012118594,3.0382417012118594
untouched_test_30_percent,4859,110.4183044,108.61276037541865,1.8055440245813514,1.8055440245813514
untouched_test_30_percent,4860,112.0940704,109.46564635902882,2.6284240409711828,2.6284240409711828
untouched_test_30_percent,4861,104.8006821,104.07964678205585,0.7210353179441569,0.7210353179441569
untouched_test_30_percent,4862,98.98738861,98.08730924306877,0.900079366931223,0.900079366931223
untouched_test_30_percent,4863,102.0714645,99.2785666862975,2.79289781370251,2.79289781370251
untouched_test_30_percent,4864,98.88639069,96.2289844164963,2.657406273503696,2.657406273503696
untouched_test_30_percent,4865,100.7848816,98.55787526672067,2.227006333279334,2.227006333279334
untouched_test_30_percent,4866,105.634285,101.96005691100245,3.674228088997552,3.674228088997552
untouched_test_30_percent,4867,105.0141907,102.67007480711116,2.344115892888837,2.344115892888837
untouched_test_30_percent,4868,107.6065445,104.73246575618113,2.8740787438188704,2.8740787438188704
untouched_test_30_percent,4869,108.6953735,105.86389580951435,2.831477690485656,2.831477690485656
untouched_test_30_percent,4870,99.83174896,97.72876509015428,2.1029838698457155,2.1029838698457155
untouched_test_30_percent,4871,100.1340408,98.31721028771958,1.8168305122804185,1.8168305122804185
untouched_test_30_percent,4872,98.81047821,96.54839078537793,2.2620874246220666,2.2620874246220666
untouched_test_30_percent,4873,105.7246017,101.95527258428129,3.7693291157187048,3.7693291157187048
untouched_test_30_percent,4874,106.5777817,103.45045981563007,3.127321884369934,3.127321884369934
untouched_test_30_percent,4875,107.7696533,104.78267845417975,2.9869748458202565,2.9869748458202565
untouched_test_30_percent,4876,99.42988586,100.1859270283664,-0.7560411683663943,0.7560411683663943
untouched_test_30_percent,4877,100.8843536,100.21651059869781,0.6678430013021881,0.6678430013021881
untouched_test_30_percent,4878,113.6673508,111.23388752240679,2.433463277593205,2.433463277593205
untouched_test_30_percent,4879,111.9697495,109.4078928421379,2.5618566578621085,2.5618566578621085
untouched_test_30_percent,4880,108.093605,105.24335439394527,2.850250606054729,2.850250606054729
untouched_test_30_percent,4881,107.7392349,104.8523126213974,2.886922278602597,2.886922278602597
untouched_test_30_percent,4882,113.7649689,110.81794733300815,2.9470215669918502,2.9470215669918502
untouched_test_30_percent,4883,100.4733734,100.93514201562607,-0.4617686156260703,0.4617686156260703
untouched_test_30_percent,4884,100.5838089,100.68907782157571,-0.1052689215757141,0.1052689215757141
untouched_test_30_percent,4885,108.4227982,106.03568557437313,2.3871126256268695,2.3871126256268695
untouched_test_30_percent,4886,104.5975266,101.98456886750327,2.6129577324967244,2.6129577324967244
untouched_test_30_percent,4887,105.444519,102.65914092209995,2.7853780779000488,2.7853780779000488
untouched_test_30_percent,4888,111.2225571,108.2364498211696,2.986107278830403,2.986107278830403
untouched_test_30_percent,4889,111.5519485,109.19484994134686,2.357098558653135,2.357098558653135
untouched_test_30_percent,4890,99.98163605,100.24353594654444,-0.2618998965444348,0.2618998965444348
untouched_test_30_percent,4891,97.23001099,98.91237485027955,-1.6823638602795512,1.6823638602795512
untouched_test_30_percent,4892,115.4437866,111.88713479548723,3.556651804512768,3.556651804512768
untouched_test_30_percent,4893,100.345871,98.60696369536238,1.738907304637621,1.738907304637621
untouched_test_30_percent,4894,99.30647278,97.607019473163,1.6994533068369861,1.6994533068369861
untouched_test_30_percent,4895,98.25469208,98.46910122946727,-0.2144091494672722,0.2144091494672722
untouched_test_30_percent,4896,98.76049042,98.95589878535247,-0.19540836535247763,0.19540836535247763
untouched_test_30_percent,4897,99.37822723,99.05105023965498,0.32717699034500924,0.32717699034500924
untouched_test_30_percent,4898,99.27380371,99.54604794718347,-0.2722442371834717,0.2722442371834717
untouched_test_30_percent,4899,103.2899551,101.37063886822047,1.9193162317795327,1.9193162317795327
untouched_test_30_percent,4900,103.623642,100.82147856820177,2.8021634317982347,2.8021634317982347
untouched_test_30_percent,4901,102.4349136,100.76132635811295,1.6735872418870485,1.6735872418870485
untouched_test_30_percent,4902,107.9717255,105.56004904383701,2.4116764561629935,2.4116764561629935
untouched_test_30_percent,4903,108.8409348,105.73897244069703,3.1019623593029735,3.1019623593029735
untouched_test_30_percent,4904,109.4592056,107.49524115612164,1.9639644438783677,1.9639644438783677
untouched_test_30_percent,4905,107.6769714,105.97061801342403,1.7063533865759695,1.7063533865759695
untouched_test_30_percent,4906,115.1257248,112.52830784364903,2.597416956350969,2.597416956350969
untouched_test_30_percent,4907,114.0865936,111.26558743364646,2.8210061663535413,2.8210061663535413
untouched_test_30_percent,4908,117.2809601,114.90509676879991,2.375863331200094,2.375863331200094
untouched_test_30_percent,4909,104.8679352,104.41458462426448,0.4533505757355272,0.4533505757355272
untouched_test_30_percent,4910,106.6122818,104.4467577185258,2.165524081474203,2.165524081474203
untouched_test_30_percent,4911,114.7082748,112.13074854878526,2.577526251214735,2.577526251214735
untouched_test_30_percent,4912,115.5176544,112.78520667023228,2.7324477297677134,2.7324477297677134
untouched_test_30_percent,4913,115.3555374,112.18579802200802,3.169739377991988,3.169739377991988
untouched_test_30_percent,4914,114.5245132,111.82192786317883,2.7025853368211727,2.7025853368211727
untouched_test_30_percent,4915,115.7022781,112.56872950305745,3.1335485969425463,3.1335485969425463
untouched_test_30_percent,4916,117.3100052,114.31770043931661,2.992304760683396,2.992304760683396
untouched_test_30_percent,4917,103.1791,104.41700930478996,-1.2379093047899516,1.2379093047899516
untouched_test_30_percent,4918,105.5890884,104.39440418429314,1.1946842157068573,1.1946842157068573
untouched_test_30_percent,4919,113.6727982,111.68798601924428,1.9848121807557249,1.9848121807557249
untouched_test_30_percent,4920,114.8198013,111.69661506995287,3.123186230047125,3.123186230047125
untouched_test_30_percent,4921,114.0680313,110.77837836202227,3.289652937977735,3.289652937977735
untouched_test_30_percent,4922,113.1888657,110.25256389297532,2.9363018070246767,2.9363018070246767
untouched_test_30_percent,4923,104.565773,102.81875182842914,1.7470211715708501,1.7470211715708501
untouched_test_30_percent,4924,105.2407761,103.1780671993301,2.0627089006699038,2.0627089006699038
untouched_test_30_percent,4925,103.0743637,101.33827938628514,1.7360843137148692,1.7360843137148692
untouched_test_30_percent,4926,102.0385971,101.59412069457436,0.4444764054256467,0.4444764054256467
untouched_test_30_percent,4927,104.1828308,101.78668371140205,2.3961470885979566,2.3961470885979566
untouched_test_30_percent,4928,102.7428055,99.82942814891089,2.9133773510891103,2.9133773510891103
untouched_test_30_percent,4929,100.9295197,97.4531506948068,3.476369005193206,3.476369005193206
untouched_test_30_percent,4930,101.836586,99.6558817397221,2.180704260277892,2.180704260277892
untouched_test_30_percent,4931,106.4292603,103.42473527470312,3.0045250252968714,3.0045250252968714
untouched_test_30_percent,4932,101.5227203,101.36692696921337,0.15579333078663637,0.15579333078663637
untouched_test_30_percent,4933,101.9995041,100.37556619443174,1.6239379055682548,1.6239379055682548
untouched_test_30_percent,4934,105.2160873,102.86415993685766,2.3519273631423374,2.3519273631423374
untouched_test_30_percent,4935,103.4740829,101.82259715911376,1.651485740886244,1.651485740886244
untouched_test_30_percent,4936,104.1949158,102.04915636641647,2.1457594335835353,2.1457594335835353
untouched_test_30_percent,4937,105.2074203,101.90026213296807,3.307158167031929,3.307158167031929
untouched_test_30_percent,4938,107.1592255,105.19892044135888,1.9603050586411257,1.9603050586411257
untouched_test_30_percent,4939,107.1276779,105.33740323450482,1.7902746654951756,1.7902746654951756
untouched_test_30_percent,4940,110.8820648,107.6477889833673,3.234275816632689,3.234275816632689
untouched_test_30_percent,4941,108.2524109,105.93513999829324,2.317270901706763,2.317270901706763
untouched_test_30_percent,4942,107.7111588,104.95779849355432,2.7533603064456855,2.7533603064456855
untouched_test_30_percent,4943,115.5471725,112.67068902812721,2.8764834718727883,2.8764834718727883
untouched_test_30_percent,4944,113.987442,111.16428017981097,2.8231618201890285,2.8231618201890285
untouched_test_30_percent,4945,114.170723,111.48081664309674,2.6899063569032506,2.6899063569032506
untouched_test_30_percent,4946,113.2532425,110.98710114166809,2.2661413583319074,2.2661413583319074
untouched_test_30_percent,4947,114.1131439,111.68428304306299,2.428860856937007,2.428860856937007
untouched_test_30_percent,4948,105.7065659,104.0422128146812,1.664353085318794,1.664353085318794
untouched_test_30_percent,4949,114.775444,112.13281562782984,2.642628372170151,2.642628372170151
untouched_test_30_percent,4950,113.9305725,110.59113049033829,3.3394420096617097,3.3394420096617097
untouched_test_30_percent,4951,114.3884811,111.33039979876786,3.05808130123215,3.05808130123215
untouched_test_30_percent,4952,114.381485,112.25625714546878,2.125227854531218,2.125227854531218
untouched_test_30_percent,4953,114.8018188,112.6877131381434,2.1141056618566125,2.1141056618566125
untouched_test_30_percent,4954,114.5257187,112.31462799583736,2.2110907041626433,2.2110907041626433
untouched_test_30_percent,4955,112.6896667,109.83777840979656,2.8518882902034477,2.8518882902034477
untouched_test_30_percent,4956,113.0872421,110.04204148982664,3.045200610173353,3.045200610173353
untouched_test_30_percent,4957,110.3948364,108.74240378637128,1.6524326136287186,1.6524326136287186
untouched_test_30_percent,4958,114.0291824,110.83269649445158,3.196485905548414,3.196485905548414
untouched_test_30_percent,4959,112.913147,110.11573443940173,2.7974125605982607,2.7974125605982607
untouched_test_30_percent,4960,112.5430222,109.24203981542234,3.300982384577651,3.300982384577651
untouched_test_30_percent,4961,115.0003738,111.61655070151005,3.3838230984899553,3.3838230984899553
untouched_test_30_percent,4962,116.8773499,113.50208298689853,3.37526691310147,3.37526691310147
untouched_test_30_percent,4963,99.7956543,98.69077295852097,1.1048813414790288,1.1048813414790288
untouched_test_30_percent,4964,100.3635025,99.10493425726399,1.258568242736004,1.258568242736004
untouched_test_30_percent,4965,101.2931595,100.79781425332723,0.4953452466727697,0.4953452466727697
untouched_test_30_percent,4966,111.2304535,108.42229694713163,2.8081565528683683,2.8081565528683683
untouched_test_30_percent,4967,113.9276505,110.44600559122982,3.4816449087701784,3.4816449087701784
untouched_test_30_percent,4968,114.0365295,110.91184461001528,3.124684889984721,3.124684889984721
untouched_test_30_percent,4969,114.701889,111.79968137331062,2.902207626689375,2.902207626689375
untouched_test_30_percent,4970,116.5045013,113.51075936145048,2.993741938549519,2.993741938549519
untouched_test_30_percent,4971,114.2286987,110.79174781918795,3.4369508808120486,3.4369508808120486
untouched_test_30_percent,4972,114.5486298,111.64226775399567,2.9063620460043325,2.9063620460043325
untouched_test_30_percent,4973,113.807312,110.96427089296499,2.843041107035006,2.843041107035006
untouched_test_30_percent,4974,112.0024796,108.76799761366956,3.2344819863304366,3.2344819863304366
untouched_test_30_percent,4975,113.6777344,110.85859686042924,2.819137539570761,2.819137539570761
untouched_test_30_percent,4976,113.3997498,110.17078848738969,3.228961312610309,3.228961312610309
untouched_test_30_percent,4977,113.8476181,110.60897984616577,3.238638253834239,3.238638253834239
untouched_test_30_percent,4978,115.2050095,112.04743803445037,3.157571465549637,3.157571465549637
untouched_test_30_percent,4979,113.2904053,111.47794711120552,1.81245818879448,1.81245818879448
untouched_test_30_percent,4980,114.498848,111.84263155352758,2.6562164464724134,2.6562164464724134
untouched_test_30_percent,4981,114.4715271,111.53287848533402,2.938648614665979,2.938648614665979
untouched_test_30_percent,4982,101.3223267,98.11427219591852,3.2080545040814883,3.2080545040814883
untouched_test_30_percent,4983,99.32527161,96.49362179407863,2.8316498159213666,2.8316498159213666
untouched_test_30_percent,4984,100.2146988,97.32617977320817,2.888519026791826,2.888519026791826
untouched_test_30_percent,4985,101.51577,98.36518165040698,3.150588349593022,3.150588349593022
untouched_test_30_percent,4986,102.3972626,99.02855335432776,3.3687092456722496,3.3687092456722496
untouched_test_30_percent,4987,105.594017,102.21690805191605,3.3771089480839436,3.3771089480839436
untouched_test_30_percent,4988,106.1748352,102.88949018546064,3.2853450145393595,3.2853450145393595
untouched_test_30_percent,4989,108.3041229,105.42530537112592,2.8788175288740803,2.8788175288740803
untouched_test_30_percent,4990,102.8903046,99.26608917473405,3.6242154252659446,3.6242154252659446
untouched_test_30_percent,4991,102.934082,100.16678422680215,2.7672977731978534,2.7672977731978534
untouched_test_30_percent,4992,101.3637009,98.14964846687113,3.2140524331288702,3.2140524331288702
untouched_test_30_percent,4993,102.4739151,99.74421938216844,2.729695717831561,2.729695717831561
untouched_test_30_percent,4994,102.6341858,100.42846065896751,2.205725141032488,2.205725141032488
untouched_test_30_percent,4995,107.9153595,105.24957040776974,2.6657890922302556,2.6657890922302556
untouched_test_30_percent,4996,105.7371674,102.55191877494023,3.1852486250597707,3.1852486250597707
untouched_test_30_percent,4997,99.85259247,97.56233689199115,2.2902555780088534,2.2902555780088534
untouched_test_30_percent,4998,99.31056976,96.02932305716689,3.2812467028331156,3.2812467028331156
untouched_test_30_percent,4999,98.16559601,95.05646840323725,3.1091276067627547,3.1091276067627547
untouched_test_30_percent,5000,97.69593048,94.75560082577583,2.940329654224172,2.940329654224172
untouched_test_30_percent,5001,101.8382263,98.45836303988172,3.3798632601182845,3.3798632601182845
untouched_test_30_percent,5002,104.5998077,102.07552796765322,2.524279732346784,2.524279732346784
untouched_test_30_percent,5003,106.2937927,103.08891157635395,3.2048811236460466,3.2048811236460466
untouched_test_30_percent,5004,108.5682373,105.45553348849239,3.1127038115076147,3.1127038115076147
untouched_test_30_percent,5005,102.8211365,99.63542013762265,3.185716362377349,3.185716362377349
untouched_test_30_percent,5006,99.05996704,95.95889266847831,3.1010743715216904,3.1010743715216904
untouched_test_30_percent,5007,97.91930389,95.46466113491299,2.454642755087008,2.454642755087008
untouched_test_30_percent,5008,103.98983,100.18148508195036,3.8083449180496416,3.8083449180496416
untouched_test_30_percent,5009,107.6581497,104.33461148952257,3.323538210477423,3.323538210477423
untouched_test_30_percent,5010,106.9918518,104.53058377636623,2.461268023633778,2.461268023633778
untouched_test_30_percent,5011,108.9969025,106.17513444552611,2.8217680544738926,2.8217680544738926
untouched_test_30_percent,5012,103.2764969,100.30739371312399,2.969103186876012,2.969103186876012
untouched_test_30_percent,5013,102.2154617,99.14184504521324,3.073616654786761,3.073616654786761
untouched_test_30_percent,5014,101.422081,98.8347455211578,2.5873354788422063,2.5873354788422063
untouched_test_30_percent,5015,103.2067184,100.52131144769872,2.6854069523012782,2.6854069523012782
untouched_test_30_percent,5016,106.0898972,103.25856251747874,2.831334682521259,2.831334682521259
untouched_test_30_percent,5017,106.8630066,104.2839279865736,2.579078613426404,2.579078613426404
untouched_test_30_percent,5018,109.15625,105.97357532234744,3.1826746776525567,3.1826746776525567
untouched_test_30_percent,5019,102.0948029,99.00862989030435,3.0861730096956563,3.0861730096956563
untouched_test_30_percent,5020,101.0091324,97.77627482796419,3.2328575720358117,3.2328575720358117
untouched_test_30_percent,5021,100.0721741,96.793376867684,3.278797232315995,3.278797232315995
untouched_test_30_percent,5022,103.4106522,100.58089747755632,2.829754722443681,2.829754722443681
untouched_test_30_percent,5023,99.05031586,97.70593505085647,1.34438080914353,1.34438080914353
untouched_test_30_percent,5024,107.4190903,105.15507207653268,2.2640182234673176,2.2640182234673176
untouched_test_30_percent,5025,109.6191711,107.1604845732175,2.4586865267825004,2.4586865267825004
untouched_test_30_percent,5026,109.2203293,106.62714181237288,2.5931874876271195,2.5931874876271195
untouched_test_30_percent,5027,101.2231445,97.68121748004894,3.5419270199510606,3.5419270199510606
untouched_test_30_percent,5028,97.64180756,98.05264447969908,-0.4108369196990793,0.4108369196990793
untouched_test_30_percent,5029,103.6519012,101.18294571407269,2.46895548592731,2.46895548592731
untouched_test_30_percent,5030,106.0816345,102.66730794794945,3.4143265520505537,3.4143265520505537
untouched_test_30_percent,5031,105.4144974,102.9550674921133,2.459429907886701,2.459429907886701
untouched_test_30_percent,5032,101.5710297,98.69437996066016,2.8766497393398396,2.8766497393398396
untouched_test_30_percent,5033,101.059433,98.196637862536,2.862795137464005,2.862795137464005
untouched_test_30_percent,5034,103.9395065,100.8076339503817,3.1318725496182935,3.1318725496182935
untouched_test_30_percent,5035,106.9180374,104.05890722217865,2.8591301778213563,2.8591301778213563
untouched_test_30_percent,5036,104.539032,101.4459889858302,3.093043014169808,3.093043014169808
untouched_test_30_percent,5037,111.7920303,108.16634635020343,3.625683949796567,3.625683949796567
untouched_test_30_percent,5038,101.2478333,98.15516515998517,3.0926681400148226,3.0926681400148226
untouched_test_30_percent,5039,104.479599,101.07971534388965,3.3998836561103474,3.3998836561103474
untouched_test_30_percent,5040,108.2205505,105.67227891846795,2.548271581532049,2.548271581532049
untouched_test_30_percent,5041,107.9409256,105.32088791751254,2.620037682487464,2.620037682487464
untouched_test_30_percent,5042,110.0994949,107.7976740702596,2.301820829740393,2.301820829740393
untouched_test_30_percent,5043,112.0153275,109.00720365621017,3.008123843789832,3.008123843789832
untouched_test_30_percent,5044,112.3132706,109.52120471391311,2.7920658860868883,2.7920658860868883
untouched_test_30_percent,5045,114.0740051,111.19224504671276,2.8817600532872376,2.8817600532872376
untouched_test_30_percent,5046,114.8097916,112.0837240780528,2.7260675219472006,2.7260675219472006
untouched_test_30_percent,5047,117.4773865,114.85736352493169,2.6200229750683093,2.6200229750683093
untouched_test_30_percent,5048,116.6466599,114.30745439201064,2.3392055079893623,2.3392055079893623
untouched_test_30_percent,5049,116.7692871,113.751523219722,3.0177638802779967,3.0177638802779967
untouched_test_30_percent,5050,112.9128952,110.48467628174522,2.428218918254771,2.428218918254771
untouched_test_30_percent,5051,102.5329361,99.17218408896332,3.3607520110366806,3.3607520110366806
untouched_test_30_percent,5052,100.8059845,97.93378102165347,2.8722034783465205,2.8722034783465205
untouched_test_30_percent,5053,100.9653473,98.05006724775897,2.9152800522410303,2.9152800522410303
untouched_test_30_percent,5054,112.1943359,109.37487321202103,2.8194626879789695,2.8194626879789695
untouched_test_30_percent,5055,113.3448334,109.92267260810597,3.4221607918940293,3.4221607918940293
untouched_test_30_percent,5056,113.1480865,110.09981346884753,3.048273031152476,3.048273031152476
untouched_test_30_percent,5057,114.1701202,110.86636720255518,3.3037529974448177,3.3037529974448177
untouched_test_30_percent,5058,115.6213989,113.02617233689035,2.595226563109648,2.595226563109648
untouched_test_30_percent,5059,115.1455154,111.87641576336041,3.269099636639581,3.269099636639581
untouched_test_30_percent,5060,111.6900482,109.34224340256362,2.347804797436382,2.347804797436382
untouched_test_30_percent,5061,112.7689285,109.76039082893308,3.008537671066918,3.008537671066918
untouched_test_30_percent,5062,111.6971893,109.24600768335524,2.45118161664476,2.45118161664476
untouched_test_30_percent,5063,113.1225967,110.54353937181715,2.5790573281828557,2.5790573281828557
untouched_test_30_percent,5064,116.0215225,113.15368144937632,2.8678410506236816,2.8678410506236816
untouched_test_30_percent,5065,114.9202957,112.13376303570918,2.7865326642908173,2.7865326642908173
untouched_test_30_percent,5066,114.5896759,112.36574729758942,2.223928602410581,2.223928602410581
untouched_test_30_percent,5067,113.2775497,110.61952871765921,2.658020982340787,2.658020982340787
untouched_test_30_percent,5068,112.6892471,110.08134260411255,2.6079044958874533,2.6079044958874533
untouched_test_30_percent,5069,112.868782,109.44964064827542,3.4191413517245763,3.4191413517245763
untouched_test_30_percent,5070,112.2008591,109.9155877616835,2.2852713383165053,2.2852713383165053
untouched_test_30_percent,5071,113.3509064,111.14094742346082,2.209958976539184,2.209958976539184
untouched_test_30_percent,5072,114.7037277,112.4652365990268,2.2384911009732065,2.2384911009732065
untouched_test_30_percent,5073,116.5531998,113.15017072557013,3.403029074429867,3.403029074429867
untouched_test_30_percent,5074,116.5365372,113.5957377151234,2.9407994848765924,2.9407994848765924
untouched_test_30_percent,5075,112.3663788,109.535814073087,2.8305647269130105,2.8305647269130105
untouched_test_30_percent,5076,113.6482162,110.16970303095893,3.478513169041065,3.478513169041065
untouched_test_30_percent,5077,111.6378326,109.04670718480118,2.5911254151988174,2.5911254151988174
untouched_test_30_percent,5078,113.5937195,109.8704087868014,3.7233107131986003,3.7233107131986003
untouched_test_30_percent,5079,115.0522156,112.00619402720834,3.046021572791659,3.046021572791659
untouched_test_30_percent,5080,106.6577911,104.12258190570111,2.5352091942988864,2.5352091942988864
untouched_test_30_percent,5081,111.4316406,107.53091558192557,3.900725018074425,3.900725018074425
untouched_test_30_percent,5082,111.2356949,107.80273767286107,3.432957227138928,3.432957227138928
untouched_test_30_percent,5083,113.9977875,110.78953464976733,3.208252850232668,3.208252850232668
untouched_test_30_percent,5084,102.9898148,99.94882645557493,3.040988344425074,3.040988344425074
untouched_test_30_percent,5085,108.5063171,105.6488302729861,2.8574868270139007,2.8574868270139007
untouched_test_30_percent,5086,101.999527,98.95136174321149,3.048165256788508,3.048165256788508
untouched_test_30_percent,5087,99.38419342,95.92086521197669,3.463328208023313,3.463328208023313
untouched_test_30_percent,5088,111.7852173,108.87454894332572,2.910668356674279,2.910668356674279
untouched_test_30_percent,5089,112.735466,110.30303766073231,2.4324283392676875,2.4324283392676875
untouched_test_30_percent,5090,114.1118546,111.54360198985677,2.568252610143233,2.568252610143233
untouched_test_30_percent,5091,114.6718597,111.20942554642865,3.462434153571351,3.462434153571351
untouched_test_30_percent,5092,111.0650177,107.70834883561159,3.3566688643884106,3.3566688643884106
untouched_test_30_percent,5093,110.1901245,106.59791095127596,3.5922135487240325,3.5922135487240325
untouched_test_30_percent,5094,110.524292,107.64608980334476,2.878202196655238,2.878202196655238
untouched_test_30_percent,5095,110.8828964,107.91616336355263,2.96673303644738,2.96673303644738
untouched_test_30_percent,5096,113.2107391,109.94341512036219,3.2673239796378084,3.2673239796378084
untouched_test_30_percent,5097,113.4836426,110.69230944754402,2.7913331524559766,2.7913331524559766
untouched_test_30_percent,5098,116.0497131,113.24898181414181,2.800731285858191,2.800731285858191
untouched_test_30_percent,5099,116.6547089,113.03664562016748,3.6180632798325263,3.6180632798325263
untouched_test_30_percent,5100,111.7140427,108.04146128652667,3.672581413473324,3.672581413473324
untouched_test_30_percent,5101,99.08055115,95.46272904725338,3.6178221027466293,3.6178221027466293
untouched_test_30_percent,5102,94.9604187,91.84143859328465,3.1189801067153553,3.1189801067153553
untouched_test_30_percent,5103,99.14395905,95.70918953653774,3.434769513462271,3.434769513462271
untouched_test_30_percent,5104,101.0671844,98.00274614459927,3.064438255400731,3.064438255400731
untouched_test_30_percent,5105,103.1268921,99.38506694076155,3.7418251592384593,3.7418251592384593
untouched_test_30_percent,5106,103.4651947,100.53275252230591,2.932442177694085,2.932442177694085
untouched_test_30_percent,5107,110.0864105,106.57491889709229,3.511491602907711,3.511491602907711
untouched_test_30_percent,5108,113.8135452,110.73358823573814,3.0799569642618536,3.0799569642618536
untouched_test_30_percent,5109,114.4771271,111.3053259034334,3.171801196566605,3.171801196566605
untouched_test_30_percent,5110,111.0579605,108.03142970023676,3.0265307997632362,3.0265307997632362
untouched_test_30_percent,5111,111.8544769,108.4148559431438,3.4396209568561886,3.4396209568561886
untouched_test_30_percent,5112,112.3334198,108.93913303150399,3.3942867684960163,3.3942867684960163
untouched_test_30_percent,5113,111.8594437,108.93148179047806,2.9279619095219402,2.9279619095219402
untouched_test_30_percent,5114,113.3638535,110.34729863583166,3.0165548641683415,3.0165548641683415
untouched_test_30_percent,5115,115.6927338,113.06443847839319,2.6282953216068137,2.6282953216068137
untouched_test_30_percent,5116,115.2300797,112.33614105250987,2.893938647490131,2.893938647490131
untouched_test_30_percent,5117,117.4126892,114.09833029067698,3.314358909323019,3.314358909323019
untouched_test_30_percent,5118,100.3652878,98.03514212474218,2.3301456752578247,2.3301456752578247
untouched_test_30_percent,5119,100.9494324,97.92617125674504,3.0232611432549703,3.0232611432549703
untouched_test_30_percent,5120,97.94234467,94.95438562407129,2.9879590459287044,2.9879590459287044
untouched_test_30_percent,5121,114.2587204,110.79653132798074,3.4621890720192567,3.4621890720192567
untouched_test_30_percent,5122,114.3141251,110.8161134487073,3.4980116512926998,3.4980116512926998
untouched_test_30_percent,5123,104.8045273,101.94048379665249,2.864043503347517,2.864043503347517
untouched_test_30_percent,5124,105.2313614,102.73718346575873,2.4941779342412644,2.4941779342412644
untouched_test_30_percent,5125,109.1776047,106.14414009825855,3.033464601741457,3.033464601741457
untouched_test_30_percent,5126,102.6302567,100.34169593815523,2.288560761844778,2.288560761844778
untouched_test_30_percent,5127,99.58135986,97.14558973874317,2.4357701212568372,2.4357701212568372
untouched_test_30_percent,5128,98.33924103,94.72128344228246,3.617957587717541,3.617957587717541
untouched_test_30_percent,5129,98.17525482,95.39150125535576,2.7837535646442433,2.7837535646442433
untouched_test_30_percent,5130,100.3355484,97.82042925528705,2.5151191447129406,2.5151191447129406
untouched_test_30_percent,5131,103.9654007,102.02364284861116,1.941757851388843,1.941757851388843
untouched_test_30_percent,5132,108.7247696,105.11778370978269,3.6069858902173166,3.6069858902173166
untouched_test_30_percent,5133,109.7767715,106.02519842785902,3.751573072140971,3.751573072140971
untouched_test_30_percent,5134,109.371048,107.62346688690405,1.747581113095947,1.747581113095947
untouched_test_30_percent,5135,107.8861542,104.10724169084338,3.778912509156612,3.778912509156612
untouched_test_30_percent,5136,111.598793,107.82115990975254,3.7776330902474626,3.7776330902474626
untouched_test_30_percent,5137,100.4656448,96.97769378801051,3.4879510119894945,3.4879510119894945
untouched_test_30_percent,5138,101.8522797,99.41828257671648,2.4339971232835182,2.4339971232835182
untouched_test_30_percent,5139,102.971138,100.03699060243397,2.934147397566022,2.934147397566022
untouched_test_30_percent,5140,106.1466064,102.78310155617278,3.363504843827215,3.363504843827215
untouched_test_30_percent,5141,96.79341888,93.98825172065006,2.805167159349949,2.805167159349949
untouched_test_30_percent,5142,110.4137802,107.08541884044685,3.3283613595531563,3.3283613595531563
untouched_test_30_percent,5143,108.318306,105.55078082257963,2.7675251774203815,2.7675251774203815
untouched_test_30_percent,5144,109.9114304,106.49421365709284,3.417216742907158,3.417216742907158
untouched_test_30_percent,5145,111.2519379,107.68724245770028,3.5646954422997226,3.5646954422997226
untouched_test_30_percent,5146,112.4309311,109.30124627890247,3.129684821097527,3.129684821097527
untouched_test_30_percent,5147,111.0440826,107.91561373728042,3.128468862719572,3.128468862719572
untouched_test_30_percent,5148,103.6034164,100.62221796640688,2.9811984335931214,2.9811984335931214
untouched_test_30_percent,5149,109.5388107,106.53049114496358,3.0083195550364223,3.0083195550364223
untouched_test_30_percent,5150,110.5727463,107.10014025253166,3.4726060474683464,3.4726060474683464
untouched_test_30_percent,5151,109.5374222,106.29099963818808,3.2464225618119116,3.2464225618119116
untouched_test_30_percent,5152,110.3438339,107.50052475446051,2.843309145539493,2.843309145539493
untouched_test_30_percent,5153,112.0493317,109.14973114378293,2.8996005562170666,2.8996005562170666
untouched_test_30_percent,5154,113.4913559,110.6056480508158,2.8857078491842003,2.8857078491842003
untouched_test_30_percent,5155,111.0399628,107.81462026633226,3.2253425336677424,3.2253425336677424
untouched_test_30_percent,5156,109.9277802,106.21497571682403,3.7128044831759723,3.7128044831759723
untouched_test_30_percent,5157,107.8479462,104.22246210992947,3.625484090070529,3.625484090070529
untouched_test_30_percent,5158,110.8650513,107.50282051945918,3.362230780540827,3.362230780540827
untouched_test_30_percent,5159,113.0824661,110.04478161762559,3.0376844823744165,3.0376844823744165
untouched_test_30_percent,5160,111.4190445,108.94411721182631,2.4749272881736886,2.4749272881736886
untouched_test_30_percent,5161,112.7967529,109.89969908495085,2.897053815049148,2.897053815049148
untouched_test_30_percent,5162,109.8323593,106.10448634364036,3.727872956359633,3.727872956359633
untouched_test_30_percent,5163,110.3890762,106.92914011547319,3.4599360845268166,3.4599360845268166
untouched_test_30_percent,5164,110.0875702,107.12895449817253,2.958615701827469,2.958615701827469
untouched_test_30_percent,5165,112.636734,108.89288624182423,3.743847758175775,3.743847758175775
untouched_test_30_percent,5166,101.9083939,99.758123036913,2.1502708630869876,2.1502708630869876
untouched_test_30_percent,5167,105.6548691,102.86903912102488,2.7858299789751158,2.7858299789751158
untouched_test_30_percent,5168,105.9529724,103.45244500744472,2.50052739255527,2.50052739255527
untouched_test_30_percent,5169,101.1861801,97.96720765236648,3.2189724476335186,3.2189724476335186
untouched_test_30_percent,5170,95.47678375,93.07193280024586,2.4048509497541346,2.4048509497541346
untouched_test_30_percent,5171,97.42803192,94.24009904305039,3.1879328769496027,3.1879328769496027
untouched_test_30_percent,5172,103.1117096,100.5050941128359,2.606615487164092,2.606615487164092
untouched_test_30_percent,5173,104.082283,101.141270499549,2.9410125004510093,2.9410125004510093
untouched_test_30_percent,5174,113.8685074,111.05924006437739,2.809267335622607,2.809267335622607
untouched_test_30_percent,5175,109.6823349,106.62768236607423,3.0546525339257755,3.0546525339257755
untouched_test_30_percent,5176,110.9944305,107.8348528887796,3.1595776112204135,3.1595776112204135
untouched_test_30_percent,5177,110.3062744,106.98940150235096,3.3168728976490485,3.3168728976490485
untouched_test_30_percent,5178,110.917244,107.28232597568407,3.6349180243159225,3.6349180243159225
untouched_test_30_percent,5179,110.8188629,108.08069943440208,2.7381634655979212,2.7381634655979212
untouched_test_30_percent,5180,112.1750336,110.03753144474777,2.1375021552522355,2.1375021552522355
untouched_test_30_percent,5181,112.9917145,110.0798403142285,2.911874185771495,2.911874185771495
untouched_test_30_percent,5182,112.4855347,109.60811611626272,2.877418583737281,2.877418583737281
untouched_test_30_percent,5183,110.6862717,107.9784037078599,2.707867992140109,2.707867992140109
untouched_test_30_percent,5184,111.8762741,109.11118307161398,2.765091028386024,2.765091028386024
untouched_test_30_percent,5185,113.030571,110.16194172789568,2.8686292721043145,2.8686292721043145
untouched_test_30_percent,5186,114.9751434,112.18574352159438,2.789399878405618,2.789399878405618
untouched_test_30_percent,5187,115.3467102,113.1080034157133,2.2387067842867054,2.2387067842867054
untouched_test_30_percent,5188,116.6612473,114.04994724688682,2.611300053113183,2.611300053113183
untouched_test_30_percent,5189,111.644989,109.44037793077084,2.204611069229159,2.204611069229159
untouched_test_30_percent,5190,112.2913895,109.78360158213223,2.507787917867759,2.507787917867759
untouched_test_30_percent,5191,112.2205582,109.23938783961341,2.981170360386585,2.981170360386585
untouched_test_30_percent,5192,113.0731659,109.5389364512846,3.534229448715408,3.534229448715408
untouched_test_30_percent,5193,113.6282959,110.98947996751693,2.6388159324830696,2.6388159324830696
untouched_test_30_percent,5194,115.5984573,112.54557147953034,3.052885820469669,3.052885820469669
untouched_test_30_percent,5195,114.2453079,112.01848641924563,2.226821480754367,2.226821480754367
untouched_test_30_percent,5196,109.4340897,107.08549252278384,2.3485971772161633,2.3485971772161633
untouched_test_30_percent,5197,110.5023422,107.30943917156284,3.192903028437158,3.192903028437158
untouched_test_30_percent,5198,111.3077316,107.89734659622738,3.4103850037726176,3.4103850037726176
untouched_test_30_percent,5199,112.8966522,109.12618929642827,3.7704629035717403,3.7704629035717403
untouched_test_30_percent,5200,112.3822479,109.59991674468789,2.7823311553121073,2.7823311553121073
untouched_test_30_percent,5201,113.3268585,110.15983237272452,3.167026127275477,3.167026127275477
untouched_test_30_percent,5202,108.0888672,105.3786235619034,2.7102436380965997,2.7102436380965997
untouched_test_30_percent,5203,108.2065887,104.74408409786143,3.4625046021385657,3.4625046021385657
untouched_test_30_percent,5204,108.4130707,105.15454866024338,3.2585220397566275,3.2585220397566275
untouched_test_30_percent,5205,107.8100662,104.33299445054305,3.4770717494569396,3.4770717494569396
untouched_test_30_percent,5206,109.7910385,106.12658564973114,3.6644528502688587,3.6644528502688587
untouched_test_30_percent,5207,113.0859146,109.66396034941828,3.42195425058172,3.42195425058172
untouched_test_30_percent,5208,112.2929459,108.67825455152948,3.6146913484705294,3.6146913484705294
untouched_test_30_percent,5209,109.0847778,105.55956495986092,3.5252128401390763,3.5252128401390763
untouched_test_30_percent,5210,109.878479,106.55936336370786,3.319115636292139,3.319115636292139
untouched_test_30_percent,5211,111.1657867,107.71298135278525,3.452805347214749,3.452805347214749
untouched_test_30_percent,5212,111.9999237,108.31985665870246,3.6800670412975336,3.6800670412975336
untouched_test_30_percent,5213,112.3002548,108.87859036738988,3.421664432610129,3.421664432610129
untouched_test_30_percent,5214,113.1590271,109.79945847822266,3.359568621777342,3.359568621777342
untouched_test_30_percent,5215,113.4349594,110.98986380822133,2.445095591778667,2.445095591778667
untouched_test_30_percent,5216,111.4329834,108.66873515680565,2.764248243194345,2.764248243194345
untouched_test_30_percent,5217,112.2231369,108.63038953691813,3.5927473630818696,3.5927473630818696
untouched_test_30_percent,5218,112.2004547,108.93733443617108,3.2631202638289096,3.2631202638289096
untouched_test_30_percent,5219,111.2260971,108.38789119539962,2.838205904600386,2.838205904600386
untouched_test_30_percent,5220,112.5964203,109.17272080600932,3.423699493990682,3.423699493990682
untouched_test_30_percent,5221,113.8718643,110.2337579517474,3.6381063482525917,3.6381063482525917
untouched_test_30_percent,5222,114.8526993,112.02715961372783,2.8255396862721653,2.8255396862721653
untouched_test_30_percent,5223,112.3069382,109.03403111264541,3.2729070873545965,3.2729070873545965
untouched_test_30_percent,5224,111.332756,108.42964285622182,2.903113143778185,2.903113143778185
untouched_test_30_percent,5225,110.8041992,108.56002368066086,2.2441755193391373,2.2441755193391373
untouched_test_30_percent,5226,110.9478149,107.32435968037652,3.62345521962348,3.62345521962348
untouched_test_30_percent,5227,113.800148,110.10887384264733,3.691274157352666,3.691274157352666
untouched_test_30_percent,5228,114.5308304,111.35888923343396,3.171941166566043,3.171941166566043
untouched_test_30_percent,5229,111.7813644,109.02878248736533,2.7525819126346676,2.7525819126346676
untouched_test_30_percent,5230,110.2596207,106.97585825366806,3.2837624463319344,3.2837624463319344
untouched_test_30_percent,5231,109.301033,105.68262893783759,3.618404062162412,3.618404062162412
untouched_test_30_percent,5232,111.3767776,107.53609533347971,3.8406822665202895,3.8406822665202895
untouched_test_30_percent,5233,110.9714508,107.5634654493204,3.4079853506795956,3.4079853506795956
untouched_test_30_percent,5234,112.3035126,109.01102135852692,3.292491241473087,3.292491241473087
untouched_test_30_percent,5235,114.4476166,111.56403583652742,2.8835807634725796,2.8835807634725796
untouched_test_30_percent,5236,102.8481522,99.52457418765526,3.32357801234474,3.32357801234474
untouched_test_30_percent,5237,98.35951996,95.94526734821144,2.414252611788555,2.414252611788555
untouched_test_30_percent,5238,110.993042,107.57966050558353,3.4133814944164698,3.4133814944164698
untouched_test_30_percent,5239,111.0859451,107.70850887969468,3.377436220305327,3.377436220305327
untouched_test_30_percent,5240,112.6845398,109.79304932185892,2.8914904781410797,2.8914904781410797
untouched_test_30_percent,5241,114.940361,111.49940970458044,3.440951295419552,3.440951295419552
untouched_test_30_percent,5242,114.9654999,112.18426923171354,2.7812306682864545,2.7812306682864545
untouched_test_30_percent,5243,108.0479736,105.93420477867458,2.113768821325422,2.113768821325422
untouched_test_30_percent,5244,110.0117188,106.4283157988364,3.583403001163603,3.583403001163603
untouched_test_30_percent,5245,109.0816269,105.94842199552208,3.133204904477921,3.133204904477921
untouched_test_30_percent,5246,109.7992706,106.42241147690875,3.3768591230912506,3.3768591230912506
untouched_test_30_percent,5247,113.061409,109.27901978340145,3.7823892165985455,3.7823892165985455
untouched_test_30_percent,5248,113.1643219,110.10422182212479,3.0601000778752194,3.0601000778752194
untouched_test_30_percent,5249,105.7211685,103.09408194061908,2.6270865593809276,2.6270865593809276
untouched_test_30_percent,5250,112.4723587,108.9554868913118,3.516871808688194,3.516871808688194
untouched_test_30_percent,5251,111.4586945,108.50370816515431,2.9549863348456853,2.9549863348456853
untouched_test_30_percent,5252,110.8939896,107.5828217258223,3.3111678741776984,3.3111678741776984
untouched_test_30_percent,5253,110.1732559,107.85281961843418,2.3204362815658186,2.3204362815658186
untouched_test_30_percent,5254,113.3460083,109.93156958566517,3.414438714334821,3.414438714334821
untouched_test_30_percent,5255,114.7853775,111.43386357428899,3.3515139257110036,3.3515139257110036
untouched_test_30_percent,5256,104.2640533,101.71700473479001,2.547048565209991,2.547048565209991
untouched_test_30_percent,5257,105.891922,103.48958119901108,2.4023408009889096,2.4023408009889096
untouched_test_30_percent,5258,110.2492905,109.43733719350624,0.8119533064937627,0.8119533064937627
untouched_test_30_percent,5259,112.1229858,109.27561772237074,2.8473680776292554,2.8473680776292554
untouched_test_30_percent,5260,111.294426,108.10679804844442,3.1876279515555836,3.1876279515555836
untouched_test_30_percent,5261,113.3097153,109.96744765974158,3.342267640258413,3.342267640258413
untouched_test_30_percent,5262,114.9399338,111.41611028798235,3.523823512017657,3.523823512017657
untouched_test_30_percent,5263,113.2420425,110.39969740792873,2.8423450920712696,2.8423450920712696
untouched_test_30_percent,5264,115.5692215,112.28860179100599,3.28061970899401,3.28061970899401
untouched_test_30_percent,5265,110.0406799,107.0123628960728,3.0283170039271994,3.0283170039271994
untouched_test_30_percent,5266,107.700676,104.26656331700669,3.434112682993316,3.434112682993316
untouched_test_30_percent,5267,107.9957581,104.60237622190519,3.3933818780948144,3.3933818780948144
untouched_test_30_percent,5268,112.5169449,108.70707930901698,3.809865590983023,3.809865590983023
untouched_test_30_percent,5269,99.08175659,96.5525458422013,2.5292107477987003,2.5292107477987003
untouched_test_30_percent,5270,104.2446365,100.93320797729677,3.311428522703224,3.311428522703224
untouched_test_30_percent,5271,103.2078018,100.9060121726129,2.3017896273870946,2.3017896273870946
untouched_test_30_percent,5272,109.7013092,107.4131827407428,2.2881264592571995,2.2881264592571995
untouched_test_30_percent,5273,110.9869766,107.34412581780677,3.6428507821932357,3.6428507821932357
untouched_test_30_percent,5274,112.9849319,109.96487602586656,3.0200558741334476,3.0200558741334476
untouched_test_30_percent,5275,112.1399231,108.68586979586217,3.4540533041378296,3.4540533041378296
untouched_test_30_percent,5276,111.3603897,107.9596567541979,3.4007329458021047,3.4007329458021047
untouched_test_30_percent,5277,108.0491409,105.43658654299222,2.612554357007781,2.612554357007781
untouched_test_30_percent,5278,111.4307556,107.73430482902279,3.696450770977208,3.696450770977208
untouched_test_30_percent,5279,113.7985916,110.65900112944124,3.1395904705587583,3.1395904705587583
untouched_test_30_percent,5280,112.7414169,109.88744302583916,2.853973874160843,2.853973874160843
untouched_test_30_percent,5281,113.2362976,110.62973330690524,2.6065642930947632,2.6065642930947632
untouched_test_30_percent,5282,109.7497406,107.11179021932834,2.637950380671654,2.637950380671654
untouched_test_30_percent,5283,110.9060211,107.58790449577954,3.3181166042204637,3.3181166042204637
untouched_test_30_percent,5284,110.4670105,107.02788636100749,3.4391241389925113,3.4391241389925113
untouched_test_30_percent,5285,109.9622879,106.30324684320037,3.659041056799637,3.659041056799637
untouched_test_30_percent,5286,113.5660629,110.18420624246014,3.3818566575398705,3.3818566575398705
untouched_test_30_percent,5287,113.445015,110.21397211636757,3.2310428836324263,3.2310428836324263
untouched_test_30_percent,5288,113.9427643,111.67847656549127,2.264287734508727,2.264287734508727
untouched_test_30_percent,5289,114.1195679,111.38643885339344,2.733129046606564,2.733129046606564
untouched_test_30_percent,5290,110.6188126,108.051731359829,2.5670812401709924,2.5670812401709924
untouched_test_30_percent,5291,110.597374,107.28858016319683,3.3087938368031757,3.3087938368031757
untouched_test_30_percent,5292,110.1575699,107.3433381843496,2.8142317156503935,2.8142317156503935
untouched_test_30_percent,5293,110.3636551,107.4685330898372,2.895122010162808,2.895122010162808
untouched_test_30_percent,5294,112.489357,109.09535747426914,3.3939995257308624,3.3939995257308624
untouched_test_30_percent,5295,112.3071213,109.60771658046662,2.6994047195333906,2.6994047195333906
untouched_test_30_percent,5296,113.7681656,110.98370746374185,2.784458136258152,2.784458136258152
untouched_test_30_percent,5297,106.5986023,104.18142710140023,2.4171751985997645,2.4171751985997645
untouched_test_30_percent,5298,101.4419708,99.56060815473666,1.8813626452633514,1.8813626452633514
untouched_test_30_percent,5299,110.8312988,107.64537400290764,3.1859247970923548,3.1859247970923548
untouched_test_30_percent,5300,95.23751831,92.35621261498825,2.881305695011747,2.881305695011747
untouched_test_30_percent,5301,100.1516418,96.7161947753404,3.435447024659595,3.435447024659595
untouched_test_30_percent,5302,103.73629,100.38405529922753,3.3522347007724704,3.3522347007724704
untouched_test_30_percent,5303,104.6984482,102.13683221547781,2.5616159845221915,2.5616159845221915
untouched_test_30_percent,5304,97.95869446,95.29028736088716,2.668407099112841,2.668407099112841
untouched_test_30_percent,5305,95.65715027,92.55286216391336,3.104288106086642,3.104288106086642
untouched_test_30_percent,5306,109.9543381,107.19249677274786,2.7618413272521423,2.7618413272521423
untouched_test_30_percent,5307,96.02240753,92.43579050813074,3.586617021869259,3.586617021869259
untouched_test_30_percent,5308,97.00115967,93.43370529846285,3.5674543715371527,3.5674543715371527
untouched_test_30_percent,5309,97.9799118,94.431629019786,3.548282780213995,3.548282780213995
untouched_test_30_percent,5310,98.95867157,95.42953929499359,3.5291322750064182,3.5291322750064182
untouched_test_30_percent,5311,99.93742371,96.42746397782145,3.509959732178558,3.509959732178558
untouched_test_30_percent,5312,100.9161835,97.42537936332863,3.490804136671372,3.490804136671372
untouched_test_30_percent,5313,101.8949356,98.42328916291915,3.4716464370808495,3.4716464370808495
untouched_test_30_percent,5314,102.8736954,99.42121274619576,3.452482653804239,3.452482653804239
untouched_test_30_percent,5315,103.8524475,100.41912346296448,3.4333240370355185,3.4333240370355185
untouched_test_30_percent,5316,104.8311996,101.41704374076173,3.414155859238278,3.414155859238278
untouched_test_30_percent,5317,105.8099594,102.41495851863989,3.3950008813601045,3.3950008813601045
untouched_test_30_percent,5318,106.7887115,103.41287804352206,3.375833456477949,3.375833456477949
untouched_test_30_percent,5319,107.7674713,104.4107933072197,3.356677992780291,3.356677992780291
untouched_test_30_percent,5320,108.7462234,105.4087042985044,3.3375191014956016,3.3375191014956016
untouched_test_30_percent,5321,110.5958252,107.87268987794275,2.723135322057246,2.723135322057246
untouched_test_30_percent,5322,111.2053528,107.72192037981509,3.4834324201849114,3.4834324201849114
untouched_test_30_percent,5323,111.5542908,108.53597204022596,3.018318759774047,3.018318759774047
untouched_test_30_percent,5324,113.1340561,109.5076343575363,3.626421742463691,3.626421742463691
untouched_test_30_percent,5325,115.5138245,112.3768979101127,3.1369265898872953,3.1369265898872953
untouched_test_30_percent,5326,114.6684265,112.03031547168617,2.63811102831383,2.63811102831383
untouched_test_30_percent,5327,117.3521194,113.69379991554808,3.6583194844519227,3.6583194844519227
untouched_test_30_percent,5328,111.9804306,108.64312281029035,3.337307789709655,3.337307789709655
untouched_test_30_percent,5329,109.7641144,107.09331910483687,2.6707952951631313,2.6707952951631313
untouched_test_30_percent,5330,111.1169891,108.22530043014639,2.8916886698536075,2.8916886698536075
untouched_test_30_percent,5331,110.6677551,107.36235951673855,3.3053955832614434,3.3053955832614434
untouched_test_30_percent,5332,110.8111496,107.83272661602166,2.9784229839783336,2.9784229839783336
untouched_test_30_percent,5333,112.4691086,109.25939187286437,3.2097167271356284,3.2097167271356284
untouched_test_30_percent,5334,113.4123077,110.457297071719,2.955010628281002,2.955010628281002
untouched_test_30_percent,5335,113.4408646,109.82378899441677,3.6170756055832243,3.6170756055832243
untouched_test_30_percent,5336,109.296608,106.54444646839859,2.7521615316014163,2.7521615316014163
untouched_test_30_percent,5337,108.8690643,105.88647903052538,2.982585269474626,2.982585269474626
untouched_test_30_percent,5338,109.811554,106.57426005530853,3.237293944691473,3.237293944691473
untouched_test_30_percent,5339,111.6885223,108.44364974808425,3.2448725519157477,3.2448725519157477
untouched_test_30_percent,5340,111.340889,108.01838252163355,3.3225064783664493,3.3225064783664493
untouched_test_30_percent,5341,113.8684311,111.55042724937391,2.3180038506260843,2.3180038506260843
untouched_test_30_percent,5342,109.6691971,107.05705077395162,2.6121463260483893,2.6121463260483893
untouched_test_30_percent,5343,111.2093964,107.46238132945723,3.7470150705427727,3.7470150705427727
untouched_test_30_percent,5344,96.30463409,94.03588013173587,2.268753958264128,2.268753958264128
untouched_test_30_percent,5345,104.6773071,102.18163433109228,2.49567276890771,2.49567276890771
untouched_test_30_percent,5346,111.6364975,108.83075498891976,2.80574251108024,2.80574251108024
untouched_test_30_percent,5347,114.0861893,111.88981718396198,2.1963721160380203,2.1963721160380203
untouched_test_30_percent,5348,109.7126465,106.95801911940427,2.7546273805957355,2.7546273805957355
untouched_test_30_percent,5349,110.9175797,107.6553104272656,3.2622692727344003,3.2622692727344003
untouched_test_30_percent,5350,108.5991058,105.87276495181735,2.7263408481826588,2.7263408481826588
untouched_test_30_percent,5351,111.2094193,107.56573985152355,3.6436794484764476,3.6436794484764476
untouched_test_30_percent,5352,111.3683395,108.1027042624685,3.265635237531498,3.265635237531498
untouched_test_30_percent,5353,110.1075363,107.60339020106363,2.504146098936374,2.504146098936374
untouched_test_30_percent,5354,110.6253357,107.69803862112843,2.927297078871561,2.927297078871561
untouched_test_30_percent,5355,108.5207977,104.70336976077753,3.817427939222469,3.817427939222469
untouched_test_30_percent,5356,109.6380692,106.1557377064657,3.4823314935343035,3.4823314935343035
untouched_test_30_percent,5357,110.2383728,106.82949988272541,3.4088729172745786,3.4088729172745786
untouched_test_30_percent,5358,109.8659134,107.27650168663396,2.589411713366033,2.589411713366033
untouched_test_30_percent,5359,112.368515,109.97837571655256,2.3901392834474393,2.3901392834474393
untouched_test_30_percent,5360,112.9633255,110.54134796941811,2.4219775305818843,2.4219775305818843
untouched_test_30_percent,5361,114.6281967,112.72524862097721,1.9029480790227922,1.9029480790227922
untouched_test_30_percent,5362,110.9143753,108.97675498788252,1.9376203121174882,1.9376203121174882
untouched_test_30_percent,5363,110.3480988,107.97653311987575,2.371565680124249,2.371565680124249
untouched_test_30_percent,5364,110.7879639,107.52645862008747,3.2615052799125266,3.2615052799125266
untouched_test_30_percent,5365,110.9453278,108.01839911109477,2.9269286889052353,2.9269286889052353
untouched_test_30_percent,5366,112.4255371,109.12387269527578,3.301664404724221,3.301664404724221
untouched_test_30_percent,5367,112.3762054,109.19651521151818,3.1796901884818283,3.1796901884818283
untouched_test_30_percent,5368,113.6608047,110.7359900679828,2.9248146320172026,2.9248146320172026
untouched_test_30_percent,5369,112.2540207,110.23798402229242,2.016036677707575,2.016036677707575
untouched_test_30_percent,5370,112.5317078,109.5265615368133,3.0051462631867025,3.0051462631867025
untouched_test_30_percent,5371,110.4615555,107.63720440546496,2.8243510945350465,2.8243510945350465
untouched_test_30_percent,5372,111.3839417,108.54441797998169,2.839523720018306,2.839523720018306
untouched_test_30_percent,5373,112.6970673,109.70451613493482,2.99255116506518,2.99255116506518
untouched_test_30_percent,5374,112.3186874,110.0810270436933,2.237660356306705,2.237660356306705
untouched_test_30_percent,5375,112.4721451,110.13815898303027,2.33398611696974,2.33398611696974
untouched_test_30_percent,5376,114.8917999,112.29180087923136,2.599999020768635,2.599999020768635
untouched_test_30_percent,5377,110.6760635,107.82066643940868,2.855397060591315,2.855397060591315
untouched_test_30_percent,5378,109.9330978,107.08108770773464,2.8520100922653597,2.8520100922653597
untouched_test_30_percent,5379,110.3000565,107.29743950719705,3.002616992802942,3.002616992802942
untouched_test_30_percent,5380,110.2413254,107.49381385524569,2.7475115447543033,2.7475115447543033
untouched_test_30_percent,5381,112.5437088,109.845378238801,2.6983305611990005,2.6983305611990005
untouched_test_30_percent,5382,114.5643845,111.25880805404523,3.3055764459547703,3.3055764459547703
untouched_test_30_percent,5383,112.9291382,110.63742769776216,2.2917105022378337,2.2917105022378337
untouched_test_30_percent,5384,114.8142929,111.93378669467467,2.8805062053253323,2.8805062053253323
untouched_test_30_percent,5385,111.3706055,108.9713415584883,2.399263941511691,2.399263941511691
untouched_test_30_percent,5386,108.1293182,105.76795501849514,2.3613631815048564,2.3613631815048564
untouched_test_30_percent,5387,110.4789276,107.88241632675386,2.5965112732461506,2.5965112732461506
untouched_test_30_percent,5388,110.9271774,108.5270508791096,2.40012652089041,2.40012652089041
untouched_test_30_percent,5389,112.4795761,109.99046254957123,2.489113550428769,2.489113550428769
untouched_test_30_percent,5390,114.0174484,111.51871492943926,2.498733470560751,2.498733470560751
untouched_test_30_percent,5391,114.315155,112.34478094167591,1.9703740583240972,1.9703740583240972
untouched_test_30_percent,5392,115.5968628,113.45495453568114,2.1419082643188574,2.1419082643188574
untouched_test_30_percent,5393,113.9896622,112.19375618532284,1.7959060146771577,1.7959060146771577
untouched_test_30_percent,5394,112.2513199,110.25669319948572,1.9946267005142744,1.9946267005142744
untouched_test_30_percent,5395,110.9493179,108.52825011503788,2.421067784962119,2.421067784962119
untouched_test_30_percent,5396,111.6651154,109.66257467396963,2.002540726030375,2.002540726030375
untouched_test_30_percent,5397,114.0701752,111.2008949882485,2.8692802117514873,2.8692802117514873
untouched_test_30_percent,5398,115.591568,112.83704476256707,2.7545232374329203,2.7545232374329203
untouched_test_30_percent,5399,116.3572998,113.56549130975725,2.791808490242758,2.791808490242758
untouched_test_30_percent,5400,116.396431,114.14983729516241,2.2465937048375935,2.2465937048375935
untouched_test_30_percent,5401,113.8628387,111.16501240480832,2.6978262951916747,2.6978262951916747
untouched_test_30_percent,5402,111.6750336,108.79545545640629,2.8795781435937187,2.8795781435937187
untouched_test_30_percent,5403,110.4007721,107.51945878666388,2.881313313336122,2.881313313336122
untouched_test_30_percent,5404,112.6607437,109.34646583456924,3.3142778654307534,3.3142778654307534
untouched_test_30_percent,5405,113.3308334,110.72791780006544,2.602915599934562,2.602915599934562
untouched_test_30_percent,5406,114.3158569,112.08409467528404,2.2317622247159647,2.2317622247159647
untouched_test_30_percent,5407,114.8142014,112.58398539978016,2.2302160002198406,2.2302160002198406
untouched_test_30_percent,5408,116.2660522,113.54841396607834,2.7176382339216616,2.7176382339216616
untouched_test_30_percent,5409,111.5337982,109.881520757067,1.6522774429330127,1.6522774429330127
untouched_test_30_percent,5410,111.2182846,108.22007611994995,2.998208480050053,2.998208480050053
untouched_test_30_percent,5411,110.8675079,108.4190787482198,2.4484291517802035,2.4484291517802035
untouched_test_30_percent,5412,112.1382904,110.14429211412603,1.993998285873971,1.993998285873971
untouched_test_30_percent,5413,113.8663635,110.96566692278701,2.9006965772129973,2.9006965772129973
untouched_test_30_percent,5414,113.7476425,111.13387505104937,2.6137674489506253,2.6137674489506253
untouched_test_30_percent,5415,113.116272,111.32865465586876,1.7876173441312346,1.7876173441312346
untouched_test_30_percent,5416,114.0068512,111.81635371794674,2.19049748205326,2.19049748205326
untouched_test_30_percent,5417,111.9130249,110.14627808925302,1.7667468107469801,1.7667468107469801
untouched_test_30_percent,5418,111.6255646,108.7662144664221,2.8593501335779052,2.8593501335779052
untouched_test_30_percent,5419,112.1946716,108.94872062084528,3.2459509791547276,3.2459509791547276
untouched_test_30_percent,5420,112.536171,109.86685582919182,2.6693151708081757,2.6693151708081757
untouched_test_30_percent,5421,111.4694366,108.93622471104896,2.5332118889510298,2.5332118889510298
untouched_test_30_percent,5422,112.122673,110.11450353815357,2.0081694618464354,2.0081694618464354
untouched_test_30_percent,5423,112.2933807,109.52583556893099,2.7675451310690136,2.7675451310690136
untouched_test_30_percent,5424,111.5377884,109.14955389027898,2.3882345097210163,2.3882345097210163
untouched_test_30_percent,5425,112.449913,109.0834776128083,3.3664353871917,3.3664353871917
untouched_test_30_percent,5426,111.9900284,109.49237604253666,2.4976523574633376,2.4976523574633376
untouched_test_30_percent,5427,114.3853226,112.45526024918794,1.930062350812051,1.930062350812051
untouched_test_30_percent,5428,113.4150314,110.81303993982613,2.6019914601738776,2.6019914601738776
untouched_test_30_percent,5429,113.0051804,110.22533868893623,2.779841711063767,2.779841711063767
untouched_test_30_percent,5430,112.2481003,109.80376727751806,2.444333022481942,2.444333022481942
untouched_test_30_percent,5431,112.3753357,109.90021156880428,2.475124131195713,2.475124131195713
untouched_test_30_percent,5432,112.4257507,110.52436874137148,1.9013819586285194,1.9013819586285194
untouched_test_30_percent,5433,113.1252747,111.18205951574907,1.9432151842509313,1.9432151842509313
untouched_test_30_percent,5434,114.4751892,111.72041627218243,2.7547729278175694,2.7547729278175694
untouched_test_30_percent,5435,116.2928848,114.659858807997,1.6330259920029988,1.6330259920029988
untouched_test_30_percent,5436,116.743515,114.23674065083387,2.506774349166136,2.506774349166136
untouched_test_30_percent,5437,112.3983917,110.19692471638972,2.2014669836102883,2.2014669836102883
untouched_test_30_percent,5438,111.784317,108.55250713769617,3.231809862303834,3.231809862303834
untouched_test_30_percent,5439,111.0915985,108.25766195122306,2.833936548776947,2.833936548776947
untouched_test_30_percent,5440,111.8418121,109.93707820832411,1.904733891675889,1.904733891675889
untouched_test_30_percent,5441,111.1715393,110.21405890128423,0.9574803987157736,0.9574803987157736
untouched_test_30_percent,5442,112.3218536,110.25812413461485,2.0637294653851512,2.0637294653851512
untouched_test_30_percent,5443,112.6478729,110.50704614998587,2.140826750014128,2.140826750014128
untouched_test_30_percent,5444,114.4537964,111.76486129972123,2.688935100278769,2.688935100278769
untouched_test_30_percent,5445,112.5325165,110.07763823276989,2.4548782672301144,2.4548782672301144
untouched_test_30_percent,5446,112.7905655,109.9760447695835,2.814520730416504,2.814520730416504
untouched_test_30_percent,5447,113.1685867,110.32659492469762,2.8419917753023896,2.8419917753023896
untouched_test_30_percent,5448,114.7439346,112.56354828609297,2.180386313907036,2.180386313907036
untouched_test_30_percent,5449,115.9008713,113.15787197090187,2.74299932909814,2.74299932909814
untouched_test_30_percent,5450,116.8307114,114.20457989918202,2.6261315008179764,2.6261315008179764
untouched_test_30_percent,5451,119.0644302,116.02491621822448,3.039513981775528,3.039513981775528
untouched_test_30_percent,5452,120.015564,117.42555208010283,2.590011919897165,2.590011919897165
untouched_test_30_percent,5453,114.9979095,112.41952321187073,2.5783862881292805,2.5783862881292805
untouched_test_30_percent,5454,113.7578125,111.02596684526814,2.731845654731856,2.731845654731856
untouched_test_30_percent,5455,114.7459869,112.05671549586238,2.689271404137628,2.689271404137628
untouched_test_30_percent,5456,114.9821701,112.99325648617423,1.9889136138257726,1.9889136138257726
untouched_test_30_percent,5457,115.8227158,113.78013253761901,2.0425832623809868,2.0425832623809868
untouched_test_30_percent,5458,115.9756165,113.739664440846,2.235952059154002,2.235952059154002
untouched_test_30_percent,5459,119.4625397,116.57618333474905,2.886356365250947,2.886356365250947
untouched_test_30_percent,5460,111.1850052,109.56629277590997,1.6187124240900346,1.6187124240900346
untouched_test_30_percent,5461,114.3184814,112.17244964572475,2.146031754275242,2.146031754275242
untouched_test_30_percent,5462,113.8899307,111.64852942747953,2.241401272520463,2.241401272520463
untouched_test_30_percent,5463,114.3643723,111.17790436055601,3.186467939443986,3.186467939443986
untouched_test_30_percent,5464,114.9051743,112.9314701627748,1.973704137225198,1.973704137225198
untouched_test_30_percent,5465,116.2609863,113.70960712502628,2.551379174973718,2.551379174973718
untouched_test_30_percent,5466,115.3306046,113.02388376933324,2.3067208306667624,2.3067208306667624
untouched_test_30_percent,5467,117.6663132,115.43357219035474,2.2327410096452667,2.2327410096452667
untouched_test_30_percent,5468,111.7617798,110.09703637432537,1.6647434256746294,1.6647434256746294
untouched_test_30_percent,5469,111.6720734,109.4089224279822,2.2631509720177974,2.2631509720177974
untouched_test_30_percent,5470,113.2307053,110.76971551176047,2.46098978823953,2.46098978823953
untouched_test_30_percent,5471,116.5553894,113.68474759372981,2.8706418062701857,2.8706418062701857
untouched_test_30_percent,5472,116.9584885,114.08422599806654,2.8742625019334582,2.8742625019334582
untouched_test_30_percent,5473,112.673317,110.73773066253045,1.9355863374695446,1.9355863374695446
untouched_test_30_percent,5474,114.9139252,112.31933402123843,2.5945911787615614,2.5945911787615614
untouched_test_30_percent,5475,113.565033,110.36949360828793,3.1955393917120745,3.1955393917120745
untouched_test_30_percent,5476,112.3075867,110.20967736666341,2.097909333336588,2.097909333336588
untouched_test_30_percent,5477,112.9951324,110.73397101004053,2.2611613899594687,2.2611613899594687
untouched_test_30_percent,5478,113.5022507,110.93843152762886,2.56381917237114,2.56381917237114
untouched_test_30_percent,5479,115.9941635,113.79319780619201,2.200965693807987,2.200965693807987
untouched_test_30_percent,5480,117.7360992,114.74576319766477,2.9903360023352263,2.9903360023352263
untouched_test_30_percent,5481,116.9792099,114.54942690851024,2.429782991489759,2.429782991489759
untouched_test_30_percent,5482,113.0311203,110.1409078733437,2.8902124266562907,2.8902124266562907
untouched_test_30_percent,5483,112.9578629,111.19649045984033,1.7613724401596613,1.7613724401596613
untouched_test_30_percent,5484,112.489624,109.97639626582881,2.5132277341711955,2.5132277341711955
untouched_test_30_percent,5485,113.8910599,111.6021737901071,2.2888861098929,2.2888861098929
untouched_test_30_percent,5486,115.3819809,113.68698852828032,1.6949923717196782,1.6949923717196782
untouched_test_30_percent,5487,117.8620758,115.13030345144047,2.731772348559531,2.731772348559531
untouched_test_30_percent,5488,117.8547058,115.76917286676164,2.085532933238369,2.085532933238369
untouched_test_30_percent,5489,113.5659866,111.30489972209483,2.2610868779051714,2.2610868779051714
untouched_test_30_percent,5490,111.2266541,109.09900259541413,2.12765150458587,2.12765150458587
untouched_test_30_percent,5491,112.3514633,109.7577196879922,2.593743612007799,2.593743612007799
untouched_test_30_percent,5492,111.9055481,109.27796859201783,2.627579507982176,2.627579507982176
untouched_test_30_percent,5493,114.5896759,112.08613416096286,2.5035417390371464,2.5035417390371464
untouched_test_30_percent,5494,115.9071884,114.33362900965167,1.573559390348322,1.573559390348322
untouched_test_30_percent,5495,115.2228851,112.51043348994074,2.7124516100592615,2.7124516100592615
untouched_test_30_percent,5496,110.1684189,108.50260256019402,1.6658163398059855,1.6658163398059855
untouched_test_30_percent,5497,112.0245132,109.68339603157884,2.341117168421164,2.341117168421164
untouched_test_30_percent,5498,112.1362839,109.90172983532528,2.234554064674711,2.234554064674711
untouched_test_30_percent,5499,112.9172745,110.66852337309255,2.2487511269074503,2.2487511269074503
untouched_test_30_percent,5500,113.7287979,111.26268495676193,2.4661129432380733,2.4661129432380733
untouched_test_30_percent,5501,116.3262024,113.58348150424048,2.7427208957595184,2.7427208957595184
untouched_test_30_percent,5502,112.8912735,110.44617966833916,2.4450938316608415,2.4450938316608415
untouched_test_30_percent,5503,111.4014587,109.44640065319281,1.9550580468071956,1.9550580468071956
untouched_test_30_percent,5504,111.9993591,109.45652701831098,2.5428320816890277,2.5428320816890277
untouched_test_30_percent,5505,111.3102493,109.67117869086792,1.6390706091320766,1.6390706091320766
untouched_test_30_percent,5506,114.9684982,112.8116359522823,2.1568622477176973,2.1568622477176973
untouched_test_30_percent,5507,115.4701004,113.29137780013019,2.1787225998698148,2.1787225998698148
untouched_test_30_percent,5508,117.0419464,115.31235657478598,1.7295898252140205,1.7295898252140205
untouched_test_30_percent,5509,117.7452774,115.40605300259715,2.339224397402859,2.339224397402859
untouched_test_30_percent,5510,112.5563583,110.32597786724727,2.2303804327527246,2.2303804327527246
untouched_test_30_percent,5511,111.5088882,109.4472344001798,2.0616537998202062,2.0616537998202062
untouched_test_30_percent,5512,112.2447281,109.9433438617438,2.3013842382562046,2.3013842382562046
untouched_test_30_percent,5513,111.0834732,109.14264220197722,1.9408309980227756,1.9408309980227756
untouched_test_30_percent,5514,114.6793365,112.0769641148379,2.6023723851620986,2.6023723851620986
untouched_test_30_percent,5515,114.5086212,112.38003157131334,2.1285896286866546,2.1285896286866546
untouched_test_30_percent,5516,115.8161087,113.01789156172282,2.798217138277181,2.798217138277181
untouched_test_30_percent,5517,116.7655945,114.15270461762049,2.6128898823795197,2.6128898823795197
untouched_test_30_percent,5518,112.4227829,110.43572866478603,1.987054235213975,1.987054235213975
untouched_test_30_percent,5519,112.5854797,109.70671952742484,2.8787601725751557,2.8787601725751557
untouched_test_30_percent,5520,97.11449432,95.33944639834414,1.7750479216558688,1.7750479216558688
untouched_test_30_percent,5521,99.62015533,97.48574123190096,2.134414098099043,2.134414098099043
untouched_test_30_percent,5522,104.1012955,101.40932467043567,2.6919708295643403,2.6919708295643403
untouched_test_30_percent,5523,116.9679031,114.49037826257614,2.477524837423857,2.477524837423857
untouched_test_30_percent,5524,118.2658463,114.73681716445897,3.5290291355410375,3.5290291355410375
untouched_test_30_percent,5525,106.4882736,104.9264880248283,1.5617855751716974,1.5617855751716974
untouched_test_30_percent,5526,112.3997116,109.88823611273335,2.511475487266651,2.511475487266651
untouched_test_30_percent,5527,111.0148315,108.79999979623693,2.2148317037630676,2.2148317037630676
untouched_test_30_percent,5528,110.8610687,108.07031896261051,2.79074973738949,2.79074973738949
untouched_test_30_percent,5529,110.8127213,108.65432269143508,2.158398608564923,2.158398608564923
untouched_test_30_percent,5530,113.7034912,111.45428529241954,2.2492059075804605,2.2492059075804605
untouched_test_30_percent,5531,115.0479279,112.33920673599823,2.7087211640017728,2.7087211640017728
untouched_test_30_percent,5532,112.9376144,110.78017535738539,2.1574390426146124,2.1574390426146124
untouched_test_30_percent,5533,115.9681549,113.00892744267442,2.959227457325582,2.959227457325582
untouched_test_30_percent,5534,101.3298416,99.35768540258627,1.9721561974137245,1.9721561974137245
untouched_test_30_percent,5535,100.5459671,98.25703134191059,2.2889357580894085,2.2889357580894085
untouched_test_30_percent,5536,102.078743,99.25896024842272,2.8197827515772786,2.8197827515772786
untouched_test_30_percent,5537,105.3779449,103.24565875962439,2.132286140375612,2.132286140375612
untouched_test_30_percent,5538,105.1576996,103.00223598698464,2.155463613015357,2.155463613015357
untouched_test_30_percent,5539,105.316803,103.32259036918418,1.9942126308158095,1.9942126308158095
untouched_test_30_percent,5540,102.3069839,100.41725685629069,1.889727043709314,1.889727043709314
untouched_test_30_percent,5541,99.06221008,97.50994480309399,1.552265276906013,1.552265276906013
untouched_test_30_percent,5542,100.4304886,98.33235473019397,2.098133869806034,2.098133869806034
untouched_test_30_percent,5543,104.8495483,102.47677173787156,2.3727765621284362,2.3727765621284362
untouched_test_30_percent,5544,103.2183456,101.41097205272965,1.807373547270359,1.807373547270359
untouched_test_30_percent,5545,103.9690323,102.0724052515695,1.8966270484304886,1.8966270484304886
untouched_test_30_percent,5546,107.5073318,104.92366186120941,2.5836699387905924,2.5836699387905924
untouched_test_30_percent,5547,101.7778549,100.52437598412928,1.2534789158707156,1.2534789158707156
untouched_test_30_percent,5548,99.7416153,97.4132618691714,2.3283534308286136,2.3283534308286136
untouched_test_30_percent,5549,101.791626,100.3326383868451,1.4589876131548891,1.4589876131548891
untouched_test_30_percent,5550,107.750206,105.38310357512496,2.3671024248750427,2.3671024248750427
untouched_test_30_percent,5551,109.3283615,106.72819197936157,2.600169520638431,2.600169520638431
untouched_test_30_percent,5552,110.6616287,108.10783963773508,2.5537890622649115,2.5537890622649115
untouched_test_30_percent,5553,105.2657928,102.87087819793386,2.3949146020661374,2.3949146020661374
untouched_test_30_percent,5554,100.2499619,97.51874405539243,2.7312178446075706,2.7312178446075706
untouched_test_30_percent,5555,99.85902405,97.81125429192943,2.0477697580705723,2.0477697580705723
untouched_test_30_percent,5556,100.6097565,98.43253439035506,2.1772221096449442,2.1772221096449442
untouched_test_30_percent,5557,107.5726624,104.72696174537744,2.8457006546225614,2.8457006546225614
untouched_test_30_percent,5558,102.9398651,100.58886389400172,2.351001205998287,2.351001205998287
untouched_test_30_percent,5559,112.6119461,109.74641069457705,2.8655354054229463,2.8655354054229463
untouched_test_30_percent,5560,111.6377106,109.39600927449597,2.2417013255040388,2.2417013255040388
untouched_test_30_percent,5561,114.6903687,112.11174704883871,2.578621651161285,2.578621651161285
untouched_test_30_percent,5562,114.8110657,112.53235185451216,2.278713845487843,2.278713845487843
untouched_test_30_percent,5563,116.0415192,113.33999995025114,2.7015192497488556,2.7015192497488556
untouched_test_30_percent,5564,112.332077,109.50946124926185,2.8226157507381515,2.8226157507381515
untouched_test_30_percent,5565,107.8767776,106.21673955608344,1.6600380439165576,1.6600380439165576
untouched_test_30_percent,5566,105.0478592,102.06735553501996,2.9805036649800485,2.9805036649800485
untouched_test_30_percent,5567,103.5729294,102.08122274748598,1.4917066525140257,1.4917066525140257
untouched_test_30_percent,5568,105.0951843,102.66486915033933,2.4303151496606716,2.4303151496606716
untouched_test_30_percent,5569,107.8042831,105.3356676651151,2.46861543488491,2.46861543488491
untouched_test_30_percent,5570,109.568779,106.4969022927174,3.0718767072826125,3.0718767072826125
untouched_test_30_percent,5571,110.7922821,108.70503117317732,2.0872509268226764,2.0872509268226764
untouched_test_30_percent,5572,109.285881,107.85571593909805,1.430165060901956,1.430165060901956
untouched_test_30_percent,5573,106.7956314,104.76325305781702,2.03237834218298,2.03237834218298
untouched_test_30_percent,5574,105.8452835,103.78983397459159,2.055449525408406,2.055449525408406
untouched_test_30_percent,5575,104.2253113,102.10622624709148,2.119085052908517,2.119085052908517
untouched_test_30_percent,5576,105.2522507,103.13340288447468,2.118847815525328,2.118847815525328
untouched_test_30_percent,5577,107.390976,105.36194417453022,2.0290318254697723,2.0290318254697723
untouched_test_30_percent,5578,110.4353943,107.87232899157783,2.5630653084221677,2.5630653084221677
untouched_test_30_percent,5579,110.5601501,108.31232038165419,2.2478297183458125,2.2478297183458125
untouched_test_30_percent,5580,112.2924271,110.09515201181928,2.1972750881807173,2.1972750881807173
untouched_test_30_percent,5581,107.3572311,104.97652921399668,2.3807018860033224,2.3807018860033224
untouched_test_30_percent,5582,105.8722076,103.91781366256444,1.9543939374355546,1.9543939374355546
untouched_test_30_percent,5583,106.110321,103.42053534127892,2.689785658721078,2.689785658721078
untouched_test_30_percent,5584,104.8277283,103.55849452678896,1.2692337732110417,1.2692337732110417
untouched_test_30_percent,5585,109.7474213,107.46389466162036,2.283526638379641,2.283526638379641
untouched_test_30_percent,5586,109.606781,107.80681310823942,1.7999678917605735,1.7999678917605735
untouched_test_30_percent,5587,110.2333145,108.5060946778498,1.7272198221502038,1.7272198221502038
untouched_test_30_percent,5588,108.2662735,107.1053968988442,1.1608766011557918,1.1608766011557918
untouched_test_30_percent,5589,109.1852188,106.9982102722224,2.187008527777607,2.187008527777607
untouched_test_30_percent,5590,111.092453,108.4353571299204,2.6570958700796012,2.6570958700796012
untouched_test_30_percent,5591,113.5657883,111.62605327516899,1.939735024831009,1.939735024831009
untouched_test_30_percent,5592,115.1184998,113.42949160303269,1.6890081969673076,1.6890081969673076
untouched_test_30_percent,5593,116.6519699,114.59961911368919,2.052350786310811,2.052350786310811
untouched_test_30_percent,5594,117.0456848,114.89793393432355,2.147750865676457,2.147750865676457
untouched_test_30_percent,5595,116.2927704,113.621364266308,2.6714061336919883,2.6714061336919883
untouched_test_30_percent,5596,116.5949402,113.85187573638196,2.7430644636180403,2.7430644636180403
untouched_test_30_percent,5597,120.0458298,117.67526495529326,2.370564844706749,2.370564844706749
untouched_test_30_percent,5598,114.8802719,112.97343847358646,1.9068334264135416,1.9068334264135416
untouched_test_30_percent,5599,116.9882355,114.79810994068839,2.1901255593116105,2.1901255593116105
untouched_test_30_percent,5600,110.4371719,107.84983902907739,2.5873328709226087,2.5873328709226087
untouched_test_30_percent,5601,117.59095,114.95609646926675,2.6348535307332526,2.6348535307332526
untouched_test_30_percent,5602,114.904129,112.86307101114457,2.041057988855428,2.041057988855428
untouched_test_30_percent,5603,118.3391037,115.92581332247862,2.4132903775213776,2.4132903775213776
untouched_test_30_percent,5604,119.6831131,117.63132449077253,2.051788609227472,2.051788609227472
untouched_test_30_percent,5605,109.6920395,107.76472305587751,1.9273164441224964,1.9273164441224964
untouched_test_30_percent,5606,116.0208969,113.83923035887688,2.1816665411231213,2.1816665411231213
untouched_test_30_percent,5607,115.6878891,112.8491773493984,2.838711750601604,2.838711750601604
untouched_test_30_percent,5608,115.5211105,113.03997319739508,2.481137302604921,2.481137302604921
untouched_test_30_percent,5609,117.8727951,116.32035184911591,1.552443250884096,1.552443250884096
untouched_test_30_percent,5610,118.9715576,117.09062599981249,1.880931600187509,1.880931600187509
untouched_test_30_percent,5611,112.9748306,111.82700502346232,1.1478255765376844,1.1478255765376844
untouched_test_30_percent,5612,114.6627502,112.0771014641102,2.585648735889805,2.585648735889805
untouched_test_30_percent,5613,116.9451218,114.18135571003049,2.763766089969508,2.763766089969508
untouched_test_30_percent,5614,116.4565506,113.53048829793026,2.926062302069738,2.926062302069738
untouched_test_30_percent,5615,119.5316238,116.31900145083573,3.2126223491642776,3.2126223491642776
untouched_test_30_percent,5616,112.2470856,109.45111613193689,2.79596946806312,2.79596946806312
untouched_test_30_percent,5617,111.5307007,109.72010998345479,1.8105907165452066,1.8105907165452066
untouched_test_30_percent,5618,113.0839691,110.60117884635088,2.482790253649128,2.482790253649128
untouched_test_30_percent,5619,117.0352631,113.85800606255553,3.1772570374444626,3.1772570374444626
untouched_test_30_percent,5620,117.9690323,114.97109152028143,2.9979407797185615,2.9979407797185615
untouched_test_30_percent,5621,117.0043793,114.2986583451031,2.70572095489689,2.70572095489689
untouched_test_30_percent,5622,117.2198563,114.53231558727627,2.687540712723731,2.687540712723731
untouched_test_30_percent,5623,118.1423721,115.28631949229576,2.8560526077042425,2.8560526077042425
untouched_test_30_percent,5624,110.4470596,108.20417467233234,2.24288492766766,2.24288492766766
untouched_test_30_percent,5625,116.2274246,113.97439510946003,2.253029490539973,2.253029490539973
untouched_test_30_percent,5626,116.2481842,113.16488960351278,3.083294596487221,3.083294596487221
untouched_test_30_percent,5627,113.840416,111.1866537146196,2.6537622853804095,2.6537622853804095
untouched_test_30_percent,5628,113.7171097,111.30175476476883,2.4153549352311643,2.4153549352311643
untouched_test_30_percent,5629,114.4800568,111.50567095948674,2.974385840513264,2.974385840513264
untouched_test_30_percent,5630,113.1898575,111.17151393630056,2.018343563699446,2.018343563699446
untouched_test_30_percent,5631,114.5064697,111.7818833034012,2.724586396598795,2.724586396598795
untouched_test_30_percent,5632,113.9304733,111.28158119069138,2.648892109308619,2.648892109308619
untouched_test_30_percent,5633,107.2295532,104.34805818513874,2.881495014861258,2.881495014861258
untouched_test_30_percent,5634,106.5280762,104.87811900577077,1.6499571942292306,1.6499571942292306
untouched_test_30_percent,5635,109.8127823,108.6464880427423,1.1662942572576895,1.1662942572576895
untouched_test_30_percent,5636,112.498909,109.41262469445468,3.0862843055453197,3.0862843055453197
untouched_test_30_percent,5637,111.8943787,109.70995482347729,2.1844238765227146,2.1844238765227146
untouched_test_30_percent,5638,112.1068802,110.7625387087994,1.344341491200609,1.344341491200609
untouched_test_30_percent,5639,112.2692871,110.82410130093227,1.4451857990677297,1.4451857990677297
untouched_test_30_percent,5640,116.5894775,114.53783474186767,2.0516427581323313,2.0516427581323313
untouched_test_30_percent,5641,111.3480453,108.64174596145527,2.7062993385447243,2.7062993385447243
untouched_test_30_percent,5642,115.9875107,112.89775929764497,3.0897514023550343,3.0897514023550343
untouched_test_30_percent,5643,113.341011,111.44461106674191,1.8963999332580812,1.8963999332580812
untouched_test_30_percent,5644,113.5048141,110.97251293612125,2.5323011638787563,2.5323011638787563
untouched_test_30_percent,5645,115.2401428,111.86166718616415,3.378475613835846,3.378475613835846
untouched_test_30_percent,5646,116.9864426,114.28308985197255,2.7033527480274557,2.7033527480274557
untouched_test_30_percent,5647,117.2172775,114.95362205098529,2.2636554490147063,2.2636554490147063
untouched_test_30_percent,5648,114.8513412,112.36031909260593,2.491022107394059,2.491022107394059
untouched_test_30_percent,5649,116.3241119,113.28402619259481,3.040085707405197,3.040085707405197
untouched_test_30_percent,5650,114.9241791,112.1698665487391,2.7543125512609095,2.7543125512609095
untouched_test_30_percent,5651,116.3300095,113.4525444564307,2.877465043569302,2.877465043569302
untouched_test_30_percent,5652,115.7030106,113.02083189063384,2.6821787093661555,2.6821787093661555
untouched_test_30_percent,5653,116.815773,114.61716212591422,2.198610874085773,2.198610874085773
untouched_test_30_percent,5654,114.4646454,112.80461347985316,1.6600319201468352,1.6600319201468352
untouched_test_30_percent,5655,113.8568344,111.07154903713956,2.785285362860435,2.785285362860435
untouched_test_30_percent,5656,115.4585953,113.30701882080292,2.1515764791970753,2.1515764791970753
untouched_test_30_percent,5657,114.3574371,112.1459366545629,2.211500445437096,2.211500445437096
untouched_test_30_percent,5658,116.2033539,113.68882641065485,2.5145274893451415,2.5145274893451415
untouched_test_30_percent,5659,116.8647156,114.09677611048738,2.7679394895126137,2.7679394895126137
untouched_test_30_percent,5660,117.8591995,115.57535419775064,2.283845302249361,2.283845302249361
untouched_test_30_percent,5661,119.6049423,116.71014791832137,2.8947943816786363,2.8947943816786363
untouched_test_30_percent,5662,114.2209854,112.09439081879795,2.126594581202056,2.126594581202056
untouched_test_30_percent,5663,114.9440613,113.99669601694134,0.9473652830586587,0.9473652830586587
untouched_test_30_percent,5664,115.4215622,112.9816909505257,2.439871249474294,2.439871249474294
untouched_test_30_percent,5665,115.769455,113.0846770121237,2.684777987876288,2.684777987876288
untouched_test_30_percent,5666,116.1482086,114.65765518338509,1.4905534166149152,1.4905534166149152
untouched_test_30_percent,5667,118.0856171,115.77093931459008,2.3146777854099128,2.3146777854099128
untouched_test_30_percent,5668,119.3734741,116.82859198204139,2.5448821179586076,2.5448821179586076
untouched_test_30_percent,5669,113.3013306,111.15616164885851,2.1451689511414855,2.1451689511414855
untouched_test_30_percent,5670,111.3171616,108.49699430325005,2.8201672967499576,2.8201672967499576
untouched_test_30_percent,5671,116.084877,113.74432845494948,2.340548545050524,2.340548545050524
untouched_test_30_percent,5672,115.609581,113.30536892387852,2.3042120761214875,2.3042120761214875
untouched_test_30_percent,5673,115.6838913,112.87765012518324,2.806241174816762,2.806241174816762
untouched_test_30_percent,5674,115.2167282,113.73988390435535,1.4768442956446535,1.4768442956446535
untouched_test_30_percent,5675,116.1461716,114.3752307323799,1.770940867620098,1.770940867620098
untouched_test_30_percent,5676,114.9748306,112.81339533372099,2.161435266279014,2.161435266279014
untouched_test_30_percent,5677,114.7732162,112.03337630565926,2.739839894340733,2.739839894340733
untouched_test_30_percent,5678,114.6655884,112.15261956131674,2.512968838683264,2.512968838683264
untouched_test_30_percent,5679,114.9668427,112.67811676231602,2.288725937683978,2.288725937683978
untouched_test_30_percent,5680,114.6375656,112.33163628953011,2.3059293104698924,2.3059293104698924
untouched_test_30_percent,5681,117.208252,114.77816036375077,2.43009163624923,2.43009163624923
untouched_test_30_percent,5682,116.746315,115.06364379981049,1.6826712001895032,1.6826712001895032
untouched_test_30_percent,5683,115.1837387,113.62206537881596,1.5616733211840454,1.5616733211840454
untouched_test_30_percent,5684,115.3284531,112.83091269718687,2.4975404028131294,2.4975404028131294
untouched_test_30_percent,5685,116.0546036,113.4122885086013,2.642315091398686,2.642315091398686
untouched_test_30_percent,5686,116.2260284,113.73703141357295,2.488996986427054,2.488996986427054
untouched_test_30_percent,5687,116.5626373,114.62912698768996,1.933510312310048,1.933510312310048
untouched_test_30_percent,5688,118.2709503,115.18298204665963,3.087968253340364,3.087968253340364
untouched_test_30_percent,5689,119.2336426,117.48000306122684,1.7536395387731574,1.7536395387731574
untouched_test_30_percent,5690,112.4451981,111.00191015519296,1.4432879448070395,1.4432879448070395
untouched_test_30_percent,5691,114.9454651,112.76244449061086,2.183020609389146,2.183020609389146
untouched_test_30_percent,5692,115.9052734,113.20774942845433,2.697523971545664,2.697523971545664
untouched_test_30_percent,5693,115.4193192,113.22434801718326,2.1949711828167437,2.1949711828167437
untouched_test_30_percent,5694,116.2712402,114.26929837166979,2.001941828330203,2.001941828330203
untouched_test_30_percent,5695,118.6915283,116.36353825313884,2.32799004686116,2.32799004686116
untouched_test_30_percent,5696,118.6284409,116.31811946640077,2.3103214335992277,2.3103214335992277
untouched_test_30_percent,5697,114.4151993,111.90827358347308,2.506925716526922,2.506925716526922
untouched_test_30_percent,5698,115.4805984,112.92025292265416,2.560345477345848,2.560345477345848
untouched_test_30_percent,5699,112.0588913,110.02855174096517,2.0303395590348288,2.0303395590348288
untouched_test_30_percent,5700,115.5139694,113.25491818307972,2.2590512169202697,2.2590512169202697
untouched_test_30_percent,5701,115.3970337,113.53736419949757,1.8596695005024202,1.8596695005024202
untouched_test_30_percent,5702,114.5048676,112.43999534935804,2.0648722506419546,2.0648722506419546
untouched_test_30_percent,5703,113.8682327,111.9956191221197,1.872613577880287,1.872613577880287
untouched_test_30_percent,5704,112.7123795,111.38590673929839,1.3264727607016056,1.3264727607016056
untouched_test_30_percent,5705,114.5686722,112.37180612245957,2.1968660775404203,2.1968660775404203
untouched_test_30_percent,5706,109.9983368,109.00278073225769,0.9955560677423136,0.9955560677423136
untouched_test_30_percent,5707,116.2596359,113.36770458176181,2.8919313182381927,2.8919313182381927
untouched_test_30_percent,5708,116.2820358,113.82153860057471,2.4604971994252907,2.4604971994252907
untouched_test_30_percent,5709,116.3859406,113.80579455462374,2.580146045376253,2.580146045376253
untouched_test_30_percent,5710,115.0647812,112.52179182283344,2.5429893771665633,2.5429893771665633
untouched_test_30_percent,5711,112.5875168,110.77890890373506,1.8086078962649452,1.8086078962649452
untouched_test_30_percent,5712,114.2178421,111.99783545620342,2.22000664379658,2.22000664379658
untouched_test_30_percent,5713,114.9114609,112.85324206163294,2.058218838367054,2.058218838367054
untouched_test_30_percent,5714,113.9716873,112.15178205532995,1.8199052446700534,1.8199052446700534
untouched_test_30_percent,5715,110.7499466,108.43304263178746,2.316903968212543,2.316903968212543
untouched_test_30_percent,5716,109.8653107,107.71718994888752,2.1481207511124722,2.1481207511124722
untouched_test_30_percent,5717,114.479126,111.95454488065103,2.524581119348966,2.524581119348966
untouched_test_30_percent,5718,116.3120804,114.2711658981419,2.040914501858097,2.040914501858097
untouched_test_30_percent,5719,112.8670197,111.49937892993674,1.367640770063261,1.367640770063261
untouched_test_30_percent,5720,114.3642502,110.86185629471449,3.5023939052855155,3.5023939052855155
untouched_test_30_percent,5721,116.2934952,113.94948839097687,2.344006809023128,2.344006809023128
untouched_test_30_percent,5722,115.967041,113.06556259801793,2.901478401982061,2.901478401982061
untouched_test_30_percent,5723,115.3199005,112.50693670052273,2.8129637994772736,2.8129637994772736
untouched_test_30_percent,5724,115.991188,114.00299680792988,1.9881911920701185,1.9881911920701185
untouched_test_30_percent,5725,117.6237259,114.97357258500874,2.6501533149912575,2.6501533149912575
untouched_test_30_percent,5726,117.9111786,115.5952378967441,2.3159407032559045,2.3159407032559045
untouched_test_30_percent,5727,110.8917313,109.24317304592493,1.6485582540750698,1.6485582540750698
untouched_test_30_percent,5728,115.6039734,113.17320705482214,2.430766345177858,2.430766345177858
untouched_test_30_percent,5729,115.7324371,113.64104729505587,2.0913898049441286,2.0913898049441286
untouched_test_30_percent,5730,114.6429977,112.6929273654654,1.950070334534601,1.950070334534601
untouched_test_30_percent,5731,118.0735245,115.6293353440125,2.4441891559875017,2.4441891559875017
untouched_test_30_percent,5732,117.9670486,116.02422521451106,1.9428233854889356,1.9428233854889356
untouched_test_30_percent,5733,115.1301346,112.81607661590151,2.314057984098497,2.314057984098497
untouched_test_30_percent,5734,114.1316376,111.51533376178155,2.6163038382184567,2.6163038382184567
untouched_test_30_percent,5735,115.5070953,113.14323114823307,2.3638641517669328,2.3638641517669328
untouched_test_30_percent,5736,114.4020844,112.52941731895208,1.872667081047922,1.872667081047922
untouched_test_30_percent,5737,115.1380081,112.7293642031359,2.408643896864092,2.408643896864092
untouched_test_30_percent,5738,116.6194687,114.3868229661166,2.232645733883402,2.232645733883402
untouched_test_30_percent,5739,116.6844635,114.05962452571781,2.6248389742821985,2.6248389742821985
untouched_test_30_percent,5740,119.9452057,117.05344534487675,2.891760355123253,2.891760355123253
untouched_test_30_percent,5741,111.3293915,109.26014242647372,2.0692490735262794,2.0692490735262794
untouched_test_30_percent,5742,108.8502121,106.93690560561475,1.913306494385239,1.913306494385239
untouched_test_30_percent,5743,115.7243881,113.27880719547056,2.445580904529436,2.445580904529436
untouched_test_30_percent,5744,115.9573059,113.93420429964905,2.023101600350941,2.023101600350941
untouched_test_30_percent,5745,115.098465,113.1867174871004,1.911747512899609,1.911747512899609
untouched_test_30_percent,5746,118.8077316,116.2945702416411,2.5131613583589,2.5131613583589
untouched_test_30_percent,5747,112.3477936,110.77317013133789,1.5746234686621108,1.5746234686621108
untouched_test_30_percent,5748,111.3632965,109.50662081485407,1.8566756851459303,1.8566756851459303
untouched_test_30_percent,5749,111.4564972,109.20727880738269,2.2492183926173084,2.2492183926173084
untouched_test_30_percent,5750,115.9628906,113.67313469131575,2.289755908684242,2.289755908684242
untouched_test_30_percent,5751,114.5645447,112.08121590563582,2.4833287943641835,2.4833287943641835
untouched_test_30_percent,5752,114.0430222,111.77291199889241,2.2701102011075847,2.2701102011075847
untouched_test_30_percent,5753,113.8109665,110.39843344610681,3.412533053893199,3.412533053893199
untouched_test_30_percent,5754,109.694931,106.070241289664,3.624689710336,3.624689710336
untouched_test_30_percent,5755,112.5137329,108.91510671538424,3.5986261846157532,3.5986261846157532
untouched_test_30_percent,5756,117.9738617,114.38105162088648,3.5928100791135194,3.5928100791135194
untouched_test_30_percent,5757,117.1880188,113.66133133275824,3.526687467241757,3.526687467241757
untouched_test_30_percent,5758,116.3805695,113.02298176669207,3.3575877333079234,3.3575877333079234
untouched_test_30_percent,5759,116.2194901,112.61101737489949,3.608472725100512,3.608472725100512
untouched_test_30_percent,5760,115.9412308,112.23223791577128,3.7089928842287208,3.7089928842287208
untouched_test_30_percent,5761,119.1200638,115.40144032715644,3.7186234728435608,3.7186234728435608
untouched_test_30_percent,5762,118.0186615,114.48960075718435,3.529060742815645,3.529060742815645
untouched_test_30_percent,5763,117.035141,113.47003035995353,3.56511064004647,3.56511064004647
untouched_test_30_percent,5764,118.7580948,115.39378955715362,3.3643052428463704,3.3643052428463704
untouched_test_30_percent,5765,118.8461533,115.28030771807661,3.5658455819233836,3.5658455819233836
untouched_test_30_percent,5766,113.7163086,110.41111018468742,3.3051984153125886,3.3051984153125886
untouched_test_30_percent,5767,115.9855652,112.6490247172253,3.3365404827746943,3.3365404827746943
untouched_test_30_percent,5768,117.9784241,114.47350833946163,3.504915760538367,3.504915760538367
untouched_test_30_percent,5769,117.8637772,117.47790361802946,0.385873581970543,0.385873581970543
untouched_test_30_percent,5770,118.8479004,115.79915867939815,3.0487417206018534,3.0487417206018534
untouched_test_30_percent,5771,116.5773163,113.11474130092552,3.4625749990744907,3.4625749990744907
untouched_test_30_percent,5772,114.537529,113.43199953572689,1.1055294642731184,1.1055294642731184
untouched_test_30_percent,5773,115.0308685,113.73692899000369,1.2939395099963065,1.2939395099963065
untouched_test_30_percent,5774,115.5242081,114.04185397461973,1.4823541253802688,1.4823541253802688
untouched_test_30_percent,5775,116.0175476,114.34678713644374,1.6707604635562632,1.6707604635562632
untouched_test_30_percent,5776,116.5108871,114.65171192581214,1.8591751741878682,1.8591751741878682
untouched_test_30_percent,5777,117.0042267,114.95663298963532,2.04759371036468,2.04759371036468
untouched_test_30_percent,5778,117.4975662,115.26155835052448,2.236007849475513,2.236007849475513
untouched_test_30_percent,5779,117.9909058,115.56649111523414,2.42441468476585,2.42441468476585
untouched_test_30_percent,5780,118.4842453,115.87141671616565,2.612828583834343,2.612828583834343
untouched_test_30_percent,5781,118.9775848,116.17634150553404,2.801243294465962,2.801243294465962
untouched_test_30_percent,5782,119.4709244,116.48126635606066,2.989658043939343,2.989658043939343
untouched_test_30_percent,5783,119.9642639,116.78619123411868,3.1780726658813307,3.1780726658813307
untouched_test_30_percent,5784,120.4576035,117.09112068668628,3.3664828133137235,3.3664828133137235
untouched_test_30_percent,5785,121.4961548,120.13436155478648,1.3617932452135193,1.3617932452135193
untouched_test_30_percent,5786,120.8980179,119.97531648389703,0.9227014161029672,0.9227014161029672
untouched_test_30_percent,5787,121.9993057,121.11121494390994,0.8880907560900511,0.8880907560900511
untouched_test_30_percent,5788,122.5208588,121.7894564966502,0.7314023033497961,0.7314023033497961
untouched_test_30_percent,5789,123.8647537,122.80671736742957,1.058036332570424,1.058036332570424
untouched_test_30_percent,5790,121.6481094,121.41901864036336,0.22909075963663383,0.22909075963663383
untouched_test_30_percent,5791,120.9847565,119.86791812138068,1.1168383786193203,1.1168383786193203
untouched_test_30_percent,5792,118.335289,117.17657596884392,1.1587130311560827,1.1587130311560827
untouched_test_30_percent,5793,117.8297806,117.12303139433506,0.7067492056649485,0.7067492056649485
untouched_test_30_percent,5794,119.4751587,117.90289545684047,1.5722632431595258,1.5722632431595258
untouched_test_30_percent,5795,119.5257416,118.26260776078514,1.2631338392148592,1.2631338392148592
untouched_test_30_percent,5796,122.6725235,120.97560747143548,1.696916028564516,1.696916028564516
untouched_test_30_percent,5797,122.5331192,121.00312084386678,1.5299983561332198,1.5299983561332198
untouched_test_30_percent,5798,120.5955353,119.13304751446147,1.4624877855385279,1.4624877855385279
untouched_test_30_percent,5799,116.9388885,114.49531990014752,2.443568599852483,2.443568599852483
untouched_test_30_percent,5800,119.8808975,117.88608713889887,1.9948103611011305,1.9948103611011305
untouched_test_30_percent,5801,119.7291489,119.17833292106218,0.5508159789378198,0.5508159789378198
untouched_test_30_percent,5802,118.0675354,116.74059395791983,1.3269414420801695,1.3269414420801695
untouched_test_30_percent,5803,119.0179977,116.90864239290438,2.109355307095612,2.109355307095612
untouched_test_30_percent,5804,117.448143,116.29813860722506,1.150004392774946,1.150004392774946
untouched_test_30_percent,5805,117.7818298,116.42761952888557,1.3542102711144253,1.3542102711144253
untouched_test_30_percent,5806,115.1426544,113.23127536493783,1.9113790350621684,1.9113790350621684
untouched_test_30_percent,5807,115.1353912,114.40969334622355,0.7256978537764525,0.7256978537764525
untouched_test_30_percent,5808,119.3067398,117.38319841524425,1.923541384755751,1.923541384755751
untouched_test_30_percent,5809,120.2682648,118.85879437192189,1.4094704280781087,1.4094704280781087
untouched_test_30_percent,5810,121.0915146,119.70374698907992,1.3877676109200792,1.3877676109200792
untouched_test_30_percent,5811,115.4386978,113.99007929468094,1.448618505319061,1.448618505319061
untouched_test_30_percent,5812,118.9126053,117.56448825869322,1.3481170413067787,1.3481170413067787
untouched_test_30_percent,5813,120.3271332,119.6266760578101,0.7004571421899044,0.7004571421899044
untouched_test_30_percent,5814,115.2495193,116.71565911302578,-1.4661398130257766,1.4661398130257766
untouched_test_30_percent,5815,116.8751373,116.95750628058038,-0.08236898058036957,0.08236898058036957
untouched_test_30_percent,5816,121.9631195,120.58167843546234,1.3814410645376682,1.3814410645376682
untouched_test_30_percent,5817,116.0125809,114.32155069069992,1.6910302093000809,1.6910302093000809
untouched_test_30_percent,5818,113.4426498,112.94019580759561,0.5024539924043836,0.5024539924043836
untouched_test_30_percent,5819,118.1444473,116.45168082419951,1.6927664758004823,1.6927664758004823
untouched_test_30_percent,5820,116.6503677,117.22194827175748,-0.5715805717574796,0.5715805717574796
untouched_test_30_percent,5821,124.1282272,122.4892043712081,1.6390228287918944,1.6390228287918944
untouched_test_30_percent,5822,121.6057434,120.5802598146981,1.0254835853018989,1.0254835853018989
untouched_test_30_percent,5823,120.2360992,119.08865661261959,1.1474425873804108,1.1474425873804108
untouched_test_30_percent,5824,121.3042984,119.78585049746069,1.5184479025393074,1.5184479025393074
untouched_test_30_percent,5825,117.0580215,114.97841361840985,2.0796078815901495,2.0796078815901495
untouched_test_30_percent,5826,115.0072021,113.67368344121422,1.3335186587857777,1.3335186587857777
untouched_test_30_percent,5827,117.2174606,115.83415877377367,1.3833018262263295,1.3833018262263295
untouched_test_30_percent,5828,117.6296692,117.00561172818286,0.6240574718171388,0.6240574718171388
untouched_test_30_percent,5829,118.179718,117.11386983428558,1.0658481657144137,1.0658481657144137
untouched_test_30_percent,5830,119.1260529,117.29366546495808,1.8323874350419231,1.8323874350419231
untouched_test_30_percent,5831,110.1282501,110.4052648837022,-0.27701478370219945,0.27701478370219945
untouched_test_30_percent,5832,113.9749146,112.78938147762929,1.185533122370714,1.185533122370714
untouched_test_30_percent,5833,113.1653824,110.82172793532928,2.3436544646707205,2.3436544646707205
untouched_test_30_percent,5834,113.4643021,112.01537640197724,1.4489256980227623,1.4489256980227623
untouched_test_30_percent,5835,114.7852707,112.4202805744638,2.3649901255361954,2.3649901255361954
untouched_test_30_percent,5836,113.2528763,111.77069053513708,1.482185764862919,1.482185764862919
untouched_test_30_percent,5837,114.9710999,113.09114658405299,1.8799533159470059,1.8799533159470059
untouched_test_30_percent,5838,114.333252,113.11063299571245,1.2226190042875515,1.2226190042875515
untouched_test_30_percent,5839,116.4774094,113.88147671029853,2.5959326897014705,2.5959326897014705
untouched_test_30_percent,5840,113.5791626,112.80963995286193,0.7695226471380749,0.7695226471380749
untouched_test_30_percent,5841,116.772438,114.71204554055073,2.060392459449261,2.060392459449261
untouched_test_30_percent,5842,114.5053177,113.57662082028257,0.9286968797174353,0.9286968797174353
untouched_test_30_percent,5843,113.716217,112.50482092000793,1.2113960799920704,1.2113960799920704
untouched_test_30_percent,5844,115.111351,113.70919303408434,1.4021579659156629,1.4021579659156629
untouched_test_30_percent,5845,114.7608109,113.26372793310097,1.497082966899029,1.497082966899029
untouched_test_30_percent,5846,116.67379,114.68072158049472,1.9930684195052777,1.9930684195052777
untouched_test_30_percent,5847,114.6641388,113.0207530093019,1.6433857906981046,1.6433857906981046
untouched_test_30_percent,5848,115.9459839,114.78035156249695,1.1656323375030553,1.1656323375030553
untouched_test_30_percent,5849,117.0871811,115.93979249446018,1.1473886055398168,1.1473886055398168
untouched_test_30_percent,5850,117.311676,115.70148746858898,1.6101885314110262,1.6101885314110262
untouched_test_30_percent,5851,116.4329147,115.20088250908829,1.2320321909117098,1.2320321909117098
untouched_test_30_percent,5852,117.4069901,116.28564977216857,1.1213403278314331,1.1213403278314331
untouched_test_30_percent,5853,116.7538681,115.5564473793104,1.1974207206896068,1.1974207206896068
untouched_test_30_percent,5854,116.9012299,115.58721728597446,1.3140126140255433,1.3140126140255433
untouched_test_30_percent,5855,118.0473785,116.9001496728355,1.147228827164497,1.147228827164497
untouched_test_30_percent,5856,117.1197815,116.27015709248224,0.8496244075177657,0.8496244075177657
untouched_test_30_percent,5857,116.3845444,115.25822030136658,1.1263240986334182,1.1263240986334182
untouched_test_30_percent,5858,116.7857132,114.8262877998556,1.9594254001443971,1.9594254001443971
untouched_test_30_percent,5859,116.4872208,115.53519569090487,0.9520251090951319,0.9520251090951319
untouched_test_30_percent,5860,115.6247482,116.69526333253292,-1.0705151325329183,1.0705151325329183
untouched_test_30_percent,5861,119.3970184,118.88072271007549,0.5162956899245046,0.5162956899245046
untouched_test_30_percent,5862,121.1950531,120.34279983543883,0.8522532645611705,0.8522532645611705
untouched_test_30_percent,5863,119.8772278,118.72642821079799,1.150799589202009,1.150799589202009
untouched_test_30_percent,5864,119.7550278,119.02655334469597,0.7284744553040241,0.7284744553040241
untouched_test_30_percent,5865,117.6524429,116.31420241193575,1.338240488064244,1.338240488064244
untouched_test_30_percent,5866,119.3795624,117.89760416252578,1.4819582374742168,1.4819582374742168
untouched_test_30_percent,5867,120.141922,119.10195680105504,1.0399651989449552,1.0399651989449552
untouched_test_30_percent,5868,121.3968735,119.94202653226068,1.4548469677393143,1.4548469677393143
untouched_test_30_percent,5869,121.987442,120.8185413520821,1.1689006479179085,1.1689006479179085
untouched_test_30_percent,5870,121.3816299,120.03223071008983,1.3493991899101587,1.3493991899101587
untouched_test_30_percent,5871,121.5152512,120.50055034960815,1.014700850391847,1.014700850391847
untouched_test_30_percent,5872,116.8687515,116.31341565347938,0.5553358465206202,0.5553358465206202
untouched_test_30_percent,5873,115.5732193,113.86733287078705,1.7058864292129527,1.7058864292129527
untouched_test_30_percent,5874,115.9468765,115.23204389601625,0.7148326039837514,0.7148326039837514
untouched_test_30_percent,5875,118.1354294,117.40307852874942,0.7323508712505884,0.7323508712505884
untouched_test_30_percent,5876,120.376297,118.77046403139254,1.6058329686074586,1.6058329686074586
untouched_test_30_percent,5877,121.2814941,119.0951837001628,2.186310399837197,2.186310399837197
untouched_test_30_percent,5878,119.9551773,119.17670010553412,0.7784771944658786,0.7784771944658786
untouched_test_30_percent,5879,119.2391968,117.89092368200659,1.3482731179934149,1.3482731179934149
untouched_test_30_percent,5880,116.2454453,114.91746951225102,1.3279757877489828,1.3279757877489828
untouched_test_30_percent,5881,118.2943039,117.20628317885419,1.08802072114581,1.08802072114581
untouched_test_30_percent,5882,118.5812073,117.46454490404149,1.1166623959585138,1.1166623959585138
untouched_test_30_percent,5883,121.8816147,120.07522669092383,1.8063880090761728,1.8063880090761728
untouched_test_30_percent,5884,121.7736435,121.31612056490722,0.45752293509278275,0.45752293509278275
untouched_test_30_percent,5885,121.7996445,120.2128214783037,1.5868230216963042,1.5868230216963042
untouched_test_30_percent,5886,122.295723,120.85584658249842,1.43987641750158,1.43987641750158
untouched_test_30_percent,5887,117.9953461,116.88331454509503,1.1120315549049735,1.1120315549049735
untouched_test_30_percent,5888,114.0344543,113.0977430714971,0.9367112285028867,0.9367112285028867
untouched_test_30_percent,5889,117.4387207,115.93691001575543,1.5018106842445746,1.5018106842445746
untouched_test_30_percent,5890,116.5971451,116.83617968228802,-0.23903458228801355,0.23903458228801355
untouched_test_30_percent,5891,120.1557236,119.41850821665896,0.737215383341038,0.737215383341038
untouched_test_30_percent,5892,123.1255417,122.41443921524163,0.7111024847583707,0.7111024847583707
untouched_test_30_percent,5893,121.5775528,119.9332993859114,1.6442534140886096,1.6442534140886096
untouched_test_30_percent,5894,118.7451706,117.94187028277058,0.8033003172294144,0.8033003172294144
untouched_test_30_percent,5895,116.7814331,115.31005919270251,1.4713739072974903,1.4713739072974903
untouched_test_30_percent,5896,112.7117996,111.6844619997373,1.0273376002627117,1.0273376002627117
untouched_test_30_percent,5897,115.1522293,113.54176976925443,1.6104595307455725,1.6104595307455725
untouched_test_30_percent,5898,118.1784821,117.20951619184187,0.9689659081581254,0.9689659081581254
untouched_test_30_percent,5899,119.614975,119.14232693201389,0.47264806798611403,0.47264806798611403
untouched_test_30_percent,5900,120.4102936,119.4549048254627,0.9553887745372975,0.9553887745372975
untouched_test_30_percent,5901,119.858551,119.05005417029527,0.8084968297047368,0.8084968297047368
untouched_test_30_percent,5902,115.6722488,115.18729982410154,0.48494897589846175,0.48494897589846175
untouched_test_30_percent,5903,115.853157,114.77607928089927,1.0770777191007284,1.0770777191007284
untouched_test_30_percent,5904,115.7737122,114.54002679567414,1.2336854043258683,1.2336854043258683
untouched_test_30_percent,5905,116.9671783,116.33151078881504,0.6356675111849626,0.6356675111849626
untouched_test_30_percent,5906,120.1230545,118.87932343344403,1.2437310665559664,1.2437310665559664
untouched_test_30_percent,5907,120.4950485,119.34253290186041,1.152515598139587,1.152515598139587
untouched_test_30_percent,5908,122.2814789,121.64458963441547,0.6368892655845286,0.6368892655845286
untouched_test_30_percent,5909,121.2016296,119.96671755618601,1.234912043813992,1.234912043813992
untouched_test_30_percent,5910,117.2851181,116.32766174126756,0.9574563587324434,0.9574563587324434
untouched_test_30_percent,5911,116.6280441,115.37538579347635,1.2526583065236423,1.2526583065236423
untouched_test_30_percent,5912,118.6029587,117.53029448458787,1.0726642154121322,1.0726642154121322
untouched_test_30_percent,5913,119.361496,118.86632974337167,0.49516625662833746,0.49516625662833746
untouched_test_30_percent,5914,121.883049,120.78705786837978,1.0959911316202238,1.0959911316202238
untouched_test_30_percent,5915,119.0808487,118.49055574580603,0.5902929541939699,0.5902929541939699
untouched_test_30_percent,5916,121.1217194,120.4858672619791,0.6358521380209083,0.6358521380209083
untouched_test_30_percent,5917,121.2991333,120.09112440865582,1.2080088913441784,1.2080088913441784
untouched_test_30_percent,5918,117.2897415,116.3592289226637,0.9305125773363017,0.9305125773363017
untouched_test_30_percent,5919,117.8293915,115.80968405902601,2.0197074409739884,2.0197074409739884
untouched_test_30_percent,5920,120.443222,119.43614946943605,1.0070725305639598,1.0070725305639598
untouched_test_30_percent,5921,122.0485153,121.60050454556156,0.4480107544384424,0.4480107544384424
untouched_test_30_percent,5922,123.1377716,121.26128622368441,1.8764853763155855,1.8764853763155855
untouched_test_30_percent,5923,122.9710388,121.90234211990901,1.0686966800909943,1.0686966800909943
untouched_test_30_percent,5924,120.5559845,121.78818846820896,-1.2322039682089638,1.2322039682089638
untouched_test_30_percent,5925,118.2017441,117.54235986975462,0.6593842302453794,0.6593842302453794
untouched_test_30_percent,5926,116.9439468,115.02493460475561,1.9190121952443917,1.9190121952443917
untouched_test_30_percent,5927,115.9482498,117.37105371011063,-1.4228039101106305,1.4228039101106305
untouched_test_30_percent,5928,119.5350952,118.00548020873234,1.529614991267664,1.529614991267664
untouched_test_30_percent,5929,121.5449219,120.14653300247433,1.3983888975256775,1.3983888975256775
untouched_test_30_percent,5930,121.0389786,119.97293062549983,1.0660479745001652,1.0660479745001652
untouched_test_30_percent,5931,120.9092712,120.41371914378374,0.49555205621626897,0.49555205621626897
untouched_test_30_percent,5932,117.2736664,116.63399671839998,0.6396696816000116,0.6396696816000116
untouched_test_30_percent,5933,116.8249588,115.48289151463477,1.342067285365232,1.342067285365232
untouched_test_30_percent,5934,118.1165009,116.70965713304584,1.406843766954168,1.406843766954168
untouched_test_30_percent,5935,115.5599442,114.18114507833428,1.3787991216657218,1.3787991216657218
untouched_test_30_percent,5936,113.8882904,112.68648573540771,1.201804664592288,1.201804664592288
untouched_test_30_percent,5937,113.310585,112.28736143411537,1.023223565884635,1.023223565884635
untouched_test_30_percent,5938,113.1811981,112.06874263074766,1.112455469252339,1.112455469252339
untouched_test_30_percent,5939,113.250206,111.93253935096139,1.317666649038614,1.317666649038614
untouched_test_30_percent,5940,114.6972198,113.29369430587144,1.4035254941285586,1.4035254941285586
untouched_test_30_percent,5941,116.5768509,115.45899088942795,1.1178600105720449,1.1178600105720449
untouched_test_30_percent,5942,115.6040802,114.15156295604962,1.452517243950382,1.452517243950382
untouched_test_30_percent,5943,116.8076859,116.06088223893907,0.7468036610609232,0.7468036610609232
untouched_test_30_percent,5944,118.8678818,117.8253866675462,1.0424951324538085,1.0424951324538085
untouched_test_30_percent,5945,118.4628067,117.62223469041014,0.840572009589863,0.840572009589863
untouched_test_30_percent,5946,117.5202789,115.90279130874819,1.6174875912518019,1.6174875912518019
untouched_test_30_percent,5947,117.593689,116.04460087247121,1.5490881275287904,1.5490881275287904
untouched_test_30_percent,5948,117.0306396,115.94884409345637,1.081795506543628,1.081795506543628
untouched_test_30_percent,5949,118.8848419,118.33428557720812,0.550556322791877,0.550556322791877
untouched_test_30_percent,5950,120.477623,120.32321747458445,0.15440552541554098,0.15440552541554098
untouched_test_30_percent,5951,121.1078339,121.62254773668374,-0.5147138366837396,0.5147138366837396
untouched_test_30_percent,5952,120.4707184,119.34221174759986,1.1285066524001337,1.1285066524001337
untouched_test_30_percent,5953,117.8588562,116.78104146945499,1.0778147305450148,1.0778147305450148
untouched_test_30_percent,5954,115.7672272,115.04018143100195,0.727045768998039,0.727045768998039
untouched_test_30_percent,5955,117.8116455,117.02914038418743,0.7825051158125689,0.7825051158125689
untouched_test_30_percent,5956,119.8001328,118.6784597874414,1.1216730125586025,1.1216730125586025
untouched_test_30_percent,5957,121.6665573,120.80112937270565,0.8654279272943484,0.8654279272943484
untouched_test_30_percent,5958,121.2034912,119.71156951446332,1.4919216855366813,1.4919216855366813
untouched_test_30_percent,5959,122.3123398,120.49258779824488,1.8197520017551199,1.8197520017551199
untouched_test_30_percent,5960,122.3653107,120.90232723468235,1.4629834653176488,1.4629834653176488
untouched_test_30_percent,5961,116.2235947,114.59255130774564,1.6310433922543695,1.6310433922543695
untouched_test_30_percent,5962,114.9555893,112.93822844943777,2.017360850562227,2.017360850562227
untouched_test_30_percent,5963,116.8087616,115.14060775218371,1.668153847816285,1.668153847816285
untouched_test_30_percent,5964,118.7775116,117.43358463736102,1.3439269626389745,1.3439269626389745
untouched_test_30_percent,5965,122.0902176,120.6179456964261,1.4722719035738976,1.4722719035738976
untouched_test_30_percent,5966,118.3277359,117.42328932103432,0.9044465789656755,0.9044465789656755
untouched_test_30_percent,5967,118.7423325,116.59980407761702,2.1425284223829806,2.1425284223829806
untouched_test_30_percent,5968,115.6159134,114.80066617703228,0.815247222967713,0.815247222967713
untouched_test_30_percent,5969,116.0864029,115.17383952765013,0.9125633723498652,0.9125633723498652
untouched_test_30_percent,5970,116.6640167,114.86894465648417,1.7950720435158303,1.7950720435158303
untouched_test_30_percent,5971,113.2546005,112.28377994382058,0.9708205561794188,0.9708205561794188
untouched_test_30_percent,5972,118.0429382,115.9092010294597,2.1337371705403,2.1337371705403
untouched_test_30_percent,5973,114.7381744,113.5854788959741,1.1526955040258997,1.1526955040258997
untouched_test_30_percent,5974,116.1789398,114.64225747893214,1.5366823210678575,1.5366823210678575
untouched_test_30_percent,5975,114.2959137,113.3633920573059,0.9325216426940983,0.9325216426940983
untouched_test_30_percent,5976,116.1243134,115.1349471685143,0.9893662314857039,0.9893662314857039
untouched_test_30_percent,5977,117.3619766,116.58896397411212,0.7730126258878869,0.7730126258878869
untouched_test_30_percent,5978,116.6113129,115.4367842981289,1.1745286018711028,1.1745286018711028
untouched_test_30_percent,5979,113.8433151,112.74812403304071,1.0951910669592877,1.0951910669592877
untouched_test_30_percent,5980,115.8205109,114.63800107135211,1.1825098286478948,1.1825098286478948
untouched_test_30_percent,5981,114.1680603,113.38112662927624,0.7869336707237551,0.7869336707237551
untouched_test_30_percent,5982,115.4111786,114.37039959369085,1.040779006309151,1.040779006309151
untouched_test_30_percent,5983,113.972435,112.96597302628176,1.0064619737182454,1.0064619737182454
untouched_test_30_percent,5984,113.481842,112.91056291398492,0.5712790860150818,0.5712790860150818
untouched_test_30_percent,5985,118.5198517,116.73314466711604,1.7867070328839674,1.7867070328839674
untouched_test_30_percent,5986,116.1684341,115.01825251822626,1.1501815817737366,1.1501815817737366
untouched_test_30_percent,5987,117.4546814,116.72015353675852,0.7345278632414818,0.7345278632414818
untouched_test_30_percent,5988,116.5244675,115.7041397241094,0.820327775890604,0.820327775890604
untouched_test_30_percent,5989,115.7522049,115.12013721833375,0.6320676816662427,0.6320676816662427
untouched_test_30_percent,5990,115.4479065,114.31502007032708,1.1328864296729222,1.1328864296729222
untouched_test_30_percent,5991,117.1421204,115.15004103639173,1.9920793636082692,1.9920793636082692
untouched_test_30_percent,5992,114.5897217,113.9574032190814,0.6323184809185989,0.6323184809185989
untouched_test_30_percent,5993,115.7381821,114.42680624938329,1.311375850616713,1.311375850616713
untouched_test_30_percent,5994,115.7012405,114.61622973158813,1.0850107684118626,1.0850107684118626
untouched_test_30_percent,5995,117.1901627,115.37696777572509,1.8131949242749101,1.8131949242749101
untouched_test_30_percent,5996,115.4754257,115.24572243080742,0.22970326919258355,0.22970326919258355
untouched_test_30_percent,5997,116.0272217,114.95354648310011,1.0736752168998862,1.0736752168998862
untouched_test_30_percent,5998,117.7592316,116.41719269050348,1.342038909496523,1.342038909496523
untouched_test_30_percent,5999,116.7490921,114.87018365367342,1.8789084463265766,1.8789084463265766
untouched_test_30_percent,6000,117.5553131,116.27048944115738,1.284823658842626,1.284823658842626
untouched_test_30_percent,6001,117.6048279,115.29001642712221,2.3148114728777927,2.3148114728777927
untouched_test_30_percent,6002,116.2429733,114.98551089800256,1.2574624019974436,1.2574624019974436
untouched_test_30_percent,6003,115.8469238,114.33991762649514,1.5070061735048625,1.5070061735048625
untouched_test_30_percent,6004,114.9957123,113.78744765937304,1.2082646406269504,1.2082646406269504
untouched_test_30_percent,6005,116.4386902,115.47441864920972,0.9642715507902722,0.9642715507902722
untouched_test_30_percent,6006,115.1492004,115.07696782441116,0.072232575588842,0.072232575588842
untouched_test_30_percent,6007,117.7814484,118.12797550344759,-0.34652710344758475,0.34652710344758475
untouched_test_30_percent,6008,116.8056488,117.13316261309939,-0.32751381309938665,0.32751381309938665
untouched_test_30_percent,6009,118.3418045,116.93703526484256,1.4047692351574312,1.4047692351574312
untouched_test_30_percent,6010,121.2902985,120.65705091930937,0.6332475806906359,0.6332475806906359
untouched_test_30_percent,6011,122.3808899,121.0932948736855,1.2875950263145057,1.2875950263145057
untouched_test_30_percent,6012,122.7050781,122.27466110210497,0.43041699789502275,0.43041699789502275
untouched_test_30_percent,6013,123.0288773,121.9311158065848,1.0977614934152058,1.0977614934152058
untouched_test_30_percent,6014,121.7178192,120.47999645002353,1.2378227499764591,1.2378227499764591
untouched_test_30_percent,6015,118.6549072,117.15465944793178,1.5002477520682191,1.5002477520682191
untouched_test_30_percent,6016,117.6763382,116.59147971210584,1.0848584878941665,1.0848584878941665
untouched_test_30_percent,6017,117.8403702,116.74860320701818,1.0917669929818175,1.0917669929818175
untouched_test_30_percent,6018,120.7035675,119.7391240255649,0.9644434744351003,0.9644434744351003
untouched_test_30_percent,6019,121.7514954,121.01056184429001,0.7409335557099865,0.7409335557099865
untouched_test_30_percent,6020,122.2703629,120.84021766736689,1.4301452326331088,1.4301452326331088
untouched_test_30_percent,6021,122.128067,120.21179402509928,1.9162729749007212,1.9162729749007212
untouched_test_30_percent,6022,118.1520691,116.83528562940708,1.3167834705929238,1.3167834705929238
untouched_test_30_percent,6023,117.2215576,116.93000130783119,0.2915562921688064,0.2915562921688064
untouched_test_30_percent,6024,119.2330322,117.56823166639053,1.6648005336094656,1.6648005336094656
untouched_test_30_percent,6025,118.4957504,117.68575039247702,0.8100000075229872,0.8100000075229872
untouched_test_30_percent,6026,120.7835159,118.66086766026493,2.1226482397350708,2.1226482397350708
untouched_test_30_percent,6027,120.869545,120.29632923151406,0.5732157684859374,0.5732157684859374
untouched_test_30_percent,6028,120.853363,119.73032152933486,1.123041470665143,1.123041470665143
untouched_test_30_percent,6029,121.131897,119.77889976171474,1.3529972382852549,1.3529972382852549
untouched_test_30_percent,6030,118.2014084,117.4599720726066,0.7414363273934015,0.7414363273934015
untouched_test_30_percent,6031,115.4587173,113.75236411894619,1.7063531810538137,1.7063531810538137
untouched_test_30_percent,6032,117.9885025,116.89235492999107,1.0961475700089238,1.0961475700089238
untouched_test_30_percent,6033,120.5065918,119.79439888550344,0.7121929144965549,0.7121929144965549
untouched_test_30_percent,6034,120.1818237,119.80244946228648,0.3793742377135203,0.3793742377135203
untouched_test_30_percent,6035,121.1740875,119.96077347253998,1.2133140274600152,1.2133140274600152
untouched_test_30_percent,6036,122.1283112,120.98526864453386,1.1430425554661383,1.1430425554661383
untouched_test_30_percent,6037,116.4383545,115.6061424477146,0.8322120522853993,0.8322120522853993
untouched_test_30_percent,6038,115.8573303,114.42151541634594,1.4358148836540607,1.4358148836540607
untouched_test_30_percent,6039,116.2371445,115.22305084803052,1.0140936519694748,1.0140936519694748
untouched_test_30_percent,6040,117.7334747,117.11109391535155,0.6223807846484561,0.6223807846484561
untouched_test_30_percent,6041,120.6272125,119.38719726032903,1.2400152396709672,1.2400152396709672
untouched_test_30_percent,6042,118.9760208,118.22910927426054,0.7469115257394634,0.7469115257394634
untouched_test_30_percent,6043,119.6390381,118.37765002963714,1.2613880703628553,1.2613880703628553
untouched_test_30_percent,6044,116.0223923,115.58491903329839,0.4374732667016161,0.4374732667016161
untouched_test_30_percent,6045,115.5965347,114.3154648640514,1.2810698359485997,1.2810698359485997
untouched_test_30_percent,6046,120.878624,120.11824690661179,0.7603770933882146,0.7603770933882146
untouched_test_30_percent,6047,119.8383789,119.0626214911708,0.7757574088291932,0.7757574088291932
untouched_test_30_percent,6048,121.163475,120.58328753953835,0.5801874604616586,0.5801874604616586
untouched_test_30_percent,6049,119.3272095,118.44453213091747,0.8826773690825291,0.8826773690825291
untouched_test_30_percent,6050,115.9023209,114.82332711790804,1.0789937820919704,1.0789937820919704
untouched_test_30_percent,6051,112.4121017,111.88722321094264,0.5248784890573575,0.5248784890573575
untouched_test_30_percent,6052,117.1563873,116.18927436981042,0.967112930189586,0.967112930189586
untouched_test_30_percent,6053,116.6462326,115.82136798358988,0.8248646164101245,0.8248646164101245
untouched_test_30_percent,6054,118.0587463,116.86592554209808,1.192820757901913,1.192820757901913
untouched_test_30_percent,6055,118.7150726,117.14350555463268,1.571567045367317,1.571567045367317
untouched_test_30_percent,6056,118.1933975,117.08149173729433,1.1119057627056748,1.1119057627056748
untouched_test_30_percent,6057,115.8266144,114.53501468525741,1.2915997147425884,1.2915997147425884
untouched_test_30_percent,6058,114.2048492,112.5621303991135,1.6427188008864988,1.6427188008864988
untouched_test_30_percent,6059,114.6927872,113.337786602952,1.3550005970480044,1.3550005970480044
untouched_test_30_percent,6060,110.0767975,112.05886985959924,-1.9820723595992433,1.9820723595992433
untouched_test_30_percent,6061,116.847641,115.99119753279143,0.8564434672085639,0.8564434672085639
untouched_test_30_percent,6062,116.2884598,115.1887721994754,1.0996876005246037,1.0996876005246037
untouched_test_30_percent,6063,116.6381989,114.87753036833372,1.7606685316662833,1.7606685316662833
untouched_test_30_percent,6064,112.4906998,111.99966553182487,0.4910342681751274,0.4910342681751274
untouched_test_30_percent,6065,110.314949,109.65377771738612,0.6611712826138785,0.6611712826138785
untouched_test_30_percent,6066,110.9957809,109.61041987140938,1.3853610285906228,1.3853610285906228
untouched_test_30_percent,6067,111.9368591,110.73200926458988,1.2048498354101298,1.2048498354101298
untouched_test_30_percent,6068,112.4899597,110.5475976246968,1.942362075303194,1.942362075303194
untouched_test_30_percent,6069,114.4552307,112.79041708046745,1.664813619532552,1.664813619532552
untouched_test_30_percent,6070,116.0557556,114.01368565165598,2.0420699483440217,2.0420699483440217
untouched_test_30_percent,6071,116.9389343,115.44683297659927,1.4921013234007319,1.4921013234007319
untouched_test_30_percent,6072,117.6105347,115.56342587286765,2.047108827132348,2.047108827132348
untouched_test_30_percent,6073,115.2548599,113.50188397617026,1.7529759238297373,1.7529759238297373
untouched_test_30_percent,6074,117.0952454,115.76479127712949,1.3304541228705062,1.3304541228705062
untouched_test_30_percent,6075,119.8646469,118.5659767971475,1.2986701028524976,1.2986701028524976
untouched_test_30_percent,6076,118.6692886,117.50617291169873,1.163115688301275,1.163115688301275
untouched_test_30_percent,6077,117.0829544,115.98820662409337,1.0947477759066402,1.0947477759066402
untouched_test_30_percent,6078,116.9254837,115.43283007279356,1.4926536272064368,1.4926536272064368
untouched_test_30_percent,6079,119.0996628,117.97212864721976,1.1275341527802425,1.1275341527802425
untouched_test_30_percent,6080,116.6643524,115.61900026882061,1.045352131179385,1.045352131179385
untouched_test_30_percent,6081,115.0115967,113.59061920936364,1.4209774906363606,1.4209774906363606
untouched_test_30_percent,6082,118.4087219,116.62318126569394,1.7855406343060594,1.7855406343060594
untouched_test_30_percent,6083,120.8945999,119.68258720222293,1.2120126977770695,1.2120126977770695
untouched_test_30_percent,6084,119.8803253,118.53536809054448,1.3449572094555151,1.3449572094555151
untouched_test_30_percent,6085,121.6310959,119.2733994372259,2.3576964627741006,2.3576964627741006
untouched_test_30_percent,6086,122.8066559,120.94094405787227,1.8657118421277232,1.8657118421277232
untouched_test_30_percent,6087,122.8452072,122.03845324541626,0.8067539545837406,0.8067539545837406
untouched_test_30_percent,6088,122.0919418,121.40312432705488,0.688817472945118,0.688817472945118
untouched_test_30_percent,6089,122.642067,120.6506285972234,1.9914384027765948,1.9914384027765948
untouched_test_30_percent,6090,120.7037125,119.38197269893877,1.3217398010612271,1.3217398010612271
untouched_test_30_percent,6091,120.6797485,119.3473550568936,1.3323934431063975,1.3323934431063975
untouched_test_30_percent,6092,123.3184204,121.42597406759285,1.8924463324071468,1.8924463324071468
untouched_test_30_percent,6093,122.9833221,121.84599149021729,1.1373306097827083,1.1373306097827083
untouched_test_30_percent,6094,124.2672424,123.0491828275993,1.2180595724007048,1.2180595724007048
untouched_test_30_percent,6095,120.6370468,120.56999195496977,0.06705484503022774,0.06705484503022774
untouched_test_30_percent,6096,122.1262054,121.09139981598366,1.0348055840163397,1.0348055840163397
untouched_test_30_percent,6097,121.4334412,120.24120247346691,1.1922387265330912,1.1922387265330912
untouched_test_30_percent,6098,120.8220367,119.34245233158724,1.479584368412759,1.479584368412759
untouched_test_30_percent,6099,122.9216156,120.53643897505998,2.3851766249400157,2.3851766249400157
untouched_test_30_percent,6100,122.0462799,121.00274973333572,1.0435301666642829,1.0435301666642829
untouched_test_30_percent,6101,123.2614822,121.97005739221717,1.2914248077828319,1.2914248077828319
untouched_test_30_percent,6102,121.9222488,120.84882062761866,1.073428172381341,1.073428172381341
untouched_test_30_percent,6103,122.0146179,120.97879900444617,1.035818895553831,1.035818895553831
untouched_test_30_percent,6104,121.1681137,120.72059915978497,0.4475145402150389,0.4475145402150389
untouched_test_30_percent,6105,117.7995911,116.34143410657879,1.4581569934212126,1.4581569934212126
untouched_test_30_percent,6106,116.9806442,116.53431566117085,0.4463285388291496,0.4463285388291496
untouched_test_30_percent,6107,117.0374146,116.10562941276038,0.9317851872396261,0.9317851872396261
untouched_test_30_percent,6108,121.526886,120.5751029856925,0.9517830143075088,0.9517830143075088
untouched_test_30_percent,6109,120.2088318,119.70004575471519,0.5087860452848076,0.5087860452848076
untouched_test_30_percent,6110,121.1164474,120.56449358082465,0.5519538191753526,0.5519538191753526
untouched_test_30_percent,6111,121.1278458,119.90856448078125,1.2192813192187515,1.2192813192187515
untouched_test_30_percent,6112,120.66362,119.26727113581626,1.3963488641837358,1.3963488641837358
untouched_test_30_percent,6113,119.10952,117.92481657979634,1.184703420203661,1.184703420203661
untouched_test_30_percent,6114,117.9590683,115.69945656926393,2.2596117307360686,2.2596117307360686
untouched_test_30_percent,6115,118.5495071,117.13219522007431,1.4173118799256912,1.4173118799256912
untouched_test_30_percent,6116,119.7361374,118.37326233658868,1.3628750634113231,1.3628750634113231
untouched_test_30_percent,6117,123.2417068,121.57280075699643,1.6689060430035738,1.6689060430035738
untouched_test_30_percent,6118,122.1637802,121.73502117598275,0.4287590240172534,0.4287590240172534
untouched_test_30_percent,6119,123.0611115,121.50825739332883,1.5528541066711625,1.5528541066711625
untouched_test_30_percent,6120,121.6447449,119.38752800550617,2.257216894493837,2.257216894493837
untouched_test_30_percent,6121,117.7745972,115.51292541017395,2.261671789826053,2.261671789826053
untouched_test_30_percent,6122,117.7165222,114.95798753403457,2.7585346659654277,2.7585346659654277
untouched_test_30_percent,6123,117.4802399,115.85556137624845,1.6246785237515553,1.6246785237515553
untouched_test_30_percent,6124,119.007782,117.50412942873058,1.503652571269427,1.503652571269427
untouched_test_30_percent,6125,120.5643387,119.57937080262087,0.9849678973791214,0.9849678973791214
untouched_test_30_percent,6126,121.2284698,119.57806394520267,1.6504058547973273,1.6504058547973273
untouched_test_30_percent,6127,122.6251602,120.690903572043,1.934256627956998,1.934256627956998
untouched_test_30_percent,6128,122.3249207,120.21806178525955,2.1068589147404566,2.1068589147404566
untouched_test_30_percent,6129,119.7341919,117.84765866201992,1.8865332379800748,1.8865332379800748
untouched_test_30_percent,6130,122.614975,120.77524487670878,1.8397301232912184,1.8397301232912184
untouched_test_30_percent,6131,123.3932724,121.35555768886131,2.0377147111386904,2.0377147111386904
untouched_test_30_percent,6132,121.1531296,120.12380618834503,1.0293234116549712,1.0293234116549712
untouched_test_30_percent,6133,121.5961456,120.42775030598295,1.1683952940170457,1.1683952940170457
untouched_test_30_percent,6134,120.001976,118.66772825597481,1.3342477440251912,1.3342477440251912
untouched_test_30_percent,6135,117.7664871,116.58638314558101,1.1801039544189962,1.1801039544189962
untouched_test_30_percent,6136,117.1482773,115.89927419543037,1.2490031045696384,1.2490031045696384
untouched_test_30_percent,6137,117.1642075,116.49641147591669,0.6677960240833158,0.6677960240833158
untouched_test_30_percent,6138,118.9115295,118.47186920344008,0.43966029655992145,0.43966029655992145
untouched_test_30_percent,6139,124.4478226,123.52221459280423,0.9256080071957626,0.9256080071957626
untouched_test_30_percent,6140,125.9373932,124.5833183915764,1.3540748084236043,1.3540748084236043
untouched_test_30_percent,6141,123.8857727,122.11876013623808,1.7670125637619236,1.7670125637619236
untouched_test_30_percent,6142,122.128952,120.98094281149812,1.1480091885018737,1.1480091885018737
untouched_test_30_percent,6143,120.3471756,118.81720009588614,1.5299755041138638,1.5299755041138638
untouched_test_30_percent,6144,118.9710617,118.90070699089928,0.07035470910072661,0.07035470910072661
untouched_test_30_percent,6145,120.1446228,118.15765479065783,1.9869680093421636,1.9869680093421636
untouched_test_30_percent,6146,118.0486908,116.86232633722587,1.1863644627741365,1.1863644627741365
untouched_test_30_percent,6147,118.0155869,117.7284067623622,0.2871801376378045,0.2871801376378045
untouched_test_30_percent,6148,121.2373581,119.89755789058665,1.3398002094133403,1.3398002094133403
untouched_test_30_percent,6149,119.3777313,118.42266229498588,0.95506900501411,0.95506900501411
untouched_test_30_percent,6150,120.6671143,120.07267773844902,0.5944365615509781,0.5944365615509781
untouched_test_30_percent,6151,117.6440582,115.94424743432346,1.6998107656765455,1.6998107656765455
untouched_test_30_percent,6152,119.1182938,118.00052106945166,1.1177727305483387,1.1177727305483387
untouched_test_30_percent,6153,117.6873932,116.51541450341551,1.171978696584489,1.171978696584489
untouched_test_30_percent,6154,120.3293228,119.0253166503644,1.3040061496355975,1.3040061496355975
untouched_test_30_percent,6155,120.4560852,120.26308148772107,0.1930037122789372,0.1930037122789372
untouched_test_30_percent,6156,120.0761032,119.08428383744403,0.9918193625559724,0.9918193625559724
untouched_test_30_percent,6157,118.9888611,117.43734824400507,1.551512855994929,1.551512855994929
untouched_test_30_percent,6158,120.6091003,119.32479812079782,1.2843021792021716,1.2843021792021716
untouched_test_30_percent,6159,121.3884277,120.43254410775208,0.9558835922479147,0.9558835922479147
untouched_test_30_percent,6160,121.1938782,120.3146335441921,0.879244655807895,0.879244655807895
untouched_test_30_percent,6161,120.0704956,119.40448301803245,0.66601258196755,0.66601258196755
untouched_test_30_percent,6162,118.1851807,117.66452789181878,0.5206528081812252,0.5206528081812252
untouched_test_30_percent,6163,119.8317413,118.38188418998202,1.4498571100179873,1.4498571100179873
untouched_test_30_percent,6164,120.499115,119.13471702026364,1.364397979736367,1.364397979736367
untouched_test_30_percent,6165,121.2388,120.48607754291746,0.752722457082541,0.752722457082541
untouched_test_30_percent,6166,120.8012543,119.45471122322071,1.3465430767792839,1.3465430767792839
untouched_test_30_percent,6167,123.3469696,121.90813811205624,1.4388314879437587,1.4388314879437587
untouched_test_30_percent,6168,120.3022995,119.26059410757327,1.041705392426735,1.041705392426735
untouched_test_30_percent,6169,117.7084579,116.80356246646616,0.904895433533838,0.904895433533838
untouched_test_30_percent,6170,115.9197845,114.61642915053754,1.3033553494624641,1.3033553494624641
untouched_test_30_percent,6171,117.3324432,116.21184403610754,1.1205991638924644,1.1205991638924644
untouched_test_30_percent,6172,119.115593,118.56911950237297,0.5464734976270336,0.5464734976270336
untouched_test_30_percent,6173,121.5158234,120.53554098641145,0.9802824135885544,0.9802824135885544
untouched_test_30_percent,6174,123.3138428,122.1357382100731,1.1781045899269031,1.1781045899269031
untouched_test_30_percent,6175,121.9613113,121.19436743035422,0.766943869645786,0.766943869645786
untouched_test_30_percent,6176,118.0041199,118.29078917287349,-0.2866692728734819,0.2866692728734819
untouched_test_30_percent,6177,116.7491379,115.68250226148102,1.0666356385189744,1.0666356385189744
untouched_test_30_percent,6178,116.15345,114.5962974542701,1.557152545729906,1.557152545729906
untouched_test_30_percent,6179,115.6046219,114.0526735215277,1.5519483784723036,1.5519483784723036
untouched_test_30_percent,6180,118.486412,117.1415718528679,1.3448401471321034,1.3448401471321034
untouched_test_30_percent,6181,116.0563889,114.3883361880727,1.6680527119273023,1.6680527119273023
untouched_test_30_percent,6182,117.0313034,115.7338289892988,1.2974744107011986,1.2974744107011986
untouched_test_30_percent,6183,120.3050156,119.2340479141445,1.070967685855507,1.070967685855507
untouched_test_30_percent,6184,118.3464432,116.81013722832094,1.536305971679056,1.536305971679056
untouched_test_30_percent,6185,112.9937515,112.46367478811915,0.5300767118808523,0.5300767118808523
untouched_test_30_percent,6186,113.7359543,112.38107254036593,1.3548817596340683,1.3548817596340683
untouched_test_30_percent,6187,116.3013611,114.80554403538899,1.4958170646110034,1.4958170646110034
untouched_test_30_percent,6188,119.0180435,118.37668648903774,0.6413570109622668,0.6413570109622668
untouched_test_30_percent,6189,118.8585587,118.25220803726906,0.6063506627309465,0.6063506627309465
untouched_test_30_percent,6190,119.3340302,119.02658506136103,0.3074451386389683,0.3074451386389683
untouched_test_30_percent,6191,122.6067047,121.3700527124023,1.2366519875976962,1.2366519875976962
untouched_test_30_percent,6192,118.4975815,117.68662537125141,0.810956128748586,0.810956128748586
untouched_test_30_percent,6193,116.6237411,115.52277225361573,1.1009688463842764,1.1009688463842764
untouched_test_30_percent,6194,113.2268219,111.04455651755143,2.182265382448577,2.182265382448577
untouched_test_30_percent,6195,114.0518112,113.02509711588894,1.0267140841110631,1.0267140841110631
untouched_test_30_percent,6196,117.1888962,115.50712318940896,1.6817730105910442,1.6817730105910442
untouched_test_30_percent,6197,120.5861969,119.85343721530143,0.7327596846985784,0.7327596846985784
untouched_test_30_percent,6198,118.8153763,118.26107031281086,0.5543059871891387,0.5543059871891387
untouched_test_30_percent,6199,118.1652679,117.64041766017587,0.5248502398241328,0.5248502398241328
untouched_test_30_percent,6200,113.1255875,112.29031602042207,0.8352714795779264,0.8352714795779264
untouched_test_30_percent,6201,114.2790451,112.31517122886638,1.9638738711336288,1.9638738711336288
untouched_test_30_percent,6202,113.5321426,111.94798258843473,1.5841600115652739,1.5841600115652739
untouched_test_30_percent,6203,115.8685455,114.51262557557467,1.3559199244253222,1.3559199244253222
untouched_test_30_percent,6204,118.1768265,116.81650255243883,1.3603239475611701,1.3603239475611701
untouched_test_30_percent,6205,117.8301086,116.92196332151053,0.9081452784894708,0.9081452784894708
untouched_test_30_percent,6206,119.0816879,117.6334333991752,1.4482545008248024,1.4482545008248024
untouched_test_30_percent,6207,112.5366592,110.96478434889553,1.571874851104468,1.571874851104468
untouched_test_30_percent,6208,110.4735565,109.61696666980242,0.8565898301975778,0.8565898301975778
untouched_test_30_percent,6209,113.2778473,111.90406459174805,1.3737827082519516,1.3737827082519516
untouched_test_30_percent,6210,116.472435,114.85927530705492,1.6131596929450893,1.6131596929450893
untouched_test_30_percent,6211,116.3896027,115.05292855281523,1.336674147184766,1.336674147184766
untouched_test_30_percent,6212,116.4441071,114.78003666182741,1.6640704381725868,1.6640704381725868
untouched_test_30_percent,6213,116.018898,115.01283084458409,1.0060671554159057,1.0060671554159057
untouched_test_30_percent,6214,113.9992523,113.2962950536087,0.7029572463912928,0.7029572463912928
untouched_test_30_percent,6215,115.9084625,115.01393091388178,0.8945315861182195,0.8945315861182195
untouched_test_30_percent,6216,114.7520828,114.28288221084749,0.46920058915250706,0.46920058915250706
untouched_test_30_percent,6217,114.4931183,112.73947601818793,1.753642281812077,1.753642281812077
untouched_test_30_percent,6218,114.7255096,113.83849862347468,0.8870109765253176,0.8870109765253176
untouched_test_30_percent,6219,113.2982101,111.51823477686997,1.7799753231300315,1.7799753231300315
untouched_test_30_percent,6220,113.5560608,112.25454205799622,1.301518742003779,1.301518742003779
untouched_test_30_percent,6221,114.9459229,114.23129748085674,0.7146254191432604,0.7146254191432604
untouched_test_30_percent,6222,114.2104492,113.03551199198981,1.174937208010192,1.174937208010192
untouched_test_30_percent,6223,112.9066925,112.5512309307178,0.3554615692822125,0.3554615692822125
untouched_test_30_percent,6224,116.0657425,114.77058463161913,1.295157868380869,1.295157868380869
untouched_test_30_percent,6225,119.7720032,117.80764743328592,1.9643557667140783,1.9643557667140783
untouched_test_30_percent,6226,119.0682068,118.03942460908641,1.0287821909135886,1.0287821909135886
untouched_test_30_percent,6227,115.6463776,114.37514662056365,1.2712309794363392,1.2712309794363392
untouched_test_30_percent,6228,113.7798538,111.75224163460307,2.0276121653969312,2.0276121653969312
untouched_test_30_percent,6229,114.1842651,112.45034719039178,1.7339179096082233,1.7339179096082233
untouched_test_30_percent,6230,118.2411728,117.09771512425299,1.1434576757470154,1.1434576757470154
untouched_test_30_percent,6231,119.2086105,117.53188124590321,1.6767292540967986,1.6767292540967986
untouched_test_30_percent,6232,116.9735718,116.58875787944966,0.3848139205503429,0.3848139205503429
untouched_test_30_percent,6233,117.1976929,115.45151255767465,1.74618034232536,1.74618034232536
untouched_test_30_percent,6234,117.8011322,115.7331715090638,2.0679606909362036,2.0679606909362036
untouched_test_30_percent,6235,115.3986435,113.78858978101563,1.6100537189843749,1.6100537189843749
untouched_test_30_percent,6236,116.9749908,114.512782159252,2.4622086407480026,2.4622086407480026
untouched_test_30_percent,6237,121.0366898,119.31305151570722,1.7236382842927895,1.7236382842927895
untouched_test_30_percent,6238,121.5058212,119.54719752798395,1.9586236720160457,1.9586236720160457
untouched_test_30_percent,6239,122.7967911,121.48937643282763,1.3074146671723668,1.3074146671723668
untouched_test_30_percent,6240,112.6918411,113.90039563560099,-1.2085545356009817,1.2085545356009817
untouched_test_30_percent,6241,119.302597,118.92311059459506,0.37948640540494694,0.37948640540494694
untouched_test_30_percent,6242,117.4507065,116.07838121265107,1.3723252873489287,1.3723252873489287
untouched_test_30_percent,6243,117.7626343,115.57907295332026,2.1835613466797383,2.1835613466797383
untouched_test_30_percent,6244,117.663063,116.75271121432979,0.9103517856702013,0.9103517856702013
untouched_test_30_percent,6245,119.8160248,118.51661071353021,1.2994140864697812,1.2994140864697812
untouched_test_30_percent,6246,120.9894791,119.76863245553798,1.2208466444620143,1.2208466444620143
untouched_test_30_percent,6247,121.3903198,119.61834420518778,1.7719755948122184,1.7719755948122184
untouched_test_30_percent,6248,117.4219971,116.52504094161105,0.8969561583889458,0.8969561583889458
untouched_test_30_percent,6249,116.1126938,115.01425708387119,1.0984367161288162,1.0984367161288162
untouched_test_30_percent,6250,115.2728653,114.14304566855338,1.1298196314466225,1.1298196314466225
untouched_test_30_percent,6251,118.5072403,117.13140560388968,1.3758346961103314,1.3758346961103314
untouched_test_30_percent,6252,120.4519196,118.86044653752094,1.5914730624790536,1.5914730624790536
untouched_test_30_percent,6253,121.3925247,120.05769174299704,1.3348329570029591,1.3348329570029591
untouched_test_30_percent,6254,120.4859009,118.98065167759354,1.5052492224064622,1.5052492224064622
untouched_test_30_percent,6255,118.4437103,116.88140057752956,1.5623097224704452,1.5623097224704452
untouched_test_30_percent,6256,116.214592,114.2786340228423,1.935957977157699,1.935957977157699
untouched_test_30_percent,6257,115.7418671,113.99603313627904,1.7458339637209548,1.7458339637209548
untouched_test_30_percent,6258,117.6719437,116.70329019121998,0.9686535087800223,0.9686535087800223
untouched_test_30_percent,6259,118.79673,117.7293840820918,1.0673459179081988,1.0673459179081988
untouched_test_30_percent,6260,121.6168365,120.57826867424366,1.0385678257563455,1.0385678257563455
untouched_test_30_percent,6261,120.5644226,120.06755629062525,0.4968663093747523,0.4968663093747523
untouched_test_30_percent,6262,124.2691727,122.9051597282188,1.364012971781193,1.364012971781193
untouched_test_30_percent,6263,115.3103561,113.84646186766524,1.4638942323347663,1.4638942323347663
untouched_test_30_percent,6264,114.9115143,113.50502880614872,1.406485493851278,1.406485493851278
untouched_test_30_percent,6265,117.7379532,116.59135690935223,1.1465962906477785,1.1465962906477785
untouched_test_30_percent,6266,121.9500809,120.122489628303,1.8275912716970026,1.8275912716970026
untouched_test_30_percent,6267,120.0598984,119.7850624387351,0.2748359612648983,0.2748359612648983
untouched_test_30_percent,6268,123.2739563,122.73936342959652,0.5345928704034719,0.5345928704034719
untouched_test_30_percent,6269,120.1695404,119.09444095416674,1.07509944583326,1.07509944583326
untouched_test_30_percent,6270,116.2175598,115.02392712311479,1.1936326768852155,1.1936326768852155
untouched_test_30_percent,6271,113.2894287,113.80570097677281,-0.5162722767728098,0.5162722767728098
untouched_test_30_percent,6272,116.0791779,115.25396410061323,0.8252137993867734,0.8252137993867734
untouched_test_30_percent,6273,107.2345047,108.76479417051621,-1.530289470516209,1.530289470516209
untouched_test_30_percent,6274,116.9601059,116.02530470109832,0.9348011989016811,0.9348011989016811
untouched_test_30_percent,6275,114.9753265,113.89613735370548,1.0791891462945102,1.0791891462945102
untouched_test_30_percent,6276,113.903183,112.68496942866359,1.2182135713364062,1.2182135713364062
untouched_test_30_percent,6277,112.6997147,112.11020592001293,0.5895087799870709,0.5895087799870709
untouched_test_30_percent,6278,116.8049622,115.90242281797215,0.9025393820278538,0.9025393820278538
untouched_test_30_percent,6279,120.8709717,120.06615528884056,0.804816411159436,0.804816411159436
untouched_test_30_percent,6280,120.0681458,119.36644785772364,0.7016979422763541,0.7016979422763541
untouched_test_30_percent,6281,119.5267639,118.9472166485904,0.5795472514096076,0.5795472514096076
untouched_test_30_percent,6282,119.2004623,117.68118975565142,1.5192725443485813,1.5192725443485813
untouched_test_30_percent,6283,115.4365387,114.60754034123121,0.8289983587687857,0.8289983587687857
untouched_test_30_percent,6284,113.1162643,112.10991436628865,1.0063499337113484,1.0063499337113484
untouched_test_30_percent,6285,113.8113251,112.42061224744201,1.3907128525579964,1.3907128525579964
untouched_test_30_percent,6286,117.5332642,116.37314441698973,1.1601197830102734,1.1601197830102734
untouched_test_30_percent,6287,116.4284134,115.47760658749041,0.9508068125095832,0.9508068125095832
untouched_test_30_percent,6288,120.6781158,118.38906406608086,2.2890517339191376,2.2890517339191376
untouched_test_30_percent,6289,121.1452484,120.08647706503058,1.0587713349694212,1.0587713349694212
untouched_test_30_percent,6290,115.1334305,112.74994178392814,2.3834887160718665,2.3834887160718665
untouched_test_30_percent,6291,114.1169357,112.62339475878946,1.49354094121054,1.49354094121054
untouched_test_30_percent,6292,118.6136246,116.86780653352712,1.7458180664728786,1.7458180664728786
untouched_test_30_percent,6293,121.0523682,119.58779168123054,1.4645765187694622,1.4645765187694622
untouched_test_30_percent,6294,122.6269226,121.31029884562325,1.3166237543767494,1.3166237543767494
untouched_test_30_percent,6295,124.4755783,123.13690076639972,1.3386775336002756,1.3386775336002756
untouched_test_30_percent,6296,125.8912354,124.15379646611257,1.7374389338874323,1.7374389338874323
untouched_test_30_percent,6297,121.2937622,119.81692671823038,1.4768354817696263,1.4768354817696263
untouched_test_30_percent,6298,119.8693924,117.90545098959736,1.96394141040264,1.96394141040264
untouched_test_30_percent,6299,118.7050095,116.75565548330412,1.949354016695878,1.949354016695878
untouched_test_30_percent,6300,120.9188614,119.43741898931987,1.4814424106801312,1.4814424106801312
untouched_test_30_percent,6301,121.762825,120.75238812173907,1.0104368782609328,1.0104368782609328
untouched_test_30_percent,6302,125.8712845,124.02190749471032,1.849377005289682,1.849377005289682
untouched_test_30_percent,6303,123.6443863,122.40706831179027,1.2373179882097247,1.2373179882097247
untouched_test_30_percent,6304,123.3613892,121.68421124933113,1.6771779506688773,1.6771779506688773
untouched_test_30_percent,6305,119.8333054,118.32125395664357,1.5120514433564267,1.5120514433564267
untouched_test_30_percent,6306,117.4046097,116.25942937197492,1.1451803280250772,1.1451803280250772
untouched_test_30_percent,6307,118.521492,116.18575087507372,2.3357411249262725,2.3357411249262725
untouched_test_30_percent,6308,118.2378464,116.69244319967956,1.545403200320436,1.545403200320436
untouched_test_30_percent,6309,123.4765701,121.32296969785509,2.1536004021449173,2.1536004021449173
untouched_test_30_percent,6310,122.7153015,121.48031772701623,1.2349837729837674,1.2349837729837674
untouched_test_30_percent,6311,123.7805939,122.33199109700679,1.4486028029932072,1.4486028029932072
untouched_test_30_percent,6312,124.4283447,122.73974281295327,1.6886018870467296,1.6886018870467296
untouched_test_30_percent,6313,121.9748383,120.52412746332296,1.4507108366770467,1.4507108366770467
untouched_test_30_percent,6314,118.1428833,117.51624646725932,0.6266368327406724,0.6266368327406724
untouched_test_30_percent,6315,117.7719727,115.33686750023374,2.4351051997662694,2.4351051997662694
untouched_test_30_percent,6316,120.2726898,118.23103201475362,2.0416577852463718,2.0416577852463718
untouched_test_30_percent,6317,122.1056824,120.73941133948772,1.3662710605122896,1.3662710605122896
untouched_test_30_percent,6318,124.5812073,122.73596350912793,1.8452437908720754,1.8452437908720754
untouched_test_30_percent,6319,125.2954865,123.04269360664058,2.2527928933594126,2.2527928933594126
untouched_test_30_percent,6320,123.7210159,122.73230457036382,0.9887113296361747,0.9887113296361747
untouched_test_30_percent,6321,119.5313034,118.57999592005561,0.9513074799443899,0.9513074799443899
untouched_test_30_percent,6322,117.8150101,116.26501545855835,1.5499946414416428,1.5499946414416428
untouched_test_30_percent,6323,118.8139191,117.4804087535969,1.3335103464031022,1.3335103464031022
untouched_test_30_percent,6324,120.9735565,120.27792979243422,0.6956267075657792,0.6956267075657792
untouched_test_30_percent,6325,123.9885941,123.09297993170222,0.895614168297783,0.895614168297783
untouched_test_30_percent,6326,125.1090698,123.97844717661393,1.130622623386074,1.130622623386074
untouched_test_30_percent,6327,125.0196533,124.17311416720523,0.8465391327947742,0.8465391327947742
untouched_test_30_percent,6328,121.8185196,120.28867860302705,1.5298409969729505,1.5298409969729505
untouched_test_30_percent,6329,114.4227448,113.24532747775592,1.1774173222440822,1.1774173222440822
untouched_test_30_percent,6330,116.2417908,115.16443045529299,1.0773603447070172,1.0773603447070172
untouched_test_30_percent,6331,119.9938049,118.56385814937146,1.4299467506285453,1.4299467506285453
untouched_test_30_percent,6332,121.84832,120.68976730802805,1.1585526919719484,1.1585526919719484
untouched_test_30_percent,6333,122.8710785,121.2741785686059,1.5968999313940913,1.5968999313940913
untouched_test_30_percent,6334,123.3567276,123.10939807778071,0.24732952221928883,0.24732952221928883
untouched_test_30_percent,6335,116.5158463,114.4681062764003,2.047740023599701,2.047740023599701
untouched_test_30_percent,6336,114.5839233,112.38252851729841,2.201394782701584,2.201394782701584
untouched_test_30_percent,6337,114.608696,112.88834408210823,1.7203519178917617,1.7203519178917617
untouched_test_30_percent,6338,120.5439224,119.274017973324,1.2699044266759927,1.2699044266759927
untouched_test_30_percent,6339,120.2669525,118.92032537699222,1.346627123007778,1.346627123007778
untouched_test_30_percent,6340,121.9151993,120.39452371268867,1.520675587311331,1.520675587311331
untouched_test_30_percent,6341,116.8928986,115.49950172161917,1.3933968783808268,1.3933968783808268
untouched_test_30_percent,6342,113.6573944,112.80009572002237,0.8572986799776317,0.8572986799776317
untouched_test_30_percent,6343,115.1281815,113.41322492804714,1.714956571952854,1.714956571952854
untouched_test_30_percent,6344,115.1009216,115.68816932860615,-0.5872477286061439,0.5872477286061439
untouched_test_30_percent,6345,119.3180389,117.54875329894358,1.7692856010564242,1.7692856010564242
untouched_test_30_percent,6346,119.5934296,117.02737214849954,2.5660574515004555,2.5660574515004555
untouched_test_30_percent,6347,119.3689499,118.37934442807502,0.9896054719249889,0.9896054719249889
untouched_test_30_percent,6348,119.0329208,118.04715949007601,0.985761309923987,0.985761309923987
untouched_test_30_percent,6349,117.7241669,115.49562157087536,2.2285453291246426,2.2285453291246426
untouched_test_30_percent,6350,113.4056854,112.07581126600573,1.3298741339942666,1.3298741339942666
untouched_test_30_percent,6351,115.0998459,113.79294466024606,1.306901239753941,1.306901239753941
untouched_test_30_percent,6352,114.0444031,112.57960851967502,1.464794580324977,1.464794580324977
untouched_test_30_percent,6353,117.6135864,115.42850459139697,2.18508180860303,2.18508180860303
untouched_test_30_percent,6354,118.1702957,116.28929800394498,1.8809976960550188,1.8809976960550188
untouched_test_30_percent,6355,120.9817734,119.40359840877235,1.578174991227641,1.578174991227641
untouched_test_30_percent,6356,120.2356567,118.97569671947853,1.2599599805214723,1.2599599805214723
untouched_test_30_percent,6357,113.7145767,111.7990801447164,1.915496555283596,1.915496555283596
untouched_test_30_percent,6358,114.9061966,113.44984162849427,1.456354971505732,1.456354971505732
untouched_test_30_percent,6359,113.2059402,111.69782043560792,1.5081197643920774,1.5081197643920774
untouched_test_30_percent,6360,119.9919281,117.70261560059579,2.289312499404204,2.289312499404204
untouched_test_30_percent,6361,118.4504166,117.27291825334325,1.1774983466567477,1.1774983466567477
untouched_test_30_percent,6362,118.1018829,117.28595056455394,0.8159323354460639,0.8159323354460639
untouched_test_30_percent,6363,117.6880798,116.60198024521365,1.086099554786344,1.086099554786344
untouched_test_30_percent,6364,113.0897903,112.32706911849678,0.762721181503224,0.762721181503224
untouched_test_30_percent,6365,112.7027817,111.77471619055896,0.9280655094410406,0.9280655094410406
untouched_test_30_percent,6366,115.9454803,114.7146817271532,1.230798572846794,1.230798572846794
untouched_test_30_percent,6367,113.8709641,112.96645204339363,0.9045120566063645,0.9045120566063645
untouched_test_30_percent,6368,116.3334503,114.98745495783965,1.34599534216035,1.34599534216035
untouched_test_30_percent,6369,113.5643692,112.17073844501186,1.3936307549881377,1.3936307549881377
untouched_test_30_percent,6370,112.4750977,110.98611137030275,1.488986329697255,1.488986329697255
untouched_test_30_percent,6371,114.0035706,111.53303548360995,2.470535116390053,2.470535116390053
untouched_test_30_percent,6372,111.4152145,109.30243617663118,2.112778323368829,2.112778323368829
untouched_test_30_percent,6373,115.6551895,113.08308718178611,2.5721023182138936,2.5721023182138936
untouched_test_30_percent,6374,116.200737,115.33373044401185,0.867006555988155,0.867006555988155
untouched_test_30_percent,6375,120.8979263,119.3081092303451,1.5898170696548988,1.5898170696548988
untouched_test_30_percent,6376,121.7969589,119.9915243201231,1.805434579876902,1.805434579876902
untouched_test_30_percent,6377,116.5663681,115.27227450364317,1.2940935963568307,1.2940935963568307
untouched_test_30_percent,6378,113.8847656,112.53509599593698,1.3496696040630098,1.3496696040630098
untouched_test_30_percent,6379,114.6085815,112.25649068051496,2.352090819485042,2.352090819485042
untouched_test_30_percent,6380,114.7694244,112.98606367580685,1.7833607241931588,1.7833607241931588
untouched_test_30_percent,6381,118.9282532,117.48294044453232,1.4453127554676826,1.4453127554676826
untouched_test_30_percent,6382,119.0969772,118.74877559275157,0.3482016072484271,0.3482016072484271
untouched_test_30_percent,6383,123.0150833,121.92799034200054,1.0870929579994595,1.0870929579994595
untouched_test_30_percent,6384,122.776207,121.6823827758276,1.093824224172394,1.093824224172394
untouched_test_30_percent,6385,118.2388458,116.59998861445753,1.6388571855424772,1.6388571855424772
untouched_test_30_percent,6386,116.1202393,114.1448592835347,1.9753800164652944,1.9753800164652944
untouched_test_30_percent,6387,119.1606522,117.59946527540374,1.5611869245962566,1.5611869245962566
untouched_test_30_percent,6388,120.0798874,117.4367357175047,2.6431516824953007,2.6431516824953007
untouched_test_30_percent,6389,118.5852127,117.66589867045747,0.9193140295425337,0.9193140295425337
untouched_test_30_percent,6390,119.5498276,118.23715539776573,1.3126722022342676,1.3126722022342676
untouched_test_30_percent,6391,121.0224457,120.03575466500055,0.9866910349994527,0.9866910349994527
untouched_test_30_percent,6392,117.998558,115.39240013793282,2.606157862067178,2.606157862067178
untouched_test_30_percent,6393,114.2475586,112.25936473132964,1.9881938686703649,1.9881938686703649
untouched_test_30_percent,6394,114.7555618,113.10079494932162,1.6547668506783708,1.6547668506783708
untouched_test_30_percent,6395,114.176178,112.60711880248643,1.5690591975135675,1.5690591975135675
untouched_test_30_percent,6396,117.9596634,116.47196545680006,1.487697943199933,1.487697943199933
untouched_test_30_percent,6397,119.2754135,118.39572836270932,0.8796851372906787,0.8796851372906787
untouched_test_30_percent,6398,120.048996,119.59703432858524,0.4519616714147645,0.4519616714147645
untouched_test_30_percent,6399,122.0466995,120.66890857734454,1.377790922655464,1.377790922655464
untouched_test_30_percent,6400,119.6511154,118.054135125476,1.5969802745240003,1.5969802745240003
untouched_test_30_percent,6401,114.603569,112.92621810479402,1.6773508952059757,1.6773508952059757
untouched_test_30_percent,6402,112.8414917,111.94595513399847,0.8955365660015389,0.8955365660015389
untouched_test_30_percent,6403,116.3222046,114.85095164626748,1.471252953732531,1.471252953732531
untouched_test_30_percent,6404,117.1930084,116.57274266588823,0.6202657341117686,0.6202657341117686
untouched_test_30_percent,6405,120.5962677,119.04457912333658,1.5516885766634232,1.5516885766634232
untouched_test_30_percent,6406,122.0536804,120.54731130097221,1.5063690990277934,1.5063690990277934
untouched_test_30_percent,6407,123.1300964,121.43669595997085,1.6934004400291514,1.6934004400291514
untouched_test_30_percent,6408,117.5279236,116.50165464806287,1.0262689519371264,1.0262689519371264
untouched_test_30_percent,6409,114.8473892,113.51523459945346,1.3321546005465308,1.3321546005465308
untouched_test_30_percent,6410,114.1908798,112.18140146968612,2.0094783303138826,2.0094783303138826
untouched_test_30_percent,6411,119.1234818,117.83707615235082,1.2864056476491754,1.2864056476491754
untouched_test_30_percent,6412,121.7893829,120.34669165915022,1.4426912408497827,1.4426912408497827
untouched_test_30_percent,6413,121.7698364,121.01516310621884,0.7546732937811669,0.7546732937811669
untouched_test_30_percent,6414,123.3239517,122.18116001810569,1.142791681894309,1.142791681894309
untouched_test_30_percent,6415,118.2098694,117.09880513866729,1.1110642613327144,1.1110642613327144
untouched_test_30_percent,6416,112.9972916,111.48817361169445,1.5091179883055474,1.5091179883055474
untouched_test_30_percent,6417,112.5874939,111.22700943707065,1.3604844629293495,1.3604844629293495
untouched_test_30_percent,6418,111.1162033,110.30784411966505,0.8083591803349464,0.8083591803349464
untouched_test_30_percent,6419,118.5160675,116.88159931062148,1.6344681893785236,1.6344681893785236
untouched_test_30_percent,6420,118.9597092,117.8729883497752,1.0867208502248076,1.0867208502248076
untouched_test_30_percent,6421,116.6978607,115.6182821845992,1.0795785154008115,1.0795785154008115
untouched_test_30_percent,6422,118.8889999,117.58589796690393,1.3031019330960731,1.3031019330960731
untouched_test_30_percent,6423,115.0665359,113.74657866328415,1.319957236715851,1.319957236715851
untouched_test_30_percent,6424,108.1144257,106.89799734156566,1.2164283584343423,1.2164283584343423
untouched_test_30_percent,6425,106.312149,105.5324917598592,0.7796572401408071,0.7796572401408071
untouched_test_30_percent,6426,110.1510544,108.55258241732538,1.5984719826746243,1.5984719826746243
untouched_test_30_percent,6427,116.2709579,114.52719429691876,1.7437636030812342,1.7437636030812342
untouched_test_30_percent,6428,114.5518417,112.26445881417357,2.287382885826432,2.287382885826432
untouched_test_30_percent,6429,111.5506439,110.70846525048813,0.8421786495118653,0.8421786495118653
untouched_test_30_percent,6430,113.8433075,112.4691595845871,1.374147915412891,1.374147915412891
untouched_test_30_percent,6431,110.4318314,109.0218011375142,1.4100302624857903,1.4100302624857903
untouched_test_30_percent,6432,108.379303,106.38795254215577,1.99135045784422,1.99135045784422
untouched_test_30_percent,6433,107.3642731,105.58414002395033,1.7801330760496796,1.7801330760496796
untouched_test_30_percent,6434,106.9088593,105.54287355366318,1.3659857463368184,1.3659857463368184
untouched_test_30_percent,6435,114.2488632,112.51689380223868,1.7319693977613184,1.7319693977613184
untouched_test_30_percent,6436,115.7756653,114.26475044845282,1.5109148515471844,1.5109148515471844
untouched_test_30_percent,6437,116.3824921,114.82845433199812,1.5540377680018764,1.5540377680018764
untouched_test_30_percent,6438,119.3768463,116.89335220468004,2.483494095319955,2.483494095319955
untouched_test_30_percent,6439,116.0239944,114.46537272903166,1.5586216709683498,1.5586216709683498
untouched_test_30_percent,6440,111.3068466,109.3532434990359,1.9536031009641022,1.9536031009641022
untouched_test_30_percent,6441,113.5956116,113.11550994260625,0.480101657393746,0.480101657393746
untouched_test_30_percent,6442,115.7670059,115.50124062027035,0.26576527972964925,0.26576527972964925
untouched_test_30_percent,6443,117.83358,116.58644204216205,1.2471379578379498,1.2471379578379498
untouched_test_30_percent,6444,120.5392532,118.71070783589317,1.82854536410683,1.82854536410683
untouched_test_30_percent,6445,114.6408463,113.63263078473302,1.0082155152669827,1.0082155152669827
untouched_test_30_percent,6446,110.8418198,109.26342232727914,1.5783974727208516,1.5783974727208516
untouched_test_30_percent,6447,111.8319321,110.0324167449622,1.7995153550377978,1.7995153550377978
untouched_test_30_percent,6448,112.3411484,111.55395629495025,0.7871921050497406,0.7871921050497406
untouched_test_30_percent,6449,116.8710556,115.61996826142965,1.2510873385703576,1.2510873385703576
untouched_test_30_percent,6450,115.4047623,114.09721442231911,1.3075478776808893,1.3075478776808893
untouched_test_30_percent,6451,114.432579,112.8058934227429,1.6266855772571063,1.6266855772571063
untouched_test_30_percent,6452,116.1859818,114.20029978827267,1.9856820117273202,1.9856820117273202
untouched_test_30_percent,6453,115.5271759,113.59844590716467,1.9287299928353292,1.9287299928353292
untouched_test_30_percent,6454,114.5748749,112.83507734626264,1.7397975537373611,1.7397975537373611
untouched_test_30_percent,6455,114.2220383,111.63468425595059,2.5873540440494054,2.5873540440494054
untouched_test_30_percent,6456,112.4246292,110.47120693533746,1.9534222646625352,1.9534222646625352
untouched_test_30_percent,6457,112.7123489,109.91379082475159,2.7985580752484083,2.7985580752484083
untouched_test_30_percent,6458,112.5481339,110.63242285494202,1.915711045057975,1.915711045057975
untouched_test_30_percent,6459,112.5922394,110.8373008591708,1.754938540829201,1.754938540829201
untouched_test_30_percent,6460,110.9358978,108.73661665787056,2.1992811421294505,2.1992811421294505
untouched_test_30_percent,6461,109.9892883,108.20447191622937,1.7848163837706323,1.7848163837706323
untouched_test_30_percent,6462,113.6748657,111.97415750747506,1.7007081925249423,1.7007081925249423
untouched_test_30_percent,6463,116.9857025,114.78864871037678,2.197053789623226,2.197053789623226
untouched_test_30_percent,6464,116.4555359,114.95449728619928,1.5010386138007163,1.5010386138007163
untouched_test_30_percent,6465,115.9212265,114.21338208455869,1.7078444154413148,1.7078444154413148
untouched_test_30_percent,6466,116.1310654,114.7819162619918,1.349149138008201,1.349149138008201
untouched_test_30_percent,6467,118.5424805,116.97777272852889,1.564707771471106,1.564707771471106
untouched_test_30_percent,6468,117.6437836,115.76937680832019,1.8744067916798173,1.8744067916798173
untouched_test_30_percent,6469,114.3478622,112.80148096800572,1.5463812319942747,1.5463812319942747
untouched_test_30_percent,6470,113.1936188,112.20850709509168,0.98511170490832,0.98511170490832
untouched_test_30_percent,6471,113.2389908,112.1855646010758,1.0534261989241998,1.0534261989241998
untouched_test_30_percent,6472,116.8326797,115.68694451974557,1.1457351802544338,1.1457351802544338
untouched_test_30_percent,6473,116.5660172,116.16216380619326,0.4038533938067417,0.4038533938067417
untouched_test_30_percent,6474,116.2476959,115.31356080884738,0.9341350911526121,0.9341350911526121
untouched_test_30_percent,6475,116.5300751,115.52517511403435,1.0048999859656504,1.0048999859656504
untouched_test_30_percent,6476,113.0974731,111.22082915168494,1.8766439483150634,1.8766439483150634
untouched_test_30_percent,6477,111.058342,109.04647056258906,2.0118714374109317,2.0118714374109317
untouched_test_30_percent,6478,112.2656708,111.00496767994535,1.260703120054643,1.260703120054643
untouched_test_30_percent,6479,112.5371246,110.68951527362985,1.8476093263701472,1.8476093263701472
untouched_test_30_percent,6480,116.0733566,114.7906127073869,1.282743892613098,1.282743892613098
untouched_test_30_percent,6481,114.1548767,111.84384793166556,2.311028768334438,2.311028768334438
untouched_test_30_percent,6482,115.5402908,113.3599844562699,2.180306343730095,2.180306343730095
untouched_test_30_percent,6483,116.0731506,114.30828916546007,1.764861434539938,1.764861434539938
untouched_test_30_percent,6484,116.1427765,115.06531999875723,1.0774565012427644,1.0774565012427644
untouched_test_30_percent,6485,113.4580231,111.82687883055615,1.6311442694438512,1.6311442694438512
untouched_test_30_percent,6486,116.2315598,114.55011249621755,1.6814473037824484,1.6814473037824484
untouched_test_30_percent,6487,116.9942856,117.14672486867542,-0.15243926867542257,0.15243926867542257
untouched_test_30_percent,6488,120.5668259,118.60254535858289,1.9642805414171107,1.9642805414171107
untouched_test_30_percent,6489,118.6870346,116.94012321820637,1.7469113817936375,1.7469113817936375
untouched_test_30_percent,6490,112.2455368,111.02747642685615,1.2180603731438424,1.2180603731438424
untouched_test_30_percent,6491,112.7120667,110.66801933085821,2.0440473691417793,2.0440473691417793
untouched_test_30_percent,6492,114.1128769,110.94161599470746,3.1712609052925416,3.1712609052925416
untouched_test_30_percent,6493,115.3748322,113.83727978218276,1.5375524178172384,1.5375524178172384
untouched_test_30_percent,6494,119.7920914,116.03743572294285,3.7546556770571584,3.7546556770571584
untouched_test_30_percent,6495,118.4153442,116.56672757428673,1.8486166257132766,1.8486166257132766
untouched_test_30_percent,6496,118.3023605,116.74787354914122,1.554486950858788,1.554486950858788
untouched_test_30_percent,6497,120.7421722,118.74168543321427,2.000486766785727,2.000486766785727
untouched_test_30_percent,6498,115.9238739,113.93616190470225,1.987711995297758,1.987711995297758
untouched_test_30_percent,6499,112.4956436,111.7094390999395,0.7862045000604923,0.7862045000604923
untouched_test_30_percent,6500,113.6408386,111.48517310343642,2.1556654965635715,2.1556654965635715
untouched_test_30_percent,6501,114.4987411,113.0263860411421,1.4723550588579002,1.4723550588579002
untouched_test_30_percent,6502,114.7034836,113.28331871893167,1.420164881068331,1.420164881068331
untouched_test_30_percent,6503,115.4769974,113.7382190417923,1.7387783582076963,1.7387783582076963
untouched_test_30_percent,6504,113.9123611,113.68851103208998,0.22385006791002127,0.22385006791002127
untouched_test_30_percent,6505,115.9687271,114.74663769402206,1.2220894059779397,1.2220894059779397
untouched_test_30_percent,6506,113.78685,111.88332473383099,1.9035252661690123,1.9035252661690123
untouched_test_30_percent,6507,112.1925583,109.68469250493735,2.5078657950626564,2.5078657950626564
untouched_test_30_percent,6508,116.3451385,114.98422456812382,1.3609139318761834,1.3609139318761834
untouched_test_30_percent,6509,117.9638062,116.28121843970993,1.6825877602900619,1.6825877602900619
untouched_test_30_percent,6510,115.9698181,115.08732152372801,0.8824965762719899,0.8824965762719899
untouched_test_30_percent,6511,119.4143753,117.00739560997185,2.4069796900281517,2.4069796900281517
untouched_test_30_percent,6512,114.8964005,114.03796331199248,0.8584371880075139,0.8584371880075139
untouched_test_30_percent,6513,113.5703049,112.1695024785748,1.4008024214251975,1.4008024214251975
untouched_test_30_percent,6514,113.3736954,111.59296533402932,1.7807300659706868,1.7807300659706868
untouched_test_30_percent,6515,115.9484558,113.99077469979756,1.95768110020245,1.95768110020245
untouched_test_30_percent,6516,114.0717773,112.47657242051795,1.59520487948204,1.59520487948204
untouched_test_30_percent,6517,117.7296066,116.28830485265843,1.4413017473415692,1.4413017473415692
untouched_test_30_percent,6518,118.0987396,116.38921692346722,1.7095226765327851,1.7095226765327851
untouched_test_30_percent,6519,120.1183853,118.93850882909607,1.1798764709039347,1.1798764709039347
untouched_test_30_percent,6520,117.6113358,115.85596551812921,1.7553702818707961,1.7553702818707961
untouched_test_30_percent,6521,115.5296555,114.66784110674581,0.8618143932541926,0.8618143932541926
untouched_test_30_percent,6522,114.2445297,112.55037679959025,1.6941529004097475,1.6941529004097475
untouched_test_30_percent,6523,116.4078293,115.40066012909702,1.0071691709029835,1.0071691709029835
untouched_test_30_percent,6524,117.5203705,116.41081257450965,1.1095579254903498,1.1095579254903498
untouched_test_30_percent,6525,117.6894531,116.62696967734848,1.0624834226515105,1.0624834226515105
untouched_test_30_percent,6526,119.869812,117.92262620452004,1.9471857954799532,1.9471857954799532
untouched_test_30_percent,6527,117.0086441,116.16783779448639,0.8408063055136097,0.8408063055136097
untouched_test_30_percent,6528,114.2531967,112.51339005524734,1.7398066447526617,1.7398066447526617
untouched_test_30_percent,6529,113.9620056,112.21696241864285,1.745043181357147,1.745043181357147
untouched_test_30_percent,6530,116.0720062,114.63831576310372,1.4336904368962848,1.4336904368962848
untouched_test_30_percent,6531,117.7500305,116.80523285042469,0.9447976495753068,0.9447976495753068
untouched_test_30_percent,6532,118.4207687,117.09023427143582,1.330534428564178,1.330534428564178
untouched_test_30_percent,6533,117.016098,115.31841267753566,1.6976853224643378,1.6976853224643378
untouched_test_30_percent,6534,110.6177826,108.19977075300754,2.4180118469924565,2.4180118469924565
untouched_test_30_percent,6535,109.3967972,107.84139482894366,1.5554023710563314,1.5554023710563314
untouched_test_30_percent,6536,111.2792664,109.84349531387844,1.4357710861215622,1.4357710861215622
untouched_test_30_percent,6537,115.6389694,113.85251270945486,1.786456690545137,1.786456690545137
untouched_test_30_percent,6538,116.4939117,114.5789357919797,1.9149759080202955,1.9149759080202955
untouched_test_30_percent,6539,119.7804947,117.72447277563184,2.056021924368167,2.056021924368167
untouched_test_30_percent,6540,115.1163559,113.44173643005402,1.6746194699459807,1.6746194699459807
untouched_test_30_percent,6541,108.5090485,106.58080024140328,1.9282482585967244,1.9282482585967244
untouched_test_30_percent,6542,107.2175217,105.94473487705702,1.2727868229429902,1.2727868229429902
untouched_test_30_percent,6543,113.4051208,112.15233593546006,1.2527848645399473,1.2527848645399473
untouched_test_30_percent,6544,115.1297836,113.96480360782958,1.1649799921704158,1.1649799921704158
untouched_test_30_percent,6545,121.0369339,120.02224901600052,1.0146848839994789,1.0146848839994789
untouched_test_30_percent,6546,99.06396484,101.60947952057177,-2.5455146805717703,2.5455146805717703
untouched_test_30_percent,6547,108.4964752,106.66784259438339,1.828632605616619,1.828632605616619
untouched_test_30_percent,6548,108.9059753,107.51589519215779,1.3900801078422091,1.3900801078422091
untouched_test_30_percent,6549,109.3814392,107.95975766980268,1.4216815301973185,1.4216815301973185
untouched_test_30_percent,6550,114.1679382,112.63821773632237,1.52972046367762,1.52972046367762
untouched_test_30_percent,6551,114.8881683,113.761978948231,1.1261893517689998,1.1261893517689998
untouched_test_30_percent,6552,115.9985123,114.93324145107741,1.0652708489225944,1.0652708489225944
untouched_test_30_percent,6553,119.6349869,117.96914798381228,1.6658389161877238,1.6658389161877238
untouched_test_30_percent,6554,113.6885223,111.73833639096341,1.9501859090365912,1.9501859090365912
untouched_test_30_percent,6555,112.1931076,110.83846797315941,1.3546396268405942,1.3546396268405942
untouched_test_30_percent,6556,114.4313431,113.85521950481686,0.576123595183148,0.576123595183148
untouched_test_30_percent,6557,114.4930878,113.36788089611792,1.1252069038820736,1.1252069038820736
untouched_test_30_percent,6558,118.6155853,116.96799038642875,1.647594913571254,1.647594913571254
untouched_test_30_percent,6559,112.6395798,111.3292916970128,1.3102881029872009,1.3102881029872009
untouched_test_30_percent,6560,106.3015213,105.06112429683009,1.2403970031699174,1.2403970031699174
untouched_test_30_percent,6561,104.6000061,103.31991317767074,1.2800929223292599,1.2800929223292599
untouched_test_30_percent,6562,107.9548111,106.19205992158263,1.7627511784173748,1.7627511784173748
untouched_test_30_percent,6563,113.3677902,111.28094607182688,2.0868441281731265,2.0868441281731265
untouched_test_30_percent,6564,115.0112915,112.26937921250651,2.7419122874934914,2.7419122874934914
untouched_test_30_percent,6565,115.4272995,113.53448973666747,1.8928097633325365,1.8928097633325365
untouched_test_30_percent,6566,117.0114594,115.5260166409162,1.48544275908381,1.48544275908381
untouched_test_30_percent,6567,113.5071945,111.3597827041252,2.1474117958748025,2.1474117958748025
untouched_test_30_percent,6568,105.2812805,104.25738324787346,1.023897252126531,1.023897252126531
untouched_test_30_percent,6569,106.129097,104.77384803138278,1.355248968617218,1.355248968617218
untouched_test_30_percent,6570,104.6623993,103.85567579825812,0.8067235017418852,0.8067235017418852
untouched_test_30_percent,6571,110.8468399,109.10783301568746,1.7390068843125448,1.7390068843125448
untouched_test_30_percent,6572,116.0940399,114.10552991977062,1.9885099802293809,1.9885099802293809
untouched_test_30_percent,6573,113.9303207,112.3740540006743,1.5562666993256897,1.5562666993256897
untouched_test_30_percent,6574,117.7287598,116.08797680051612,1.6407829994838892,1.6407829994838892
untouched_test_30_percent,6575,112.2186508,110.42537269232105,1.7932781076789581,1.7932781076789581
untouched_test_30_percent,6576,106.3506165,105.59090358829809,0.7597129117019108,0.7597129117019108
untouched_test_30_percent,6577,103.7401733,101.70280690339033,2.03736639660967,2.03736639660967
untouched_test_30_percent,6578,108.0872574,106.34894320213934,1.7383141978606602,1.7383141978606602
untouched_test_30_percent,6579,113.9647064,112.47898599904892,1.485720400951081,1.485720400951081
untouched_test_30_percent,6580,111.1285095,109.54282648285647,1.5856830171435377,1.5856830171435377
untouched_test_30_percent,6581,107.5879135,107.17834554335383,0.4095679566461712,0.4095679566461712
untouched_test_30_percent,6582,118.0578156,116.19209896585161,1.8657166341483844,1.8657166341483844
untouched_test_30_percent,6583,109.302887,107.83386100056784,1.4690259994321622,1.4690259994321622
untouched_test_30_percent,6584,104.9539871,103.48042667475505,1.4735604252449548,1.4735604252449548
untouched_test_30_percent,6585,103.1525726,101.49562419202364,1.6569484079763583,1.6569484079763583
untouched_test_30_percent,6586,102.5521774,101.84336335550006,0.7088140444999453,0.7088140444999453
untouched_test_30_percent,6587,106.8164978,105.38582336967094,1.4306744303290486,1.4306744303290486
untouched_test_30_percent,6588,106.8759613,104.73240650414935,2.1435547958506476,2.1435547958506476
untouched_test_30_percent,6589,107.0269165,105.9680396572617,1.0588768427383002,1.0588768427383002
untouched_test_30_percent,6590,102.8871841,101.7635363667346,1.1236477332654005,1.1236477332654005
untouched_test_30_percent,6591,103.7975845,102.64999402643983,1.1475904735601716,1.1475904735601716
untouched_test_30_percent,6592,106.3056183,105.18891099340725,1.1167073065927582,1.1167073065927582
untouched_test_30_percent,6593,103.9285736,102.30793158217368,1.6206420178263272,1.6206420178263272
untouched_test_30_percent,6594,110.7401123,108.28903282053462,2.451079479465392,2.451079479465392
untouched_test_30_percent,6595,113.8194504,111.93891465037407,1.8805357496259205,1.8805357496259205
untouched_test_30_percent,6596,109.3736877,107.33819691678823,2.0354907832117703,2.0354907832117703
untouched_test_30_percent,6597,108.4709702,106.53643776316251,1.934532436837486,1.934532436837486
untouched_test_30_percent,6598,108.6880188,106.32369078983797,2.3643280101620263,2.3643280101620263
untouched_test_30_percent,6599,109.6317749,106.84588014949709,2.785894750502905,2.785894750502905
untouched_test_30_percent,6600,111.4676666,109.00084569896775,2.46682090103225,2.46682090103225
untouched_test_30_percent,6601,113.5289154,111.32145927890832,2.207456121091681,2.207456121091681
untouched_test_30_percent,6602,112.8621445,111.2927073176588,1.569437182341204,1.569437182341204
untouched_test_30_percent,6603,115.8876724,114.65233151996227,1.2353408800377252,1.2353408800377252
untouched_test_30_percent,6604,110.111084,109.56219183053038,0.5488921694696245,0.5488921694696245
untouched_test_30_percent,6605,106.6444092,104.9152560389157,1.729153161084298,1.729153161084298
untouched_test_30_percent,6606,104.5229034,103.46360433137666,1.0592990686233463,1.0592990686233463
untouched_test_30_percent,6607,108.0239868,106.33149941174206,1.6924873882579448,1.6924873882579448
untouched_test_30_percent,6608,111.8922272,110.4824297942149,1.409797405785099,1.409797405785099
untouched_test_30_percent,6609,114.3270493,112.21373826286153,2.113311037138473,2.113311037138473
untouched_test_30_percent,6610,113.7074661,111.72593914604458,1.9815269539554237,1.9815269539554237
untouched_test_30_percent,6611,114.7918396,113.04420510948877,1.7476344905112313,1.7476344905112313
untouched_test_30_percent,6612,107.9264297,107.03472480954316,0.8917048904568361,0.8917048904568361
untouched_test_30_percent,6613,103.3819504,100.8844110928155,2.4975393071844962,2.4975393071844962
untouched_test_30_percent,6614,100.2905121,98.89409003108692,1.3964220689130826,1.3964220689130826
untouched_test_30_percent,6615,104.5456772,102.68680829955525,1.8588689004447474,1.8588689004447474
untouched_test_30_percent,6616,112.5333786,110.50655245471148,2.026826145288524,2.026826145288524
untouched_test_30_percent,6617,114.892601,112.71291151678086,2.1796894832191356,2.1796894832191356
untouched_test_30_percent,6618,112.7338867,110.61960024281503,2.114286457184974,2.114286457184974
untouched_test_30_percent,6619,112.2266464,110.17902274132196,2.0476236586780487,2.0476236586780487
untouched_test_30_percent,6620,111.3592377,109.75823988885267,1.600997811147323,1.600997811147323
untouched_test_30_percent,6621,112.7610397,110.93475649345739,1.8262832065426124,1.8262832065426124
untouched_test_30_percent,6622,108.2670212,106.7694560376435,1.4975651623565085,1.4975651623565085
untouched_test_30_percent,6623,108.6978836,107.14264408675602,1.5552395132439756,1.5552395132439756
untouched_test_30_percent,6624,115.7747955,113.9170232075181,1.8577722924818971,1.8577722924818971
untouched_test_30_percent,6625,116.0966415,114.52811591208426,1.5685255879157438,1.5685255879157438
untouched_test_30_percent,6626,100.6687927,102.97081177444915,-2.3020190744491487,2.3020190744491487
untouched_test_30_percent,6627,112.0559311,110.07823984147309,1.977691258526903,1.977691258526903
untouched_test_30_percent,6628,110.9039383,109.73460177422228,1.1693365257777089,1.1693365257777089
untouched_test_30_percent,6629,110.8564301,108.41249363084485,2.4439364691551475,2.4439364691551475
untouched_test_30_percent,6630,109.6818314,107.86482229206226,1.8170091079377357,1.8170091079377357
untouched_test_30_percent,6631,114.6581879,113.27699965436804,1.3811882456319609,1.3811882456319609
untouched_test_30_percent,6632,115.2552338,113.10015685575219,2.15507694424781,2.15507694424781
untouched_test_30_percent,6633,118.3855743,116.56663921839105,1.8189350816089558,1.8189350816089558
untouched_test_30_percent,6634,110.9657898,109.41144940940865,1.5543403905913493,1.5543403905913493
untouched_test_30_percent,6635,111.2260132,109.1409289305659,2.085084269434091,2.085084269434091
untouched_test_30_percent,6636,107.9440842,106.4643184329924,1.4797657670076063,1.4797657670076063
untouched_test_30_percent,6637,108.8712158,106.79278821073513,2.0784275892648765,2.0784275892648765
untouched_test_30_percent,6638,115.4214706,113.63973083667692,1.7817397633230883,1.7817397633230883
untouched_test_30_percent,6639,114.4856949,112.39054918962495,2.09514571037505,2.09514571037505
untouched_test_30_percent,6640,115.1592941,114.25531316376545,0.9039809362345466,0.9039809362345466
untouched_test_30_percent,6641,117.8985443,116.40936595955978,1.489178340440219,1.489178340440219
untouched_test_30_percent,6642,110.5447388,109.24449063213814,1.3002481678618665,1.3002481678618665
untouched_test_30_percent,6643,108.9046631,106.77856204047235,2.1261010595276417,2.1261010595276417
untouched_test_30_percent,6644,107.8125305,105.90759589123442,1.904934608765572,1.904934608765572
untouched_test_30_percent,6645,107.3364868,106.13609815866226,1.2003886413377387,1.2003886413377387
untouched_test_30_percent,6646,110.4247513,109.10783237603461,1.316918923965389,1.316918923965389
untouched_test_30_percent,6647,116.3531723,114.10922726123428,2.243945038765716,2.243945038765716
untouched_test_30_percent,6648,115.4803925,113.03329432577786,2.447098174222134,2.447098174222134
untouched_test_30_percent,6649,109.689682,108.12197398014939,1.5677080198506133,1.5677080198506133
untouched_test_30_percent,6650,106.1207199,103.5348071612512,2.585912738748803,2.585912738748803
untouched_test_30_percent,6651,105.98452,104.6867482852304,1.2977717147696097,1.2977717147696097
untouched_test_30_percent,6652,106.3773117,104.75000372754297,1.6273079724570323,1.6273079724570323
untouched_test_30_percent,6653,111.4058228,110.05662975132572,1.3491930486742802,1.3491930486742802
untouched_test_30_percent,6654,113.7443924,112.22684676898174,1.5175456310182511,1.5175456310182511
untouched_test_30_percent,6655,114.9404755,114.01903867827812,0.9214368217218833,0.9214368217218833
untouched_test_30_percent,6656,116.2220154,114.3598292253924,1.8621861746076007,1.8621861746076007
untouched_test_30_percent,6657,112.4752502,110.90866016419959,1.5665900358004166,1.5665900358004166
untouched_test_30_percent,6658,108.039299,106.87438716732102,1.1649118326789818,1.1649118326789818
untouched_test_30_percent,6659,109.5035934,107.47014155269682,2.0334518473031835,2.0334518473031835
untouched_test_30_percent,6660,106.9009781,104.8863523210842,2.0146257789158,2.0146257789158
untouched_test_30_percent,6661,115.856369,113.91292853089469,1.9434404691053118,1.9434404691053118
untouched_test_30_percent,6662,117.238266,115.91145545081757,1.3268105491824258,1.3268105491824258
untouched_test_30_percent,6663,115.9675293,114.78543354525993,1.182095754740061,1.182095754740061
untouched_test_30_percent,6664,111.9312515,110.693818065061,1.2374334349390068,1.2374334349390068
untouched_test_30_percent,6665,104.9039688,103.4894268502191,1.4145419497808973,1.4145419497808973
untouched_test_30_percent,6666,106.8527451,104.56744179944704,2.285303300552968,2.285303300552968
untouched_test_30_percent,6667,105.407814,104.0425362184019,1.3652777815980954,1.3652777815980954
untouched_test_30_percent,6668,110.5211487,109.05724429955187,1.4639044004481292,1.4639044004481292
untouched_test_30_percent,6669,111.450058,110.1495275730015,1.3005304269984919,1.3005304269984919
untouched_test_30_percent,6670,116.4715424,114.8933021448449,1.5782402551551087,1.5782402551551087
untouched_test_30_percent,6671,114.665451,112.99498735127001,1.6704636487299922,1.6704636487299922
untouched_test_30_percent,6672,107.0497055,105.02637955894583,2.0233259410541677,2.0233259410541677
untouched_test_30_percent,6673,104.4389496,102.86139503766238,1.5775545623376246,1.5775545623376246
untouched_test_30_percent,6674,103.8703079,102.66629793356671,1.20400996643329,1.20400996643329
untouched_test_30_percent,6675,105.8116531,104.08755359886096,1.7240995011390368,1.7240995011390368
untouched_test_30_percent,6676,108.9479904,107.32278540753511,1.6252049924648873,1.6252049924648873
untouched_test_30_percent,6677,112.5905609,110.97052453237478,1.620036367625218,1.620036367625218
untouched_test_30_percent,6678,112.648613,111.74567126670728,0.902941733292721,0.902941733292721
untouched_test_30_percent,6679,116.1165009,113.44624985138412,2.6702510486158815,2.6702510486158815
untouched_test_30_percent,6680,104.7731705,103.58871421465224,1.184456285347764,1.184456285347764
untouched_test_30_percent,6681,104.4669647,102.74025016675355,1.7267145332464509,1.7267145332464509
untouched_test_30_percent,6682,105.1959534,102.90393440504164,2.2920189949583545,2.2920189949583545
untouched_test_30_percent,6683,110.9935989,109.37025916359728,1.6233397364027127,1.6233397364027127
untouched_test_30_percent,6684,108.4888306,107.00788032075639,1.4809502792436149,1.4809502792436149
untouched_test_30_percent,6685,113.705452,112.15088216683851,1.5545698331614801,1.5545698331614801
untouched_test_30_percent,6686,114.6255188,112.48619113575856,2.139327664241435,2.139327664241435
untouched_test_30_percent,6687,107.9430695,106.13126519105647,1.8118043089435218,1.8118043089435218
untouched_test_30_percent,6688,103.5378113,101.54009540606793,1.9977158939320674,1.9977158939320674
untouched_test_30_percent,6689,102.6902161,100.47465622628356,2.215559873716444,2.215559873716444
untouched_test_30_percent,6690,102.7099304,101.10332919673925,1.6066012032607517,1.6066012032607517
untouched_test_30_percent,6691,113.2517548,111.0277616234608,2.223993176539196,2.223993176539196
untouched_test_30_percent,6692,113.0789719,110.99283768313595,2.0861342168640533,2.0861342168640533
untouched_test_30_percent,6693,115.4624252,112.93616642334118,2.526258776658821,2.526258776658821
untouched_test_30_percent,6694,111.1217041,109.38348616051046,1.7382179394895445,1.7382179394895445
untouched_test_30_percent,6695,110.7521591,109.16597803285472,1.5861810671452758,1.5861810671452758
untouched_test_30_percent,6696,112.5736542,111.52561313117958,1.0480410688204103,1.0480410688204103
untouched_test_30_percent,6697,112.6770554,110.69500698591986,1.9820484140801398,1.9820484140801398
untouched_test_30_percent,6698,112.7626724,110.57749445290625,2.1851779470937487,2.1851779470937487
untouched_test_30_percent,6699,112.5628967,111.20076053815049,1.3621361618495058,1.3621361618495058
untouched_test_30_percent,6700,109.8138962,108.11846958687441,1.6954266131255906,1.6954266131255906
untouched_test_30_percent,6701,113.3386459,111.91916848037708,1.4194774196229218,1.4194774196229218
untouched_test_30_percent,6702,114.2098465,111.21516742758548,2.994679072414513,2.994679072414513
untouched_test_30_percent,6703,112.1202621,110.13924617299699,1.981015927003014,1.981015927003014
untouched_test_30_percent,6704,112.5956116,111.60536401981034,0.99024758018966,0.99024758018966
untouched_test_30_percent,6705,114.644516,114.2204454356777,0.4240705643222924,0.4240705643222924
untouched_test_30_percent,6706,114.9909134,112.99799205908874,1.992921340911252,1.992921340911252
untouched_test_30_percent,6707,115.9833603,114.34592295497053,1.6374373450294684,1.6374373450294684
untouched_test_30_percent,6708,115.2842026,113.55588267919207,1.7283199208079338,1.7283199208079338
untouched_test_30_percent,6709,115.7194824,114.02461990130031,1.6948624986996919,1.6948624986996919
untouched_test_30_percent,6710,115.2783051,114.14129517639438,1.1370099236056177,1.1370099236056177
untouched_test_30_percent,6711,116.0027771,114.1362247192669,1.866552380733097,1.866552380733097
untouched_test_30_percent,6712,117.4768677,115.94347384247361,1.5333938575263915,1.5333938575263915
untouched_test_30_percent,6713,113.7375259,112.44886502812712,1.288660871872878,1.288660871872878
untouched_test_30_percent,6714,116.205246,114.68384490793912,1.5214010920608843,1.5214010920608843
untouched_test_30_percent,6715,110.6249466,109.14908936539618,1.4758572346038221,1.4758572346038221
untouched_test_30_percent,6716,112.8024292,111.18346700174936,1.6189621982506424,1.6189621982506424
untouched_test_30_percent,6717,113.4608917,111.52912073641204,1.9317709635879652,1.9317709635879652
untouched_test_30_percent,6718,112.2147751,110.57134283591768,1.6434322640823211,1.6434322640823211
untouched_test_30_percent,6719,112.470108,110.74813093671675,1.7219770632832478,1.7219770632832478
untouched_test_30_percent,6720,115.0792236,113.81269539002572,1.2665282099742825,1.2665282099742825
untouched_test_30_percent,6721,118.221817,116.10579017239304,2.1160268276069587,2.1160268276069587
untouched_test_30_percent,6722,114.3116302,112.61733162507899,1.6942985749210067,1.6942985749210067
untouched_test_30_percent,6723,114.6472702,112.5295867074141,2.117683492585897,2.117683492585897
untouched_test_30_percent,6724,114.6871948,112.36133833664516,2.325856463354839,2.325856463354839
untouched_test_30_percent,6725,111.7761765,109.86885429637198,1.907322203628027,1.907322203628027
untouched_test_30_percent,6726,113.2845001,111.92780632083411,1.3566937791658944,1.3566937791658944
untouched_test_30_percent,6727,111.8745804,110.50724267047566,1.367337729524337,1.367337729524337
untouched_test_30_percent,6728,110.8599396,108.13642100725396,2.7235185927460464,2.7235185927460464
untouched_test_30_percent,6729,113.5469208,111.77279589996145,1.7741249000385437,1.7741249000385437
untouched_test_30_percent,6730,113.2399292,111.45094205066694,1.7889871493330674,1.7889871493330674
