source_row,clean_row,AT,AP,DF,CH,GP,CPR,CPD,TTXM,EP
0,0,15.31130123,28.92273903,50.07518005,0.009510436,7.282562256,12.79570866,11.31042004,548.68396,119.1520767
1,1,17.74539375,28.9114666,49.66520691,0.010846647,7.255000114,12.62129307,11.10266972,551.7080078,117.3476639
2,2,14.50733376,28.89104843,50.65373611,0.009296686,7.512161255,12.67389679,11.43926334,539.4581299,120.3194046
3,3,10.47759533,28.87062836,49.76570892,0.007746726,7.577435493,12.83402634,11.36809921,547.8548584,121.7108154
4,4,8.931485176,28.85029984,50.30429459,0.006699379,7.641938686,12.98397636,11.61056614,543.255127,125.3332672
5,5,5.754109383,28.83000374,50.04301834,0.005964261,7.711223125,12.99287987,11.69534588,542.7618408,126.2256546
6,6,5.921294689,28.81102562,49.66090775,0.005251023,7.788251877,13.00178337,11.50946903,544.6455078,125.3588638
7,7,8.669314384,28.80213547,50.23349762,0.008598624,7.659542084,12.85962105,11.54244137,544.4053955,125.3056335
8,8,16.75387573,28.79324722,50.0005455,0.011946225,7.006092548,12.53715897,11.11470985,550.3883057,117.7549744
9,9,20.43641472,28.78730774,50.21123505,0.013065525,7.017014027,12.21469593,11.01291752,551.8991699,115.7978973
10,10,16.84610748,28.78428459,50.42191696,0.010748956,6.995232105,12.34866333,11.23978615,548.4448853,119.2862244
11,11,13.10703373,28.78126144,50.56823349,0.008432387,7.155021667,12.5674324,11.38165188,545.1610718,121.9495392
12,12,10.15736389,28.77307129,50.54294586,0.007827094,7.266582012,12.73528576,11.52559185,543.0491943,124.7709198
13,13,10.57342815,28.76424789,50.03096771,0.007700124,7.388510704,12.73406506,11.4529562,545.6367798,123.6107025
14,14,9.812543869,28.75881958,50.26347733,0.008153736,7.292080879,12.7328434,11.42134666,541.9226685,123.4714813
15,15,21.0159893,28.76543617,49.92848587,0.014726914,7.204689026,12.37187862,10.98532486,553.4003296,114.2684708
16,16,22.09515572,28.77778244,49.97172165,0.014930521,7.153789997,12.1493578,10.80755901,553.8377075,113.3969193
17,17,20.53465462,28.79461098,50.63378906,0.01269949,6.881900787,12.32444954,11.13945198,549.6647339,117.2251511
18,18,16.12464333,28.81135368,50.53333664,0.01046846,7.00897646,12.51755619,11.34113216,547.494873,120.4930344
19,19,12.9403286,28.77795219,49.84078979,0.010099465,7.141395092,12.65502644,11.24214172,548.7640381,120.1103287
20,20,14.29267883,28.74455261,50.25796127,0.009834453,7.292933941,12.68700123,11.22234058,547.9365845,119.9963837
21,21,13.63717175,28.71482468,49.97550583,0.009918309,7.444472313,12.71897507,11.25088024,548.4788208,120.219429
22,22,14.4687624,28.69083595,49.83130264,0.010692687,7.453127384,12.69348431,11.07513046,550.2487793,118.6165009
23,23,16.60261154,28.66684532,50.10864258,0.011467065,7.362012386,12.64715481,11.08736706,550.1872559,117.8538208
24,24,16.30099106,28.66691399,49.93906403,0.011072587,7.268167973,12.60606289,11.06076336,550.6977539,116.8800964
25,25,14.93787003,28.67381477,50.07049942,0.010233331,7.15192318,12.60246563,11.17051029,549.4172363,119.0205917
26,26,13.6516552,28.68157959,50.65820313,0.009472897,7.19600153,12.59886932,11.36635017,545.7271729,122.1182327
27,27,13.40482712,28.6936512,50.11948776,0.009332071,6.966681004,12.62802887,11.17060947,547.2745972,119.5307083
28,28,13.04705524,28.7057209,50.2672348,0.009191244,7.151036263,12.68849659,11.31100941,546.9046021,121.3356171
29,29,12.94203854,28.7109108,50.06168365,0.009590816,7.065880775,12.74896431,11.25170517,547.8428345,120.5991516
30,30,13.30905247,28.7105999,49.92995453,0.010661126,7.066597462,12.61765194,11.19319344,549.2440796,119.5761261
31,31,16.57584953,28.710289,49.72674561,0.011731436,7.101315022,12.46500111,10.97526264,552.1019897,116.0046768
32,32,17.93325424,28.71411514,50.0210228,0.011416227,7.212732792,12.38802242,11.01056385,551.6866455,115.8304596
33,33,16.93585396,28.71818924,49.94662094,0.010825191,7.324150562,12.49806881,11.1082058,550.986145,116.0964203
34,34,14.85646152,28.71775055,50.30204391,0.010183101,7.44192028,12.60811615,11.23345947,548.1160278,119.7809525
35,35,12.19970036,28.70823479,50.56222153,0.009361831,7.551840305,12.64381599,11.38048744,545.7702637,122.901062
36,36,11.16740417,28.69871902,50.31951141,0.008540561,7.171228409,12.64373398,11.36456203,545.5563354,122.9232712
37,37,9.471725464,28.71764183,50.2514534,0.009125391,7.200352192,12.63698196,11.41482162,545.076416,123.8236389
38,38,12.36120892,28.74767113,49.91920471,0.010613821,7.203950405,12.53095245,11.24266911,548.0153198,120.9734344
39,39,18.62406158,28.77682877,50.59947968,0.012102251,7.086791039,12.42492294,11.24304104,548.2789917,118.8127365
41,40,16.68050194,28.82073402,49.90402222,0.010997156,7.306491375,12.48348522,11.08060741,551.4459229,116.8989258
42,41,13.66654682,28.84047318,50.03202438,0.010200359,7.526243687,12.5638876,11.27096462,548.5502319,119.6212387
43,42,11.6759491,28.85796928,50.68928909,0.009019021,7.581752777,12.71387768,11.51316166,537.4404297,121.6568756
44,43,11.0300436,28.87546539,50.50336456,0.007837683,7.356760502,12.87710953,11.5556345,544.0864258,124.5513229
45,44,10.15248203,28.91367149,50.01367569,0.008991779,7.351200104,12.97352791,11.45075321,546.0596313,120.7948456
46,45,11.36056995,28.95456505,49.84526062,0.010826103,7.455713272,12.75155544,11.34640312,547.5275269,122.4243698
47,46,19.21535492,28.98421097,50.02091599,0.012296475,6.943412304,12.52958298,11.085495,552.0219727,117.1716385
48,47,21.61286736,28.9840126,50.09217072,0.011895739,7.257349968,12.46856022,11.05739307,552.1712036,116.029808
49,48,17.87827682,28.98381424,49.97489929,0.011495005,7.390065193,12.53300571,11.05563641,551.5389404,117.4393692
50,49,13.56417561,28.97936058,49.98203278,0.010491161,7.331057549,12.59745026,11.35138702,548.6177979,121.0973129
51,50,11.78698635,28.97273636,50.11907959,0.008996772,7.58555603,12.69199276,11.47104549,546.536438,123.2284012
52,51,10.38123798,28.96699524,50.32223892,0.007502383,7.492826939,12.78809834,11.5473299,544.3882446,124.9833298
53,52,9.805690765,28.97766113,49.71083832,0.008367893,7.69040823,12.80896664,11.37681961,547.2755737,124.1088028
54,53,11.9239397,28.98832512,49.73672867,0.009383679,7.168468952,12.68329144,11.30586815,549.1390991,120.781105
55,54,17.07849312,28.98451424,50.25578308,0.010293189,7.249000549,12.55761719,11.23307419,549.3959961,119.0900803
56,55,22.69971085,28.96224403,50.08169556,0.010985711,7.26804018,12.56204224,10.91621304,553.5171509,114.4110489
57,56,18.82549477,28.93997383,50.07498932,0.011678233,7.240825176,12.61512089,11.06085396,551.8804932,116.789856
58,57,13.86308098,28.91835403,50.12081528,0.010589303,7.332314968,12.67177391,11.3943224,548.2508545,120.9235611
59,58,10.71725559,28.89686966,50.40228271,0.008797802,7.4197855,12.75559998,11.5176878,545.1594849,124.0406647
60,59,10.16530323,28.87880516,50.24285507,0.007352309,7.560358047,12.83942699,11.50192738,545.06073,124.1181946
61,60,11.2621994,28.87309074,50.03852081,0.008830161,7.470662117,12.75695229,11.3830452,546.4561157,122.5933685
62,61,12.43742561,28.86737823,49.84016418,0.010308012,7.327915668,12.5114603,11.19956017,548.899231,120.5046692
63,62,21.13131523,28.84123611,50.30275726,0.011754747,7.255583763,12.26596832,11.03092289,551.3966064,115.9460068
64,63,22.7752037,28.80177689,50.18037415,0.013169652,7.043799877,12.41005039,10.9209404,552.8104248,113.9025726
65,64,20.80657768,28.76231766,50.17536545,0.014584556,7.239401817,12.60055828,10.9743185,552.3613281,114.5026093
66,65,15.86611748,28.7528038,50.32727432,0.012211185,7.280297279,12.65766048,11.21105289,548.5270996,119.8597641
67,66,11.62871647,28.74347115,50.37840271,0.009336066,7.598462105,12.37541389,11.37278748,545.6382446,123.2127075
68,67,9.198314667,28.74672699,50.19470978,0.007493187,7.348325253,12.09316635,11.52953815,544.7148438,123.3235855
69,68,11.27935886,28.77028847,50.08026123,0.008416481,7.361726761,11.85646248,11.35767651,546.824585,122.3170395
70,69,11.72212887,28.79384804,50.41918564,0.009339775,7.426344872,12.79176712,11.46466637,544.8997192,123.1455231
71,70,19.43974686,28.78998947,50.10417175,0.010683419,7.345751286,12.54393959,11.06337929,551.3885498,116.3379745
72,71,22.51052856,28.77799988,50.12823868,0.01224332,7.211823463,12.29611111,10.94446754,553.1337891,114.237236
73,72,18.95078087,28.7670517,50.01732254,0.013636263,7.112670898,12.36654949,10.89824867,552.2493286,115.394516
74,73,13.91684818,28.7616539,50.07406235,0.011674438,7.238478661,12.57784557,11.14542294,549.0187988,119.1335068
75,74,12.38081551,28.7562542,50.62944031,0.009712611,7.302233696,12.77115917,11.42472458,544.4469604,123.288765
76,75,12.72546768,28.75011063,50.69245148,0.008759356,7.441518784,12.76123142,11.49200344,544.8948975,122.6390152
77,76,9.774932861,28.74334717,50.13827133,0.009114581,7.518659115,12.75130367,11.46264076,545.1390381,123.8287354
78,77,12.0270586,28.73658371,49.99306107,0.009469805,7.22710228,12.67255878,11.23530388,548.0165405,120.9089584
79,78,20.5092926,28.71468353,50.11138916,0.011107401,7.131850243,12.51614189,10.91637325,552.2924194,114.9127274
81,79,19.44679832,28.67487717,50.10689926,0.014058983,7.113136292,12.50451946,10.96999168,551.7006836,115.1972198
82,80,14.61750031,28.67092133,50.11830521,0.01184194,7.257311344,12.69915771,11.24308014,548.1813965,120.0454788
83,81,15.52951527,28.66696739,50.6239357,0.009624897,7.401486397,12.8481102,11.32543087,546.2780762,120.7166672
84,82,11.06301022,28.68360901,50.74958038,0.008867285,7.414112091,12.85490513,11.5424118,543.1194458,123.9586258
86,83,13.12755013,28.73250771,50.49786758,0.009328221,7.419905186,12.70399284,11.3365078,546.333313,121.9169388
87,84,21.22660828,28.74197197,50.67673874,0.011875313,6.946047306,12.44893456,11.08455181,537.8049927,113.5544662
88,85,22.81301689,28.75143623,50.50125504,0.014466314,6.893257141,12.19974136,10.93417549,548.7111206,113.6315231
89,86,20.56005096,28.76616478,50.04636383,0.015128627,7.063247681,12.32888985,10.85966015,544.8027344,111.8707047
90,87,14.84102249,28.78659058,50.4782486,0.012500186,7.108736515,12.45803833,11.33540726,546.2622681,121.3043289
91,88,15.34173584,28.80701828,50.25561142,0.009871745,7.506463051,12.55973434,11.2705164,548.8867188,119.6200027
92,89,13.88434982,28.81759834,50.60564804,0.009345651,7.416969299,12.62091446,11.45346451,545.8642578,121.6836548
93,90,13.71911907,28.82669449,50.66372681,0.009489907,7.389136791,12.68209457,11.4402256,545.4179688,122.5603638
94,91,15.05990791,28.82971001,50.35584259,0.010019998,7.455425262,12.57022953,11.2897377,547.5384521,120.2355804
95,92,21.99703026,28.81521225,50.13249588,0.012792302,7.226176262,12.4130621,10.97045231,552.9213867,116.0265274
96,93,23.88698959,28.80071259,50.14213562,0.015564607,7.194996834,12.30406094,10.91728687,553.9086914,113.1368103
97,94,20.84750557,28.78872681,50.01111603,0.015214261,7.194868088,12.41312218,10.90047836,553.5129395,114.3708649
98,95,12.50542641,28.77811813,50.3892746,0.012155089,7.162706852,12.52218246,11.40195847,545.6242676,122.7595215
99,96,9.25048542,28.56815147,49.80452728,0.007358475,7.19404459,12.26690197,11.30211353,546.2981567,121.861412
100,97,12.30379772,28.58730698,50.51979446,0.007759531,7.238265038,12.15148258,11.41789436,544.4581909,122.0230789
101,98,11.85635662,28.62013245,50.07546997,0.007937879,7.096158028,12.33157444,11.31213665,546.8334351,120.4352722
102,99,12.57598972,28.68356514,49.90244675,0.007215078,7.297812462,12.5627327,11.27403069,547.5665283,120.3340302
103,100,8.92762661,28.74699783,50.33033752,0.006492276,7.435987949,12.73926163,11.52950573,543.6722412,124.3920517
104,101,8.446246147,28.78272247,50.14061737,0.006358985,7.574163437,12.76283073,11.48001766,544.951416,124.2578506
105,102,9.335352898,28.8063736,50.60164642,0.006642508,7.620228767,12.78639984,11.54328156,543.5582275,124.8377838
106,103,9.576668739,28.82901382,49.88780975,0.006926032,7.228499889,12.29113674,11.44094563,545.9631958,123.1160431
107,104,10.82752895,28.84072685,49.58454132,0.007754044,7.299338818,12.19706631,11.28609657,548.2391357,121.4467392
108,105,12.09754562,28.85243988,50.0776062,0.008596673,7.460149765,12.23305511,11.47019005,546.4664307,121.3229675
109,106,14.08704853,28.855896,49.9776001,0.008848686,7.458021164,12.43280125,11.27906322,548.2121582,120.7182541
110,107,13.14151382,28.84785652,49.7551651,0.008061958,7.45589304,12.63254738,11.18840694,549.4058228,118.9311066
111,108,9.898243904,28.83981895,50.5655098,0.007275229,7.392578602,12.69257355,11.58599949,543.019104,124.4578476
112,109,9.493787766,28.82949066,49.84636688,0.00699204,7.326324463,12.70404339,11.37489319,546.9165649,123.0172348
113,110,11.57522964,28.81861305,50.0306015,0.006875625,7.300965309,12.72736263,11.42529774,544.0535278,123.6459045
114,111,7.918540955,28.81201744,50.33454895,0.006772911,7.297442436,12.83586407,11.6142683,540.6724854,128.1445465
115,112,7.339140415,28.82306671,50.00381851,0.006754505,7.539545536,12.9443655,11.50500202,534.7126465,125.3097382
116,113,8.446305275,28.83411407,49.94790649,0.006736099,7.335700989,12.50864887,11.50072098,542.7890625,126.6101761
117,114,8.984266281,28.86734772,50.11457062,0.006278023,7.370377064,11.85821438,11.53921795,537.2503662,127.027565
118,115,7.588577271,28.88752365,50.10325241,0.005506555,7.354130745,12.34100056,11.57915211,544.5466919,124.5588837
119,116,6.813025951,28.8891716,50.26811218,0.005012522,7.448580742,12.38575459,11.69126892,542.8205566,126.3179245
120,117,3.509644508,28.89466476,49.59386444,0.005025812,7.715444088,12.37506866,11.60620308,543.9364624,126.8376694
122,118,10.84516144,28.91924286,50.25190353,0.007354249,7.2873559,12.58002186,11.52649212,545.4428101,124.0618668
123,119,12.29018497,28.92499161,50.22491837,0.007360396,7.245630264,12.7677393,11.50955486,545.8088989,122.7227097
124,120,9.865970612,28.92856026,50.63222885,0.006857384,7.42427969,12.05070019,11.6678648,543.1854248,125.1001816
125,121,7.832866192,28.93164253,49.74095917,0.006337709,7.696939468,12.40732956,11.49157333,545.8621216,123.4854126
126,122,4.965742588,28.93169975,50.51377869,0.005634713,7.732319832,12.76395988,11.8181572,540.255127,128.8962097
127,123,3.819775581,28.93175697,50.00419235,0.004931717,7.787097454,12.93138504,11.79177666,541.4682007,128.0701599
128,124,1.290163755,28.93783569,50.01327133,0.00510247,7.837449551,12.95618916,11.88353539,539.6100464,131.4670868
129,125,4.748068333,28.94931221,50.50769806,0.006250645,7.799244881,12.98099422,11.83421707,540.692627,129.3617554
130,126,10.80986691,28.96078873,49.64085007,0.00739882,7.473060608,12.83644772,11.39249992,547.531189,121.496109
131,127,12.59483051,28.95759773,49.85047913,0.007301879,7.505848408,12.68464565,11.36117935,547.8877563,120.9677277
132,128,11.13474464,28.95306206,50.07704926,0.007003448,7.609997272,12.64562511,11.43221569,546.4345093,122.9869919
133,129,8.136498451,28.94437408,50.13435745,0.006533955,7.662725925,12.86746216,11.66831589,543.8421631,125.0171814
134,130,5.897934914,28.92620659,50.6228447,0.005549707,7.684343338,13.0892992,11.77312565,541.0479736,127.1213379
135,131,4.233304501,28.90803719,50.21635437,0.004565459,7.756429672,13.09086514,11.73543358,541.3786011,127.873497
136,132,3.425038099,28.90501785,50.57210922,0.005305198,7.592701435,12.99372959,11.92942047,539.4505005,129.885849
137,133,6.414513588,28.90870857,50.26675797,0.007022518,7.275173664,12.66308403,11.6697216,542.6348267,126.5873337
138,134,13.20771885,28.90987015,49.73989105,0.008739839,7.474124908,12.38604355,11.25689888,548.8632202,120.2829361
139,135,15.25570869,28.88258553,50.58489609,0.008531069,7.118188858,12.52108479,11.37599564,546.3624268,120.8912354
140,136,13.08427238,28.85530281,49.99826431,0.008265752,7.224169731,12.65154457,11.22574902,548.1725464,120.4709625
141,137,10.96186447,28.8245697,49.90937424,0.007674139,7.420799255,12.7696476,11.39906883,547.1081543,121.8259583
142,138,7.853313923,28.78995132,50.42295837,0.006502371,7.596258163,12.88775063,11.46349239,543.6253052,123.7894211
143,139,5.609014988,28.75533485,49.96804428,0.005330605,7.72304821,12.88724136,11.59533119,543.2868652,125.6049728
144,140,4.782098293,28.74225998,50.10817719,0.006819533,7.7399683,12.81551647,11.63336945,541.9105835,127.2251205
145,141,8.612086296,28.73272896,49.7432251,0.009201589,7.424483299,12.74379158,11.39180279,546.5187988,122.7118912
146,142,16.6524086,28.72008896,50.29782867,0.011168828,7.300198078,12.59246731,11.13911629,548.916748,117.726593
147,143,19.78909874,28.69799232,49.84178925,0.010529878,7.095738888,12.44089699,10.85542107,553.7689819,114.0033112
148,144,16.51708603,28.67589569,49.977211,0.009890926,6.964060783,12.37416458,11.06634426,550.7694092,116.5512543
149,145,12.45194721,28.66691589,50.56547546,0.009026875,7.498185635,12.45869446,11.36223793,545.432373,121.6436844
150,146,11.45040035,28.66543961,50.76285172,0.007959996,7.245408535,12.54322433,11.50039482,544.043335,122.7240677
151,147,9.64066124,28.66509056,49.99123383,0.006893118,7.188323021,12.72563076,11.36531067,545.6459351,120.9176025
152,148,8.766811371,28.70935059,49.8050766,0.008562583,7.456689358,12.33864307,11.40330315,546.2446289,122.4631805
153,149,11.68910599,28.7536087,50.28205872,0.010487244,7.512497902,11.94350624,11.39338207,545.7818604,122.4913025
154,150,18.10023499,28.7797699,50.18147659,0.011524365,7.298462868,11.95466805,11.17009354,550.3128052,116.6222763
155,151,19.04896927,28.78023148,50.13141251,0.01052379,7.147274017,12.22975254,11.01027203,551.5901489,115.5003357
156,152,14.70181847,28.78069305,50.25773621,0.009523215,7.220016479,12.50483704,11.22203541,548.1325684,119.5463181
157,153,10.82686901,28.7840786,50.33877945,0.00854067,7.412300587,12.641078,11.45460415,545.2386475,122.7378311
158,154,10.09791946,28.78818703,50.40151596,0.007566147,7.59682703,12.77494049,11.56047821,543.7717285,123.7890625
159,155,8.772644997,28.79383278,50.51820755,0.006795979,7.469583035,12.80978584,11.59669781,543.0983276,124.0497818
160,156,6.104145527,28.80601692,50.46865845,0.008356446,7.614528656,12.67728519,11.72524929,541.8967896,126.1497726
161,157,13.03934669,28.81820107,49.5602684,0.009916913,7.270642281,12.54478455,11.19015789,549.9509888,118.9395828
163,158,18.13803673,28.79563141,50.08958817,0.010636309,6.987131596,12.37880135,11.0564394,550.9212646,116.4378128
164,159,15.81856441,28.77808952,50.01897049,0.01056223,7.069838524,12.33321857,11.05315304,550.079834,117.9034042
165,160,11.46587563,28.76823997,50.15966415,0.009379013,7.104364872,12.53935432,11.32824612,547.1505737,121.4241562
166,161,9.262997627,28.75865364,50.6181488,0.008011073,7.237865448,12.74549007,10.87439632,550.5651855,117.8069077
167,162,9.016115189,28.75458717,50.26350784,0.007329403,7.256995201,12.79313374,11.52515697,544.7111816,123.0439835
169,163,12.3847971,28.76678085,49.70882416,0.01026045,7.222867489,12.56642246,11.24097061,548.8644409,119.4502411
170,164,18.69348717,28.75464821,49.98302078,0.011440233,6.85398674,12.02782726,10.95577431,552.2567749,114.7603378
171,165,20.62220383,28.73601723,49.50175095,0.012450255,6.965991497,11.92055607,10.79129601,555.2036133,112.1315613
172,166,18.15446281,28.71902275,50.28554916,0.013421389,7.157841682,12.29144573,11.01950932,551.0198364,115.697403
173,167,12.61458492,28.71376038,50.31451797,0.011331961,7.349691868,12.66233635,11.30908203,546.1622925,119.973671
174,168,10.95943642,28.70849609,50.53194809,0.009242534,7.469614983,12.75407505,11.44579887,544.7832031,122.7882004
175,169,8.578425407,28.70887375,50.44790268,0.008350742,7.581485748,12.81233692,11.56703186,543.2996216,124.3450089
176,170,8.943556786,28.7147274,50.22724533,0.009273078,7.611505032,12.70464611,11.41937828,544.5400391,123.7997055
177,171,12.69646549,28.72057915,49.92655563,0.010195415,7.392059803,12.16600132,11.25425625,548.3343506,119.7934494
178,172,19.13491058,28.70422935,50.13096237,0.011086657,6.898485184,11.79886055,11.05681705,551.1975098,115.4635086
179,173,20.50288582,28.68520546,49.85560989,0.011969269,7.039181232,12.09526062,10.88689327,553.7792969,113.5556335
180,174,17.48310089,28.67353439,49.9912796,0.012476413,7.179876804,12.39165974,10.97987175,551.3745728,116.3052597
181,175,14.90055847,28.68077087,50.5377121,0.011159766,7.155666828,12.53219032,11.27271938,546.9279175,119.8883743
183,176,11.93336964,28.7020092,50.30106735,0.00923898,7.299969196,12.55618095,11.36763573,546.2807007,120.8679276
185,177,13.25184631,28.73572922,49.95895004,0.009153306,7.282979488,12.64130783,11.21821785,548.4751587,119.4421768
186,178,19.38924408,28.7356987,50.5926857,0.010867196,7.230960369,12.51846695,11.11201382,549.4418335,116.4251633
187,179,20.76774025,28.73566628,50.37842178,0.012677408,6.936323166,12.39562702,11.03264904,551.6168823,115.0398331
188,180,18.78356934,28.74401093,50.18601608,0.013463154,7.022610188,12.49535751,11.02395821,551.4644165,115.5822449
189,181,19.03590775,28.76276588,49.96837616,0.012231003,7.108897209,12.61203766,10.96248817,552.737854,114.228447
190,182,10.91641331,28.78152275,50.09818649,0.010998853,7.362421513,12.68107033,11.43518925,545.866394,122.633522
192,183,13.15511894,28.83395386,49.76012421,0.009736308,7.096244812,12.591856,11.22959805,549.3543701,119.0082016
193,184,14.49224949,28.85198021,50.07778549,0.009524131,7.114432812,12.49648762,11.19732571,549.567688,118.8292007
194,185,19.72846794,28.83905983,49.87666321,0.011823984,7.040618896,12.3715229,10.89798832,553.5220337,114.244339
195,186,21.34977913,28.82613945,50.05813217,0.014123837,7.157013416,12.24655724,10.97523117,553.1437378,113.8991013
196,187,17.16939735,28.8153801,49.90981293,0.014175578,7.225052357,12.44932461,11.06137085,551.9202881,116.270546
197,188,14.77168941,28.8063488,50.55555725,0.012003319,7.275984764,12.65739059,11.29769897,542.7370605,118.5335083
198,189,12.22670364,28.7973156,50.23575592,0.009831061,7.22371769,12.55202484,11.38603687,546.7857056,121.2781525
199,190,11.09912968,28.79974556,50.20056152,0.010062842,7.119661808,11.91923523,11.33756733,546.8045044,121.6011581
200,191,11.40550327,28.80284882,50.42219925,0.010587886,7.396762848,12.14841843,11.42349815,545.4378052,122.7014694
201,192,14.82118988,28.79762268,49.83698273,0.011399926,7.033515453,11.91597176,11.08354473,551.1387329,117.8277283
202,193,19.89889336,28.7757206,49.7775383,0.012950314,7.117590904,12.10181427,10.85860157,555.0166016,113.2402954
203,194,21.91121674,28.75381851,50.2027359,0.014500704,7.19255209,12.28765678,10.98174953,552.8071289,113.3071213
204,195,18.18699455,28.74492455,49.74433899,0.014133175,7.267485142,12.38254261,10.87799263,554.0366211,114.1205444
205,196,15.26982307,28.74104881,50.13144684,0.012814886,7.342417717,12.47342682,11.17109489,549.8688354,118.0954514
206,197,15.60277653,28.73624802,50.57783508,0.011513878,7.369538784,12.55500889,11.20603466,548.0932617,119.0308762
207,198,14.82489872,28.72399902,50.50389099,0.010497742,7.339180946,12.61903858,11.25193501,547.7619019,119.6560745
208,199,12.26088428,28.71175003,50.13479233,0.009481607,7.297363758,12.68306828,11.24729633,547.9171143,120.5028
209,200,17.2552948,28.68150711,50.01392365,0.009913366,7.229097366,12.62654877,10.98123264,551.5579224,116.1161575
210,201,20.897686,28.63319206,49.92217255,0.012144946,7.140049934,12.52658272,10.86081791,553.6309204,112.9472351
211,202,20.19365883,28.58487892,49.95967865,0.014376527,7.051002026,12.17889786,10.80386543,554.0713501,113.5382538
213,203,19.22083855,28.49307632,50.1002655,0.013795943,7.018686295,12.0467205,10.86396694,552.2979126,113.8520126
214,204,17.33974838,28.46995163,49.92710495,0.012883882,7.094422817,11.78320789,10.92303276,551.4047241,115.1943359
215,205,12.87831497,28.50618744,49.89044189,0.010598102,7.227367401,11.90622234,11.12153339,548.7330933,118.295845
217,206,14.2821722,28.59897423,49.68999863,0.008605753,7.392736912,12.62808037,10.98990536,550.8878784,117.2193222
218,207,16.82621193,28.66577721,50.00330734,0.010538029,7.334934235,12.52723408,11.05667686,550.8795776,116.5654297
219,208,18.69893265,28.73217583,50.38655472,0.012469876,7.27246666,12.42638683,11.05225849,550.1455688,117.2898941
220,209,16.41662216,28.79136086,50.43460464,0.011310848,7.301459789,12.51543999,11.2221899,548.644104,118.5087585
222,210,13.85129738,28.88884926,50.6233902,0.009029833,7.458532333,12.7343998,11.38663864,546.4268188,121.1824646
223,211,11.13376236,28.900774,50.4413681,0.007966143,7.556854725,12.84175777,11.43107796,545.5105591,123.0020981
224,212,9.015370369,28.91269875,49.77222824,0.006902454,7.598633289,12.94911575,11.46231461,546.6486206,123.0604706
225,213,12.57166767,28.90265274,50.23989868,0.008511063,7.451185226,12.84858131,10.8247776,547.788208,114.6528778
226,214,17.79825211,28.88812447,50.25413513,0.01088568,7.119941235,12.64684868,11.22828865,549.9019775,117.46772
227,215,19.61834717,28.87305832,50.10695267,0.012608767,6.867334366,12.44115639,11.06033039,551.5513306,116.0563965
229,216,14.97630405,28.83910179,50.16664505,0.009485933,7.106497288,12.18399429,11.26059532,548.5991211,119.0076981
230,217,12.65125751,28.81669235,50.18113708,0.00829092,7.12278986,12.48391056,11.32445526,547.0127563,120.7495728
231,218,11.65052032,28.79077721,50.06719589,0.00739059,7.209067345,12.64601898,11.35022926,547.4935913,120.8192444
232,219,9.283064842,28.76486397,50.22501755,0.00649026,7.168966293,12.51325321,11.47643566,545.1867065,123.2332535
233,220,14.0143652,28.75032997,49.91400146,0.009263983,7.016593456,12.38048744,11.12484932,550.2316895,117.3810883
234,221,19.88689232,28.73583221,50.21727753,0.012260503,6.87624979,12.0390501,10.94743347,545.6463623,112.2453156
236,222,12.34552765,28.65063286,49.86099625,0.008566815,7.276105881,12.5129261,11.18735695,549.3376465,118.8135376
237,223,14.12801743,28.62327957,50.12697601,0.009040987,7.293675423,12.50094986,11.20080948,548.5185547,118.1761169
238,224,13.51714993,28.59573936,49.74098587,0.009861359,7.311244488,12.48897362,11.07338333,550.5018311,117.4248734
239,225,17.31524467,28.56722832,50.00934601,0.013525561,7.20708704,12.28475666,11.01041603,551.2849731,115.6689377
240,226,22.83370209,28.53871727,50.31866455,0.017189763,6.688343525,12.04127407,10.7717905,553.4775391,112.2481995
242,227,20.39642143,28.57720947,49.99530029,0.014680367,6.81987524,11.73226929,10.76480007,553.4778442,113.2901535
243,228,15.92475033,28.61027908,50.06257248,0.011773746,7.299152851,12.00933838,11.0492506,550.2683716,116.7733002
244,229,13.08589649,28.62213707,50.73650742,0.009910656,7.353579998,12.31889057,11.34839058,545.4693604,120.5764771
245,230,11.53559685,28.63263512,50.65011978,0.008181961,7.408007145,12.45072174,11.44856834,544.4106445,122.1779861
246,231,11.16088104,28.64836884,49.67014694,0.007631192,7.266330242,12.17646694,11.15858173,549.1383057,120.0778198
247,232,15.46129704,28.67482758,49.81909943,0.010191793,6.964437962,11.90221214,11.05534649,551.2770386,116.4104233
248,233,19.67965126,28.70128632,49.69142532,0.012752392,6.80118227,11.81366158,10.81366062,554.598877,113.4643478
249,234,21.46654892,28.72008896,49.9901619,0.012950867,6.829517365,11.78958511,10.78715515,552.8670654,112.4605408
250,235,17.12504578,28.73586464,49.90711975,0.011950252,6.99508667,11.92068863,10.96012878,551.8289795,115.4057922
251,236,15.10108566,28.7492485,50.34669495,0.010954781,7.174275875,12.270895,11.26013851,548.1712646,119.0323181
252,237,14.67597771,28.74230194,50.5365715,0.010053278,7.353465557,12.62110043,11.28518772,546.9875488,120.0631332
253,238,13.42248058,28.73535347,50.27767944,0.009151775,7.132894993,12.66311646,11.36426544,547.2820435,118.3728256
254,239,11.13745975,28.74027634,49.83238602,0.009466456,7.52550602,12.62407875,11.2951088,547.881958,120.9271393
255,240,14.85981655,28.75736427,49.61914063,0.011325614,7.317619801,12.5170927,11.01960182,551.4832764,116.6813431
256,241,19.66500854,28.77445221,50.03993988,0.013184771,6.914326668,12.08521366,10.91164112,552.9934082,114.6851883
258,242,19.16511726,28.72504997,50.42366409,0.012102583,6.922822952,12.11802959,10.99355316,551.0664673,115.3689728
259,243,17.23224258,28.68570518,49.67142105,0.011560304,6.923073292,12.38452721,10.8708849,553.7230835,114.1751709
260,244,19.2689476,28.61399651,50.14738846,0.011818491,6.926493168,12.41545868,10.95277691,551.9532471,114.9249802
262,245,18.79613495,28.49396324,49.57532501,0.013807828,6.924964428,11.64017582,10.76501274,554.4614868,111.75383
263,246,22.14034843,28.45770264,50.51025391,0.01649446,6.930552959,11.48210049,10.84532738,552.3623047,111.002037
266,247,24.10482597,28.36182594,50.45297241,0.017228074,6.915180683,11.92354012,10.71740437,553.7811279,110.8155518
267,248,21.99137878,28.3319664,49.95331192,0.015764702,6.643558502,11.63316154,10.63030338,555.093811,110.3593445
268,249,21.33669662,28.30223274,50.62728882,0.013533616,6.713354111,11.94867802,10.90025139,551.0622559,113.5457458
269,250,16.2911129,28.27249908,50.49346542,0.011302529,7.132271767,12.30427551,10.99737358,548.3204346,116.4248123
270,251,15.32388878,28.26522255,50.06041718,0.010867785,6.982829571,12.55979443,10.93494606,550.0775757,115.8980942
271,252,17.57959175,28.26268196,50.25291443,0.010962304,6.833387375,12.60596943,10.8384428,549.6564331,113.2626724
272,253,14.68476486,28.26681328,50.25189209,0.010902968,7.210687637,12.65214443,11.08535957,548.3881836,117.0541534
273,254,13.83437443,28.29540634,50.2243042,0.010041851,7.281654358,12.65733814,11.05867577,548.3672485,118.0827484
274,255,12.36102676,28.3239994,50.22323227,0.009180733,7.352621555,12.64120007,11.12466621,547.5870361,119.2439957
275,256,12.32460213,28.37998962,50.27149582,0.008653793,7.265105724,12.6254034,11.16322327,546.8111572,119.5384216
276,257,10.50939178,28.45402718,50.32158279,0.008400591,7.175897598,12.61666107,11.28471088,545.7745972,120.8179932
277,258,11.00251579,28.52806282,50.15868378,0.008147391,7.10262394,12.60791969,11.31622314,546.2399292,120.6395721
278,259,10.22890377,28.60312462,50.1038208,0.009577206,7.204957962,12.58317375,11.32107735,546.1557007,121.4010162
279,260,13.50879383,28.67819595,50.00476837,0.011117626,7.328892708,12.53565025,11.21898365,547.7630005,119.3270569
280,261,19.35998535,28.72964096,50.23880768,0.012067041,6.960292339,12.4881258,11.10238934,550.5586548,115.7240067
281,262,19.55081177,28.7319622,49.78232574,0.011800627,7.119850636,12.51140022,10.86558914,553.8565063,114.1832123
282,263,17.66428947,28.73428154,49.64377975,0.011534213,7.279408932,12.55409622,10.93126011,553.4742432,114.3117142
283,264,15.14577961,28.73270226,50.28846359,0.010370707,7.389891148,12.61709976,11.22356319,548.7186279,118.7823334
284,265,11.46633148,28.72955322,50.64096451,0.008850903,7.483399868,12.78618145,11.43302441,544.8480835,122.3058395
285,266,9.105565071,28.72681427,50.11322021,0.007634538,7.555915833,12.95526409,11.4658823,545.2208252,122.7180786
286,267,9.658084869,28.72782135,49.59522247,0.009126577,7.435781956,12.90158272,11.25130081,548.1135864,120.8682785
287,268,12.18956852,28.72883034,50.1442337,0.010618615,7.315648556,12.66250801,11.26050186,547.5421143,120.6534576
288,269,19.08942795,28.72104645,50.50588608,0.011429293,7.258185387,12.4234333,11.08498096,549.8583374,116.8288345
289,270,18.53961563,28.70386124,49.97388458,0.011519187,7.273248672,12.4026556,11.00159836,551.8917236,114.5089493
290,271,17.25304985,28.68667603,49.84797668,0.011609081,7.288311481,12.39808655,10.96500015,552.4555054,115.2394028
292,272,13.153759,28.64925385,50.55069733,0.010001962,7.131049156,12.4888916,11.29257393,546.6074829,121.1737289
293,273,11.0447855,28.63880348,50.50589752,0.009690116,7.294300556,12.56318665,11.40666389,545.3088989,122.472641
294,274,12.31465816,28.65297127,50.10421371,0.010985319,7.334661007,12.33666134,11.14423084,548.1230469,119.3502426
295,275,14.45393562,28.66713905,50.63059998,0.01228052,7.095471859,11.9101429,11.23776531,547.3464966,119.9115829
298,276,14.84934998,28.61453819,50.2124176,0.012935053,7.025671482,12.27889252,11.08147335,548.7896729,117.9777145
299,277,14.88024044,28.59672165,50.13656235,0.011610243,7.125851631,12.59554672,11.11849403,549.1204834,118.4037323
300,278,16.92603683,28.59314346,50.4265976,0.011568218,7.285115242,12.61872959,11.0369854,549.0214233,115.7519226
301,279,15.21142673,28.61013031,50.22278214,0.013362014,7.176948547,12.64191246,11.06744862,549.1187744,117.2590256
302,280,19.77915764,28.62711525,49.92634201,0.015155808,7.06878233,11.86872196,10.75671387,554.2854004,113.1517258
303,281,23.73831749,28.61055946,50.58078384,0.017260181,7.02868557,11.39780903,10.88339329,553.081665,112.4808731
304,282,26.02227592,28.5853157,49.85787582,0.019443978,7.033495903,11.77048111,10.50734806,558.1115112,108.0312653
305,283,23.48371315,28.56478691,49.60549164,0.020699952,6.997961998,12.14315319,10.59074402,557.0932617,109.4687576
306,284,17.21910095,28.56581688,50.03398132,0.017767863,7.093570232,12.3347435,10.98965359,551.4508057,115.3204727
307,285,18.48886681,28.56684685,50.38124466,0.014835775,7.11486721,12.42638111,10.98969078,550.0400391,115.6738815
308,286,18.60934639,28.57069778,50.60123825,0.014353421,6.997154713,12.51801968,11.11267376,549.3068237,116.6950531
309,287,18.95456505,28.57672501,49.88127518,0.015745949,7.026474953,12.38160133,10.78479385,553.4720459,113.6682358
310,288,22.92970085,28.58275223,49.84857559,0.017138476,6.896553993,12.24138737,10.66080952,556.1040039,110.2738953
311,289,23.65574455,28.55175018,50.42330551,0.018651739,6.718438625,12.16258812,10.77353287,553.7182617,111.6398468
312,290,26.82866478,28.51878738,50.28878021,0.020171158,6.814250469,12.20801163,10.58008003,556.8408203,108.284729
313,291,24.78074074,28.49746704,50.11391449,0.019951012,6.910062313,12.25343418,10.59098625,555.9798584,108.1674194
314,292,22.08857727,28.49927521,50.06856155,0.016302116,7.042989731,12.31301975,10.73149586,554.6346436,111.1854477
315,293,15.70001507,28.50108337,50.53546906,0.012653219,7.211696148,12.37916851,11.12404633,548.6398926,117.4402161
316,294,14.23943329,28.51538086,50.61674118,0.011057797,7.380402565,12.43626976,11.25065327,546.6365967,118.7373886
317,295,12.21370029,28.53453636,50.1413002,0.010254287,7.214488506,12.3701086,11.20315647,546.5525513,119.049324
318,296,14.4951458,28.5533638,50.32753754,0.009775732,7.002036095,12.3039465,10.96050644,547.6206665,116.5817566
319,297,21.99971581,28.56940079,49.9269371,0.012016449,7.04591465,12.27539349,10.75008774,554.5165405,111.9557495
320,298,22.76872635,28.58543587,49.99087524,0.014257166,7.089793682,12.29475498,10.72077465,554.7055054,111.8735504
321,299,18.50503731,28.60143089,49.44223022,0.013915627,7.150681973,12.31411552,10.78011322,554.473938,113.1112366
322,300,16.58994293,28.61738396,50.28313065,0.01093448,7.241465092,12.44491005,11.16082191,549.3127441,117.5487747
323,301,13.17793179,28.63333702,50.43915939,0.007953333,7.332248211,12.59878445,11.37512302,545.6795044,120.9564514
324,302,10.73563385,28.65371323,50.83363342,0.00812409,7.343318939,12.6851635,11.4308672,543.7299805,122.4246216
325,303,10.27641869,28.67471504,50.52031326,0.008711956,7.323078156,12.52817249,11.44284153,544.1812134,123.5255966
326,304,14.00480747,28.69289207,50.26860046,0.00950152,7.30607605,12.37118244,11.2531395,547.9227295,119.584404
327,305,18.08136368,28.70322609,50.47150803,0.011021168,7.294261932,12.33316231,11.15760422,549.0756836,117.3947067
328,306,18.6933918,28.7135601,50.34071732,0.012540815,7.240245342,12.3725872,11.10813141,550.2160034,116.4988251
329,307,17.72088814,28.72646713,50.09281921,0.011729894,7.258236408,12.4120121,10.95592403,551.7730103,115.666687
330,308,15.24025631,28.74074173,50.65498734,0.009397952,7.113972664,12.56654263,11.27330208,547.0223389,120.1296387
331,309,10.31505871,28.75493431,50.44266891,0.00706601,7.293204308,12.72358036,11.52323151,544.1513062,123.7562103
332,310,11.58651257,28.76731491,50.30880356,0.007700859,7.459998131,12.77230549,11.4466629,546.0322266,121.8085175
333,311,10.31236076,28.77969551,49.66179657,0.008354334,7.580864429,12.59145355,11.26698399,548.5605469,120.6929855
334,312,15.28004932,28.77932167,50.25074387,0.009655298,7.416136265,12.41060162,10.73010445,552.1886597,114.0292282
335,313,21.16602707,28.7620945,49.71039963,0.012002051,7.2514081,12.15038204,10.85931396,555.2036743,112.6142654
336,314,21.4275589,28.74486732,50.47241974,0.014348804,7.033761501,11.84965801,10.97726536,551.2241211,115.378746
337,315,19.20487404,28.72943497,50.19695282,0.013611165,6.794207573,11.58438396,11.00567341,551.9803467,115.2181244
338,316,17.6165123,28.71439934,49.66827774,0.011957928,6.890030384,12.03315926,10.9332819,552.8694458,114.5629578
339,317,14.73342037,28.69936562,50.59017563,0.010602618,7.291582108,12.3646822,11.2303133,547.4063721,119.2408829
340,318,13.23152351,28.68434334,50.68059921,0.010813647,7.289499283,12.69620609,11.39041519,545.5427856,120.727417
341,319,13.3929882,28.66932106,50.04302979,0.011024676,7.287416458,12.65210533,11.18044376,548.4510498,118.7723236
342,320,18.04464912,28.64961624,49.96006775,0.012395057,7.086751938,12.52003193,10.98952293,552.2866821,115.0784378
343,321,22.7028656,28.62674713,50.37161255,0.014719842,7.047331333,12.39551926,10.89760399,553.1519165,112.6979065
344,322,23.67884827,28.60387611,50.55406189,0.017044626,7.007910252,12.31590271,10.84594154,552.5845337,112.3788605
345,323,22.05904007,28.60024261,50.04603958,0.015886454,7.042911053,12.23628712,10.71214581,555.0964966,111.3601227
346,324,16.91681671,28.5968914,50.06954956,0.014261485,7.132258892,12.28178978,10.94535828,551.4533081,116.0024643
347,325,16.36804962,28.59703827,50.46558762,0.01276171,7.221606731,12.43699646,10.81482983,546.4786377,113.0758896
348,326,17.61812782,28.60303688,50.63197708,0.011600122,7.240668297,12.59220409,11.19586182,548.0029297,118.132225
349,327,15.66833687,28.60903549,49.98702621,0.010438533,7.255137444,12.16153908,11.03573036,550.4902344,116.710228
350,328,20.92225647,28.61561394,49.7822876,0.012586487,6.910904408,11.68095779,10.67824841,555.81604,111.5582352
351,329,24.19499016,28.62237167,50.15800476,0.016448159,6.651110172,11.52437592,10.7335577,555.576416,110.9020157
353,330,24.22197342,28.62969589,49.96020508,0.01879802,6.680069923,11.93950462,10.55905342,556.7966309,109.3757477
354,331,22.66021347,28.63107872,49.76956558,0.01753016,6.755599022,11.55346584,10.61612606,556.9754639,110.2188492
355,332,18.56612015,28.85038185,49.96363831,0.014363105,7.059764862,12.15163422,11.00687218,552.4505615,114.1450119
356,333,17.74077797,28.84623146,50.36989594,0.012333637,7.183589935,12.43573666,11.15474606,550.135498,117.4533005
357,334,13.35118008,28.84488106,50.54999924,0.011928082,7.307415485,12.71983814,11.36404037,546.5108032,121.0653763
358,335,15.12670231,28.84352875,50.56862259,0.011522526,7.179388046,12.4836235,11.2931757,547.8939819,119.7260132
359,336,20.05761719,28.83961296,50.20084763,0.012503429,7.027575493,12.22049713,11.01752377,552.239624,114.8282547
360,337,23.35675812,28.83387566,50.35800552,0.015407081,6.920593739,12.07629967,10.84586525,553.7258301,113.2094193
361,338,23.95112991,28.82813835,50.15280914,0.018310733,6.929434776,12.16380692,10.76308727,555.307312,111.8068695
362,339,23.27725601,28.8237381,50.28691101,0.016294602,6.938275814,12.25131512,10.82612228,553.8207397,112.2780991
363,340,19.51692963,28.81937408,50.22472,0.013103357,7.043596745,12.40243435,10.7550087,552.2341919,112.2059631
364,341,14.52277374,28.80993652,50.24774933,0.010500451,7.209291935,12.58081818,11.27964878,548.4083862,119.6346054
366,342,13.39282894,28.77314949,50.25596619,0.010126919,7.055936337,12.1913929,11.20824432,548.3217773,119.7772446
367,343,20.50575638,28.75951195,50.47742081,0.013773494,7.168012619,12.10241699,11.06551552,551.4259033,115.4090805
368,344,29.58707237,28.7474575,50.37572861,0.020144651,6.934111595,12.01344204,10.70883942,557.2575073,108.15168
369,345,30.05553246,28.73578453,50.46339798,0.026515808,6.700211048,12.02015305,10.59995937,557.2967529,107.5892715
370,346,28.49136353,28.72649193,49.98563004,0.022761887,6.45237875,12.0790205,10.46700668,559.1812744,107.0613708
371,347,22.36581421,28.71720123,50.17414856,0.018723454,6.663794518,12.13788795,10.73523521,555.1467285,111.9353256
373,348,19.95216751,28.68062401,50.68078995,0.014663472,7.082669258,11.88451767,10.4603405,553.447876,109.5349197
374,349,17.12943077,28.65954971,50.40148163,0.013575633,6.876700878,11.80393505,10.43723774,553.3167725,110.7121429
375,350,24.88237,28.64158821,50.25008392,0.01836054,6.626563072,11.81579113,10.68945217,555.6343994,110.7098312
376,351,31.31874084,28.62391281,49.7649498,0.025103915,6.373897552,11.82764816,10.20567608,562.5668945,103.6835098
378,352,31.27785301,28.59218216,49.65347672,0.026201701,6.382557392,11.41052723,10.19419861,562.9559326,102.9290466
379,353,23.32439232,28.57728004,50.46065521,0.022064045,6.602741241,11.91110992,10.7901125,553.2887573,112.711441
380,354,26.35145569,28.55386734,50.2795105,0.019118322,6.822925568,12.233881,10.63221264,555.9044189,109.6889038
381,355,19.66426849,28.52668571,50.26704025,0.017241122,6.90210104,12.44606209,10.9101553,552.2225952,113.7726517
382,356,21.4921608,28.50041199,50.5363121,0.015363921,6.974195004,12.12097263,10.93023396,551.5775146,113.5322418
383,357,25.13888741,28.48430061,50.18013,0.022364119,6.849000931,11.79588318,10.60704327,556.1244507,109.2904663
384,358,33.19347763,28.46818733,50.43663406,0.030178301,6.435724258,11.66607285,10.31813431,559.8422852,103.4770432
385,359,34.90488052,28.45483208,50.52212524,0.03384804,6.485772133,11.69011497,10.32961082,560.0924072,103.4816437
386,360,31.32779884,28.44457817,50.42855453,0.028059544,6.535820484,11.71415806,10.33769131,558.7232666,105.5477829
388,361,23.33325768,28.41727829,50.73894882,0.019289818,6.77673912,12.10895348,10.85414314,552.1279297,112.8556824
389,362,22.89905739,28.39912033,50.55508804,0.017550211,6.920403957,12.18694687,10.79780102,552.447876,112.2126236
391,363,26.59926224,28.41655731,50.55722427,0.019602055,6.734540939,11.84527016,10.5845747,555.2750244,109.3627701
392,364,28.84874153,28.44147873,50.50350571,0.022974705,6.670790195,11.90963268,10.51490402,557.1942139,108.0750198
393,365,27.28627968,28.46382904,50.63135529,0.023271626,6.774053574,12.064641,10.62762642,555.6038208,109.4087372
394,366,24.50493431,28.48471069,50.01571274,0.020107752,6.877317429,12.20991135,10.57880116,556.3904419,109.175827
395,367,22.68265724,28.50551605,50.36208344,0.016943879,6.971034527,12.27653217,10.79370689,554.1551514,112.7296143
396,368,20.25223732,28.52340508,50.24991608,0.014334885,7.057440281,12.34315205,10.97000599,551.9485474,114.1033096
397,369,18.12908554,28.5412941,50.2060585,0.011817013,7.143846035,12.40093994,11.01726151,551.0493774,115.3007965
399,370,17.13711929,28.61340141,49.56285095,0.01325109,6.830455303,12.49876213,10.86423016,553.5071411,114.4397583
400,371,21.86498642,28.65698814,50.38834381,0.015919155,6.758991718,11.64343739,11.02936459,552.175293,113.9168091
401,372,23.91650963,28.6876812,50.05973053,0.015715903,6.822877407,11.8332262,10.73568439,555.3825073,111.0392914
402,373,23.46869278,28.71519661,49.68667221,0.013870715,6.886763096,12.02301407,10.6532917,556.6796265,110.4469757
403,374,17.30304337,28.73661995,50.49956131,0.012047597,7.039608955,12.26965427,11.20467567,549.4221802,117.8011475
404,375,14.83149242,28.73222542,50.59621811,0.011091676,7.222011089,12.53423119,11.32109737,546.4994507,120.4162064
405,376,13.45220757,28.72783279,50.59305954,0.010135755,7.362357616,12.73127651,11.4514246,545.6762695,121.2827606
406,377,11.8306694,28.73229408,50.35644913,0.010818349,7.206066608,12.54144669,11.32689476,545.968811,121.59198
407,378,19.94497108,28.74318314,50.1376915,0.013825518,7.0497756,12.35161781,10.93571949,552.7147217,114.8404465
408,379,24.08882713,28.75407028,50.08013535,0.016832687,6.945714951,12.19417763,10.75454235,555.4751587,111.5095139
409,380,25.95689392,28.73687553,49.8607254,0.017295295,6.901305676,12.06463146,10.65080929,557.3116455,108.2657623
410,381,23.67221832,28.71874619,49.73675537,0.017129803,6.856895924,11.9350853,10.60598278,557.6643677,109.9335861
411,382,21.70401192,28.69651222,49.78332901,0.016656304,6.931623459,12.16030884,10.77204895,554.9718018,112.2704163
412,383,13.94334412,28.66687393,50.34925842,0.014875974,6.920608521,12.4382534,11.27455139,547.6278687,120.0989761
413,384,16.32037544,28.63723373,49.53031158,0.013095644,6.856688499,12.61722469,10.88511086,553.0366821,116.3016663
414,385,12.87029076,28.65401077,50.6762619,0.013744956,6.964906216,12.49399281,11.42280006,545.0355225,121.931282
415,386,19.68946648,28.68666077,50.23083878,0.016158247,7.083033085,12.37076187,10.99173737,551.6966553,115.2315826
416,387,25.48295212,28.7134552,50.55315018,0.018571539,7.000637054,12.28598404,10.84348679,553.5344849,112.1696014
417,388,27.04598999,28.70235825,50.11576462,0.01692309,6.918241024,12.22742081,10.66974926,556.7689209,109.0664749
418,389,24.97652817,28.69126129,50.46725464,0.01514012,6.923232555,12.16885853,10.8166523,554.0566406,112.0090408
419,390,19.65686989,28.69747543,50.0606575,0.013359146,7.093588829,12.18903732,10.92821026,552.6558228,114.9846573
420,391,15.94265366,28.71950722,50.35086441,0.011581778,7.263945103,12.21055412,11.22368336,548.4797974,118.3762131
421,392,13.86113262,28.74154091,49.65074158,0.00980441,7.378594875,12.23303699,11.00220203,551.2327881,117.817276
423,393,16.85120392,28.77539635,50.1864357,0.012912977,7.095320225,12.28047657,11.11427212,550.0253906,118.154953
424,394,22.75144577,28.77975273,50.43857574,0.014707729,7.023130417,12.2617588,10.97248459,552.824707,112.4647369
425,395,24.65998459,28.75528145,50.15731049,0.014906552,6.999333382,12.23325253,10.77929306,555.3751221,111.404541
426,396,22.35355949,28.73081017,49.98527145,0.015105375,6.975536346,12.24561882,10.86675072,554.991333,111.9212265
427,397,19.42299652,28.72273445,50.08581543,0.013980631,7.124579906,12.42028999,10.99254799,552.3034058,114.9829712
429,398,13.77016544,28.7230587,49.98968506,0.009309233,7.259764194,12.30463409,11.18676472,548.7503662,118.6991653
430,399,25.8538723,28.73530769,50.01532364,0.018119127,6.862397671,12.07754707,10.62923717,556.640686,109.4391785
431,400,25.1772728,28.70839119,50.0068512,0.019315638,6.939675808,12.09008217,10.60291958,556.9877319,109.5735855
432,401,20.99232292,28.70530128,50.21461487,0.016938504,7.016954422,12.10261726,10.85430145,553.6456299,113.0518646
433,402,17.87812424,28.70628738,49.90631485,0.012942421,7.058546066,12.33710766,11.00586605,551.854248,116.6480942
434,403,16.24112892,28.71429062,49.61605453,0.009570783,7.091620922,12.58208656,10.98920155,552.3201294,115.9335251
435,404,15.1249485,28.74419785,50.58846283,0.013690954,7.046319008,12.60295868,11.30106831,547.8120117,120.2326202
436,405,22.73988914,28.77410698,50.14725494,0.017811125,6.797235489,12.43093681,10.88630676,554.2121582,112.446907
437,406,27.34690285,28.77256012,50.07059097,0.020712409,6.548152447,12.25891495,10.62401867,558.0298462,109.180954
438,407,28.87650108,28.7526474,50.54803848,0.022214521,6.693032742,12.17271328,10.66826153,555.9297485,109.1723938
439,408,27.61148262,28.73293114,50.13055801,0.02371663,6.858896732,12.228158,10.6223917,558.1065063,108.5844421
440,409,24.3616066,28.72285843,50.48475266,0.019837996,6.989243031,12.28360176,10.86782074,554.0183716,113.1417389
441,410,20.92157745,28.71278572,50.26992035,0.015040558,7.045622826,12.42782021,10.91701984,548.1382446,113.2390594
443,411,16.36285782,28.7527504,50.64216995,0.016663345,7.014884949,12.69411278,11.30415344,547.0560303,119.5901718
444,412,23.2785244,28.78535461,50.36268234,0.020892575,6.870040417,12.37072659,10.84822464,554.0275269,112.944809
445,413,29.73396301,28.76483154,49.99847031,0.023325061,6.738805294,12.04734039,10.51888561,559.2647705,105.4675903
446,414,31.56411743,28.73079681,50.19779587,0.024708413,6.72772646,11.88829517,10.48855209,559.4454346,105.8941422
447,415,29.80033302,28.70334244,50.45279312,0.025966622,6.783532143,11.89236736,10.59364796,557.6150513,107.3097687
448,416,26.19669533,28.70471191,50.51501083,0.021083921,6.889989376,11.8964386,10.70430946,555.0075073,110.852478
449,417,22.59122086,28.70608139,50.28401947,0.01620122,6.996446609,11.83883667,10.91717052,553.7142944,112.8731766
450,418,17.68502617,28.71708107,49.98095322,0.014002934,6.939386368,11.77050591,10.89890862,553.5332642,114.2187119
452,419,22.17604065,28.75333977,50.54877472,0.017374353,6.792717457,12.16592026,10.91330338,553.0274658,114.3400497
453,420,28.34132004,28.73463631,50.16754532,0.02136356,6.712889194,11.90251637,10.48181248,558.4950562,108.2713394
454,421,31.54491615,28.71452522,49.62623596,0.025938025,6.696802616,11.8546381,10.18904018,563.7357788,103.151268
455,422,30.89586067,28.7022953,49.78237915,0.028741973,6.765117168,11.89547348,10.23121548,562.5339966,103.8721085
456,423,28.30043983,28.70459938,50.59380722,0.023798799,6.833431721,11.98487186,10.6746645,556.2623901,108.8977356
457,424,24.24866867,28.70690346,50.34529877,0.018855626,6.957588673,12.08827686,10.81452942,554.8353882,111.4937363
458,425,23.37389755,28.71819496,50.14919281,0.01699554,7.082009315,12.16172791,10.69675064,555.3805542,111.4684753
459,426,19.44405174,28.73264122,50.5907135,0.017417142,7.0354352,12.0755825,11.05576515,550.6330566,116.1672821
460,427,23.15523338,28.74127197,50.36684799,0.017838746,6.714514256,11.9894371,10.88599491,553.9540405,112.9946442
461,428,30.58024406,28.71056175,50.59078979,0.02349578,6.414319038,11.33134556,10.55685997,557.732666,108.0337143
462,429,34.07453537,28.67984962,49.93336105,0.029351691,6.224634647,10.84895992,10.18675804,563.3808594,102.3673325
463,430,31.76222992,28.66257286,50.23119736,0.031632327,6.253044605,10.96599388,9.69011116,569.6295166,98.8172226
464,431,29.45886612,28.65788078,49.6711235,0.027300008,6.721087456,11.42447567,10.36978817,561.4970703,104.6789703
465,432,26.90767288,28.65318871,50.40125656,0.022967691,6.876984119,11.88295746,10.6911459,556.0895386,110.1533737
466,433,20.00508499,28.66450691,49.96100616,0.022334445,7.03288126,12.0734539,10.76111126,552.3110352,113.2301254
467,434,23.18701553,28.67757988,50.60572433,0.023027869,6.824614525,11.83333015,10.93931293,552.4785156,113.997963
468,435,28.5312252,28.67732811,49.54640961,0.024380613,6.58853817,11.59320641,10.30597019,562.3001099,104.9963074
469,436,36.65032959,28.64387894,49.68251801,0.0305172,6.370521069,11.47870541,9.991537094,566.5032959,98.82102966
470,437,37.19218445,28.61042976,49.69681168,0.036653787,6.195441246,11.40197372,9.924563408,566.8804321,98.6931076
471,438,37.10942459,28.59771156,50.1590004,0.03519056,6.073023796,11.38114262,10.13646412,564.0263672,99.96272278
472,439,29.51582146,28.59513474,50.40378571,0.026314544,6.559224606,11.66944313,10.53913498,557.6439819,107.916481
473,440,30.15390778,28.59317398,49.8077774,0.017438525,6.852799892,11.9577446,10.30556202,561.8384399,105.0677948
474,441,25.27235603,28.60145569,50.30089569,0.019224454,6.851756573,12.03283215,10.55855083,554.8319092,108.9796295
475,442,23.16436768,28.6097393,50.59899139,0.022311492,6.850713253,11.89881134,10.87831497,552.9401855,112.7222214
476,443,31.8454895,28.61114311,50.09366989,0.025909318,6.720471859,11.76479149,10.35171413,560.7181396,104.6625748
477,444,38.56190491,28.60385704,50.23056412,0.030844158,6.546302795,11.68585491,10.08841228,564.4568481,100.218483
478,445,36.71139526,28.59656906,50.20711517,0.035778999,6.415154934,11.61372852,10.10401344,561.4468994,100.1431885
479,446,35.92281342,28.60162926,49.99951172,0.034482535,6.568361282,11.59908772,10.17411327,563.7099609,101.1329041
480,447,36.02453232,28.60927582,49.75321579,0.029997217,6.412084579,11.73601627,10.01466084,566.1539917,99.73719025
481,448,29.71229935,28.61755562,49.614048,0.025628531,6.450099468,11.87294483,10.27833176,561.9105225,104.6632462
482,449,28.85902977,28.62819099,50.4946785,0.023651499,6.572095394,11.92330933,10.57091713,557.3283081,108.2849579
483,450,27.27807999,28.63882637,50.15862274,0.021674467,6.647525311,11.91804981,10.62106991,557.5900879,108.1923904
484,451,26.6253643,28.64066124,49.90218735,0.022558514,6.591847897,11.91278934,10.57408905,558.7087402,108.3297729
485,452,33.39591599,28.6365509,50.42506027,0.027211847,6.536170006,11.86351109,10.42203426,560.2456665,104.8150711
486,453,34.11306381,28.63244057,49.91294479,0.03186518,6.268826008,11.81396484,10.18263054,563.0209351,102.5968552
487,454,34.63599014,28.64619255,50.49385452,0.028578719,6.487779617,11.84897327,10.31743717,560.7200928,103.7351456
488,455,28.41244125,28.6602726,49.84337616,0.023509212,6.706733704,12.03307438,10.4797039,559.9006348,106.6183319
489,456,23.47397995,28.67383957,50.19102097,0.019051181,6.870612144,12.21717644,10.71703529,554.9432983,111.9656906
490,457,19.91248703,28.68651772,50.03017807,0.017012458,6.973260403,12.20703602,10.83740902,553.1080322,113.6845322
492,458,24.79435539,28.69795609,50.07452393,0.018190084,6.952058792,12.04808617,10.71731949,556.3322144,110.9240417
493,459,31.15662384,28.69212723,50.06921387,0.025105972,6.778647423,11.91829014,10.44330311,560.5093384,106.1872406
494,460,33.31457138,28.6868,50.12732697,0.032021862,6.669921398,11.78849411,10.33142185,561.4890747,103.9909286
495,461,32.83989716,28.68462563,50.24475098,0.026345771,6.811112404,11.85499573,10.40852451,560.0344238,105.3406982
496,462,27.69962883,28.68245125,50.6068306,0.020305792,6.95230341,12.1046772,10.72047234,555.3015137,109.8006439
497,463,22.11233902,28.67126465,49.99404907,0.015811117,7.030636787,12.35435963,10.83079338,554.3479004,112.7052536
498,464,23.07138824,28.65184021,50.45700455,0.01410009,7.064064026,12.29722595,10.90666866,552.3030396,114.1623001
499,465,18.53488541,28.63241768,50.52996826,0.012389062,7.097491264,12.20687008,11.11116982,549.9170532,116.1032104
500,466,26.08001137,28.63262558,50.50021744,0.018160574,6.895715237,12.09440804,10.68426228,555.6880493,110.4982529
501,467,33.44864655,28.63483047,49.91349792,0.026532747,6.672759056,11.92715073,10.31248569,562.269043,103.0285568
502,468,33.94042206,28.63691521,49.75820541,0.033213157,6.54751873,11.75989342,10.16847801,563.9981079,101.6529388
503,469,32.89543915,28.63871765,50.18485641,0.028562119,6.653203487,11.80546188,10.27899837,561.3950806,104.0481186
504,470,30.36081696,28.6405201,50.54361725,0.023911083,6.758887768,11.95731926,10.53558731,557.4466553,107.3314438
505,471,23.61777878,28.63308144,50.2133255,0.0203219,6.63631916,12.10759926,10.75397587,554.593689,112.0577316
506,472,24.39297867,28.62137794,50.40028763,0.01771833,6.621355057,12.08272552,10.82568645,554.1708374,111.667984
507,473,23.45554161,28.61026573,50.5078392,0.015114762,6.693684101,12.05785179,10.90563869,553.1688843,113.1516495
508,474,29.97924995,28.60666847,49.93204498,0.023188166,6.743102551,11.96731472,10.37244034,560.8033447,105.4379654
509,475,36.63398361,28.60307121,49.93307495,0.032352623,6.614438534,11.76093483,10.04877949,565.0026245,100.4805069
510,476,36.03682327,28.59035873,50.14173889,0.037373979,6.485774517,11.55455399,10.15310478,562.9199219,101.6440353
511,477,35.40082169,28.56700897,49.9889183,0.032526739,6.384192467,11.58807182,10.16731739,563.4968262,101.2543488
512,478,29.33558655,28.54365921,50.61658096,0.027679501,6.315701008,11.70140648,10.51006794,557.0843506,107.8687973
513,479,30.54855156,28.51482773,50.14511871,0.026544251,6.579538822,11.79238415,10.31094074,560.012085,105.5327148
514,480,30.42303848,28.48503113,50.41788483,0.027122503,6.584056854,11.7229147,10.38951874,555.3145142,105.163826
515,481,30.42203712,28.46696091,50.60677338,0.027983483,6.588574886,11.65344524,10.49536991,557.2819214,106.8452454
517,482,32.6793251,28.50572395,49.56735611,0.036893111,6.366680622,11.52136612,10.08664036,564.1795044,101.6960144
518,483,36.37170029,28.49716949,50.13671875,0.036670405,6.531916142,11.45655918,10.01764679,563.4761963,100.6292191
519,484,31.57363892,28.47198868,50.3680954,0.030990951,6.648365498,11.51629353,10.35024643,559.5861816,105.6511078
520,485,28.72178078,28.44699097,50.42855835,0.025311494,6.561210155,11.59674549,10.45100689,557.4028931,108.2172699
521,486,29.4835453,28.43359566,49.69384384,0.027028985,6.427165031,11.54150963,10.24198532,561.500061,104.6051788
522,487,29.88055801,28.42019844,49.94299698,0.030050019,6.272819042,11.06584454,10.2606144,560.7887573,104.5612793
523,488,32.41174698,28.42148018,50.49430466,0.032645527,6.607052803,11.05794525,10.37461185,559.7167358,104.5678177
524,489,33.2423439,28.44443321,50.3571701,0.033884969,6.549274921,11.27318668,10.22693157,561.2340088,103.8528442
525,490,34.39427948,28.46738625,49.73791122,0.035124414,6.491496563,11.48341274,9.954339981,565.5272827,100.4466248
526,491,34.92303848,28.48637962,49.89340973,0.032349426,6.558797836,11.59418869,10.08767509,564.359314,101.5856018
527,492,31.1545639,28.5043354,50.23620224,0.02719193,6.666857719,11.70496559,10.30490875,560.590332,104.8936157
528,493,26.8413105,28.52343559,49.9629631,0.022080848,6.746361732,11.86832523,10.53469276,558.3079224,107.7965469
529,494,24.13986778,28.54771042,50.51871872,0.019793143,6.654394627,12.09955311,10.74060726,553.9211426,111.593689
530,495,21.7943306,28.57198334,49.93016052,0.017505439,6.70270443,12.33078194,10.70564747,555.5896606,111.6843567
531,496,19.76095581,28.59698486,50.1810112,0.017806232,6.800899982,12.21472359,11.02045727,551.4990845,114.83638
532,497,28.03515244,28.62253761,50.00028992,0.021917261,6.571200371,12.00401974,10.50107956,558.9161377,107.3706436
533,498,31.81771278,28.64808846,50.525177,0.026028292,6.436089993,11.83912563,10.53547955,558.3287964,106.9283066
534,499,31.07080078,28.65265274,50.14226532,0.026219038,6.552004814,11.89174938,10.39721775,559.5171509,106.4593506
535,500,29.87379265,28.65629578,49.90986252,0.025386883,6.667919636,11.94437313,10.38178635,560.7340698,105.2636261
536,501,27.61058617,28.65874672,50.05747986,0.023815891,6.811680317,12.01493454,10.53107357,558.605835,106.7982254
537,502,22.41127396,28.65894699,49.57388687,0.018920267,6.956321239,12.09943771,10.5744381,557.4026489,110.4324341
539,503,20.14751625,28.67133522,50.50388718,0.016498432,6.527204037,11.21016026,9.940570831,560.2284546,105.0599823
540,504,28.2318573,28.6878376,50.3049469,0.024521453,6.823491573,11.44915295,10.53862476,557.5441895,108.1058807
541,505,33.55934525,28.69769096,50.48469925,0.032544475,6.615166664,11.858675,10.41626263,559.137207,105.8689117
542,506,36.60793686,28.66018486,49.90024948,0.031176947,6.406841278,11.78723812,10.05253983,564.7119141,100.7356796
543,507,34.05366898,28.62267685,50.1615448,0.029404171,6.497671604,11.71580124,10.22289181,562.3247681,103.3383636
544,508,30.80677605,28.59967804,50.23369217,0.026630715,6.664819241,11.81809616,10.41014862,559.8547974,105.9363708
545,509,27.00235176,28.59051323,50.53823471,0.021974357,6.813384533,11.98108864,10.61737728,555.6762695,109.8825531
546,510,23.32936287,28.58135033,50.13222504,0.017318001,6.850720406,12.10384846,10.73375225,555.2123413,110.8174744
547,511,20.66610336,28.59034157,50.59450912,0.020287039,6.888055801,11.95622349,10.9784317,551.0319824,114.8151855
548,512,29.59180641,28.60133743,50.18880844,0.025996175,6.814861774,11.80859852,10.44983101,559.0042725,106.4981918
549,513,33.47409439,28.59753799,50.31390381,0.030944807,6.644379139,11.73468685,10.28038406,561.2733154,103.9040375
550,514,36.42464447,28.55735588,50.15483856,0.030523591,6.473896027,11.72928905,10.14924145,563.1950073,101.4960022
551,515,33.86907959,28.51717567,49.88094711,0.030102376,6.560851097,11.72389126,10.09358501,564.2335815,101.7290421
552,516,31.54649162,28.49856377,50.44404221,0.028114475,6.670087814,11.83858776,10.45588779,558.8816528,106.4492569
554,517,25.14772606,28.48310852,50.47636795,0.021159166,6.572004795,11.92147446,10.63192463,555.1190186,110.367897
555,518,23.14344597,28.49341393,50.24975967,0.021553049,6.561822891,11.4686594,10.10886574,557.4417725,105.1237869
556,519,25.08223152,28.50372124,50.34693909,0.022652114,6.887564182,11.51059246,10.63838291,555.1223145,110.9913177
557,520,28.26837349,28.49788094,50.37230682,0.023621358,6.786254406,11.60335064,10.51964664,557.3493652,108.2392426
559,521,28.92089462,28.44748306,50.43833923,0.02471143,6.685649872,11.82929611,10.46735477,557.579895,107.2871475
560,522,24.92269707,28.4402523,50.62710571,0.022401722,6.838852882,11.95341301,10.64474392,554.590271,110.3957138
561,523,22.52682686,28.43635559,50.36839294,0.018364741,6.992055893,11.82547379,10.79049015,553.9425659,111.8691101
562,524,20.12439346,28.43717766,50.41823959,0.014426934,6.839474678,11.57760715,10.89378071,552.0144653,114.1892548
563,525,21.05571938,28.45361328,50.45054245,0.018833326,6.605317593,11.35990429,10.02231503,555.1165771,103.755867
564,526,28.06446838,28.4700489,50.58531952,0.023239717,6.578011513,11.60924244,10.55826855,556.2406616,109.0948486
565,527,31.63093567,28.47374344,50.54906082,0.025365867,6.679607391,11.85857964,10.42271137,558.1665039,106.2436447
566,528,26.98391724,28.46965218,50.45085907,0.024076909,6.767189503,12.01251793,10.57449436,555.8184204,109.5135117
568,529,25.06510353,28.47935867,50.12015915,0.020628976,6.895691395,12.06756783,10.60149479,556.9434814,109.1751938
569,530,24.28196144,28.49299049,50.02511597,0.018237388,6.908118248,12.09578705,10.53966999,557.3703613,109.1098175
570,531,21.46345711,28.50676346,50.66091919,0.017101977,6.904532909,12.12415981,10.85133553,551.7719727,114.030098
571,532,22.58701324,28.52075577,50.44536591,0.021786356,6.881577492,12.09817123,10.81307125,553.8660889,112.2862778
572,533,28.75022316,28.53474617,50.00271606,0.026470736,6.732377529,11.83827782,10.41040516,559.5484619,106.1234665
573,534,32.33691788,28.51157188,50.28167725,0.029059093,6.583178043,11.5783844,10.33367062,560.3520508,105.3739853
574,535,33.8985939,28.47561073,49.98214722,0.029726198,6.542671204,11.55208874,10.17929077,562.9171143,101.9895325
575,536,32.48065567,28.4462471,49.98176193,0.030393304,6.605796814,11.69683456,10.25432301,561.9517212,102.9182205
576,537,28.17121506,28.46000481,49.8533287,0.027822673,6.668922424,11.84158134,10.3436203,560.3397827,105.6162567
577,538,24.98486137,28.47376251,50.12471008,0.024933292,6.737303734,11.98187351,10.60798359,556.5620728,109.0485382
578,539,25.39995384,28.48934937,50.36840057,0.023875946,6.806264877,12.12200928,10.64258099,555.5010986,109.0671692
579,540,22.77143288,28.50661087,50.77436829,0.02711379,6.814331055,12.13172722,10.90602207,551.5877075,114.0497208
580,541,31.92578316,28.52387428,50.2988739,0.030351633,6.660038948,11.87463856,10.37527084,560.2905884,104.0498962
581,542,34.63785553,28.49108887,49.79784393,0.032654081,6.505747318,11.6175499,10.07470989,564.3052368,100.9794846
582,543,35.24062729,28.4533577,49.81604767,0.034531236,6.490738869,11.60120487,10.06265259,564.3106689,100.3715744
583,544,34.35269928,28.42565155,50.50040436,0.035880707,6.561303616,11.67986679,10.26209736,560.9554443,102.6985397
584,545,32.32059097,28.42147255,50.50462723,0.030816711,6.63172245,11.75329113,10.37648964,559.0487061,105.1705399
585,546,31.16222954,28.41729164,50.56296539,0.025752714,6.68416214,11.78235435,10.3851881,558.1484375,105.7759781
586,547,26.97365761,28.42794609,50.13280106,0.024303138,6.73660183,11.81141758,10.5561676,557.0980835,108.4027176
587,548,30.0211525,28.44535065,50.43427658,0.027019495,6.721023083,11.62989521,10.43277454,558.0254517,106.5100327
588,549,31.11481667,28.46065521,49.77526855,0.029735852,6.589101315,11.21775627,10.24089909,562.076355,103.1238327
589,550,34.22232056,28.45036316,50.27727127,0.031663571,6.205010891,11.03818512,10.2416048,561.6674805,103.3984909
590,551,34.47885513,28.4400692,49.89868164,0.033455621,6.361313343,11.36833954,10.02176189,564.1201172,100.980629
591,552,33.80514908,28.43925285,49.95303726,0.033170745,6.517615795,11.69849491,10.11879444,563.5352173,100.6408234
592,553,30.50900459,28.4493618,50.11429596,0.026375022,6.644466877,11.85351849,10.35611343,560.1251831,105.0384216
593,554,25.79080963,28.45947075,49.9327507,0.019579299,6.75804615,11.92944241,10.54235554,558.1151123,107.7013474
594,555,23.68227005,28.47522926,49.86390305,0.020286852,6.858353138,11.98891735,10.5228014,556.9300537,109.1113815
595,556,25.00662613,28.49196053,50.43670273,0.025390504,6.607048988,11.61262703,10.68671608,554.5633545,110.810463
596,557,31.70882416,28.49725914,50.64688873,0.030475035,5.75660181,11.05510139,9.60326767,559.0311279,95.02158356
597,558,31.21670341,28.43613815,50.24533081,0.03077966,6.41389513,11.69305801,10.36205101,557.0003662,106.1722565
598,559,27.14249229,28.46188927,50.44268799,0.020526774,6.421447754,11.94130135,10.59501457,556.5507813,108.4760513
599,560,25.65185928,28.46410179,50.10216904,0.020763025,6.827699184,11.90907669,10.54996681,557.6279907,108.2429504
600,561,29.82821083,28.453022,50.40556717,0.025534242,6.690485477,11.87685204,10.43724918,558.5537109,106.3985443
601,562,35.81266785,28.44194221,50.2695694,0.03030546,6.55327177,11.85369778,10.1828537,562.4985352,101.9994736
602,563,30.47336578,28.46770287,50.52796936,0.029708562,6.567072392,11.83872032,10.45998859,558.3339233,106.9143753
603,564,25.46777916,28.50640488,50.37630463,0.025106629,6.650114536,11.82374287,10.57903767,556.2808838,109.8322067
604,565,24.7172966,28.54299736,50.01634216,0.020504696,6.738054276,12.0110321,10.56343079,557.1763916,109.0761185
605,566,23.10613823,28.56488991,50.57769775,0.022062581,6.890465736,12.21790981,10.79779243,553.3428345,112.3231735
606,567,21.55197716,28.58678246,50.35270691,0.023892362,6.773684978,12.18250847,10.76863766,553.9666138,113.7075195
607,568,30.11180878,28.58900261,50.03651047,0.026302565,6.537306786,11.41998005,10.35477924,560.5552979,105.1849136
608,569,32.72563171,28.57234764,50.21782303,0.029825388,6.491039753,11.79538059,10.35158157,560.4836426,104.6834335
610,570,32.99307251,28.55820084,50.18889236,0.030879606,6.626745701,11.87853527,10.19988728,561.6490479,104.0014572
611,571,30.15879631,28.56294441,50.11123276,0.026170654,6.704330921,11.99277306,10.30948734,560.4863281,105.5022278
612,572,26.72686768,28.56552887,50.06090927,0.021995772,6.790169716,12.15883732,10.55831909,557.9990234,108.0256348
613,573,22.49927139,28.56256866,50.5959816,0.022015473,6.861716747,12.32490253,10.86681271,552.6826782,113.249054
614,574,21.78704453,28.55961037,50.38520432,0.022035174,6.754099369,12.06260872,10.80311871,553.8793335,112.0701141
615,575,31.109869,28.54338264,50.53010941,0.025276553,6.646481514,11.78254223,10.4151125,555.8033447,108.1053085
616,576,35.86293411,28.52049446,50.20098877,0.031764884,6.534396648,11.47366047,10.19136906,560.0927124,103.6611938
617,577,36.75085831,28.49858093,50.14771271,0.03825321,6.417044163,11.11013603,10.05937004,560.7266846,102.4410782
618,578,35.36750412,28.49489594,50.25726318,0.034941349,6.181984425,10.74661064,10.15041065,559.7660522,103.5242996
619,579,33.19750595,28.44493675,50.28243637,0.032431953,6.576369762,11.65779877,10.28443432,560.9776611,103.0422897
620,580,38.36149216,28.42788696,49.89452362,0.039206922,6.469933987,11.54532433,9.857796669,564.1099854,97.68745422
621,581,39.07120132,28.41838074,50.65058899,0.045413163,6.363498211,11.43284988,10.15703583,562.4898682,101.0555191
622,582,36.98786545,28.43796539,49.5714035,0.037398752,6.318334579,11.52365398,9.853894234,567.3480835,97.47228241
623,583,31.18020821,28.45754814,49.75082397,0.029384345,6.297195435,11.67861366,10.21245384,562.347168,103.4606018
624,584,26.37488556,28.46800423,50.47794342,0.023846222,6.387576103,11.82125664,10.63233185,555.6141968,109.8600693
625,585,18.99935913,28.4721489,50.35603333,0.021676391,6.759686947,11.86213493,10.88683033,551.0812378,114.6130295
626,586,23.93565178,28.47629547,50.40410614,0.019506561,6.738213062,11.90301323,10.7710638,553.6323853,111.5049515
629,587,36.68678284,28.50522232,49.62691879,0.039980408,6.537919521,11.56350994,9.895720482,566.6978149,98.43247223
630,588,36.44625473,28.51255035,49.68648911,0.034042723,6.629479408,11.60461521,9.96167469,566.1870728,98.46308899
631,589,31.1689167,28.51988029,50.03489685,0.028105035,6.721039772,11.6760025,10.33423805,560.6223145,105.3104477
632,590,26.61285973,28.51752472,50.14276886,0.023869373,6.500396252,11.77923393,10.53417873,557.3532104,108.6793518
633,591,21.37369537,28.51188278,50.57870102,0.020871293,6.710402012,11.75943375,10.86382675,551.7262573,113.7318344
634,592,22.50583839,28.50657272,50.13306808,0.017873213,6.628405571,11.65925789,10.76639652,554.6824341,111.794487
635,593,35.66205978,28.50345421,50.39165115,0.027601168,6.456397533,11.56935024,10.05323315,562.0004272,100.6978302
636,594,38.7655983,28.50033569,50.31284714,0.037804186,6.435857773,11.56264973,9.97034359,564.7592163,99.49494171
637,595,37.19605637,28.49952507,49.8233757,0.041887574,6.415318489,11.55594826,9.94435215,565.7096558,98.68130493
638,596,37.60160828,28.50087547,49.92456055,0.034561735,6.423757553,11.6132021,9.912800789,565.8937988,99.35259247
639,597,27.54593658,28.50222397,49.63076019,0.027235897,6.469141483,11.73588848,10.34203911,561.0734863,105.3356171
640,598,30.52012062,28.5032196,50.11724091,0.024357572,6.514525414,11.85857487,10.36926174,560.1295776,105.0923309
641,599,25.70301247,28.50417709,50.22663879,0.023089577,6.536118984,11.84927559,10.58798599,556.1873169,109.7200089
642,600,24.74897003,28.50645447,50.37784958,0.022939082,6.552361965,11.82188988,10.73737526,555.1411743,110.570015
643,601,32.84034348,28.51201057,50.05509949,0.031043533,6.553145885,11.75647831,10.18844795,562.3429565,103.1159668
644,602,38.2783165,28.51756668,49.96118927,0.039147984,6.477089405,11.58544445,9.919939041,566.4406128,99.19947052
645,603,39.61745071,28.51342201,50.30981064,0.040839016,6.401032925,11.41441059,10.08517456,564.2994995,99.28846741
647,604,31.876194,28.49695396,50.34029388,0.031610277,6.509013653,11.55652809,10.3210144,560.6893311,104.2084503
648,605,31.70542526,28.51034927,50.28981018,0.028503429,6.600450993,11.67439079,10.29351139,560.413269,104.9543915
649,606,27.67349052,28.52374268,50.44878006,0.025583889,6.563816071,11.66613579,10.51578999,556.6954346,108.6807938
650,607,26.96813583,28.52972031,50.49388885,0.025644127,6.510848045,11.65788078,10.58431721,556.5962524,108.9202805
651,608,34.285923,28.52635384,49.79007721,0.033576563,6.462416649,11.64172459,10.07424736,564.7862549,101.5129929
652,609,37.86647034,28.52298546,50.32686996,0.041508999,6.426122665,11.61466408,10.14546013,563.4082642,100.620575
653,610,39.23096848,28.51334572,50.30035782,0.040398367,6.389828682,11.58760357,9.984487534,564.5211182,99.45236969
654,611,37.55417252,28.50240135,49.38300705,0.034620818,6.436574459,11.63680553,9.708621979,569.4700317,95.73335266
655,612,31.09783745,28.4940052,50.09526062,0.028980464,6.535741329,11.70804214,10.28083134,560.9586182,104.7267227
656,613,27.03901291,28.49505615,50.05022049,0.026263205,6.634908199,11.76810646,10.34436321,559.4831543,105.9509811
657,614,26.48713875,28.49610519,50.72437286,0.023545945,6.536420822,11.75287151,10.63704109,555.1115112,110.4340363
658,615,25.23717308,28.49787521,50.29021835,0.025376942,6.430152416,11.73763657,10.59268093,556.5509644,109.8258591
659,616,34.09428787,28.50012779,50.22925186,0.033241965,6.458005905,10.67948055,10.2027359,562.2911377,103.302887
660,617,37.13454437,28.50238037,50.24064255,0.041106984,6.161839962,10.86339092,10.09163189,563.6895752,100.5923691
661,618,38.9241066,28.4791317,50.30130005,0.038454425,6.085194588,11.07218075,10.08096409,564.2363892,99.77298737
662,619,37.64006805,28.45543861,50.24639511,0.033412889,6.279090405,11.31166458,10.02874088,564.0722656,100.2387314
663,620,30.12811089,28.44164276,50.05675888,0.028831553,6.472986698,11.55114841,10.28057098,560.7457275,105.222023
665,621,23.85720634,28.44806671,50.19838333,0.023349399,6.628420353,11.84449959,10.55729008,556.2775879,109.204277
666,622,26.5193882,28.45064926,50.2695694,0.026872506,6.66011858,11.91897106,10.48889637,556.7022705,108.7819443
667,623,36.53517532,28.45302582,49.73838425,0.034837496,6.549800396,11.75334072,9.930232048,566.2846069,98.57022095
668,624,38.55482864,28.45201492,49.80807114,0.042802483,6.439481735,11.58770943,9.907446861,566.8093262,97.88204956
669,625,40.21318817,28.42985916,50.04180527,0.041459981,6.407352448,11.55594063,9.888158798,566.6906738,97.42868042
670,626,38.29942322,28.4077034,50.61657333,0.039831251,6.443791866,11.61799812,10.17174339,562.5891113,100.7602844
671,627,34.48874664,28.39807892,50.00202179,0.037359022,6.480231762,11.68005466,10.1363554,563.3486938,101.4361496
673,628,31.4010582,28.40166473,49.78336716,0.029351825,6.657139778,11.91364574,10.17404842,562.4335938,103.1505508
674,629,29.22141647,28.41817856,50.02185059,0.033536442,6.624629974,11.93020821,10.35323906,559.8075562,105.752655
675,630,36.07644653,28.43617821,50.31084824,0.040593855,6.260011673,11.76570511,10.19137096,562.6274414,101.8748779
676,631,39.35334396,28.45175743,50.46617126,0.046313424,6.169372559,11.60120296,9.998139381,564.1373291,99.56285095
677,632,41.21323395,28.4615097,50.04203415,0.042700484,6.286661625,11.65777302,9.874826431,566.9238281,97.17671967
678,633,36.64527893,28.47126198,50.60111618,0.039087545,6.425794601,11.79842091,10.27326298,561.4962158,102.6672287
679,634,30.47383118,28.47863197,50.70629883,0.033845663,6.571737766,11.93992138,10.57683659,556.9016724,108.0617752
680,635,27.49167442,28.48487473,50.54228973,0.027041167,6.738125801,12.08834457,10.52968311,556.9154053,108.4503098
681,636,24.67253494,28.49223137,50.51250839,0.020236671,6.904513836,12.23676682,10.69754505,554.5896606,110.9624481
682,637,22.97544098,28.51600075,50.32844925,0.025624536,6.863335609,12.12964344,10.76122761,554.0479126,111.6408691
683,638,32.14701843,28.53976822,50.16732407,0.03243662,6.676154613,11.76156616,10.36862087,560.4543457,104.5919952
684,639,36.16060638,28.54389572,50.27880478,0.037268739,6.488973618,11.39348793,10.18425941,562.4949341,102.1477127
685,640,37.01028442,28.52389336,50.27401733,0.037024595,6.487699986,11.47556019,10.07795334,563.7693481,101.0520172
686,641,36.60018539,28.50389099,50.50060654,0.036780454,6.48921299,11.62320805,10.25073528,561.647644,102.2352142
688,642,28.09932518,28.50958633,50.4172554,0.02780237,6.658583641,11.97012711,10.57785797,556.7526245,108.4528503
689,643,26.79710197,28.51967239,50.39413834,0.023020741,6.784753323,12.15881348,10.57731628,555.9085083,109.7122574
690,644,24.32005501,28.54818344,50.54789734,0.02864911,6.62178421,12.02754211,10.72684574,553.9699097,112.0014725
691,645,31.94232559,28.57669449,49.98583984,0.03427748,6.347394466,11.71859741,10.2263813,561.9710693,103.0753174
692,646,37.64955902,28.57319832,50.19913483,0.038011201,6.284824371,11.41415596,9.996569633,564.7999268,100.4780273
693,647,37.628685,28.54874611,50.1456337,0.039297502,6.339366913,11.45040894,10.03584099,564.7056885,100.0083771
694,648,38.4794426,28.52429199,50.54094315,0.040583808,6.393909454,11.48666096,10.11107254,563.298584,101.0658035
695,649,34.46014023,28.53605652,50.39871597,0.034943137,6.395072937,11.59714699,10.35596371,560.6923218,103.8911667
696,650,30.80574226,28.54820633,49.92559052,0.027796745,6.395848751,11.81819916,10.32948875,561.2720947,104.31353
698,651,26.28781319,28.58315659,50.04611206,0.030793414,6.532649517,11.7145853,10.51892185,557.5192871,108.5934525
699,652,34.50430298,28.60305595,50.21108627,0.037976764,6.415769577,11.2388134,10.19643497,562.5095215,102.8819351
700,653,38.69417953,28.58734322,49.99892426,0.041918438,6.173987865,10.80915165,9.990480423,566.0267334,99.43055725
701,654,40.80187225,28.5603714,50.09177017,0.043622307,6.057744026,10.68212318,9.940491676,566.2769775,98.02379608
702,655,39.10660934,28.5386982,50.42351913,0.045326181,5.958516598,10.58231544,10.06071949,564.1463013,100.0858459
703,656,33.69827652,28.54825401,50.53805923,0.03638792,6.245854855,11.12194443,10.31857014,560.9639282,103.9989319
704,657,28.26623917,28.55781174,50.06014252,0.027196323,6.526896954,11.66157436,10.47003651,558.4295654,107.9370651
705,658,25.28291512,28.56196785,50.15186691,0.024298673,6.568437576,11.88934326,10.59751987,556.5612183,109.024292
706,659,23.06379318,28.56133652,50.58483887,0.032496348,6.609977722,11.6400013,10.78225517,552.9464111,112.856041
707,660,35.09741211,28.56070328,50.22546005,0.040694017,6.395524979,11.39066029,10.10195065,563.1600952,102.1512451
708,661,41.69996262,28.51143456,50.16285324,0.046752635,6.044438839,10.99779415,9.853298187,567.4328613,97.04624176
709,662,42.70072174,28.45765305,50.20707703,0.052086651,5.960141659,10.76324749,9.819414139,567.2437744,96.07537079
710,663,41.52289963,28.41854477,49.97686386,0.055235952,6.156514168,11.09122753,9.729089737,568.6888428,95.2260437
711,664,34.91612625,28.41363907,50.21952438,0.044038817,6.352886677,11.41920757,10.15428448,562.6871338,101.3861923
712,665,30.42393494,28.40873146,50.1579361,0.032841686,6.404411793,11.59684277,10.28303814,559.8595581,105.1871109
713,666,28.98779678,28.40930367,50.63503265,0.031207109,6.37588501,11.69100094,10.5254097,557.1191406,107.2440643
714,667,29.84861755,28.41239548,49.57081223,0.038492113,6.546417713,11.77921867,10.04852772,563.5314941,102.9415817
715,668,38.23081589,28.41203117,49.62437439,0.045777116,6.340310574,11.64991474,9.723104477,568.6673584,96.68727112
716,669,40.83457184,28.36610413,49.51597977,0.04905976,6.123520374,11.52061176,9.533281326,570.7872314,94.09505463
717,670,42.03093719,28.32017708,50.55169678,0.051910449,6.496576309,11.49396992,9.926907539,564.6646729,97.63059998
718,671,39.88978195,28.30573654,49.84787369,0.05093994,6.261931896,11.62672901,9.663976669,568.6878662,95.51434326
719,672,34.13447571,28.32959747,50.02386093,0.04036035,6.235840797,11.75948906,10.08809376,562.8102417,101.5818863
720,673,30.44960403,28.3534584,49.92240143,0.029780757,6.423184872,11.88548183,10.22608376,561.5761108,104.1468506
721,674,26.71491814,28.3757515,50.09894562,0.02564426,6.545879364,11.89532089,10.48423576,557.7188721,107.5449219
722,675,23.9475708,28.39774513,50.54111099,0.024635626,6.66857338,11.87865829,10.65852928,554.0501099,111.8987808
723,676,28.0409584,28.4126873,49.73144531,0.024075186,6.521513939,11.67867756,10.30913734,560.4839478,106.1399078
724,677,33.10975266,28.40377617,49.79682159,0.030306635,6.545024395,11.25519753,10.15876484,562.9284058,102.1920242
725,678,20.56842995,28.39486504,50.14218521,0.036538083,6.71000576,12.00146675,10.76370811,553.6679688,112.7510529
726,679,19.81685257,28.41724205,50.5596962,0.03713112,6.755459309,12.23719692,10.86005211,551.8718262,114.0788345
727,680,17.70322609,28.45906067,50.5675354,0.030847449,6.856935978,12.43951321,10.99186039,549.9464111,116.3609238
728,681,16.78856659,28.50073051,50.30990601,0.024563776,7.008452892,12.48857975,11.00278091,550.944458,116.0793915
729,682,14.50815201,28.51516151,50.55821228,0.025310215,7.159970284,12.53764534,11.08838367,548.038147,118.9915924
730,683,14.30694962,28.52959061,50.31429291,0.02740331,7.122689247,12.52486515,11.05797672,549.4700928,118.0040131
731,684,18.12190247,28.53733253,49.87417603,0.029263046,7.064665318,12.46498394,10.84614563,553.5213623,114.0359726
732,685,18.85547066,28.53478622,50.41196442,0.030332029,7.030743599,12.40510178,10.91010284,551.5897827,115.5807724
733,686,18.8572216,28.53223801,50.24142075,0.031401012,7.055936813,12.422369,10.90162563,552.6553955,114.615799
734,687,18.41941261,28.52604866,50.30025864,0.028872406,7.081130028,12.44316196,10.8562355,552.621521,115.2739182
735,688,16.6123867,28.5188446,50.42669678,0.024106639,7.114747047,12.45703316,10.946208,550.4064331,116.555191
736,689,15.83227348,28.51050568,50.43996811,0.019372085,7.152359486,12.45774841,11.04721737,549.8790283,117.2913666
737,690,18.19908142,28.49666595,50.38790512,0.020405833,7.183045864,12.45846367,10.95251942,551.3436279,115.9556046
738,691,17.47092819,28.48282433,50.3551445,0.02143958,7.116759777,12.22726631,10.92086887,550.9923096,116.1504211
739,692,18.09008789,28.45061874,50.50112152,0.023908198,7.050474167,11.91173267,10.86982346,551.1504517,115.358345
740,693,20.20081711,28.40396881,50.18609619,0.028584063,6.87097311,11.76448536,10.73337555,553.6173096,112.8925858
741,694,19.91976929,28.35731697,50.48582077,0.033259928,6.652459621,11.98995209,10.7565794,552.6741943,113.8475571
742,695,18.51782417,28.39796638,50.22268295,0.029785236,6.746843815,12.21541882,10.82336617,551.9782104,114.2400513
743,696,17.46383858,28.44337654,50.37375259,0.024046252,6.950317383,12.34702682,10.9077158,551.7421875,116.2366104
744,697,16.48524666,28.4772625,50.43126678,0.019493086,7.153791428,12.4367733,10.95332336,550.2582397,116.1002655
745,698,15.40676594,28.48846436,50.4847641,0.020681947,7.13640976,12.51893997,11.01016426,549.3348389,117.1952972
746,699,15.21094131,28.49966621,50.53331375,0.021870807,7.104276657,12.45150948,11.07204819,549.2520142,118.0912018
749,700,20.58695984,28.49445724,50.49494553,0.038178444,7.079480171,12.38682652,10.8904438,552.2661743,113.71595
751,701,18.75045013,28.49592209,50.38272476,0.025439175,6.735569954,12.44317055,10.92222977,551.6779175,114.975563
752,702,17.8671608,28.49988937,50.44635773,0.02145257,6.807195663,12.32698536,10.86745262,551.2709351,115.5191269
753,703,16.78900146,28.50705719,50.59697723,0.02280093,6.797643661,12.20639515,11.04249763,549.1930542,116.7866898
754,704,25.70917511,28.51422501,50.29233551,0.024149289,6.649207592,12.0204277,10.52547455,556.5539551,109.0979843
755,705,34.91578293,28.51005745,50.29693985,0.030877547,6.500771523,11.69740772,10.17124367,563.0561523,101.6798019
756,706,38.4980545,28.50450516,50.06612396,0.039636999,5.948687077,11.37438774,9.980397224,565.5516357,99.87965393
757,707,40.76588058,28.49759293,50.50827789,0.046498179,6.305888176,11.35461903,10.00999641,564.8011475,98.63897705
758,708,40.34058762,28.48718262,50.64721298,0.038685657,6.428172112,11.47286701,10.05874062,563.9134521,99.31499481
759,709,32.58333969,28.47677231,49.94390488,0.030873137,6.544176579,11.59481812,10.14561081,562.9133301,101.6254807
760,710,28.55671883,28.47167778,50.39459229,0.026368607,6.597304821,11.76189518,10.45928478,557.4299927,108.1125793
761,711,30.42115974,28.46922112,50.68834305,0.025128078,6.607475281,11.92897224,10.47772598,557.3129272,107.062233
762,712,24.97870827,28.46561623,50.54115677,0.02388755,6.531470299,11.6375618,10.67367458,554.6188354,110.6385956
763,713,38.01911163,28.44301987,50.67594528,0.034922201,6.01371479,10.6888752,10.1673851,562.9585571,101.3208923
764,714,41.72291183,28.4204216,49.77791977,0.047444195,6.311707973,11.38885593,9.692749977,570.0402222,94.54138184
765,715,42.16346741,28.4173317,50.57104874,0.053951364,6.35538578,11.47109222,9.910628319,565.2288208,98.01007843
766,716,40.53374481,28.43850708,50.28155136,0.045030739,6.399063587,11.55332851,9.980814934,566.0043335,97.89694977
767,717,34.85277557,28.45968437,50.6008873,0.036110118,6.505646706,11.68098927,10.26441956,560.78302,103.6858368
768,718,29.0350647,28.46575165,49.82460403,0.030216251,6.649856091,11.88143921,10.30062962,560.6873779,105.5472565
769,719,27.81404305,28.46882057,50.18175888,0.025820255,6.794065475,12.08189011,10.51908398,557.7548828,107.2253036
770,720,26.24393463,28.47086525,50.37900543,0.022332074,6.521430016,11.96501732,10.60744953,555.8045654,109.4805908
771,721,36.61981964,28.46933365,50.49097061,0.033777874,6.234457016,11.73951149,10.13857746,562.0552979,101.8260651
772,722,38.69404984,28.46780014,50.22735596,0.045223672,6.069258213,11.48336983,10.01342106,565.6995239,98.74050903
773,723,40.93432236,28.47585106,50.46999741,0.048474863,6.00703764,10.9708662,9.988574982,564.725769,98.14877319
774,724,39.68954086,28.48999977,50.6241188,0.041509278,6.162229538,11.59139061,10.05328751,563.5717773,99.85723114
775,725,34.39673233,28.50415039,50.55638885,0.034543689,6.444691658,11.74843597,10.33334255,560.5998535,104.25457
776,726,28.04357147,28.52638817,50.26570129,0.028185925,6.727153778,11.90548134,10.49580765,558.4169922,107.498848
777,727,27.03444099,28.54862785,50.64823532,0.021949591,6.70494175,11.83467388,10.66863823,555.0698853,110.169487
778,728,23.71743965,28.56593323,49.98347473,0.019095708,6.681739807,11.69725323,10.60100651,556.6973877,109.6886063
779,729,32.44976425,28.57546616,50.65966415,0.028088257,6.527510643,11.50260448,10.4132843,558.8677368,105.779335
780,730,35.98598862,28.58500099,49.81697083,0.037080806,6.144044399,10.96142673,10.0072794,565.6467285,100.0581512
781,731,37.32462692,28.58380318,50.29255295,0.039716482,6.254050255,11.16554928,10.16491699,563.295105,101.0653305
782,732,36.92778015,28.5795269,50.13486862,0.038301948,6.367975235,11.37670422,10.08437061,564.8148804,99.42219543
783,733,35.0705452,28.57566261,50.39981079,0.036887418,6.494522095,11.59283543,10.23481655,562.0123901,102.8167572
784,734,29.2140255,28.57388496,49.91313171,0.029839827,6.645422935,11.81745911,10.41904068,560.4356079,105.402092
785,735,27.44850922,28.57210922,50.1344223,0.02278834,6.796323299,12.04208183,10.49096775,557.767395,107.6366043
786,736,25.86824226,28.5711174,50.3895874,0.021818573,6.621103287,11.94115257,10.08244133,560.368103,103.6713715
787,737,33.26384735,28.57075691,49.95098495,0.030462168,6.309488297,11.70597839,10.22047806,563.083313,102.1839066
788,738,36.64624786,28.57039833,50.38428116,0.039105762,6.288890839,11.41038322,10.17158318,562.2502441,101.9845963
789,739,37.69842148,28.54896927,50.54711914,0.039234381,6.586631298,11.15013885,10.14021587,562.8182983,101.7284927
790,740,20.53431511,28.52625084,50.25954819,0.036907349,6.805113792,12.21353054,10.67568398,554.4124756,113.0301056
791,741,19.47218704,28.50874901,50.22117615,0.034007348,6.774474621,12.11314392,10.8720808,552.722229,113.9542542
792,742,27.84340477,28.50178528,49.9022522,0.028205995,6.547942638,12.0127573,10.33447552,560.0861816,106.0003204
793,743,28.6668396,28.49482346,50.52836609,0.022404639,6.406673908,11.90438271,10.50506687,557.550354,107.4835358
796,744,39.65865326,28.4978447,50.51613235,0.046253413,6.431835175,11.81929016,10.11926365,563.5808716,99.85940552
797,745,22.79656219,28.48801041,50.1160965,0.043422453,6.563283443,12.06988907,10.49612331,552.5771484,108.1719742
798,746,21.57392311,28.47817802,50.09809113,0.039784148,6.615441799,11.94859123,10.67365742,554.8936768,111.8595581
799,747,18.9493885,28.47571945,50.24713135,0.035084408,6.797821522,11.75724602,10.88373184,552.9742432,114.2609482
800,748,16.3482399,28.48073006,50.30041885,0.028236825,7.007565975,12.07650375,10.95474911,550.9155273,116.3061218
801,749,17.17994308,28.48573875,50.17233276,0.021389242,7.136519432,12.29222488,10.89121819,552.0344849,114.9979401
802,750,15.27048779,28.49757957,50.42251205,0.025656149,6.95583725,11.92831135,11.06853008,549.1571655,118.2741394
803,751,19.36450577,28.5103054,49.75557327,0.034259051,6.775155067,11.56439686,10.68196964,555.494812,111.8299561
805,752,22.07789612,28.5080986,49.73838425,0.039732162,6.464895248,11.28879929,10.5902729,557.2993774,110.0736542
806,753,21.33323669,28.49910164,50.60676193,0.03774076,6.645101547,11.61617851,10.77269554,552.6419067,113.7036514
807,754,18.84261894,28.51580429,50.37680817,0.033328339,6.861269474,11.97514534,10.89868927,552.1031494,115.0805893
808,755,16.53820801,28.54566765,50.52261353,0.026445208,7.067619324,12.23252773,11.09797859,549.1939697,117.7444839
809,756,15.50223732,28.5749588,50.04553986,0.019562077,7.233342648,12.26182461,11.03078651,551.2331543,116.0698624
810,757,15.72412014,28.5933094,50.02629471,0.023985608,7.193692684,12.29112244,11.01870155,551.5980225,116.339592
811,758,19.18168068,28.6116581,50.46465302,0.029902723,7.154042721,12.04838848,10.90871239,551.428833,115.4888916
812,759,20.08795929,28.61182022,50.67271042,0.034440089,6.681192398,11.73167419,10.98782444,550.675354,116.1832809
813,760,20.8468399,28.58865356,49.9527359,0.035281837,6.918372154,11.91153049,10.70919418,555.4765015,112.0450668
814,761,19.89721489,28.56548691,50.44775009,0.036123589,6.791703224,12.09138775,10.91038418,552.0805054,114.4115601
815,762,18.66319466,28.5675106,50.28176117,0.032538828,7.180945396,12.39915752,10.94683075,552.0391846,114.7522736
816,763,15.80496216,28.57481384,49.80926514,0.026677163,7.217204094,12.57795048,10.88530636,552.4867554,115.5817108
817,764,14.39271927,28.58302307,50.3599205,0.021365691,7.253463268,12.69578266,11.11796856,548.6720581,118.6683197
818,765,13.13519859,28.59454727,50.2550354,0.026782162,7.221920013,12.68382454,11.11823082,548.7086182,119.2285843
819,766,18.20143127,28.60607147,49.41444016,0.032198634,7.167860031,12.45084953,10.71137047,556.1931763,112.3682251
820,767,19.90529251,28.59155464,49.74987411,0.035858635,7.085781097,12.21787357,10.74304581,555.4815674,112.7536926
822,768,20.28241348,28.52830887,50.50323105,0.038659491,6.868686199,12.21702099,10.81789684,552.2090454,114.5188065
823,769,18.57195854,28.52223778,50.09239197,0.033396617,7.015407562,12.26183224,10.89481831,552.6669922,114.2245483
824,770,16.67662048,28.51638222,50.20726395,0.026722237,6.89646101,12.38457203,10.9481802,551.0639648,115.8445282
825,771,15.19699097,28.50988007,50.53000641,0.022909855,6.962590694,12.50731182,11.13183308,548.2070313,118.1962051
826,772,15.43021011,28.50230789,49.74438477,0.029830219,7.040763855,12.5140934,10.8715992,552.2925415,115.569458
827,773,19.66760254,28.49473763,50.03188705,0.036750585,7.075500011,12.41283035,10.74050999,553.836731,113.1409302
828,774,21.6099968,28.47707176,50.45842361,0.040290974,7.035479069,12.31156635,10.79442978,552.8085938,113.3275299
829,775,22.02110291,28.45624924,50.58771896,0.041535441,6.995458126,11.88753796,10.84051704,552.1218262,113.8899155
830,776,20.98218536,28.4400425,50.06344986,0.042779904,6.668431759,11.54334545,10.70534897,554.687439,112.1508179
831,777,19.56807709,28.45058823,50.30599594,0.035553992,6.749700546,11.94062901,10.83270073,552.4619141,113.8078461
832,778,17.11951828,28.46113205,50.15008545,0.028159704,6.926490307,12.33791161,10.92797375,551.798584,115.3628769
833,779,16.05626678,28.47905922,50.24399948,0.025063394,7.103280544,12.34373188,10.97232628,550.2979126,115.8337784
834,780,15.16227436,28.50347328,50.56758118,0.029421804,6.927317619,11.98287678,11.05480194,548.8144531,118.0406189
835,781,19.17659569,28.52788734,50.199646,0.033780213,6.716089249,11.62202072,10.85468197,552.3324585,114.2064056
836,782,20.26610184,28.518116,50.29376221,0.036802575,6.709097862,11.80306435,10.83290672,552.7521362,114.7575684
837,783,20.91141891,28.50527382,50.57618713,0.039381497,6.82430315,12.0273695,10.86701584,551.979187,114.1980133
838,784,20.83307457,28.5018425,50.55641937,0.040605664,6.939507961,12.23951912,10.84967613,552.5895996,114.4283829
839,785,18.66267967,28.5200901,50.49993515,0.033216517,7.051645279,12.41841125,10.96011734,550.7251587,116.0997238
840,786,16.34465027,28.53833771,50.59149551,0.025827372,7.162849903,12.59730339,10.90517139,543.4662476,114.272438
841,787,14.56899452,28.55418015,50.47911453,0.023759015,7.241531849,12.58296585,11.19796085,547.7702026,118.9917068
842,788,14.02449322,28.56893349,49.95798874,0.026577901,7.142836571,12.46580315,10.98392296,550.4632568,116.6155624
843,789,18.37800598,28.5813942,49.96450043,0.029396785,7.044141769,12.35327339,10.82630348,553.6228638,114.1448822
844,790,20.09707451,28.56482124,50.01530838,0.032727465,6.993145943,12.35896969,10.78129578,554.0237427,113.096962
845,791,20.06362534,28.54824829,50.36284637,0.03611109,6.982781887,12.36466599,10.90560818,552.069397,114.7772217
846,792,19.28166008,28.54261398,50.31007385,0.036665335,6.972417831,12.4038887,10.87926197,552.1875,114.5025482
847,793,18.25067329,28.54990387,50.07549286,0.030337898,7.064728737,12.48886204,10.85732079,552.5373535,114.6010132
848,794,15.57468033,28.55719566,50.17735672,0.024010461,7.166646004,12.57383633,10.99501801,550.4226685,117.3267136
849,795,12.58823395,28.56294632,50.44744873,0.024253942,7.189511299,12.51831436,11.22040844,547.5818481,119.9241562
850,796,14.50330639,28.56841278,50.30449295,0.027641466,7.008739948,12.42938709,11.08624172,549.1505737,118.3689499
851,797,18.35744095,28.56471443,50.20367813,0.031077588,6.827968121,12.34424973,10.82282066,552.8053589,114.9010925
852,798,19.94472504,28.53010178,50.43500137,0.035256743,6.816980839,12.27639294,10.86962795,552.2935791,115.02771
853,799,20.19442368,28.49548721,49.71957779,0.039435897,6.911336899,12.2085371,10.66930199,555.5377808,112.0457916
854,800,20.2355423,28.48103714,50.03432465,0.038844038,7.005693436,12.23914337,10.76841164,554.3643799,112.456871
855,801,19.86153221,28.47927475,49.53899384,0.032341883,7.062560558,12.35185909,10.52239799,557.0922852,111.2458267
856,802,17.88206482,28.47751236,50.21222305,0.025839727,7.120988846,12.46457577,10.83076668,552.0999756,115.0116043
857,803,15.91010284,28.47859192,49.87537766,0.027212845,7.180402756,12.35419846,10.92500687,552.0389404,115.4686356
858,804,15.1840744,28.47967339,50.38608932,0.030179251,7.037918568,12.22710514,11.0233202,549.2009277,117.5518112
859,805,19.36079025,28.47204971,49.81216049,0.033619978,6.817848206,12.06081581,10.71547318,554.9557495,112.3571854
860,806,36.86053467,28.45046043,50.59355164,0.038775206,6.464838505,11.79421902,10.22228146,562.2634277,101.868866
861,807,38.60967255,28.42887115,50.27141571,0.04393043,6.470182419,11.52762222,9.95450592,564.9133301,99.57446289
862,808,38.67351913,28.43501282,50.56782532,0.041540958,6.47552681,11.5141325,10.09899139,562.8682251,100.376236
863,809,33.64679718,28.44947052,50.48213577,0.034160346,6.54664278,11.62749004,10.29827023,560.305603,103.679245
864,810,30.16495895,28.46252823,50.04822159,0.02677973,6.652403355,11.72004604,10.32408905,560.5245972,105.069519
867,811,29.39328766,28.47195816,50.11131668,0.026004806,6.519589424,11.62947845,10.29088879,560.3960571,105.630928
868,812,33.68005753,28.46487999,50.57440186,0.032369144,6.44685936,11.52912903,10.28974915,559.8118896,104.6522369
869,813,36.19303894,28.45779991,50.36260986,0.038733486,6.374129295,11.42877865,10.17584991,562.9042358,101.501503
870,814,21.32995415,28.45930481,49.76873016,0.035748657,6.57640934,11.69845772,10.56800079,556.3609619,111.0810394
871,815,19.42540359,28.46151161,50.42686462,0.02976317,6.866761684,12.08764362,10.91017151,551.5539551,114.6944962
872,816,17.24814606,28.46455956,49.82065201,0.024484251,7.109880447,12.41688347,10.79050255,553.1590576,114.2041473
873,817,15.91679764,28.46949005,50.04584503,0.023471611,7.101784229,12.38044643,10.97151947,551.3637695,116.1941223
874,818,15.24312019,28.47441864,50.61111832,0.022458969,7.093688011,12.34401035,11.07812595,547.9902954,118.58004
875,819,18.88401222,28.46726227,49.66037369,0.025670549,7.044817448,12.27954292,10.70797825,554.9233398,112.5906296
876,820,21.15270042,28.4547863,49.94087219,0.032672618,6.961668015,12.18982601,10.65096664,555.1883545,111.5090637
877,821,22.25562668,28.44416428,50.15994644,0.039674688,6.878519058,12.1001091,10.67689323,554.3909302,111.7044449
878,822,21.57710838,28.45497322,50.2970314,0.035283405,6.912849426,12.16871262,10.68503475,554.0605469,112.3529892
879,823,18.61853027,28.46578026,50.42648697,0.029794378,6.961569309,12.25277328,10.88319683,551.2090454,114.9521255
880,824,17.26114845,28.47707367,50.04733658,0.025469854,6.992292881,12.29234791,10.89165688,552.1469727,114.9069672
881,825,16.6537056,28.48892403,50.33898926,0.023899991,6.975814342,12.22619915,10.95150757,550.6282349,116.2541275
882,826,18.09550285,28.50077438,50.02127075,0.022330126,6.959335327,12.16005039,10.82333565,553.1314087,114.4793472
883,827,20.74076843,28.49276161,50.14139175,0.026663462,6.93327713,12.16357517,10.69183159,554.8511353,111.8555527
884,828,20.67986679,28.4812355,49.8990593,0.033747453,6.90190649,12.19969177,10.70941734,555.1942749,111.552475
885,829,21.6169014,28.47567749,50.01322174,0.04001008,6.870535851,12.01652718,10.6571846,554.9375,111.9570007
886,830,20.57637405,28.48956871,50.33420181,0.034928739,6.955594063,12.33354855,10.74646378,553.3954468,113.5231781
887,831,19.935812,28.50345802,50.429245,0.029847398,7.048141956,12.2496624,10.79815674,552.3756714,114.2927399
888,832,18.52908325,28.50774765,49.63903809,0.026061276,7.114776134,12.16577721,10.67375946,554.8837891,113.1308136
889,833,16.9313755,28.50615311,50.17963409,0.023842104,7.135576248,12.15886307,10.85203266,546.7841187,113.2914734
891,834,19.97999573,28.50339699,50.07661438,0.026956594,6.987661362,12.1572485,10.67818737,554.7131348,112.5569611
892,835,21.34252739,28.50223541,49.85300827,0.033755239,6.767393589,12.16382504,10.55827332,556.4209595,111.0490952
893,836,21.52846718,28.50490761,50.43117905,0.038613461,6.759391785,12.17040157,10.74598694,552.5789185,113.4524231
894,837,21.29832458,28.5135746,49.99235535,0.036695167,6.889469624,12.20154476,10.67423344,555.3272095,111.4052353
895,838,19.93141937,28.52224159,50.65303421,0.034776874,7.017355919,12.24279785,10.87296486,551.3989868,113.5034027
896,839,17.6449585,28.50923347,50.1751976,0.031026203,7.091648102,12.27946377,10.79644299,552.3731689,114.4838791
897,840,16.06633568,28.48995018,49.93470764,0.026093554,7.165940285,12.27161598,10.86188793,552.0499878,115.9157944
898,841,16.30525208,28.47476387,50.35191727,0.021160904,7.017659664,12.26376915,10.91784477,550.2822266,116.3670502
899,842,20.28270721,28.48101807,49.97792435,0.030715149,6.86117506,12.22358131,10.62388897,555.1157837,112.3841324
900,843,22.14680862,28.48727226,50.53779221,0.040373653,6.859343529,12.14822865,10.75984573,553.7634888,113.0646515
901,844,22.64947891,28.4743042,49.86691284,0.044654071,6.857591152,12.07287598,10.56017494,556.9161987,109.9804916
902,845,22.10018921,28.44533157,49.89777374,0.040084947,6.909114838,12.07308769,10.56959724,556.7272339,110.2212219
904,846,17.58013725,28.40117645,50.43288422,0.030902555,6.881270409,11.98376942,10.89581776,548.2591553,116.3370743
905,847,27.12445831,28.37721825,49.87963867,0.02412069,5.708303452,11.01949692,10.02151871,501.7947083,95.33231354
906,848,36.29525757,28.37685394,49.61711502,0.036173381,6.344170094,10.5221777,9.822426796,564.0010986,100.5626526
907,849,40.66445923,28.35536003,49.94508743,0.045847435,5.707445621,10.30774117,9.671096802,570.0183716,96.09744263
908,850,21.85475159,28.34469604,50.05696487,0.040626705,6.71150589,11.78772163,10.62335968,555.6347656,110.9390945
909,851,19.14920998,28.35198593,49.57071304,0.033446278,6.922840118,12.13045692,10.62886429,555.9817505,111.0411072
910,852,17.62546158,28.35927582,49.66720963,0.026091659,7.064451694,12.36849594,10.69901657,555.1060791,112.4234314
911,853,17.99837303,28.36640549,50.31084824,0.023701597,7.014350414,12.31701851,10.8456192,552.0906372,114.4489059
912,854,20.47473145,28.37335587,49.41100311,0.032710988,6.964249134,12.26554108,10.45014763,558.2731323,109.3419876
913,855,22.10154533,28.38030624,50.35123062,0.041720379,6.590706348,12.06626129,10.69099903,554.362915,111.7404022
914,856,23.10905075,28.38737869,49.90123749,0.041468944,6.692797184,12.07666874,10.49379635,557.1955566,109.8323822
915,857,22.24323273,28.39447021,50.08921432,0.037025612,6.79488802,12.08707523,10.66531658,555.3365479,110.631546
916,858,18.85152626,28.4063549,49.49205399,0.032520682,6.889868259,12.15035152,10.60143757,556.171936,111.5509567
917,859,19.40645027,28.43329239,50.36777496,0.027238229,6.97563982,12.28076553,10.85554123,552.2633667,113.9721756
918,860,18.11268806,28.46022987,50.05957794,0.021955777,7.061411381,12.41117954,10.81166077,553.2311401,113.7599106
919,861,17.72694397,28.47481537,50.30424118,0.021986719,6.839318275,12.33693504,10.92397404,551.4968262,115.2247238
921,862,20.88841057,28.48900604,50.63031006,0.034593847,7.050780773,12.14290619,10.83939648,552.3340454,114.1233749
922,863,20.92985535,28.47470093,50.66627502,0.034521904,7.05390358,12.26573467,10.84353924,551.9975586,114.5501938
923,864,21.00761414,28.46039391,50.57877731,0.033269729,7.055273056,12.3885622,10.85310555,551.9872437,114.163559
924,865,18.60269356,28.44480515,50.53786087,0.031106522,7.070666313,12.44151974,10.92430878,550.9666138,115.4280548
925,866,16.97012711,28.42727089,50.5733757,0.025872711,7.115695477,12.43228531,10.98730278,549.6068115,116.466095
926,867,16.62185097,28.40973473,50.36091614,0.0206389,7.160725117,12.42305088,10.92347145,550.2523193,116.4758453
927,868,15.60689735,28.40354538,50.56907272,0.024222774,7.092333794,12.32102776,11.08396816,548.588562,117.690033
928,869,19.79341316,28.40051651,49.93711853,0.033353094,6.977323532,12.210289,10.52881145,555.7932129,111.8162689
929,870,21.906353,28.39434242,50.00001144,0.042483412,6.870528221,12.1401844,10.60019112,556.1526489,111.2859192
930,871,22.73211098,28.37250519,49.86222839,0.04299238,6.89806366,12.17457008,10.52674389,556.4717407,110.1623383
931,872,22.48509216,28.35066795,49.77910614,0.043492105,6.925599575,12.20895576,10.50822353,557.0344238,109.2195511
932,873,20.2703495,28.33595276,50.41916656,0.040690839,6.957167625,12.26963043,10.75171471,552.7575684,113.608017
933,874,19.30264664,28.32700729,50.40149307,0.032592934,6.994013786,12.3435421,10.79030418,552.0970459,114.1069641
934,875,17.14681816,28.31806374,50.25479126,0.02449503,7.03085947,12.40580177,10.89672565,550.8353882,115.3684235
935,876,16.46673393,28.32939529,50.35271835,0.030072087,6.954912186,12.24761868,10.8908596,550.4972534,115.9593201
936,877,19.99444962,28.34207916,49.73682022,0.039754882,6.853736877,12.08943653,10.54380131,556.4463501,110.8212509
937,878,24.17242622,28.34956741,50.55134201,0.047910608,6.774782181,11.98971653,10.57944775,554.9779053,110.9687576
939,879,24.2181282,28.34274673,50.44491196,0.047457717,6.793106079,11.94201374,10.66076374,555.0012207,109.9448929
940,880,21.77141953,28.35690498,50.22494507,0.042906802,6.796336174,11.99306011,10.68350315,554.8122559,111.711525
941,881,20.51374626,28.37831497,50.05610275,0.034658305,6.794865608,12.06051731,10.69120502,554.4800415,111.9387894
942,882,18.66980171,28.4002285,50.00929642,0.026409809,6.780360699,12.07931519,10.72636414,554.0726318,112.9120941
943,883,18.34998894,28.42706108,50.51233673,0.030460168,6.70571804,11.85459232,10.87496853,551.0480957,115.0978241
944,884,21.65018272,28.45389175,50.16916656,0.03551897,6.631074905,11.62986946,10.58919811,555.8911133,111.0807037
945,885,23.30045891,28.45758247,50.4611969,0.040106364,6.639045238,11.61921978,10.58309269,555.4294434,110.906868
946,886,23.99432182,28.43602562,50.43550873,0.043641988,6.711613178,11.77632236,10.62278557,555.0212402,110.4715347
947,887,23.39065361,28.41446877,50.30647659,0.047177609,6.784181118,11.93342495,10.59555054,555.9458618,110.8779221
948,888,20.92001724,28.42486572,50.29736328,0.042346541,6.81896162,12.09808064,10.72828579,554.0265503,113.062294
949,889,17.95196342,28.4401989,50.36039352,0.033885151,6.850922585,12.26329803,10.89813232,551.1456299,115.6309128
950,890,16.19910812,28.45599747,49.8757515,0.026718128,6.837450981,12.3521986,10.8017416,552.1623535,114.9674606
951,891,15.97489357,28.47315598,50.56219101,0.033296086,6.836362839,12.27582645,10.99121284,549.3546753,117.0373764
952,892,20.58270073,28.49031639,49.91155243,0.039874043,6.849609852,12.19945335,10.64906788,556.31427,111.6343536
953,893,22.67631531,28.4832325,50.57020187,0.045301639,6.837206364,12.12379646,10.78182316,553.1252441,112.8251266
955,894,24.45301628,28.44317055,50.4513092,0.053610772,6.743062019,12.04891014,10.61218834,553.1851807,109.8167038
956,895,22.04985619,28.45214081,49.87152863,0.046515763,6.906024933,12.15910816,10.64061546,555.9414063,110.7745819
957,896,19.31005669,28.46111298,50.58847809,0.037640978,7.068987846,12.26930618,10.88432884,551.3150024,114.5339966
958,897,18.86666298,28.47049522,50.1513176,0.032403238,6.707380295,12.2655859,10.7387619,553.5487061,113.709465
959,898,16.9889431,28.48044395,49.94051743,0.037959773,6.789800644,12.23083115,10.86758327,552.5400391,114.4962234
960,899,21.64524841,28.49039268,49.82034683,0.043516308,6.872220993,11.69877625,10.53285122,556.6644287,110.3351364
962,900,25.00092506,28.44847679,49.73704529,0.056227375,6.772258759,11.90027618,10.39549637,558.5498657,107.7317734
963,901,24.84675789,28.43478203,49.93423843,0.062164973,6.844513416,11.70466232,10.49021149,557.7653809,109.019577
964,902,22.40891647,28.46368027,50.50486374,0.048501726,6.927085876,11.92281151,10.72927284,554.2659912,112.3865128
965,903,20.28147316,28.49258041,50.2862854,0.034838475,7.010900021,12.18764782,10.76250267,552.984436,113.7384186
966,904,19.20960236,28.51320267,49.97627258,0.028274991,7.054871559,12.35278416,10.71780968,554.9552002,112.0360641
967,905,19.19049263,28.52799225,50.74686813,0.031599306,6.967722416,12.19030285,10.91364002,550.538208,115.9122238
969,906,24.05097389,28.51343727,50.56395721,0.039935373,6.855717659,12.00563431,10.70499611,554.7105713,111.5407715
970,907,23.54698563,28.4829731,50.56987381,0.045352399,6.87168932,12.07555389,10.72809124,554.1173096,111.7982178
971,908,23.38301086,28.46871567,50.34107971,0.047905628,6.887661457,12.14547348,10.68732738,555.0211792,110.7721176
972,909,21.66939354,28.48279572,50.23406982,0.038623594,6.956641197,12.09776306,10.71010399,554.5928955,111.7065811
973,910,19.50339508,28.49687576,50.1394577,0.029341564,7.026013851,12.04914379,10.80940723,554.0424194,113.1952057
974,911,19.07421684,28.49969482,50.45307922,0.028369788,6.78664732,11.96945477,10.85375118,551.9807739,114.3245468
975,912,18.19309044,28.49881172,50.54301071,0.033336446,6.807346821,11.83632851,10.93512249,551.5386353,115.4428253
976,913,22.23488617,28.49523163,50.29401398,0.038303103,6.82889986,11.88651943,10.64914608,555.0465088,111.658905
977,914,23.31898499,28.47522736,50.07259369,0.043557957,6.842165947,11.96357536,10.52396393,556.9215698,110.2078094
978,915,23.66379929,28.45522118,50.38031387,0.048821125,6.60396719,11.51216412,10.63392448,555.3191528,111.1723709
979,916,23.54344177,28.44697952,50.240345,0.04872391,6.600765705,11.47507572,10.63065529,555.5806885,110.6962357
980,917,21.74389839,28.4491806,50.67766571,0.03911864,6.708433628,11.76445961,10.76199532,552.9663696,113.0495377
981,918,20.17547989,28.45138359,50.11507416,0.029513368,6.821903229,12.05384445,10.77882481,554.144043,112.4601746
982,919,18.17552757,28.45075226,50.45182037,0.030101847,6.939248085,12.20120811,10.8576107,552.1459961,114.3106918
983,920,18.36559105,28.44987106,50.53931808,0.034103781,7.056593418,12.15761948,10.92112541,551.3341064,115.0557632
984,921,22.48248482,28.44217491,50.19120789,0.038562205,6.981463909,12.11402988,10.61744595,555.6999512,109.8791199
985,922,24.00121689,28.4190979,49.75964737,0.045877587,6.899863243,12.11559486,10.42782021,558.6414185,108.6047897
986,923,24.43555069,28.3960228,50.30284882,0.053192969,6.855003834,12.12740803,10.54474545,556.0848999,109.8036804
987,924,23.64284134,28.38948441,49.96305466,0.052419156,6.880212784,12.14669895,10.50973606,557.3538208,108.9352493
988,925,21.71325684,28.39018631,50.32178116,0.044360772,6.905421257,12.20071507,10.71038151,554.2271729,111.9439697
989,926,19.78237343,28.3904705,50.22655106,0.036302388,6.951087475,12.25473022,10.70815086,553.9943848,112.9146271
990,927,18.07686615,28.38621902,50.38411713,0.036896996,7.005933285,12.2252512,10.78565788,552.1998291,114.2801437
991,928,17.84139824,28.38196754,50.36725616,0.038297594,7.048508167,12.11948872,10.85613441,551.1656494,115.1255112
992,929,22.72089386,28.36778641,49.94738007,0.041303135,6.94799757,12.01372528,10.51099014,557.229126,109.1959229
993,930,23.73484802,28.34253693,50.58196259,0.047994889,6.84748745,11.9863863,10.63940144,554.4776001,110.8546295
994,931,24.14476776,28.31728745,49.86704636,0.054686647,6.662799358,11.96669102,10.43864155,557.8100586,108.4543991
995,932,23.97799683,28.32122231,50.28705215,0.04961564,6.410998821,11.98135948,10.54078865,555.5630493,109.9714279
996,933,22.5193615,28.32984924,50.37854767,0.039307918,6.583755016,12.078269,10.56755924,554.6432495,111.2036819
997,934,18.97228813,28.33969498,50.43863297,0.030039459,6.756511211,12.17517757,10.83909702,551.7589111,113.3018875
998,935,18.27902412,28.35319138,50.5761795,0.03261622,6.840981483,12.17975998,10.87922192,550.6784058,114.9258347
999,936,17.83035469,28.36668968,50.03743362,0.035192985,6.811550617,12.13118267,10.72225761,553.5234375,113.8854599
1000,937,22.9411068,28.36168289,50.04868317,0.042127777,6.782119751,12.08341026,10.54790783,556.4769287,109.8280716
1001,938,24.46912766,28.34620667,50.35042953,0.053990215,6.786006927,12.06950283,10.59039307,555.6498413,109.7456131
1002,939,25.71752739,28.33145523,49.97974777,0.06585265,6.796952724,12.05559635,10.35911846,558.8790283,108.1422806
1003,940,24.82981873,28.34261894,50.36584091,0.056242011,6.812430382,12.07129288,10.49176216,556.6515503,109.5599976
1004,941,22.1021347,28.35378265,50.08027267,0.043076165,6.851899147,12.12930298,10.53196526,555.578064,110.4284592
1005,942,20.66106796,28.36114693,50.31344604,0.033083487,6.891368389,12.18731308,10.75428391,553.5776978,112.2026978
1006,943,19.16727066,28.36316872,49.8705368,0.0327821,6.887693405,12.08864689,10.63184547,554.5896606,111.9588699
1007,944,18.56360054,28.36519051,50.25447464,0.032480713,6.845993996,11.94224548,10.71279049,552.9112549,113.6409912
1008,945,23.60796928,28.35575294,49.97901535,0.04190075,6.804294586,11.82064152,10.47082901,557.2922363,108.9804382
1009,946,24.85565567,28.34352875,50.34186935,0.056899652,6.801243305,11.83407307,10.47547817,556.7301025,109.4671021
1010,947,25.8278656,28.33607483,50.05664063,0.071265399,6.803115368,11.84750557,10.41348934,558.8646851,107.3285675
1011,948,24.80237007,28.34858704,50.21725464,0.059931435,6.813786507,11.89833355,10.48257542,556.7946777,108.7667694
1012,949,23.70378494,28.36109734,50.3913269,0.048597462,6.85470295,11.98625565,10.59228039,555.5410156,110.0257721
1013,950,21.42033768,28.37705231,50.4024086,0.040464126,6.895619869,12.07417679,10.644907,554.2701416,112.3591766
1014,951,20.82343292,28.39548683,50.50339508,0.03688366,6.881520271,12.05746651,10.74274445,552.809021,112.9427948
1015,952,19.47815132,28.41392136,50.3799057,0.033303197,6.742438316,12.02616787,10.82201958,552.6685791,113.6941681
1016,953,24.29359245,28.40574646,50.11922455,0.042627413,6.580682755,11.95581913,10.46331882,557.1272583,109.0025253
1017,954,27.4786377,28.39149284,50.64719391,0.063683681,6.389455795,11.6646843,10.56699944,555.5067749,109.7189713
1018,955,26.71072197,28.39291763,49.76576233,0.055216435,6.815158367,11.85294724,10.27966118,560.3604126,106.1603088
1019,956,24.70285797,28.39434242,50.58045197,0.046749186,6.878279686,12.04121017,10.63681221,554.8911133,110.8147964
1020,957,20.44210243,28.40435791,50.23441696,0.040100999,6.941400528,12.14919758,10.73724556,553.6843872,111.9763947
1021,958,20.90055656,28.41727448,50.52884293,0.034776568,6.961045265,12.21644211,10.72529316,553.3259277,113.1552048
1022,959,19.71714783,28.42601395,50.60296249,0.02945214,6.924006462,12.27223206,10.86252594,551.5579834,114.4326401
1023,960,23.7583847,28.40823555,49.89950943,0.043640587,6.886967182,12.11845779,10.39598846,558.3997803,108.9180222
1024,961,25.51688194,28.39045525,50.67239761,0.058487061,6.843683243,11.96468353,10.58738136,555.1479492,110.4227982
1025,962,26.60073662,28.37809181,50.21110153,0.064782679,6.798542976,11.77459526,10.4328928,557.7507935,107.8466644
1027,963,23.74190712,28.36317825,49.87417603,0.04643736,6.822684765,11.54122353,10.41763783,558.2560425,108.3957062
1028,964,21.49985886,28.36958313,50.45959473,0.040697236,6.855407715,11.78954411,10.71493721,553.2782593,111.9007111
1029,965,20.35707855,28.37730217,49.90713501,0.036134899,6.887353897,12.03786469,10.6316185,555.4614868,111.2954254
1030,966,20.35995102,28.3819046,50.66227341,0.033709306,6.893667698,12.06447697,10.76424408,552.4854736,113.43396
1031,967,22.82562828,28.37929535,49.90626907,0.045188446,6.852796078,12.05273056,10.42992973,558.0653687,109.1177063
1032,968,25.03021812,28.376688,50.56029892,0.056667585,6.811924458,12.03363419,10.55052948,555.0595093,110.4680328
1033,969,25.45245934,28.37283897,49.84330368,0.058683794,6.809037685,11.99060822,10.42094803,558.578064,107.3520355
1034,970,25.53565407,28.368433,50.41669083,0.052019302,6.819847584,11.9475832,10.50571823,556.2341309,108.9811478
1035,971,23.00331688,28.36378288,50.42943954,0.045354806,6.833147526,11.69486809,10.62344551,554.6837769,111.0979919
1036,972,20.78125191,28.35627937,50.37622452,0.039946374,6.863664627,11.67932701,10.69685364,553.6307983,112.0914764
1037,973,18.55367279,28.34877586,50.25032425,0.0346619,6.890550613,11.89175701,10.79670811,552.0696411,113.89048
1038,974,20.27650642,28.34468269,50.11000443,0.034488678,6.9173069,12.09841728,10.60277271,554.2112427,111.6566467
1039,975,23.81634903,28.34447479,50.07374573,0.046322785,6.650925159,11.72352982,10.44334126,557.7028809,108.8144608
1040,976,25.32683182,28.3442688,50.50286102,0.058156893,6.384543419,11.34864235,10.48678875,551.4765625,107.2580872
1042,977,24.76405907,28.32190323,50.50938797,0.052636463,6.546440601,11.33200741,10.52274132,555.9274902,109.849762
1043,978,23.08296394,28.31483841,50.51968765,0.047109652,6.49082613,11.56667423,10.65498829,554.4782715,110.8864899
1044,979,21.03486824,28.32310677,50.65789795,0.040844243,6.560161591,11.95102596,10.71633625,552.6029663,113.2842865
1045,980,19.97224617,28.33137512,49.93035507,0.034578834,6.62605238,12.33537865,10.58839989,555.1931763,110.9780731
1046,981,19.88842583,28.33382797,50.33046341,0.035843734,6.681038857,12.19151974,10.74574852,553.4629517,113.6506805
1047,982,23.49730492,28.33291245,49.80068207,0.045799594,6.736025333,11.94957542,10.39883709,558.9065552,108.2766495
1048,983,25.26465607,28.33170509,50.69886398,0.055755455,6.564368725,11.42088699,10.53643131,555.2029419,110.314827
1049,984,25.76427269,28.30862999,50.25195694,0.055797402,6.643511772,11.70588112,10.44991493,557.0621338,108.4355545
1050,985,25.06278419,28.28555298,50.60634995,0.054040857,6.446470737,11.33376408,10.56968021,554.71698,109.98172
1051,986,23.54921913,28.27434731,50.5973587,0.05068576,6.872368336,11.56734657,10.66168594,553.9230347,111.6328812
1052,987,21.37651634,28.28082085,50.34870529,0.042126279,6.948647976,11.89125061,10.61033249,554.041748,111.991478
1053,988,19.47935677,28.2872963,50.31055832,0.033566799,6.977900982,12.16901016,10.66192818,553.111145,112.9465561
1054,989,18.64492416,28.2943573,50.58246231,0.035579167,6.979430676,12.15846443,10.79480457,551.670166,114.2791138
1055,990,22.03556824,28.3015728,50.20328522,0.043972578,6.863178253,12.14791775,10.54976177,555.1090088,110.8353882
1056,991,24.79268456,28.30485153,50.10841751,0.052365992,6.746925354,12.07649899,10.50011349,556.649353,108.809082
1057,992,25.15782356,28.29003716,50.41102219,0.049197108,6.714066505,11.95035648,10.4354763,555.2747192,108.6266785
1059,993,22.3792057,28.27855873,50.39868164,0.040808354,6.798541069,11.95827675,10.66886425,554.1692505,111.4313965
1060,994,19.46757126,28.29825401,50.37598801,0.03352727,6.879755497,12.11655617,10.84050465,552.3920288,113.3769913
1062,995,19.9927063,28.33766174,50.41948318,0.02914515,7.00792551,12.12454414,10.77087688,552.7367554,113.2451935
1063,996,23.22123146,28.35737801,49.78186417,0.035544511,6.91310358,12.04555798,10.39312267,558.711853,108.1196976
1064,997,24.08143044,28.36506271,50.6265831,0.041283205,6.818281174,12.03016472,10.6499815,554.7556152,110.6292038
1065,998,24.31903267,28.34416199,50.19029617,0.042572137,6.810467243,12.04392147,10.4362421,557.2007446,108.8621216
1066,999,23.6716423,28.32325935,50.36663055,0.043861073,6.851938725,12.06049824,10.56459141,555.5384521,109.6034851
1067,1000,21.9744854,28.32928085,50.31670761,0.041027926,6.8939147,12.11410236,10.68735695,554.6873779,111.145546
1068,1001,20.28077316,28.34789276,50.1253891,0.034303147,6.960825443,12.16770649,10.67332077,554.8981934,112.0630798
1069,1002,18.20764923,28.36615181,50.60213852,0.027578371,7.027736187,12.18346882,10.83068657,551.4989624,114.9518356
1070,1003,17.13618088,28.37946892,49.83821487,0.03300593,7.033300877,12.15409756,10.73387051,553.9073486,112.7851028
1071,1004,21.9764595,28.39278603,50.09485626,0.039788213,6.947105408,12.1247263,10.52687836,552.5834961,108.814621
1072,1005,22.43565941,28.39183044,50.3014679,0.044986516,6.860910416,12.14603519,10.65309811,555.2210083,110.8356705
1073,1006,24.42400742,28.37355232,50.45061111,0.046207208,6.678793907,12.17867279,10.58205509,554.4157104,110.164978
1074,1007,23.62292671,28.3552742,50.54691315,0.047427904,6.612320423,12.20691967,10.59170151,555.055542,110.4523621
1075,1008,22.24965477,28.34914398,50.56158829,0.043629106,6.75629425,12.21526718,10.67963409,554.4901733,111.9800415
1076,1009,19.1661644,28.3453846,50.22574234,0.037357997,6.900267601,12.22361469,10.70407581,553.7732544,112.6011353
1077,1010,19.91044998,28.34678841,50.00629044,0.031876013,6.523140907,11.53661251,10.6367445,554.9851074,111.9471741
1078,1011,18.13703728,28.36628532,50.42728424,0.039937239,6.888278008,11.7100153,10.8494854,551.0690308,114.9637833
1079,1012,23.16250038,28.38578415,49.91365051,0.047998469,6.795190334,11.88341808,10.48897648,557.5661621,109.2527542
1080,1013,24.90342903,28.38041306,50.38470078,0.053375278,6.72389698,11.98584175,10.5493784,556.3828125,109.8606262
1081,1014,25.38132668,28.35895157,50.24612427,0.055338461,6.726070404,11.99210072,10.49733829,557.56073,108.5923691
1082,1015,25.54259109,28.33749008,50.52854919,0.057301644,6.728244305,11.99835968,10.5280695,555.6812744,109.7911911
1083,1016,23.26431274,28.37047768,50.31467819,0.048915125,6.680623531,11.57518005,10.62707901,555.2747803,110.9761353
1084,1017,20.73291397,28.40390015,50.38902664,0.038336616,6.750388145,11.4388628,10.76673222,553.328186,113.0313187
1085,1018,19.02619171,28.43082428,50.50304413,0.031114282,6.634195805,11.59007835,10.79239559,552.0375977,114.0023117
1086,1019,18.46826744,28.4470253,50.31379318,0.036492743,6.649484158,11.69207859,10.8178978,552.2377319,113.8921432
1087,1020,22.89845657,28.46322632,49.70956421,0.041871205,6.662340641,11.79407883,10.39642811,559.2027588,108.5201187
1088,1021,24.46744156,28.44587326,49.73822403,0.046680175,6.673557758,11.84219456,10.4131918,559.0,107.9880447
1089,1022,24.58976746,28.41806221,50.15063858,0.051102206,6.684775352,11.88974762,10.50024891,556.958313,109.5816879
1091,1023,22.78263474,28.4022007,49.96944809,0.045888264,6.677068233,11.50575447,10.55368423,557.1293945,109.5183945
1092,1024,22.43162537,28.40903854,49.93157959,0.035975121,6.756266117,11.73617744,10.51233387,557.1610107,109.8387299
1095,1025,23.18531609,28.39612007,49.91758728,0.05027217,6.638240337,11.98490143,10.3936348,557.6258545,108.5478745
1096,1026,24.74661827,28.35148621,49.91513824,0.054383673,6.706998825,11.92086697,10.3707695,558.2741699,107.9018707
1097,1027,24.95905495,28.30342865,50.20275879,0.0569732,6.775756836,11.85683155,10.43646622,557.3230591,108.1732941
1098,1028,24.69639206,28.26900291,50.53035736,0.058009814,6.82221365,11.91161728,10.523139,556.0177002,109.6377029
1099,1029,22.45957756,28.26595879,50.37882233,0.049178462,6.857377052,12.04516506,10.61273766,554.5627441,110.1961746
1100,1030,21.64545631,28.26291275,50.02819061,0.040347107,6.89115572,12.1787138,10.53055096,555.9380493,110.1793594
1101,1031,20.39785004,28.26033974,50.06769562,0.037534494,6.895767212,12.09813023,10.61179352,555.1434937,111.017952
1102,1032,20.01343155,28.25797844,50.00818253,0.040255811,6.900379181,12.01173496,10.59418869,554.6652222,111.4715195
1104,1033,25.03508186,28.23230171,50.5521698,0.04949259,6.691957951,12.07894802,10.58050346,555.2429199,109.3456955
1105,1034,24.85972595,28.21041298,50.04171753,0.056401521,6.634016037,12.08763313,10.36138535,557.4519043,108.2024918
1106,1035,24.83006287,28.21249199,50.3215332,0.057997651,6.590326309,12.10887146,10.49911118,555.9110107,109.2636108
1107,1036,23.69774628,28.24293137,50.42842484,0.046655588,6.55283308,12.16758442,10.54615116,554.7278442,110.266716
1108,1037,21.2639904,28.27337265,50.6413269,0.035313524,6.52212286,12.22629642,10.70194817,552.6838989,112.5270538
1109,1038,19.81957245,28.2943058,50.22876358,0.034137629,6.579946041,12.18419361,10.58324432,553.7442627,112.3155594
1110,1039,18.70633888,28.31347466,50.32202911,0.037828881,6.637769699,12.08001614,10.75662804,552.6225586,113.4734268
1111,1040,23.19131851,28.32584953,50.07644272,0.041657358,6.579235077,11.97583961,10.44748497,557.5713501,108.7046661
1112,1041,24.76728821,28.31527901,50.57236481,0.047585439,6.535207272,12.01520824,10.60410309,555.0690918,110.0192032
1113,1042,25.17694283,28.30470848,50.22113419,0.053513519,6.667736053,12.0616045,10.44845867,557.7380981,108.7494812
1114,1043,24.63554955,28.31842613,50.63465881,0.052903753,6.800264835,12.07637501,10.55601215,555.5831909,109.6305008
1115,1044,23.96367073,28.34744644,50.33205414,0.044187676,6.846405983,12.02160454,10.56405735,555.7330322,109.8185196
1116,1045,21.95533943,28.37646675,49.81486511,0.0354716,6.876300812,11.96683311,10.51135349,556.9277344,109.7623978
1117,1046,20.62334251,28.38048744,50.3536377,0.035304509,6.881120682,11.93256283,10.63429642,554.8718872,111.5169373
1119,1047,23.62131119,28.37991714,50.20608139,0.039763253,6.680573463,11.88691711,10.46304512,557.2098999,109.5791931
1120,1048,24.57063293,28.36164284,50.46666336,0.047455736,6.591195583,11.92345524,10.52301502,555.8656006,109.967926
1121,1049,25.26156044,28.34336853,50.21321869,0.055148218,6.510972977,11.95999336,10.47847462,557.1303711,108.500885
1122,1050,24.6540432,28.34148216,50.48559189,0.05312125,6.5787673,12.02920628,10.51187325,555.6848145,109.8124313
1123,1051,22.98765373,28.34453583,49.83903122,0.044658188,6.762512207,12.14026833,10.45211792,557.8269043,108.7950363
1124,1052,21.19321632,28.34538078,50.42856216,0.036195129,6.946256638,12.25132942,10.65524197,554.3739014,111.9898453
1125,1053,19.83480835,28.33404732,49.79304886,0.034780197,6.902739525,12.20346546,10.54618931,556.1478271,110.3859253
1126,1054,19.05753326,28.32271194,50.62316895,0.033460457,6.84168911,12.11697769,10.82067394,551.7803345,114.1802673
1127,1055,22.41448784,28.29380226,49.6619873,0.036848746,6.676860809,11.85065365,10.41760731,558.321106,108.3644562
1128,1056,25.44034195,28.2029953,50.57997894,0.053553127,6.552433491,11.53386116,10.42240047,553.7310181,108.2052078
1130,1057,20.16646194,28.20468521,50.39019012,0.032382265,6.812076092,12.14112854,10.66468239,553.6070557,112.1576614
1131,1058,19.12963486,28.2072525,49.9722023,0.034536406,6.823140621,12.31734943,10.58084774,554.2485962,111.7626877
1132,1059,19.21369362,28.2098217,50.30131531,0.036690552,6.790648937,12.22300053,10.71176434,553.0421143,112.5069733
1133,1060,25.84994698,28.1956501,50.09877396,0.044263076,6.709717751,11.99122143,10.07781792,552.680603,102.5364151
1135,1061,25.58143806,28.15582466,50.06789017,0.069136545,6.348968983,11.84297752,10.37560272,557.4396362,108.748848
1136,1062,25.45867538,28.17567253,49.96297073,0.060411341,6.567564487,11.91197109,10.35311127,558.2351685,107.1690063
1137,1063,22.8678894,28.1955204,50.31696701,0.049643166,6.693539619,11.98628426,10.59501839,554.3937378,110.638588
1138,1064,21.87375641,28.20796394,50.44384384,0.041848157,6.800783634,12.06861305,10.57698536,554.0374756,111.0579147
1139,1065,18.65523911,28.21186256,50.06290436,0.041087106,6.86092186,12.1509428,10.66770363,553.1836548,112.55867
1140,1066,21.8400631,28.21576309,50.09516144,0.040326059,6.751731396,12.16814327,10.57455444,555.9181519,109.9562759
1141,1067,24.5240097,28.21193504,50.06845474,0.044182271,6.642541409,12.16740417,10.31822205,558.0947266,107.8271255
1142,1068,23.79632187,28.20673752,50.56767654,0.050190218,6.64127636,12.16566944,10.61851406,554.7133179,110.7613678
1143,1069,24.36349678,28.20926857,49.69073486,0.055388357,6.717952251,12.1587429,10.29398155,558.8658447,106.5578384
1144,1070,23.97244072,28.23703957,50.29872131,0.049325474,6.794628143,12.15181541,10.53058147,555.852417,109.4182281
1145,1071,22.53156471,28.26481056,50.10045242,0.04326259,6.845211506,12.11733627,10.54520035,555.777832,109.6575851
1146,1072,19.8646946,28.28486633,50.06390762,0.039296407,6.894757748,12.05641079,10.64997005,554.1878662,111.4719315
1147,1073,20.51304436,28.30018425,49.91326904,0.037870768,6.902018547,11.99548531,10.56903267,555.6591187,110.5802765
1148,1074,22.30382347,28.31540489,50.38834763,0.036445133,6.827464581,12.00203228,10.62102795,554.8626099,111.2369843
1149,1075,23.83176613,28.30971909,50.26251602,0.043308035,6.752910614,12.01646614,10.4338007,556.7537231,108.867218
1150,1076,23.42670441,28.30403328,50.03852081,0.051783737,6.759940624,12.03236294,10.3856926,557.2841187,109.0617981
1151,1077,24.09023285,28.30721092,50.32819748,0.056786779,6.802265644,12.05200958,10.55381489,555.8181152,109.5890503
1152,1078,23.35152817,28.3242588,49.87569046,0.049638085,6.844175816,12.07165623,10.44185638,557.7247314,108.5678711
1153,1079,22.01029587,28.34130669,50.60458755,0.042489391,6.874544144,12.04213047,10.70484161,553.1658936,112.2971115
1154,1080,22.5503273,28.35016632,50.38968277,0.038232878,6.904912472,11.98791885,10.61059666,555.0961914,110.7359314
1155,1081,21.56511307,28.35664558,49.76947403,0.035846774,6.918796539,11.93384361,10.49103546,557.0240479,108.9956436
1156,1082,21.46796227,28.36022568,50.32632065,0.033460669,6.907323837,11.91478443,10.59259319,554.7982788,111.580162
1157,1083,23.72159195,28.34857368,50.08332443,0.043447729,6.895850658,11.89572525,10.41366196,557.9619141,108.6082306
1158,1084,24.03055,28.33691978,50.10946655,0.053529322,6.865338326,11.90295124,10.43352509,557.602417,109.7164993
1159,1085,24.79957008,28.33144188,50.48749924,0.0570601,6.82891798,11.95145702,10.54831219,555.5773315,110.042099
1160,1086,24.20356369,28.33111763,50.45965576,0.049795609,6.810021877,11.99996281,10.51954269,555.3113403,110.113327
1161,1087,22.22727585,28.33079338,50.5736618,0.042531122,6.894368649,12.13717747,10.61545563,554.4073486,111.4459839
1162,1088,21.19695282,28.3237133,50.41363144,0.037403904,6.97871542,12.30690575,10.72670364,553.7120972,111.9338455
1163,1089,20.03207016,28.32583618,50.43331909,0.035737365,6.949948311,12.21597767,10.69132614,553.0473633,113.1790314
1164,1090,18.53199577,28.34334373,50.34673691,0.036014352,6.95372057,11.89761353,10.79628944,552.2161865,114.4844208
1165,1091,23.68953514,28.35963631,50.01307297,0.050024174,6.927483559,12.12647629,10.441926,557.6669922,108.580368
1166,1092,24.22807503,28.36196136,50.58655167,0.062221322,6.879150867,12.08819866,10.57928276,554.9972534,110.1362076
1167,1093,24.68030357,28.34033775,50.53891373,0.059983891,6.692711353,12.05034447,10.51241398,555.6049194,109.9035416
1168,1094,24.07237625,28.31871605,50.5532074,0.057746459,6.569626331,12.06325054,10.56376553,555.1160889,110.6099472
1169,1095,23.11903572,28.32471085,50.1501236,0.052795943,6.608314514,12.07615566,10.51210308,556.4120483,110.1428757
1170,1096,21.99647331,28.33974648,50.00786591,0.04509538,6.585335255,12.16103458,10.55810642,556.126709,110.4493713
1171,1097,19.40120506,28.35458755,49.94506836,0.037394818,6.711092949,12.15613174,10.57263374,555.7088013,111.3550873
1173,1098,22.70129967,28.38183594,49.65784836,0.052412927,6.866278172,12.07859039,10.35474014,559.2164307,108.4812698
1174,1099,25.0290432,28.37143707,50.71652222,0.058808796,6.784702301,11.93293476,10.60216236,555.1863403,110.5844803
1175,1100,25.89499664,28.33498001,50.51026154,0.059293699,6.773729324,11.78727913,10.49056339,556.2950439,109.0882111
1176,1101,24.80701065,28.29852486,50.36323166,0.059778597,6.800575256,11.86035728,10.41952229,557.1842041,108.6170883
1177,1102,23.65271568,28.30195808,50.21124649,0.053075381,6.828912258,11.97671127,10.43630981,556.5723877,109.9771423
1178,1103,21.90433884,28.31163216,50.11371231,0.042370863,6.895908356,12.06892872,10.49380875,555.6818848,110.6285095
1179,1104,20.12094498,28.32187653,50.03121567,0.032216597,6.96290493,12.07573509,10.61568451,554.9362793,110.9040756
1180,1105,18.74137878,28.33384132,50.54983139,0.041584086,6.898836136,12.08254147,10.7770853,551.8042603,113.511673
1181,1106,23.30565262,28.34580803,50.49452972,0.050951578,6.64864397,11.68924618,10.5530014,555.2634277,110.3815308
1182,1107,25.79833031,28.32559586,50.36323929,0.057861034,6.781795502,11.33112335,10.44300175,557.2981567,107.9426422
1183,1108,26.47130966,28.28687286,50.57791138,0.061273053,6.770304203,11.6252737,10.38868618,556.7540894,108.5221024
1184,1109,25.64611626,28.24944687,50.15929031,0.064685069,6.811285019,11.88627911,10.38388348,558.0570679,107.1551361
1185,1110,23.71992683,28.27544594,50.34072495,0.056601468,6.846200466,12.07794762,10.5614109,555.9255981,109.3878326
1186,1111,21.49823189,28.30144501,50.55659103,0.045602538,6.861374855,12.09883785,10.6353817,553.6950684,112.552948
1187,1112,21.36224747,28.32151794,49.88142776,0.037572253,6.876549721,12.11972904,10.49501228,557.3634033,109.412529
1188,1113,20.86503601,28.33288765,49.79162216,0.042809304,6.744941711,11.88152981,10.48250866,556.9711304,110.1726151
1189,1114,23.11042786,28.34425545,50.10796356,0.048046358,6.523424625,11.51791286,10.51553154,556.5952148,109.5305939
1190,1115,24.72257996,28.3211174,50.58725357,0.053423084,6.613593578,11.70237923,10.57767582,554.9890747,109.7277756
1191,1116,25.78254318,28.28880501,50.59664536,0.058906108,6.704467773,11.88832855,10.44647312,555.8081665,109.325592
1192,1117,25.92690468,28.26474762,50.46333313,0.064389132,6.37082243,12.03847885,10.41054535,557.0900879,108.2793198
1193,1118,23.3867588,28.2795887,50.61188889,0.052774258,6.637481213,12.12777615,10.53513241,555.008728,110.5781174
1194,1119,20.70661926,28.29442787,50.33086014,0.040312812,6.760927677,12.21707439,10.60332394,554.0714111,111.7930679
1195,1120,19.75154495,28.30188751,50.20983124,0.033374216,6.884374619,12.18236065,10.60338306,554.354126,111.9964447
1196,1121,18.78291321,28.30355263,50.32273102,0.03725848,6.843990326,12.09592724,10.69770432,552.8842773,113.1473083
1197,1122,22.19765091,28.30521774,49.83146286,0.041142743,6.799176693,12.02136707,10.45509243,557.8706055,108.9157639
1198,1123,23.46925926,28.26435852,50.60358429,0.044611726,6.775932789,12.06572056,10.575387,554.5335693,110.5680542
1199,1124,24.14071465,28.22103882,50.00217438,0.04792152,6.796066284,12.11007309,10.40750885,557.9243774,107.8425446
1200,1125,23.89918518,28.19198608,50.31658554,0.050318476,6.81619978,12.06511307,10.42232418,556.777771,108.6996384
1201,1126,23.01761246,28.19184875,50.09990692,0.045161378,6.843893528,11.92179012,10.36305046,557.4816895,108.2977829
1202,1127,21.46169662,28.19171333,50.32326126,0.040004283,6.875177383,11.77846813,10.61658287,554.2374268,111.35923
1203,1128,20.80963135,28.19639015,50.22133255,0.038445536,6.901988983,11.80477142,10.54757118,555.3171997,110.5925369
1204,1129,20.72013855,28.20298004,50.60589218,0.04058731,6.815904617,11.8581686,10.62252045,553.1530151,111.9861374
1205,1130,23.75250053,28.20630264,49.49929428,0.042729087,6.729819775,11.91471577,10.2235651,560.6315918,105.693367
1206,1131,25.5517025,28.18041039,50.29642868,0.048887588,6.670444489,11.98084736,10.32074547,558.0438232,107.6300659
1207,1132,25.26938248,28.15451622,50.1234436,0.055603914,6.648047447,12.04697895,10.31898117,558.3510742,107.0935059
1208,1133,24.88136292,28.15563774,50.52679825,0.0577229,6.625649929,12.08915901,10.43042088,556.3024902,108.3296204
1209,1134,23.21347427,28.18537903,50.12714005,0.046969358,6.730287552,12.11425114,10.44523335,556.848938,108.8830338
1210,1135,20.0464859,28.21512032,50.5633049,0.036215819,6.869971275,12.13934422,10.73096943,552.3411865,112.7435455
1211,1136,18.82299232,28.24164391,50.36838531,0.033971906,6.979607105,12.14128304,10.68008423,553.4834595,112.7438202
1212,1137,18.4722023,28.26769066,50.46608734,0.036347087,6.888611317,12.14247417,10.7982626,551.6754761,114.0433884
1213,1138,21.42253876,28.28479958,50.06426239,0.038873222,6.797616005,12.1270895,10.54357529,555.9619751,110.6518478
1214,1139,22.60808754,28.27592278,50.64143753,0.045773502,6.76789999,12.08142281,10.61198997,554.2393188,111.623024
1215,1140,23.99764824,28.26704597,50.51791,0.052673783,6.796043873,12.03575611,10.48794842,555.7490234,108.7040176
1216,1141,23.3382473,28.28243637,50.5483551,0.053291641,6.824187279,12.06981373,10.51538277,555.5254517,110.1714783
1217,1142,23.36797142,28.31236649,50.62973404,0.044596832,6.840737343,12.13240051,10.60916138,554.3280029,111.0084534
1218,1143,21.20844269,28.34205055,50.15294647,0.035902023,6.855757236,12.1759634,10.57181072,556.1027222,110.3816986
1219,1144,20.1289959,28.35442162,49.87289047,0.039165713,6.863090038,12.0865612,10.4982605,556.8129272,110.1559448
1220,1145,19.48181343,28.36679077,49.95101547,0.045581877,6.844749451,11.997159,10.55984688,555.3689575,111.2797241
1221,1146,23.78343773,28.37172699,49.97634888,0.051680218,6.826408863,11.95870972,10.32430744,559.0120239,108.1082611
1222,1147,25.38996124,28.36563683,50.2997818,0.056331571,6.821504116,11.96847916,10.46329498,557.6981812,108.6424332
1223,1148,25.52209282,28.35954666,49.70198822,0.060982924,6.824863911,11.97824764,10.2828598,560.4667969,106.0146027
1224,1149,25.00768089,28.36829376,50.64983749,0.059486423,6.827895164,11.33664894,10.52888489,556.1166382,109.5060425
1225,1150,23.72436714,28.38095284,50.14451218,0.053325079,6.57750988,11.08812714,10.43336487,557.4627686,108.6017532
1226,1151,23.03439903,28.39430428,49.81779099,0.047163736,6.68066597,11.49436378,10.41289043,558.5228882,108.1867905
1227,1152,20.75739098,28.41080666,50.41276932,0.044146467,6.737863064,11.83070469,10.65755844,554.5974121,113.6893311
1228,1153,20.08791924,28.42730904,50.20793915,0.041270711,6.795060158,12.07760143,10.69076633,555.1553345,111.5279694
1230,1154,25.72677422,28.40579987,50.25832367,0.053898498,6.82293272,11.96544552,10.45626831,557.6307373,108.4326706
1231,1155,24.9098835,28.387537,50.241642,0.064681575,6.820553303,11.95727062,10.40968418,557.6954346,108.3167267
1234,1156,21.99804878,28.38681984,50.02603912,0.041066937,6.822116852,12.04886436,10.54103088,556.637207,110.1847
1235,1157,20.34593964,28.37341881,49.60757828,0.038723134,6.804361343,12.09819603,10.44207668,557.781311,109.4002609
1236,1158,19.18595505,28.36001968,50.33321381,0.03637933,6.770800591,12.09522152,10.71555996,553.5408325,112.6692657
1237,1159,23.38118744,28.33217049,50.15308762,0.041912589,6.739543438,11.996912,10.20914173,554.0210571,105.1888657
1238,1160,25.38750076,28.29907417,50.38625336,0.054969847,6.714938164,11.89860153,10.49882126,556.8251343,108.359436
1239,1161,26.08697891,28.26913452,50.35512161,0.068027101,6.690332413,11.88674831,10.36086941,557.8605957,107.8173599
1240,1162,25.83400536,28.26185226,50.29578018,0.059350859,6.714047432,11.90480804,10.41603661,557.3676758,107.5070114
1241,1163,23.87815475,28.25457001,50.34836197,0.048262026,6.771224976,11.93159962,10.48388863,556.0968628,109.5161209
1242,1164,21.79801369,28.24907303,50.50283051,0.039263956,6.828402519,12.01607132,10.65749073,554.4942017,110.9618073
1243,1165,19.60884857,28.24528313,49.77871323,0.035420377,6.720672131,12.10054398,10.45331097,556.7175903,110.3132324
1244,1166,18.87910652,28.24149513,49.69928741,0.031576801,6.609177589,12.09069157,10.55099964,556.1025391,110.791069
1245,1167,21.29507446,28.22315979,49.82033539,0.038922101,6.756459236,11.97238636,10.34812546,557.4623413,108.8317261
1246,1168,23.50289726,28.20319557,50.54930496,0.051605318,6.792592049,11.85408115,10.55835629,555.3116455,109.6931076
1247,1169,24.08276367,28.1902523,50.06590652,0.062846661,6.828724861,11.93143463,10.41586876,557.6958008,108.0525589
1248,1170,23.79577446,28.19465446,50.69609451,0.053562131,6.559064388,12.05452347,10.53114891,554.5024414,109.2127075
1249,1171,21.56560707,28.19905853,50.48767471,0.044277601,6.755987644,12.15488338,10.59706879,553.9539795,111.0431366
1250,1172,19.16327667,28.20630455,50.46831894,0.038269565,6.9529109,12.15901852,10.7399435,552.8170776,113.0467911
1251,1173,18.10770226,28.2149086,50.65838623,0.036196496,6.890608788,12.1631546,10.79232407,550.4311523,114.2224426
1252,1174,21.22200203,28.22213745,50.51356506,0.034123428,6.786428928,12.13198948,10.54499722,554.9241333,110.7642441
1253,1175,23.87697029,28.20965385,49.72761917,0.041474946,6.682340622,12.07522869,10.2687521,559.9979248,106.2890167
1254,1176,24.70234299,28.19716835,50.50150681,0.050581582,6.578528881,12.01846886,10.4727602,556.1132813,108.603569
1255,1177,24.93453789,28.1924572,49.94747543,0.056066755,6.47471714,11.99468899,10.18069935,559.3998413,106.3014526
1256,1178,24.20311165,28.19711113,50.63781357,0.049536061,6.431675911,11.97199154,10.5235548,555.0119629,109.5170517
1257,1179,24.03464127,28.20176315,50.75168991,0.043005366,6.431061745,11.65892315,10.53116798,554.7891846,109.8686905
1258,1180,23.30778503,28.207304,50.70914459,0.039049294,6.517361164,11.49974442,10.56536484,554.3204956,109.988266
1259,1181,22.42832375,28.2130127,50.43462753,0.036668908,6.657831192,11.77007389,10.52372837,555.3768921,109.8179703
1260,1182,22.50287819,28.21731758,50.01961899,0.034389317,6.79830122,12.04040337,10.39443779,557.6323242,108.8693085
1261,1183,24.49707985,28.21695137,50.13723373,0.043250564,6.779179573,12.00740051,10.34117413,557.9746704,107.4683075
1262,1184,24.83056641,28.21658707,50.1024971,0.052111812,6.752361298,11.95972443,10.32513237,558.3425293,106.6709518
1263,1185,25.3868351,28.2164669,50.33020401,0.055444442,6.745373726,11.93139076,10.35992241,557.9663086,107.5515823
1264,1186,24.67378616,28.21649933,50.61061096,0.050403424,6.777476788,11.94138908,10.42936134,556.1431885,108.6987305
1265,1187,23.38515472,28.21655464,49.9955101,0.045362409,6.809579849,11.95138741,10.33942795,557.9338989,107.6766052
1266,1188,21.42318535,28.21938515,50.404953,0.04028368,6.830248833,12.04004669,10.51233292,555.0860596,110.5247498
1267,1189,22.11046219,28.22221565,50.12470245,0.03519471,6.845903873,12.15868092,10.45578289,556.0801392,109.5644836
1268,1190,21.63747597,28.22725677,50.48330688,0.032892559,6.82362175,12.19919586,10.64326286,554.1477051,111.0766373
1269,1191,38.46181107,28.23566246,49.57811356,0.043715209,6.260682106,11.62495613,9.591452599,569.8428955,94.97103119
1270,1192,42.98217392,28.24406624,50.31175995,0.054537855,6.278895855,11.05071545,9.7420578,567.7581177,95.33177185
1271,1193,43.73210526,28.24908829,50.77403259,0.056466758,6.297110081,11.01945019,9.775515556,566.3533936,96.46226501
1272,1194,25.21681213,28.25318527,50.39017487,0.05151378,6.366775036,11.5280056,10.33514214,557.6668701,107.6315765
1274,1195,23.2623024,28.2683506,50.22604752,0.042452436,6.506158829,11.48859882,10.49740219,556.699646,109.1604233
1275,1196,22.15903854,28.27838898,50.00481796,0.038386378,6.498295307,11.51128578,10.45713425,556.9468994,109.1977234
1276,1197,21.81992722,28.28709984,50.22018814,0.037724014,6.728766441,11.493577,10.55597496,555.9580688,110.0822372
1277,1198,23.78588104,28.29478073,50.47402573,0.043641802,6.731053352,11.42552757,10.47091293,556.3493042,109.3318939
1278,1199,25.21467781,28.30245972,50.2050209,0.049559589,6.577475071,11.35747719,10.44569397,557.8468628,107.343605
1279,1200,24.93928719,28.28954506,50.20309067,0.049308985,6.813904762,11.32324123,10.39984512,557.677124,107.5480042
1280,1201,24.43402863,28.27557373,50.35252762,0.046770602,6.813519001,11.59263897,10.44657421,556.7526245,108.447876
1281,1202,22.84271049,28.26901817,50.42768478,0.044125218,6.81313324,11.86203575,10.58438206,555.0704956,109.7828064
1282,1203,23.0270195,28.2768631,50.42385101,0.040680997,6.613189697,11.64657879,10.58245277,555.3084717,109.550293
1284,1204,22.44127655,28.29403305,50.27096558,0.039816726,6.614280224,11.39323616,10.55330563,555.9332275,109.9535065
1285,1205,23.65693474,28.3039093,49.69013214,0.048265744,6.680470467,11.6382494,10.25156403,560.2845459,106.4669571
1286,1206,24.38960457,28.3119812,50.12564468,0.056714762,6.746660233,11.84981728,10.36339951,558.3968506,107.7381592
1287,1207,24.09177017,28.30647278,50.00589371,0.051531773,6.760082722,11.88367558,10.31331825,558.6530151,107.6094513
1288,1208,24.09002876,28.30096245,50.6251564,0.044751946,6.773096085,11.91753483,10.55375481,555.1672363,109.5464249
1289,1209,22.26041794,28.29960632,49.92034531,0.039807264,6.789846897,11.96169472,10.46867657,557.6173096,108.7636871
1290,1210,22.62874794,28.30231094,50.62470245,0.039497595,6.812762737,12.01438713,10.61149788,554.6604004,110.7324524
1291,1211,22.62392235,28.30501556,50.46076584,0.039187923,6.835678577,12.06707859,10.5212698,555.4573975,110.4282455
1292,1212,22.052248,28.32483864,50.13484573,0.042289022,6.836640835,12.07584667,10.5208683,555.8349609,109.9445343
1293,1213,23.64953232,28.34668732,49.88938522,0.047052618,6.828676701,12.08064461,10.31416607,559.3635864,107.3451843
1294,1214,24.54831505,28.35820961,50.7885437,0.051501591,6.807872772,12.06636238,10.62283134,554.4902344,110.366684
1295,1215,24.7185421,28.34353828,50.23189926,0.051097009,6.656239986,12.00873184,10.3856039,557.8324585,108.9994812
1296,1216,24.53390694,28.32886696,50.77769852,0.050692432,6.504607201,11.9511013,10.52313328,555.130249,108.8961792
1297,1217,22.99425125,28.34018898,50.67684555,0.048156369,6.624001026,11.98506451,10.57232666,550.626709,109.1025772
1298,1218,22.25995827,28.36423111,50.0407486,0.043009888,6.778067589,12.06722069,10.50262165,557.4075928,108.9594116
1299,1219,21.8194294,28.38782692,50.32448959,0.037863407,6.881087303,12.13898087,10.64443874,555.2084961,110.5870132
1300,1220,21.95020866,28.40441704,50.00580215,0.043194614,6.822024822,11.98462296,10.54991627,556.7600708,109.8677979
1301,1221,23.60180283,28.42100716,49.65453339,0.050549522,6.762962341,11.830266,10.31834221,560.0183716,106.8572159
1302,1222,24.85967445,28.41768265,50.24471283,0.055982366,6.759447098,11.76675224,10.41477203,558.1885376,108.184021
1303,1223,24.68569183,28.38989639,50.42380905,0.054860577,6.794724941,11.82248783,10.43264484,556.8468018,109.0648346
1304,1224,24.18886757,28.36211014,50.20180511,0.053738784,6.830002308,11.87822437,10.44018555,557.4451294,108.2824783
1305,1225,22.74229813,28.36504555,50.64316177,0.050345998,6.848775864,11.94628048,10.58859062,554.7799683,110.8433609
1306,1226,22.4672184,28.37395096,50.48200607,0.045533467,6.866354465,12.01784134,10.62539577,554.7158813,111.2393265
1307,1227,22.39129829,28.38173866,50.66424942,0.040764783,6.713695526,11.84570408,10.48967361,554.6747437,109.5333252
1308,1228,21.76381302,28.38569832,50.39871597,0.047447052,6.604239464,11.63171291,10.61344528,555.2124634,110.8989639
1309,1229,24.1009922,28.38965797,49.91599655,0.054129317,6.679854393,11.76965809,10.39024353,558.6380005,107.9012909
1310,1230,24.65887833,28.36286163,50.56609344,0.058643598,6.750147343,11.8915205,10.5264349,555.864624,109.7396088
1311,1231,24.57571602,28.31677818,49.93876648,0.059802011,6.614810944,11.92156982,10.33024406,559.3192139,107.0294724
1312,1232,23.96924782,28.27088737,50.9008255,0.060960427,6.479475021,11.9516201,10.56484222,552.734375,109.8357239
1313,1233,23.50590706,28.28969383,50.70766449,0.055797767,6.632534981,11.44710922,10.55041599,554.5388184,110.4209824
1314,1234,22.84474945,28.30850029,50.33831787,0.048862271,6.845081806,11.59815884,10.48560429,556.5018921,110.1351395
1315,1235,22.29734802,28.3197422,50.54188538,0.044078555,6.852278709,11.74920845,10.59506702,554.895752,110.8540497
1316,1236,21.70820236,28.31923485,50.66035843,0.049837869,6.825088978,11.85622406,10.65452385,553.8309326,111.8996735
1317,1237,24.09486389,28.31872559,50.13566971,0.055597186,6.772209644,11.94586658,10.37403107,557.9217529,107.3802414
1318,1238,25.156744,28.28809738,49.87659454,0.059482053,6.719330788,11.83975029,10.25148487,559.9749146,106.8210907
1319,1239,24.71358299,28.24897957,49.73088455,0.061882883,6.678009987,11.82898903,10.25320911,560.4144287,105.1492004
1320,1240,24.790802,28.22119522,50.23286819,0.064283714,6.526211739,11.59510899,10.44354916,557.3885498,107.7005157
1321,1241,24.09722519,28.24942207,50.14310837,0.055529773,6.37441349,11.36122894,10.45768738,557.5603027,108.2522354
1322,1242,22.67449379,28.27764702,50.45858383,0.046135895,6.817592621,11.9199791,10.55358791,555.3582764,109.9263992
1323,1243,22.08852386,28.29587555,49.71846008,0.042266086,6.866483212,12.05784607,10.30792141,558.7807007,107.6641159
1324,1244,21.42416382,28.30602837,50.68157959,0.049573638,6.883341789,12.11004829,10.66038036,553.9031372,112.2264557
1325,1245,24.61053658,28.31618309,50.02048874,0.056881189,6.829985619,11.974123,10.30088615,559.1339111,107.6898499
1326,1246,24.96095848,28.29749489,50.56337738,0.059569281,6.776629448,11.83819771,10.48341465,556.0023193,108.8877182
1327,1247,24.17276001,28.27691269,50.14685822,0.06042375,6.710991383,11.8289423,10.37713623,557.7459106,108.0163422
1328,1248,23.26949692,28.27592468,50.77564621,0.060247585,6.63913393,11.8744297,10.62268543,553.862854,111.1567917
1329,1249,22.15818024,28.315588,50.55805588,0.051101156,6.663256168,11.92307949,10.60486889,554.447937,110.7434311
1330,1250,20.02577972,28.35525131,50.39015579,0.041954722,6.784397602,12.03847122,10.7246294,553.1828003,112.3656387
1332,1251,20.51991081,28.40565109,50.55576706,0.043635111,6.66019249,12.17919254,10.69356251,553.3751221,113.3563004
1333,1252,23.42952919,28.42497253,49.78686905,0.047878921,6.675106525,12.08705711,10.33059978,559.6313477,107.6782608
1334,1253,23.8759594,28.41368675,50.01228714,0.051787566,6.732061386,11.99492073,10.41551304,558.2427979,107.9476166
1335,1254,24.33592606,28.40240097,50.53654861,0.055650346,6.655757427,11.53382206,10.53495121,556.2086182,109.9500046
1336,1255,23.93981934,28.40486145,50.41408157,0.055966049,6.597650528,11.49542427,10.5228405,556.6586914,109.3101349
1337,1256,23.00992393,28.42161751,49.77202606,0.046590731,6.538805008,11.85241604,10.37744999,558.5557861,107.4366302
1338,1257,21.91976738,28.43837357,50.45848083,0.037215412,6.563782692,12.20940781,10.58275318,553.7868042,111.2249985
1339,1258,20.10829926,28.44303894,50.20883942,0.036252469,6.71051836,12.10246372,10.6611433,554.3951416,111.9666901
1340,1259,19.88043976,28.44603729,50.57912827,0.039691672,6.857254505,11.97492886,10.73722744,552.6168213,113.3077698
1341,1260,22.8880024,28.44324684,50.14697647,0.043295309,6.838315964,11.81314468,10.41829777,557.7278442,109.0635223
1342,1261,24.79689217,28.42459869,50.36006165,0.050382085,6.804290295,11.58454323,10.46599483,557.0499878,108.7135925
1343,1262,24.55387688,28.40594864,50.1603241,0.057468858,6.668093204,11.38640213,10.49176979,557.7384644,108.2446823
1344,1263,23.54172134,28.41292763,50.63974762,0.056298338,6.620838642,11.38784981,10.61366081,554.9460449,110.6152496
1345,1264,21.97266388,28.43337059,50.50741577,0.044329207,6.57358408,11.38929653,10.71392727,554.3093872,111.6225739
1346,1265,32.37987518,28.45290947,49.91065216,0.032360077,6.49325037,11.47930527,10.07557106,563.6555786,101.5438461
1347,1266,29.98186874,28.45282555,50.68762589,0.030753246,6.539007664,11.66880894,10.40659809,558.1439209,106.8981628
1349,1267,33.82271194,28.43884087,50.13815308,0.033334453,6.374705315,11.66059589,10.09981728,563.0231934,101.8966446
1352,1268,39.97400284,28.38028336,50.87680817,0.045688104,6.067783833,10.71178246,10.05801773,562.9257813,99.89500427
1353,1269,37.36491394,28.39390182,50.32558823,0.038953483,6.42458868,10.84427452,9.959764481,564.2333374,100.1474991
1354,1270,33.00624466,28.40594482,50.11632538,0.032218859,6.493433475,11.24958706,10.15341187,562.449585,102.4951859
1355,1271,31.27151299,28.4120636,49.81868744,0.03286412,6.569665432,11.6548996,10.1337862,563.133728,102.2169571
1356,1272,30.25681114,28.41818428,50.35926819,0.033600118,6.597760201,11.58208084,10.29353714,559.3675537,105.7533798
1357,1273,29.05784416,28.41389847,49.97793198,0.036875959,6.478530407,11.38383961,10.1836195,561.4038086,105.368248
1358,1274,40.38145828,28.4026413,50.61331558,0.044358291,6.359300613,11.0328064,9.973143578,565.1056519,98.99839783
1359,1275,40.43530273,28.39138412,50.1099205,0.051840622,6.216067314,11.74267292,9.817036629,567.5024414,97.50330353
1360,1276,40.64306259,28.39357567,50.71638107,0.048422303,6.265181541,11.72564983,9.878312111,565.0109253,99.26706696
1361,1277,38.40559387,28.39593506,50.24074554,0.041658085,6.314295769,11.70862675,9.884186745,566.0553589,98.55164337
1362,1278,33.02326202,28.40418053,49.98575592,0.03617752,6.375155926,11.69571114,10.13378811,562.880188,101.8926773
1363,1279,36.83903503,28.42219162,49.97341156,0.037766133,6.453534126,11.68522072,9.939186096,566.2545166,99.47115326
1364,1280,33.15788651,28.44020081,50.53878784,0.039354745,6.531912804,11.65587616,10.23756599,560.3138428,104.0427475
1365,1281,38.6752243,28.42888069,50.55284119,0.043715857,6.071446896,10.8143034,10.07634068,563.6105347,100.0955124
1366,1282,40.98409653,28.408535,50.60212708,0.050419424,6.08053112,10.96310234,9.551864624,569.2042236,94.60806274
1367,1283,42.75072861,28.39360237,50.32804108,0.057122994,5.956106663,11.39356709,9.807312012,567.5098877,96.02322388
1368,1284,40.90908432,28.40860939,49.82483673,0.050349135,6.156758785,11.48792648,9.630377769,570.2427368,94.74684143
1369,1285,35.31383514,28.42361832,50.54948807,0.042571768,6.357410908,11.58228683,10.11835575,562.0715332,102.7471848
1370,1286,34.28029251,28.43313408,50.42171478,0.036005408,6.452656269,11.65157604,10.18775272,562.0830688,103.0074921
1371,1287,31.7154808,28.43800545,49.9458313,0.032021001,6.547551632,11.72463036,10.04049873,563.8259888,102.32267
1372,1288,32.48553467,28.44287491,50.27435303,0.028036591,6.642447472,11.79768372,10.2688961,561.326355,103.4988556
1373,1289,38.93671036,28.44233322,50.20113373,0.035169553,6.432160378,11.04103565,9.964258194,565.5119019,98.73694611
1374,1290,42.63584137,28.44138527,50.46345139,0.046892866,5.943392754,10.98673916,9.845448494,566.2825928,97.35820007
1375,1291,43.29948807,28.43628693,49.90081787,0.056561571,6.229193687,11.27258873,9.642049789,570.5730591,94.02378845
1376,1292,41.7148056,28.42231178,50.20355606,0.046988692,6.302590847,11.35754013,9.794983864,568.0775757,95.8237381
1377,1293,37.85779953,28.40833855,50.00937271,0.037415814,6.413627148,11.38965702,9.875602722,566.744873,97.66680145
1378,1294,37.28334045,28.39978218,50.31617737,0.032867569,6.435534477,11.30083847,10.02235126,564.5974121,99.95075989
1379,1295,32.10552979,28.39346695,49.95608521,0.033654645,6.22010088,11.21201992,10.11316776,562.7171631,104.3834381
1380,1296,34.28356171,28.38617325,50.51271057,0.034441721,6.283789158,11.00434303,10.15921879,561.340332,102.9049301
1381,1297,38.86954498,28.36960602,50.12889481,0.042721454,6.117741585,10.77662277,9.788169861,566.5621338,97.81546021
1382,1298,42.83110046,28.3530407,50.39185333,0.052085459,6.09258461,11.11612511,9.881390572,566.9907227,96.042099
1383,1299,44.00787354,28.34667206,50.23771286,0.056799095,5.989041805,11.07045364,9.725578308,568.5786743,95.2906189
1384,1300,41.11248398,28.35118484,50.21166229,0.048421621,5.920410156,10.85301495,9.788433075,567.1306152,95.67701721
1385,1301,36.94212341,28.35569954,50.37505722,0.040044151,6.040425777,10.87905979,10.01728058,564.1593018,100.5238647
1386,1302,32.10378647,28.35215187,49.97784042,0.034320883,6.219360352,11.02924728,10.16521072,562.8458862,102.099617
1387,1303,30.56505966,28.34742737,50.10774612,0.030022185,6.261931419,10.92457581,10.23083496,561.1641846,103.4337006
1388,1304,31.00130653,28.34248924,49.92448807,0.026260773,6.354012489,11.34866619,10.14976025,562.0344849,103.0529251
1389,1305,35.12245941,28.33695412,49.66387177,0.035627566,6.289773941,11.50724506,9.813865662,567.6995239,98.36877441
1390,1306,40.64928818,28.33141899,49.88073349,0.044994362,6.243531704,11.21599007,9.726172447,569.2544556,95.63793182
1392,1307,40.752388,28.33452797,50.25496292,0.041346073,6.038428783,10.87471771,9.810506821,566.9549561,97.14854431
1393,1308,34.68785858,28.33766174,50.52199936,0.035036668,6.280797482,11.40896416,10.1757412,561.5449829,103.1297302
1394,1309,32.44709778,28.34265518,50.26628113,0.030865677,6.500264645,11.86160183,10.16688347,561.5448608,103.6406631
1395,1310,31.73396301,28.34764862,50.07141495,0.027175924,6.543173313,11.83110332,10.18147087,562.3409424,102.8270416
1396,1311,28.28835297,28.35146904,50.04089737,0.026433414,6.586082458,11.80060387,10.27242184,559.8487549,105.9398575
1397,1312,33.28622437,28.35370827,50.16522598,0.037123248,6.522215366,11.62059307,10.11573124,562.6315918,102.9000015
1398,1313,40.91600418,28.35594749,50.66335297,0.04781308,6.352940083,11.30965328,9.969732285,564.7490845,99.16056824
1399,1314,42.63301468,28.3551445,50.25793457,0.049500044,6.183665276,10.99871445,9.716510773,568.0119019,95.96714783
1400,1315,42.09695435,28.35365105,50.34906387,0.045016181,6.202161789,11.20247078,9.781319618,567.4781494,96.56166077
1401,1316,37.76062775,28.35291672,50.51755142,0.040532321,6.256940842,11.44989204,10.0265646,562.9910278,100.8820953
1402,1317,35.52044678,28.3551445,50.5990181,0.034959458,6.333298683,11.6483469,10.17330742,561.4772949,102.4538956
1403,1318,30.76404762,28.35737228,50.61048126,0.02936656,6.495677471,11.737957,10.33935833,558.5849609,106.3866425
1404,1319,26.8984108,28.36193085,50.36638641,0.029529644,6.658056736,11.82756615,10.43957424,557.1245728,108.07444
1406,1320,40.92861176,28.37425995,50.70259094,0.049403079,6.300902843,11.47563934,9.994544029,564.1498413,98.73725891
1407,1321,42.38674164,28.3605957,50.62951279,0.049526013,6.29827261,11.2656641,9.870925903,565.6082764,97.7926712
1408,1322,40.79390717,28.34654999,50.46212387,0.046538137,6.313586712,11.41840744,9.855236053,565.9316406,97.85539246
1410,1323,32.09045029,28.33014488,50.48711395,0.034498923,6.560524464,11.70801544,10.25550842,560.2105103,104.5404205
1411,1324,30.05490685,28.32462883,50.4936409,0.026228752,6.541272163,11.81971931,10.35984516,558.4782715,106.401268
1412,1325,27.18780518,28.32518196,50.55004501,0.02886283,6.372461796,11.93142414,10.52703381,555.9678345,108.7904663
1413,1326,36.48971939,28.32766724,49.69281006,0.040918875,6.203830719,11.64299011,9.815261841,567.767334,97.28065491
1414,1327,42.65203476,28.32700729,50.09745026,0.052974917,6.150372028,11.23879337,9.648527145,569.1542969,94.98554993
1415,1328,38.8028717,28.28456497,50.68735504,0.043393169,6.075685501,11.26034546,10.06299973,562.8989868,100.5447083
1416,1329,36.61201477,28.29240227,50.73295212,0.037188523,6.120097637,10.9680233,10.1751318,561.4407959,102.2528
1417,1330,31.95573807,28.30023956,50.03355789,0.030983876,6.265683174,11.302001,10.07017422,562.3674927,102.1899567
1418,1331,31.10587502,28.31393433,50.43600082,0.035089578,6.411268711,11.6359787,10.2341671,560.1657715,104.4536057
1419,1332,36.29362488,28.32811165,49.94326401,0.043568928,6.613545895,11.335536,9.886681557,565.4949951,98.75071716
1420,1333,41.52476883,28.33229637,50.37754822,0.051075328,6.435439587,10.66554928,9.859857559,565.9609985,97.15356445
1421,1334,42.76633835,28.31446075,49.99991989,0.048830785,6.133952141,10.88528061,9.630450249,569.8894653,94.54705811
1422,1335,41.65340424,28.29662514,50.44769287,0.046586242,5.90427351,11.23931503,9.717650414,564.5559692,95.35486603
1423,1336,37.00445557,28.30781937,50.56848145,0.042077169,6.21566391,10.84481716,10.05098438,562.6293945,101.5964355
1424,1337,32.51333237,28.3314209,50.57668304,0.035107099,6.282226563,11.09145546,10.21665573,560.5159302,104.0341949
1425,1338,30.87663651,28.35536194,50.35259628,0.02813703,6.349720955,11.33809376,10.20989895,560.4467163,104.6983643
1426,1339,26.94300461,28.38277435,50.20823669,0.033990547,6.351155758,11.45356846,10.40398216,557.8664551,108.078064
1427,1340,37.3191185,28.41018677,50.14601135,0.041799996,6.270405293,11.38988972,9.944145203,565.2630005,99.08666992
1428,1341,40.53126526,28.41661835,50.32378387,0.047339395,6.189654827,11.32621098,9.909208298,566.1428223,97.60695648
1429,1342,42.1007576,28.40009499,50.56693649,0.046281978,6.243673801,11.37658501,9.843254089,562.2470703,97.03923035
1430,1343,40.21886826,28.38356972,50.49149704,0.045224562,6.330128193,11.4534626,9.958130836,565.491394,98.78350067
1431,1344,34.98371887,28.38945389,50.54394913,0.040473685,6.385138512,11.5321722,10.18431282,561.5149536,102.4776611
1432,1345,33.69567108,28.39883614,50.19871902,0.033672772,6.309165478,11.61830997,10.13095284,563.0748291,102.218399
1433,1346,29.74526024,28.41022491,50.40777969,0.027284043,6.290382385,11.70444775,10.32731533,559.1663208,106.5003662
1434,1347,26.85171509,28.42763138,50.31411362,0.035069883,6.317073345,11.65701675,10.4920435,556.9345093,108.6032715
1435,1348,35.7398262,28.44503593,50.23019409,0.042855721,6.335593224,11.49817848,9.969902039,558.2075806,99.2023468
1436,1349,42.0954628,28.4402256,50.16071701,0.047785927,5.932163715,11.33933926,9.817336082,567.7984619,96.04341888
1437,1350,41.9800415,28.42264938,50.59851837,0.048665646,6.212480068,10.91334915,9.935031891,565.4564819,97.63085175
1438,1351,41.02271652,28.40572929,50.11860275,0.049545363,5.986508846,11.00649357,9.77337265,567.8074341,96.55773926
1440,1352,33.47091293,28.43562889,50.0134964,0.035163097,6.328948021,11.39924145,10.03915119,563.7622681,101.4991989
1441,1353,30.82110023,28.45189667,50.04758072,0.030119246,6.474759102,11.63243484,10.26087189,561.3182373,103.840271
1442,1354,28.62795448,28.4701004,50.44927216,0.038720973,6.381140232,11.47921085,10.47412968,557.6309814,107.4973907
1443,1355,36.28996658,28.48830414,49.9241333,0.047322698,6.247351646,11.26064301,9.969362259,565.5686646,99.55371857
1444,1356,43.14648438,28.46544266,50.11996078,0.051534705,6.103968143,11.0806036,9.702816963,569.5570679,94.99892426
1445,1357,43.16270065,28.43165016,49.85777283,0.052410491,5.930292606,11.02220631,9.617545128,570.6240234,94.18655396
1446,1358,41.51110458,28.40539932,50.38905334,0.05328628,5.861588001,10.96380901,9.870163918,566.5643311,96.87512207
1447,1359,37.67237854,28.41473389,50.40347672,0.04537509,6.201379776,11.14284325,10.01473331,564.7546997,100.2755127
1448,1360,33.2999649,28.42406845,50.45923996,0.03703196,6.395846844,11.47099781,10.271842,561.3599243,103.7857895
1449,1361,31.453125,28.4344368,50.23854065,0.033581395,6.590314388,11.79915237,10.26913548,560.8683472,103.5054626
1450,1362,27.17042923,28.44561577,50.46510315,0.039702713,6.469961166,11.58036518,10.43360424,557.8262329,107.70504
1451,1363,37.203022,28.45679474,50.03130722,0.045824032,6.283171654,11.34835911,9.917051315,565.8086548,98.80771637
1452,1364,43.64801788,28.42606544,50.61682892,0.052235626,6.226940155,11.16387749,9.826997757,566.8060913,96.6155777
1453,1365,45.90098572,28.39290237,50.45877838,0.058758263,6.170708656,11.08335114,9.685824394,568.6506348,94.20697021
1454,1366,35.94212723,28.38852882,50.35713196,0.053900089,6.202699184,11.0166111,10.11335373,562.7659912,100.9336472
1455,1367,32.93716812,28.40193748,50.33675003,0.044270307,6.418977737,11.29713249,10.1940279,561.3250122,103.6165771
1456,1368,30.75919342,28.41457558,50.32195663,0.042442285,6.643139362,11.59343719,10.37274742,559.5663452,105.1905441
1457,1369,29.25384521,28.42690849,50.34378815,0.048618369,6.296256542,11.54149723,10.29736233,554.9387817,103.7383347
1458,1370,40.78351593,28.43583107,49.87671661,0.054794453,5.925555706,10.61036491,9.607413292,570.0383301,95.25151062
1459,1371,45.59305954,28.41432571,50.65631104,0.058944188,5.889644623,10.56250191,9.777471542,568.0374756,95.17428589
1460,1372,44.71945572,28.40122986,50.62337112,0.062470332,6.033731461,10.99826622,9.772981644,567.5463867,95.82711029
1461,1373,38.38403702,28.44130707,50.32223892,0.050366133,6.234402657,11.27599239,9.943937302,564.9025269,99.53964233
1462,1374,33.22039795,28.48138618,50.21416855,0.038261939,6.435073376,11.55371761,10.18118,562.6257935,103.0852432
1463,1375,30.31508827,28.49706078,50.38205719,0.035437942,6.500859737,11.50023365,10.32606316,560.3555908,105.5406418
1464,1376,28.65435791,28.50911903,50.63466644,0.037636034,6.431064129,11.13800526,10.5063076,556.9462891,108.4182968
1465,1377,36.50223923,28.51328468,50.47238922,0.039966676,6.05699873,10.80687237,10.09110832,563.1459351,101.7591248
1467,1378,24.62672043,28.47576714,50.52977753,0.052147713,6.670254707,11.16657448,10.56111717,552.6587524,108.8791275
1469,1379,21.01450348,28.47573471,50.41534424,0.043188162,6.689669609,11.7203598,10.66668606,554.0516357,112.9058609
1470,1380,19.15542603,28.47986221,50.56473923,0.034382064,6.949401379,11.70476437,10.75716782,552.7941284,114.1246719
1471,1381,17.59944534,28.48548317,50.59984207,0.034064505,6.719637871,11.95582485,10.80985737,551.4332275,115.57724
1472,1382,17.87896538,28.49110603,50.4480629,0.035812907,6.803520203,12.20688534,10.76433372,550.2960205,113.7744827
1473,1383,20.59033585,28.48756981,50.27558899,0.038650904,6.887402534,12.07498741,10.68263912,554.8630981,112.6684113
1474,1384,22.5597496,28.47092438,50.25958633,0.046156,6.771692276,11.90801239,10.66382122,555.571167,111.1150055
1475,1385,23.64946175,28.45427704,50.26206207,0.053661097,6.502681732,11.69963455,10.60734367,556.4765015,110.4112549
1476,1386,22.68538666,28.45559502,50.61861038,0.052020214,6.553997517,11.37352943,10.69830418,554.2390747,111.5980988
1477,1387,21.12632942,28.46151161,50.47533035,0.043599531,6.698440075,11.58631897,10.75263882,553.2982788,112.8400421
1478,1388,19.18278503,28.46773338,50.5602417,0.035178848,6.888157845,11.92813969,10.77418613,552.6428833,113.9335175
1479,1389,17.30278587,28.47533035,50.30410004,0.032894678,7.059871197,12.21940613,10.76731873,552.1845703,114.4636841
1480,1390,16.85601234,28.48292542,50.3423233,0.030869685,6.992166996,12.20357132,10.80429649,552.1137695,115.0914154
1481,1391,19.69434738,28.47594261,50.33774185,0.03331631,6.924462318,12.18773746,10.75747871,553.6946411,113.413353
1482,1392,21.65998459,28.45780563,50.50536728,0.044264983,6.671794415,12.1892252,10.67001247,554.2744751,112.5105515
1484,1393,21.13575935,28.43592453,50.51689148,0.051593691,6.901255608,12.22821617,10.71462154,553.1783447,112.932991
1485,1394,18.85832977,28.43290901,50.56344604,0.042579051,7.003845215,11.89360619,10.80808449,551.9946289,114.2383423
1487,1395,16.48810005,28.42845535,50.6639595,0.031272475,6.990696907,12.10367012,10.95607948,550.0951538,116.6863022
1488,1396,15.28793812,28.42662048,50.78686905,0.028287128,6.971290112,12.1325264,11.02124977,548.5665894,117.7860641
1489,1397,19.60243416,28.40152359,50.11122894,0.03487248,6.951584339,12.15429306,10.60760307,554.6329956,112.459343
1490,1398,22.92128181,28.36747551,50.39578629,0.05102928,6.928814888,12.10324001,10.58546066,555.3449707,110.1550751
1491,1399,23.45222092,28.33735847,50.16809464,0.06718608,6.906045437,12.05218792,10.50603962,556.6199951,109.2490082
1493,1400,20.95536804,28.3426342,50.49215698,0.048389833,6.766589642,12.13022518,10.69026375,553.9664917,112.3949203
1494,1401,19.24094391,28.34498978,50.54159546,0.04042609,6.939809799,12.20487595,10.74436951,552.8012695,113.4598541
1496,1402,19.47193718,28.34911537,50.54325485,0.040667105,6.827006817,11.94687557,10.72252464,552.9689941,113.6333313
1497,1403,22.41250992,28.33105659,50.53960419,0.047694094,6.734628677,11.82971001,10.59417057,554.9946289,110.8799744
1498,1404,23.37739182,28.31018448,50.46976471,0.058353569,6.760651588,11.90007305,10.53590584,554.9865112,110.1832733
1499,1405,22.69512558,28.29848862,50.39015961,0.068079196,6.7866745,11.97043514,10.51758289,555.8251343,110.1013336
1500,1406,22.11058807,28.31258202,50.66317749,0.05566486,6.846743584,12.08298779,10.60515785,554.0527954,111.257225
1501,1407,19.82081795,28.32667351,50.56697464,0.043250524,6.951618195,12.23121262,10.74302673,552.5665283,113.9265213
1503,1408,17.53971481,28.36631393,50.37796783,0.032484673,7.048792362,12.2761879,10.7821722,552.3218994,114.4444733
1504,1409,17.09320831,28.3866539,50.62758636,0.029935641,7.007827282,12.14696121,10.88655853,550.628418,115.1743393
1505,1410,20.37108231,28.38600731,50.18494034,0.041004289,6.898242474,12.06427193,10.63330173,554.9954834,112.0110779
1506,1411,22.9204464,28.38536072,50.52376556,0.055256858,6.667471409,12.09475613,10.6115284,554.9830322,111.3941193
1507,1412,22.78487778,28.39081955,50.24720383,0.064721763,6.603550911,12.12523937,10.60998631,555.6864014,110.4857712
1508,1413,22.27879333,28.40478706,50.59119415,0.054481067,6.573598385,11.58683014,10.63975525,554.0663452,111.743187
1509,1414,20.10358238,28.41875458,50.62252045,0.04424037,6.810050011,11.59539604,10.72871113,552.8824463,113.4203186
1510,1415,19.01731873,28.43431854,50.39022064,0.036572572,6.759690762,11.82990456,10.72476959,552.2991333,113.1065216
1511,1416,19.01475525,28.45027542,50.17121887,0.030764252,6.737770557,12.03686714,10.74193478,554.0349121,113.3178787
1512,1417,18.89450264,28.46384621,50.55324554,0.024955932,6.773743629,12.04861927,10.80595779,552.2849731,114.3197861
1514,1418,22.99472618,28.47039986,50.53548813,0.052415662,6.946353912,12.07687569,10.60769272,555.4423218,110.8826904
1515,1419,23.29831123,28.47478104,50.63657379,0.058532655,6.965345383,12.09790421,10.62694836,554.616394,111.692131
1516,1420,22.53350639,28.47998619,50.5044632,0.049921431,6.976910591,12.11893177,10.61294365,554.4458618,111.091217
1517,1421,21.08078003,28.48518944,50.29343033,0.041310202,6.984017372,12.13842869,10.59196281,554.9669189,111.8290024
1518,1422,18.86143494,28.4951725,50.21619415,0.034653265,6.978697777,12.15774918,10.72227287,554.2697144,112.7306519
1519,1423,17.88850403,28.50536537,50.16661835,0.028698094,6.973378181,12.18020725,10.70282269,553.6380005,113.763092
1520,1424,16.3903389,28.51112366,50.36613846,0.024852965,6.984688282,12.21063137,10.93386364,551.5501099,115.9135208
1521,1425,19.65792847,28.50841331,49.89373779,0.036358446,7.006956577,12.24105549,10.58142376,555.56604,112.1516037
1522,1426,20.65254784,28.50570107,50.6981163,0.047863927,7.029224873,12.23398209,10.79691029,552.3620605,113.6797638
1523,1427,22.39886665,28.49459839,50.51330185,0.050336014,6.979371548,12.20822906,10.59838676,553.7022705,111.5760422
1524,1428,21.5174942,28.48037529,50.57080841,0.04399024,6.928451538,12.14089584,10.62149525,554.2606812,111.7984772
1525,1429,19.90851021,28.46567535,50.19224167,0.037644461,6.869677067,11.5511837,10.67999935,555.1293335,111.6633377
1526,1430,18.29583359,28.44727325,50.57768631,0.03471747,6.869732857,11.74516487,10.8664875,551.5842896,114.0952911
1527,1431,18.34624863,28.42887306,50.33940506,0.032208126,6.869789124,11.939147,10.70134735,553.3777466,113.4015045
1528,1432,16.9226532,28.41419601,50.49023056,0.033488531,6.853375435,12.05648708,10.86487389,551.0770874,114.9849396
1529,1433,21.45178032,28.40325546,50.13639832,0.044696126,6.823967934,12.11705399,10.61863804,555.7495728,110.620018
1530,1434,22.86712456,28.39231491,50.52909851,0.055903722,6.794560432,12.17762089,10.62408066,554.9317017,110.7061539
1531,1435,23.93963051,28.3820858,50.35329056,0.054759908,6.558441639,11.98295784,10.51408958,556.5913696,109.4923859
1532,1436,22.77711296,28.37194824,50.60645676,0.047289886,6.755527496,12.1131506,10.56393433,554.8307495,111.0329666
1533,1437,20.12759781,28.3664875,50.51426697,0.039830882,6.884871483,12.24334335,10.37814617,554.9074707,108.8515244
1534,1438,17.13809967,28.37371254,50.30606461,0.032598846,6.995343208,12.29323578,10.81166935,552.460144,114.5275116
1535,1439,16.07791519,28.38093948,50.26946259,0.025366811,7.045629025,12.30259418,10.78770161,551.928894,114.7130356
1536,1440,15.83627701,28.38912582,50.40465164,0.025003558,7.095914841,12.30966854,10.88450813,550.5884399,115.9236298
1537,1441,20.10388756,28.39782143,50.18034363,0.033691522,7.032206535,12.27288437,10.62802887,554.6133423,111.857605
1538,1442,21.84814453,28.4055481,49.9914856,0.042379484,6.898563862,12.2361002,10.47086525,557.1437378,109.4567184
1539,1443,22.43624115,28.38971138,50.13397217,0.041705571,6.894006252,12.22952843,10.52075768,556.104187,109.8184814
1540,1444,21.23130226,28.37387466,50.2324028,0.038926665,6.943352699,12.26330853,10.62745476,554.7230835,111.0669174
1541,1445,20.0706749,28.37077141,50.56685257,0.035758179,6.993916512,12.29708958,10.72163963,552.7064819,113.2953262
1542,1446,18.89969444,28.38493347,50.596035,0.031046145,7.058899403,12.3757267,10.79258347,552.3163452,113.8275757
1543,1447,16.90345573,28.39909554,50.6059494,0.026334111,7.123882294,12.46465492,10.9085331,550.6068115,115.2328796
1544,1448,17.01460457,28.41849327,50.50421524,0.028416624,7.124811172,12.49751949,10.93000126,550.463562,115.335701
1545,1449,19.49608231,28.43912125,50.37880325,0.035286061,7.051464558,12.283638,10.71743107,553.5996704,113.0807724
1546,1450,21.21448326,28.45415115,49.90019608,0.042155501,6.978117943,12.06975746,10.53726006,555.9031372,110.7297363
1547,1451,21.34375954,28.44602966,50.16013718,0.039882563,6.694188595,12.07835388,10.62065125,555.2959595,111.6154938
1548,1452,19.52570915,28.43791008,50.68725204,0.03734326,6.689316273,12.25467396,10.77570248,552.0701904,114.2928314
1549,1453,17.68465233,28.44286728,50.55781174,0.033177465,6.805391312,12.43099499,10.89130306,550.6661377,115.5671005
1550,1454,15.35595036,28.45729637,50.49371338,0.026078971,6.91640234,12.47704792,11.02732563,549.9472046,117.1313019
1551,1455,14.68954945,28.47172737,50.66409302,0.018980475,6.960580826,12.51493359,11.03641605,548.5658569,117.868866
1552,1456,14.14013767,28.49425697,50.4440918,0.023453772,7.004758835,12.4892149,11.03098202,549.019043,117.6515961
1553,1457,18.06123161,28.51708031,49.58492661,0.0319556,7.028258324,12.33205986,10.62427044,556.5168457,111.2452393
1554,1458,20.94425964,28.52272987,50.5909462,0.03925807,7.036606789,12.17490387,10.78418255,552.9544067,113.5103912
1555,1459,20.62921143,28.49647141,50.29914474,0.038313147,7.043430805,12.136693,10.66656971,554.583252,111.883873
1556,1460,19.72711945,28.47021103,50.12767792,0.037368227,7.050255299,12.15556812,10.66216087,554.8500366,111.8483963
1558,1461,16.00957298,28.4625206,49.6727562,0.027999524,7.088720798,12.34403133,10.70462227,554.3458862,113.2453613
1559,1462,14.97104263,28.46505928,50.17794418,0.022108333,7.113765717,12.5049448,10.88475513,551.4474487,115.7199631
1560,1463,15.70175934,28.48926544,50.38246536,0.028096652,7.051225662,12.48914719,10.98537159,550.3843994,116.3616867
1561,1464,18.76406479,28.5134716,50.00153732,0.035448465,6.953877926,12.25393486,10.64710236,555.1596069,112.8512573
1562,1465,20.83122253,28.51823425,50.08422089,0.040743645,6.867712975,12.01872253,10.62948227,555.8302612,111.6797714
1563,1466,21.06637001,28.50396919,50.06939697,0.040806238,6.897433281,12.03787422,10.60130978,555.7254028,111.315239
1564,1467,20.7631321,28.48970222,49.94777298,0.04086883,6.927153111,12.10866356,10.60396194,555.8132935,111.1144867
1565,1468,18.40168571,28.49512291,50.55398941,0.036748257,6.924992085,12.18095398,10.77227497,552.1213989,115.2979355
1566,1469,16.09908676,28.50296783,50.45764542,0.030540755,6.887325287,12.25868416,10.87653446,550.7752075,116.1253052
1567,1470,16.60449791,28.51537895,50.25248718,0.025009342,6.888036251,12.33641434,10.83782291,552.1472168,114.945961
1568,1471,15.21258259,28.53980064,49.91405869,0.03171498,6.927705288,12.31236649,10.88034344,552.380249,115.5589447
1569,1472,18.79873657,28.56422424,50.04711533,0.038420621,6.967374802,12.21891785,10.68709469,554.8078613,113.1004028
1570,1473,21.76433182,28.55523491,50.39466476,0.042386051,6.947710037,12.12546825,10.6727953,554.5628662,112.3374481
1572,1474,21.14409065,28.50437164,49.82870483,0.043273438,6.863993645,12.21425724,10.45173073,557.079895,110.0526047
1573,1475,18.80657959,28.51003265,50.21863556,0.037953623,6.706721306,11.73301697,10.67227554,554.1096191,112.9532776
1574,1476,18.28740311,28.51569557,50.47557068,0.031392109,6.69243288,11.4882021,10.83348274,552.5534668,114.8218307
1575,1477,16.45546532,28.52305031,50.06842041,0.026965301,6.706482887,11.81609631,10.76256084,553.5115967,114.837677
1576,1478,16.44620705,28.53264427,49.85269928,0.030674048,6.738843441,12.14399052,10.72597027,553.9025269,114.1686401
1577,1479,19.25041771,28.54223824,50.01517105,0.034382794,6.81328392,12.25369072,10.66583443,555.3629761,112.4096375
1578,1480,21.58389664,28.52004623,50.47074509,0.037681669,6.8877244,12.21320438,10.63760567,554.6103516,112.4247284
1579,1481,21.75458145,28.49068451,50.5359993,0.040699396,6.717821598,12.17271805,10.65247917,554.2156372,112.3548355
1580,1482,20.96325493,28.46694183,50.58282471,0.043717124,6.421947002,11.7113266,10.71022892,553.1918945,113.2199707
1581,1483,18.49996376,28.46553993,50.53712463,0.036619715,6.678842545,11.68010426,10.82223034,552.2567749,114.5818405
1582,1484,16.97927094,28.46413803,50.80364227,0.029296823,6.878835201,11.90039635,10.96768665,550.1613159,116.3412628
1583,1485,17.9979496,28.46740913,50.30210495,0.025531095,6.841984272,12.09845543,10.73400116,553.0019531,114.3540573
1584,1486,16.96120834,28.47397614,50.49412918,0.02799944,6.99389267,11.74479294,10.82193756,551.2224731,114.3351517
1586,1487,22.05508041,28.45875549,50.33771896,0.034877192,6.954349041,11.99129963,10.57976627,555.7906494,111.0078583
1587,1488,21.778162,28.43612671,50.24184036,0.03993959,6.804644585,12.08656597,10.63354874,554.9777222,111.0926666
1588,1489,20.42529869,28.42615128,50.48506927,0.043400891,6.71538496,12.18025112,10.62431908,554.1850586,112.6389999
1589,1490,18.1321888,28.43901825,50.43194962,0.03646313,6.870548248,12.27702236,10.79771233,552.4884033,114.1962051
1590,1491,17.80838776,28.45188522,50.66246033,0.029525368,7.025711536,12.38027573,10.86888599,550.9290771,115.3270416
1591,1492,16.12225914,28.46629715,50.1912117,0.026609089,7.084597588,12.48352909,10.86419392,552.1506958,115.1773911
1592,1493,15.65916824,28.48124504,50.39183807,0.027428856,7.089260578,12.39547825,10.92078018,550.5016479,116.465683
1593,1494,17.39526558,28.49120903,50.57016373,0.028248625,7.09266758,12.22302723,10.89571953,551.265625,115.6083298
1594,1495,21.3339119,28.46683311,49.98593521,0.034126788,7.046571255,12.07065201,10.54258919,556.2714233,111.0945053
1595,1496,21.79861641,28.4424572,50.14891052,0.040544916,7.00047493,12.15281296,10.56266689,556.1313477,110.5233994
1596,1497,21.09247208,28.43463135,49.8282814,0.042965759,6.998750687,12.23497295,10.46753597,557.5645752,109.6148911
1597,1498,19.71471214,28.44258881,50.05796432,0.035531465,7.027401447,12.29215431,10.62627411,554.847168,112.2759018
1598,1499,17.78813553,28.45054817,49.85687256,0.028097169,7.056052208,12.31879425,10.68995667,554.890625,112.9137115
1599,1500,17.39957428,28.4605217,50.61867142,0.025657289,7.016780853,12.34543324,10.88123989,551.5529785,115.5150909
1600,1501,17.04964066,28.47072601,50.69597244,0.025636759,6.974847794,11.9253006,10.84906483,551.0090332,115.721077
1601,1502,20.61493301,28.47097778,49.72493362,0.025996497,6.697621346,11.41697693,10.44460964,558.3264771,109.9526062
1602,1503,21.93920898,28.44587898,50.5239296,0.032455776,6.645056248,11.47228241,10.62748241,555.2818604,111.529808
1604,1504,20.16911316,28.42121506,50.29199219,0.039219707,6.590953827,11.51062202,10.65080643,554.1397705,111.8627777
1605,1505,19.01930046,28.43439293,49.99838638,0.031812076,6.661598206,11.67493153,10.65645409,554.9675293,112.0641937
1606,1506,17.63384056,28.44722366,49.62952805,0.024404448,6.80786562,12.0024786,10.60808086,556.0587769,112.1152267
1607,1507,17.87880516,28.45371056,50.53923035,0.022950828,6.866123199,12.33002472,10.80342674,551.9206543,114.4484558
1608,1508,17.62262154,28.46019745,50.21985245,0.022725858,6.923438549,12.04796124,10.79037094,553.1074829,113.976944
1609,1509,20.08639145,28.4583931,50.1028862,0.023988536,6.851632595,11.71619034,10.58504581,555.5652466,111.4016113
1610,1510,35.04402924,28.44591713,50.15983963,0.030713622,6.512262344,11.39570332,10.0774641,563.506897,101.2801437
1612,1511,34.63468552,28.43951416,50.14745331,0.035432216,6.081341743,10.80504322,10.02535629,563.7252197,101.4563217
1613,1512,30.86316872,28.44959259,50.47809982,0.027584095,6.304487228,11.3914957,10.27707767,559.9425659,105.5380783
1614,1513,18.3843956,28.45699883,50.23176575,0.019735973,6.865961075,12.02616501,10.81083775,552.8428345,114.0731049
1615,1514,18.25444603,28.45420265,50.38578033,0.021469589,6.911058903,12.41811562,10.75033188,552.7659302,113.9220963
1616,1515,16.35353661,28.45140839,50.08942032,0.023356441,6.956156731,12.33006382,10.82875156,552.4437256,115.5483093
1617,1516,19.55862808,28.44714165,50.25859451,0.026626287,6.961557388,12.24201202,10.66263103,555.0168457,112.4420547
1618,1517,21.09920692,28.44186592,50.6724472,0.032258283,6.916375637,12.16315937,10.7220335,553.361084,113.0996628
1619,1518,20.70458984,28.43658829,50.21707153,0.037890282,6.871193886,12.08786964,10.68039608,554.5161133,111.9265442
1621,1519,20.15455818,28.47231293,50.1954689,0.029831424,6.756256104,11.72418118,10.66300869,554.758606,112.1830444
1623,1520,17.50925827,28.49486542,50.18796921,0.023891257,6.992796421,12.23291969,10.81161404,552.8047485,113.9862595
1624,1521,16.63764191,28.50294304,50.17025375,0.022743171,6.96284914,12.13593483,10.84932804,552.3342896,114.5042801
1625,1522,19.40008545,28.50026512,49.97258759,0.026146378,6.932901859,12.03894901,10.62115192,555.7206421,111.9892044
1627,1523,19.84702301,28.50258446,50.57335663,0.036353268,6.943899155,12.20139694,10.66890526,553.5049438,113.7605515
1628,1524,18.27361679,28.51500893,50.3856163,0.030275991,6.996468067,12.23444653,10.78029633,552.7751465,114.5548019
1629,1525,17.27692223,28.5214901,50.28639984,0.025422193,7.04903698,12.26585865,10.85924435,552.5484009,115.2573395
1630,1526,16.38755226,28.52244568,50.66395569,0.023495084,7.023547173,12.29086304,10.92645836,550.3692017,116.6879196
1631,1527,15.26713371,28.52340317,50.53849792,0.021567972,6.9920187,12.31586742,10.92902565,550.1759033,116.9921036
1632,1528,18.42956543,28.5175724,50.29324722,0.026038626,6.974128246,12.2572813,10.74096203,553.6503296,113.844368
1633,1529,19.8025341,28.51101875,50.47175217,0.033522483,6.986140728,12.14028072,10.71619129,553.3025513,113.6152649
1634,1530,20.03892899,28.50782394,50.1098671,0.040227018,6.99815321,12.02328014,10.61050415,555.2781982,112.2814255
1635,1531,18.86860657,28.51291466,50.29106903,0.035691228,7.016974449,12.1540451,10.70324993,553.7410889,113.4067764
1636,1532,17.58271599,28.51800537,50.40100861,0.031155434,7.038824558,12.29552555,10.85313511,552.1064453,114.7865372
1637,1533,15.74905586,28.52326393,50.52894592,0.02682291,7.055939674,12.37787056,10.97303867,549.9690552,116.6283646
1638,1534,16.22585297,28.52860451,50.47540665,0.02273888,7.016498566,12.34729481,10.89590931,551.7417603,115.5291138
1639,1535,16.44481659,28.5332756,49.89923096,0.018654848,6.977057934,12.31671906,10.79346752,553.4788818,114.2702026
1640,1536,19.7716465,28.52722168,50.2378006,0.024329476,6.947844505,12.30441761,10.70503426,554.5373535,112.0390778
1641,1537,19.53636932,28.52116585,50.24360657,0.031929854,6.930527687,12.29892063,10.76912212,554.0198975,113.2457199
1642,1538,19.88229179,28.5194149,50.56231689,0.036843333,6.913211346,12.28811264,10.69189739,553.4354858,113.6568069
1643,1539,19.47793007,28.52305984,49.7994957,0.032239389,6.943526268,12.23590279,10.58090973,556.6383667,110.5829315
1644,1540,18.3564167,28.52670479,50.39899826,0.027635448,6.982662678,12.18369293,10.76738644,552.8238525,114.2341995
1645,1541,17.03864861,28.52088165,50.05931854,0.02408449,7.025762558,12.21331024,10.7105484,553.9112549,112.9173126
1646,1542,15.9537735,28.51310158,50.33892822,0.021220122,7.082221508,12.32517719,10.90462303,551.6469116,115.7036438
1648,1543,18.11775017,28.50596046,50.20519257,0.02525479,7.108427525,12.30855083,10.7246933,553.8461914,114.0617142
1649,1544,19.05730247,28.5051136,50.19051361,0.032249175,7.02366066,12.14850044,10.70991516,553.7766113,113.465744
1650,1545,20.52686882,28.50934601,50.31637192,0.035232138,6.938992977,12.04486084,10.66697407,554.4877319,112.1726379
1651,1546,19.50749588,28.51698303,49.97567368,0.03153801,6.973398685,12.0943985,10.5402689,556.1737671,111.3970337
1652,1547,18.55275536,28.52461815,50.37478256,0.027843881,7.007803917,12.14393711,10.73625374,553.1087646,114.0838699
1653,1548,17.71028328,28.52095222,50.57936096,0.024124525,7.041998386,12.25161743,10.9023838,551.713623,115.5021515
1654,1549,16.62154007,28.51710701,50.3967514,0.020397225,7.07584095,12.39002228,10.91577625,551.2285767,115.6415863
1655,1550,14.61305618,28.51910973,50.09578323,0.018411931,7.109683037,12.50874901,10.87232876,552.0361938,115.6424942
1656,1551,18.35908699,28.53110695,50.22854614,0.026652092,6.9347682,12.11667252,10.73654366,553.5420532,113.7810745
1657,1552,20.64260101,28.54310226,49.89643097,0.034892254,6.693956852,11.72459602,10.6368742,556.1687622,111.5173874
1658,1553,20.71403885,28.55175972,50.21655273,0.036620721,6.69457531,11.71510315,10.59922791,555.1412354,112.3343658
1659,1554,19.36574554,28.55932999,49.75232315,0.032592177,6.843703747,11.94157124,10.53706169,556.9504395,111.4463806
1660,1555,17.48132896,28.56611443,50.31039047,0.028563632,6.992832661,12.16803837,10.81604862,552.4987183,115.1258011
1661,1556,14.54498386,28.56804848,49.72268677,0.024169097,7.081466675,12.30125427,10.80133057,552.9440308,115.7144928
1663,1557,14.59544945,28.57412148,49.93582535,0.018794175,7.185627937,12.45811176,10.85669613,552.5852661,116.0174637
1664,1558,17.26841354,28.58025932,50.10401917,0.025930008,7.07340765,12.29095364,10.77411175,553.3097534,114.7108078
1665,1559,20.02855682,28.58639717,50.21154022,0.033065841,6.961187363,12.12379551,10.76257324,554.1730347,113.0461655
1666,1560,19.77406311,28.58363724,50.43814468,0.033332709,6.960947037,12.13856125,10.77356243,552.8226929,112.3520966
1668,1561,18.03304291,28.57594681,50.25323105,0.027587369,7.04636097,12.30364227,10.77131176,553.3535767,114.6164398
1669,1562,16.47346115,28.5709362,50.30101776,0.024792511,7.109257698,12.37209129,10.90976143,551.4338379,115.6496124
1670,1563,15.08482742,28.56592369,50.46762848,0.021997653,7.172154903,12.44053936,10.99985409,550.0408936,117.5002365
1671,1564,14.60319424,28.56770325,50.19384003,0.023571812,7.172315121,12.40485382,10.94807434,550.5494995,117.0958252
1672,1565,17.78700256,28.57267761,50.01778793,0.030354107,7.097016335,12.26350975,10.82799625,553.8309326,113.9365158
1673,1566,20.39727592,28.57660294,50.54760742,0.037136402,7.021717548,12.12216473,10.81840038,552.9450073,113.527626
1674,1567,20.64120674,28.56543922,50.15966034,0.037145048,7.020505428,12.14617348,10.69072819,554.9949951,112.2337646
1675,1568,19.56406212,28.55427551,50.26578903,0.035877187,7.034209251,12.1958046,10.66329956,554.3419189,113.0404587
1676,1569,19.20969009,28.54820061,50.27581406,0.033506308,7.057237148,12.25944328,10.74278736,554.0515137,113.5874329
1677,1570,17.53359985,28.54833603,50.51040268,0.027369371,7.116746902,12.36488628,10.86251926,551.9596558,115.341217
1678,1571,15.20963573,28.54847145,50.49448013,0.021232432,7.176257133,12.47032928,10.97080803,550.6705933,116.9822159
1680,1572,18.23327637,28.55827904,50.04943466,0.030790731,7.057180882,12.27440643,10.75285721,554.1981201,113.434082
1681,1573,20.01983452,28.55491257,50.49503326,0.038200714,6.966819763,12.13513947,10.71467018,553.6008911,113.7087555
1682,1574,20.51263809,28.52083397,49.76662827,0.037166968,6.96904707,12.17871761,10.53859901,557.0437012,110.4556961
1683,1575,19.14188194,28.48675537,49.86259842,0.036104538,6.973767281,12.22229481,10.52433681,553.8270264,110.5175247
1684,1576,18.14163971,28.46245003,49.54017639,0.033487327,6.945233822,12.27534771,10.54539299,556.34375,111.3440018
1685,1577,15.68475819,28.44449615,50.4067688,0.028350858,6.857273102,12.34224987,10.90496159,550.9485474,116.3413239
1686,1578,15.59843159,28.42654419,50.48190689,0.023214391,6.812601089,12.40915203,10.91825294,550.2908325,116.2921066
1687,1579,15.06699753,28.42835426,50.12733841,0.026519224,6.862744808,12.35909939,10.87004852,551.5535278,115.1528244
1688,1580,17.80794144,28.43034554,49.96458435,0.032391485,6.91288805,12.26975346,10.68558693,554.7332153,112.7159882
1689,1581,20.12430763,28.42373276,50.20607376,0.037212819,6.936157227,12.19592094,10.6787672,554.3811035,112.2122421
1690,1582,20.10871506,28.40284157,49.96175766,0.036161982,6.947345734,12.22274303,10.55853271,556.0245361,110.9932785
1691,1583,19.07637215,28.38195229,49.82159424,0.03511114,6.959596634,12.24956417,10.54851532,556.1468506,111.1577148
1692,1584,18.35726738,28.38313675,50.07720566,0.031425104,7.006812572,12.31744099,10.70601082,553.9105835,113.0745697
1693,1585,16.59057236,28.39125443,50.00676727,0.025466129,7.054028034,12.4232502,10.7220192,553.5145264,113.7423325
1694,1586,15.1466217,28.40142441,50.08402634,0.019507153,7.052267075,12.52906036,10.86287498,551.6757813,114.9408112
1695,1587,14.64350891,28.42360687,50.6111145,0.021353692,6.647479534,11.51648712,9.888628006,555.9372559,106.867897
1696,1588,21.36598778,28.4824028,50.11951447,0.031844918,6.598481655,11.037817,10.54061794,556.5350342,110.0115356
1697,1589,21.68594551,28.48238945,50.41820908,0.030898815,6.876067162,11.61263943,10.64773273,554.9282227,111.0824814
1698,1590,19.84880257,28.48566628,49.68728638,0.029952714,6.896972179,12.11250687,10.4971981,557.4643555,110.2889938
1699,1591,18.81861305,28.5315361,50.33248901,0.026686428,6.939548016,12.1763649,10.74550915,553.7595825,113.3297958
1700,1592,16.99862099,28.57740593,50.16824341,0.023002492,7.047195435,12.24022388,10.84326744,552.9683228,114.4493866
1701,1593,16.38171387,28.61583519,50.75265503,0.020552909,7.15484333,12.26140881,11.00538445,549.6390991,116.9492493
1702,1594,16.36587715,28.64541626,50.10051727,0.022176662,7.155858994,12.24504471,10.79506874,553.300354,114.8786163
1703,1595,18.61048317,28.67499542,50.05149078,0.023800418,7.095528603,12.22867966,10.79649639,554.6906128,113.5654297
1704,1596,19.63028145,28.66534042,50.38425064,0.024600783,7.035197735,11.62103367,10.79886341,553.729248,113.7127609
1706,1597,28.81995964,28.63359833,49.49496841,0.025026122,6.660917759,12.23929214,10.16080475,563.1153564,103.8675003
1707,1598,17.79172325,28.64773178,50.27432632,0.021588076,6.765270233,12.1538372,10.8782835,552.2859497,115.694313
1708,1599,22.79805756,28.66186523,50.10493851,0.018045746,6.87177515,12.11386299,10.61764526,555.7713013,110.7619095
1709,1600,20.99015045,28.6722641,50.10190582,0.016693249,7.042986393,12.24546146,10.76436138,554.6237793,112.2144318
1710,1601,19.352314,28.67999649,50.34984207,0.019223133,7.214197636,12.37705898,10.86726665,552.2009277,115.1248779
1711,1602,14.23194313,28.68772888,50.05715942,0.021753019,7.280390263,12.39805317,10.96408176,551.583374,116.2996063
1712,1603,17.10506439,28.65255547,50.1919136,0.02423133,7.185467243,12.34470367,10.92963886,552.0784302,115.859436
1713,1604,17.55789948,28.61612701,50.10015488,0.026692385,7.090543747,12.29135513,10.85463905,552.7870483,114.5480423
1714,1605,16.14428329,28.58686447,50.15545273,0.028200068,7.117418289,12.15902996,10.81902695,552.8442383,115.3526077
1715,1606,13.77766132,28.57032967,50.08237839,0.023748981,7.183465004,12.0256443,10.88153934,551.5493164,116.6081314
1716,1607,13.00371647,28.55379486,50.16891479,0.019297896,7.239951611,11.99952984,11.04149628,549.5358276,117.9774628
1717,1608,11.61862087,28.53921127,50.59258652,0.018530084,7.202522755,12.19841957,11.20773602,547.2258301,119.9474564
1718,1609,10.36358929,28.52528191,50.56173706,0.021074077,7.165093899,12.39730835,11.18034935,546.7211304,120.8297348
1719,1610,14.83362961,28.50895119,50.38235855,0.023618069,7.11615181,12.38586426,10.93710232,550.5565186,117.0438766
1720,1611,17.97410393,28.47754288,50.27484131,0.028384674,7.052866936,12.26941776,10.80068874,552.5626221,114.5430298
1721,1612,17.93655014,28.44613457,50.31699371,0.033357151,6.989581585,12.16428661,10.74214172,552.5527344,114.1374741
1722,1613,17.19471741,28.43577576,50.0238266,0.034934815,6.952716827,12.25132942,10.7667799,553.9238281,113.5589523
1723,1614,15.0854969,28.44438553,50.37970352,0.028736355,6.921112537,12.33837318,10.92947483,550.1168823,116.6556091
1724,1615,13.85627174,28.4529953,50.4263649,0.022537896,6.990399837,12.44288158,10.98728085,549.239624,117.5262375
1725,1616,12.07406425,28.47144699,50.74332428,0.021390932,7.136086941,12.56980324,11.16182232,547.0947266,119.9212418
1726,1617,11.55367947,28.49082184,50.64757156,0.022488225,7.281773567,12.69672489,11.14497185,547.1732788,119.9161148
1727,1618,15.04814625,28.50556755,50.05465698,0.023874903,7.212245464,12.60978889,10.80777168,552.0982666,116.0270615
1728,1619,17.42428398,28.50966454,50.21261597,0.02855585,7.128298283,12.47798824,10.79776478,552.8745117,114.3307266
1729,1620,18.27805138,28.51376152,50.20843887,0.033236794,7.080644608,12.38180256,10.84727669,553.0230713,114.137764
1730,1621,17.66318893,28.52117538,49.82552719,0.032986701,7.117205143,12.43876743,10.71060085,554.7750244,112.745697
1731,1622,15.65440178,28.53006744,50.05461884,0.027163129,7.153765202,12.49573135,10.85628986,552.3439941,115.9752731
1732,1623,14.34120464,28.53859901,50.66122437,0.021339558,7.187461376,12.54089069,11.01971531,549.043457,117.813591
1733,1624,13.80387211,28.54297447,50.49042511,0.020829592,7.219723225,12.57659531,11.07988644,549.1119385,117.93396
1734,1625,12.88005543,28.54734993,50.26150894,0.021199357,7.244307995,12.61229992,11.03072548,549.1832275,117.863884
1735,1626,16.44130325,28.53905296,50.02869797,0.023280967,7.089313507,12.454813,10.75190735,553.527832,114.2773209
1736,1627,19.81482697,28.51637268,50.05723572,0.030591764,6.934318542,12.28271866,10.62786961,555.3244629,114.012085
1737,1628,19.9371109,28.4936924,49.85460663,0.03790256,6.79385519,12.07567501,10.56414509,556.2172852,111.4598007
1738,1629,19.11813736,28.49526405,50.37730789,0.035827804,6.672687531,11.79381943,10.41400909,551.1483765,108.8296356
1741,1630,20.22793579,28.51165199,50.22209549,0.035753287,6.697205067,11.55447102,10.70309734,554.2131348,112.5113297
1742,1631,18.4829483,28.53750038,50.27824402,0.032571591,6.845145702,11.94807625,10.70764065,553.2455444,114.0836639
1743,1632,17.95504189,28.56334686,49.78464127,0.026699785,6.993085861,12.34168243,10.67383575,555.5874023,112.8144531
1744,1633,16.29916954,28.58243561,50.57196426,0.021738281,7.082091808,12.46691322,10.97474861,550.6274414,116.5543137
1745,1634,15.56785011,28.59186745,50.55392075,0.020667134,7.106895447,12.51606941,11.04615116,550.1312256,117.171051
1746,1635,14.90551376,28.60130119,50.40043259,0.019595984,7.131698608,12.53861427,10.93729305,550.4255981,116.9314728
1748,1636,19.12817764,28.59582901,50.45534515,0.027936736,7.047047615,12.31984329,10.82733822,552.6481323,114.3552246
1749,1637,19.23485947,28.59440613,50.54268265,0.033507809,6.862620831,11.78610516,10.80304623,552.5379639,114.9601746
1751,1638,17.68104362,28.61444473,50.35041809,0.022076303,7.057594299,12.24291134,10.80466366,552.8672485,114.7005234
1752,1639,14.4734211,28.61258507,50.4510994,0.018016577,7.172989845,12.36242867,11.039958,549.4421997,117.5010071
1753,1640,14.29852867,28.60202408,50.52658844,0.017302761,7.2252388,12.41605759,11.02057934,548.8846436,117.819252
1754,1641,13.52694225,28.591465,50.51978683,0.016588947,7.140277386,12.31966972,11.05939388,548.8763428,118.8029633
1755,1642,17.57745171,28.58280563,50.17304611,0.022876177,7.055315971,12.22328091,10.75579166,553.1651611,114.6252975
1756,1643,18.99808693,28.57421303,50.03269577,0.031570837,7.005890369,12.18395233,10.74995232,554.1355591,113.7832565
1757,1644,19.22314644,28.56946182,50.35614395,0.038322162,6.971436024,12.16981792,10.71259308,553.4314575,113.743866
1758,1645,18.59272385,28.57170868,50.33962631,0.032377325,6.932733059,12.15541077,10.7394352,553.5869141,114.3287125
1759,1646,16.34935188,28.57395554,50.60385513,0.026432486,6.851974964,12.13376045,10.8848362,550.7722778,116.19487
1760,1647,26.40440559,28.56245804,50.33707047,0.02434873,6.771184444,12.11210918,10.51734543,558.241272,107.9612808
1761,1648,27.16484451,28.54620552,50.65414047,0.025810786,6.682636738,11.98550892,10.52358818,556.0148315,108.5899353
1762,1649,30.21348572,28.52959251,49.94131851,0.027272841,6.594089031,11.69480228,10.26375866,561.8898315,103.9928284
1763,1650,19.33585739,28.51060104,49.91920471,0.034372721,6.817070484,11.60773468,10.62523079,555.5974121,112.6370926
1764,1651,20.74572182,28.49160957,50.5739975,0.042031128,6.873354435,11.88082409,10.731884,553.5587158,113.2964554
1765,1652,20.40144348,28.4909687,50.05162048,0.04493073,6.929638386,12.1539135,10.54172134,555.4701538,112.2735138
1766,1653,19.68002701,28.50724792,50.03646469,0.036650807,6.919900894,12.27353954,10.51564789,550.230957,109.7695313
1768,1654,25.24081802,28.53574371,50.03439713,0.023796804,6.797828674,12.38169098,10.49905872,558.2017212,108.3503952
1769,1655,24.82084084,28.5475502,49.85043335,0.020910248,6.884031296,12.28357887,10.44516182,559.2451782,107.6934204
1770,1656,23.43975639,28.55710602,50.34379196,0.018546196,6.98115921,12.18546581,10.6390419,555.0566406,111.283783
1771,1657,17.89932251,28.56133842,50.55075836,0.022566592,7.05572319,12.12565041,10.85420418,551.6567383,115.665657
1772,1658,18.17873001,28.56557274,50.60174179,0.026586989,7.070407391,12.10492325,10.87351418,551.4445801,115.2092896
1773,1659,19.17566872,28.57045174,50.02088547,0.027559115,7.085091591,12.08419704,10.71844196,554.7307739,113.1095734
1774,1660,17.21575737,28.57562828,49.99970627,0.025014473,7.088707447,12.28663921,10.69548702,554.2952881,113.9749451
1775,1661,14.06520271,28.57999039,50.29298401,0.022469832,7.086682796,12.51850605,10.99823189,550.0723267,118.9992294
1776,1662,18.06557465,28.57422256,50.44060516,0.019198028,7.084658146,12.63656998,10.92480469,551.4779053,115.6942291
1777,1663,19.61117554,28.56845474,50.54139709,0.015800809,7.029445171,12.45018482,10.84574795,551.3032837,114.7766647
1778,1664,18.94431496,28.57474518,50.22963333,0.014434565,6.974137783,12.26380062,10.85995388,552.6674194,113.7070618
1779,1665,24.02773857,28.5950222,50.20925522,0.01945415,6.979399204,12.08086205,10.55687046,556.2706299,110.2455673
1780,1666,15.94823551,28.61529922,50.32943726,0.024473736,7.05542326,11.89969444,10.99209595,549.8425293,117.9893951
1781,1667,29.95356178,28.61261559,49.99181747,0.023968728,6.68629837,11.71852684,10.37235832,560.7286377,105.7831497
1782,1668,27.64353752,28.60592842,49.68969345,0.020216217,6.745433331,11.88465309,10.24013901,561.8546143,105.6350861
1783,1669,22.5206604,28.60078812,50.10668945,0.016518952,6.848492622,12.05217075,10.64065838,555.8753662,111.8071594
1784,1670,20.0476017,28.60054207,50.43898773,0.015751794,6.941428185,11.98121834,10.8616457,552.4057007,113.7946014
1786,1671,19.63386345,28.60809517,50.1679306,0.016323058,6.705031872,11.51947975,10.86483097,552.786438,113.9200745
1788,1672,16.74863243,28.63279533,50.23168182,0.025132202,6.990412712,12.18247223,10.86075115,552.1746216,116.2178421
1789,1673,16.75478554,28.62255669,50.25698853,0.024282176,7.087788105,12.29990673,10.82807827,552.3810425,115.9525299
1791,1674,13.04733086,28.60544586,50.347332,0.019693555,7.054435253,12.26940918,11.07883549,549.1020508,118.427742
1792,1675,20.72879219,28.60350037,50.28359222,0.016467709,7.003091812,12.21972275,10.87328148,552.7688599,113.8860626
1794,1676,16.97754669,28.6235981,49.95001221,0.015033933,7.107752323,11.81810474,10.90644073,552.7840576,115.0126801
1796,1677,17.09884644,28.67486382,50.35935974,0.026097875,7.068917751,12.19631958,10.92404556,551.5420532,116.6008987
1797,1678,17.41844177,28.67461967,50.29262161,0.024325391,7.077934742,12.30101681,10.96313667,551.7989502,116.2827072
1799,1679,13.40037537,28.67464256,50.27256012,0.019873431,7.294852257,12.40954781,11.05226326,549.7380981,118.7004318
1800,1680,14.54721546,28.67529488,50.60040283,0.016883358,7.002835274,11.66972733,11.15200901,548.3835449,119.84758
1801,1681,20.90880013,28.67594719,50.53567123,0.013893287,6.305026531,10.68761635,9.533738136,565.8560791,99.97148895
1802,1682,16.06620598,28.68836594,50.26334,0.016837573,6.104361057,10.52357674,9.519094467,565.0360718,100.889946
1803,1683,24.68445969,28.70126915,49.95315933,0.021881398,6.896140099,11.74350262,10.53944778,558.0012817,109.6404419
1804,1684,30.80295563,28.70316315,50.33779144,0.026063131,6.949367046,12.10530186,10.42190266,559.5396118,106.1243896
1805,1685,30.54166412,28.68454552,50.39255142,0.024320163,6.975967884,12.42777443,10.50486565,558.6834717,107.1666718
1806,1686,28.68864441,28.66592789,49.97714233,0.022577196,6.998921394,12.4746542,10.3922472,560.7114868,106.2911453
1807,1687,18.02482605,28.66393089,50.57437134,0.02016692,6.929595947,12.52153397,11.03671551,549.517395,117.0456696
1808,1688,22.68055534,28.66786957,50.22702408,0.017126333,6.819450855,12.37295914,10.75734329,554.616394,111.5625
1809,1689,19.84481621,28.67471123,50.87657928,0.014085746,6.71155262,12.02112103,9.867225647,561.2901001,104.4909821
1810,1690,19.08665848,28.70247078,49.9849968,0.017995847,6.798363209,11.3188591,10.0129528,557.8492432,106.382843
1811,1691,19.72375298,28.73023033,50.03029251,0.022684503,6.850741863,11.66646957,10.80904102,553.7089233,114.4582977
1813,1692,17.65753365,28.7154026,49.8979187,0.024751484,6.717468739,11.55011177,10.8903141,553.3720093,114.5495148
1814,1693,16.20900345,28.69651604,49.67154312,0.023753481,7.142617702,11.74267483,10.79147339,553.9047852,114.6687317
1815,1694,13.24215031,28.69448662,49.65655136,0.02113153,6.851547718,11.93523788,10.8967371,552.7724609,116.7485428
1816,1695,21.90525055,28.69439697,50.61924362,0.017724782,6.769255161,11.84505177,10.86652565,553.0777588,113.3866653
1818,1696,19.25856018,28.70615578,50.50557709,0.019214999,6.978523254,11.51514721,10.98058891,551.2213135,115.9230118
1819,1697,14.62008095,28.71535301,49.98588943,0.023621539,7.115059853,11.83499241,11.01520061,551.2971191,117.3573227
1821,1698,17.37746429,28.67545319,50.51745605,0.026862221,7.14517355,12.39927673,10.92898369,551.2717896,116.3555527
1822,1699,15.80129242,28.65098572,49.77928925,0.027429555,7.221242905,12.54471874,10.8583498,553.3684692,115.1958847
1823,1700,12.42793083,28.64378357,50.62828827,0.023506233,7.297312737,12.69016171,11.1848135,547.256897,120.2118454
1824,1701,11.08298874,28.63658142,50.21038818,0.018726276,7.11030817,12.23696804,11.17377663,548.5023193,119.5528641
1825,1702,21.58890915,28.635149,50.67182541,0.016132388,6.451542377,11.33590317,9.997268677,560.28302,104.7686386
1826,1703,19.5568943,28.64074135,50.47270203,0.020922624,6.371083736,11.12233162,9.619029045,567.6167603,102.077507
1827,1704,14.40479279,28.64633179,50.24187851,0.025712859,6.911633015,12.21806908,10.97963047,550.8664551,117.6353836
1828,1705,17.95435143,28.62375641,49.79033661,0.028167438,7.048091888,12.20803165,10.7193222,554.8340454,113.382431
1829,1706,18.34144211,28.59581184,50.07135773,0.029173313,7.068092346,12.19799328,10.78560352,553.6678467,113.8671417
1830,1707,16.95440674,28.57344627,50.20851517,0.030139923,7.086704254,12.14277649,10.84477043,552.277832,114.5612793
1831,1708,14.52868652,28.56990623,50.1493187,0.024486307,6.944662094,12.08504295,11.01874828,550.8512573,117.0601883
1833,1709,22.25336266,28.57397079,50.05774307,0.016759977,6.70920229,11.19705582,9.651535034,564.1587524,100.8761597
1834,1710,22.22968292,28.58848953,50.17323685,0.02018296,6.626288891,11.29806995,9.761945724,563.826355,102.2280502
1835,1711,26.45752335,28.60300636,49.62689972,0.023605943,6.543375969,11.39908409,9.967861176,561.5803833,102.7297516
1836,1712,35.28843689,28.59093475,49.91383362,0.026992092,6.557068825,11.49232197,10.04467773,564.9273071,100.7033234
1837,1713,36.84564209,28.5774765,50.49578857,0.030368045,6.585175037,11.57217503,10.14333439,562.6711426,102.6039124
1838,1714,31.338871,28.57551575,50.27339172,0.032492775,6.549494743,11.65202808,9.91805172,565.2401123,101.0322952
1839,1715,27.55435944,28.59596443,49.6870575,0.028595774,6.192209721,10.57330704,9.749550819,562.9182739,100.7868958
1840,1716,27.94364357,28.61641121,49.90226746,0.024698768,6.743927002,11.36533546,10.33562088,561.0442505,105.6644821
1842,1717,24.76592445,28.70128059,49.61448669,0.021707315,6.53055048,11.04291916,9.675350189,565.1096802,100.8265686
1843,1718,25.48255348,28.73976135,50.19316101,0.020887826,6.31182766,11.29817963,9.598263741,567.006897,99.56552887
1845,1719,29.50400734,28.7039547,50.60069275,0.024246242,6.589948177,11.77307892,10.52746487,558.5045776,107.9913559
1846,1720,27.76662827,28.70098114,49.83346176,0.024072694,6.502371788,12.00287247,10.29970455,561.1203613,105.9171524
1847,1721,15.67416763,28.71265602,49.66936111,0.020138687,6.984801292,12.05032444,10.76320744,554.6329956,114.6884766
1849,1722,20.87559128,28.7415123,50.44799423,0.016629685,7.014314175,12.02621555,10.74142075,554.2783203,112.4770355
1850,1723,20.40813637,28.75935364,50.12182236,0.01869683,7.064374924,12.08712959,10.72325706,554.866394,113.4493637
1852,1724,19.46704102,28.74762726,50.03281021,0.027189231,6.803236961,12.04361629,10.74608994,554.8686523,113.8007813
1853,1725,19.85538483,28.72847939,50.61991119,0.033164725,6.758423805,11.77543736,10.86174297,548.9263916,114.3930664
1854,1726,18.52193451,28.72087288,49.68459702,0.033121634,6.741005898,11.50725746,10.61076164,556.6637573,112.1407623
1855,1727,16.92391205,28.71895218,50.13986969,0.027136842,6.933177471,11.7351675,10.90862083,552.93396,115.6778259
1856,1728,16.1524868,28.71722603,50.46344376,0.021152047,7.125972748,11.96493149,10.99549484,550.5582275,117.1416016
1857,1729,26.70559692,28.7186203,50.81463242,0.021382593,6.952583313,12.12234116,10.69397545,555.3825684,110.7236328
1858,1730,24.91176224,28.72001266,50.74599457,0.022369005,7.024439812,12.15179539,10.70868874,554.7962646,111.9054871
1859,1731,18.19766808,28.71064758,50.1853981,0.024959872,7.005391598,12.18124962,10.86008263,553.0245972,115.3268127
1860,1732,38.04696655,28.68798447,50.55984879,0.031670611,6.203704834,10.79444695,10.17978954,563.1400146,101.6641312
1861,1733,37.59127426,28.66532326,50.1685791,0.038381349,6.405831814,11.07114315,10.04583359,564.9768066,100.5270844
1862,1734,33.71714783,28.66130829,50.37602234,0.035385367,6.613046169,11.50226593,10.17631435,562.3625488,103.9768372
1863,1735,17.32801247,28.66095543,50.42156601,0.027585836,6.898252487,11.60346031,10.56744099,550.2128906,111.332489
1864,1736,26.04751015,28.65621185,50.31383896,0.020284262,7.073970795,11.70465374,10.50434589,557.7985229,108.2477951
1865,1737,25.66763496,28.6362648,50.17101669,0.021119447,6.958724499,11.81277657,10.57131958,557.9855957,108.8056717
1866,1738,26.81305313,28.61631966,50.24291992,0.021954633,6.960094452,11.93246174,10.46884823,558.5814819,108.6721954
1867,1739,18.14391518,28.59877396,49.92007065,0.02504486,7.00052309,12.05214787,10.69301701,555.010437,113.8778305
1868,1740,36.35512924,28.5827446,50.15032196,0.030933861,6.586868763,11.91131306,10.08735847,564.8434448,101.1091995
1869,1741,35.50068283,28.56674576,50.33124924,0.036822863,6.341959,11.68735504,9.971886635,561.3424683,99.62755585
1870,1742,33.69234848,28.57457924,49.9826355,0.032023061,6.170828342,10.60187435,10.02248192,564.5888672,102.5332642
1871,1743,29.03787804,28.58241272,50.38185501,0.025109204,6.302735329,10.99158001,10.40528393,559.0479126,107.6989899
1872,1744,24.40086174,28.58757973,49.72275162,0.019204082,6.806852341,11.49993515,10.38750362,559.5211792,108.6412582
1873,1745,24.1011219,28.58857346,50.49499512,0.016808972,6.939523697,12.00828934,10.42943192,551.2553711,107.3319473
1875,1746,16.13792419,28.58990097,50.36174774,0.016952431,6.896277428,12.32189751,10.98433018,550.7619629,117.1256638
1876,1747,17.71810341,28.59004402,50.44220352,0.022620158,6.93302393,12.34932232,10.89945507,551.0783691,116.071312
1878,1748,28.36504936,28.61899757,50.25250626,0.024308018,6.756993771,11.90069485,10.37693882,559.6420898,107.1594467
1879,1749,25.02769852,28.64369965,50.30722809,0.020334119,6.868341923,12.04019547,10.63727951,556.4284668,110.2650146
1880,1750,22.32390022,28.65863037,50.65066147,0.017292108,6.983498573,12.17120457,10.78241062,553.4916382,113.8405685
1881,1751,22.06521606,28.66575432,50.42198181,0.015713403,7.030547142,12.12943745,10.78355885,554.0383301,113.0968704
1882,1752,18.89954758,28.67287636,49.98595047,0.014134697,6.966822624,12.08767033,10.78318691,554.7202759,113.6977081
1883,1753,19.33414268,28.67176437,49.73581696,0.017327262,6.90309763,12.03327465,10.71718788,555.6409302,113.0965958
1884,1754,27.91471481,28.67017174,50.06243515,0.021883022,6.839643002,11.9625082,10.41353893,559.6104126,107.3634949
1885,1755,29.37016869,28.67391014,50.24356461,0.025199341,6.776296616,11.89174271,10.45182705,559.5116577,107.1751633
1886,1756,26.7907753,28.68833351,50.05600739,0.022306785,6.725090981,11.94924641,10.445261,559.2741089,107.9344101
1887,1757,26.8045826,28.70275879,49.93466187,0.019414229,6.844482899,12.03413773,10.47041607,559.2037354,108.431572
1888,1758,21.65389633,28.70844078,50.53792953,0.017344795,6.96387434,12.10095024,10.83853817,553.5146484,113.8503647
1889,1759,21.15161705,28.71074867,50.04895401,0.015935376,7.054373264,12.07353973,10.68182564,556.206665,111.8622971
1891,1760,16.64708138,28.70088577,50.02371979,0.018211655,7.161489964,11.9890213,10.84688187,553.4675903,115.8953705
1892,1761,17.66210556,28.69014931,50.24735641,0.022202328,6.966327667,11.90758801,10.86512756,552.4428711,115.7813492
1893,1762,27.4333725,28.69128036,50.395298,0.024115067,6.767255783,11.82615471,10.51060677,557.8097534,108.9168091
1894,1763,25.89613533,28.70434189,50.09542847,0.021850571,6.6277318,11.95990562,10.46393585,557.9440918,109.100769
1895,1764,24.01302338,28.71740341,50.32555389,0.019586073,6.530731201,12.10777855,10.57416153,550.4284668,108.443634
1896,1765,22.064394,28.72060585,50.40245056,0.017477985,6.757978439,12.21095943,10.77513218,553.8881836,113.8977966
1897,1766,21.30963135,28.72255707,50.61582565,0.015430541,6.985225677,12.19479656,10.87141609,553.0921021,114.3759537
1898,1767,18.40919113,28.72455978,50.08231354,0.013979779,7.113841534,12.17863464,10.85252857,554.244873,114.2410202
1899,1768,15.66235828,28.72670555,50.30121994,0.017395249,7.137375355,12.06930733,10.99759674,551.3745117,117.0657272
1900,1769,18.10163879,28.72885132,50.23600388,0.020810718,7.160908699,11.9098959,10.90940952,552.8049927,115.7464066
1901,1770,28.36455917,28.73979187,50.22592163,0.02163033,6.785128117,11.74503994,10.22851658,555.4155884,103.6280365
1902,1771,25.2701149,28.75517273,49.81907654,0.019830743,6.615016937,11.44617653,10.50968933,559.1348267,108.8084564
1903,1772,24.18483734,28.77001953,50.08106232,0.018031154,6.696557045,11.43961143,10.62966061,556.8251343,110.8923035
1904,1773,21.71017647,28.77536011,49.93982697,0.016060226,6.872922897,11.70507622,10.70955753,555.6881104,112.5103302
1906,1774,17.62633896,28.79025269,50.11915588,0.013774867,6.547450066,10.80603409,10.34306908,562.2987671,111.7434082
1908,1775,28.41992569,28.8200016,50.55374146,0.022148971,6.584805012,11.89797211,10.60723019,557.1746216,109.5858231
1909,1776,28.64393806,28.82283401,50.38524628,0.02260506,6.468076229,11.98107529,10.56087685,557.9929199,109.1435852
1910,1777,25.60430717,28.82320976,50.3225441,0.021172015,6.630819321,11.98622036,10.66790295,557.0146484,110.9025269
1911,1778,23.85201263,28.82036781,50.09671402,0.019656328,6.648496151,11.99136543,10.64776134,557.3907471,110.5811768
1912,1779,20.1179924,28.8060627,50.20220947,0.016651409,6.854719639,11.91074944,10.80605125,554.0910034,113.9077606
1913,1780,18.99538612,28.79175758,50.40322495,0.01364649,6.835904121,11.75455284,10.91034222,553.2485352,114.909668
1914,1781,17.9474411,28.78782082,49.808815,0.014307012,6.883561611,11.58881187,10.83088398,553.8410645,115.0546036
1915,1782,23.42968178,28.79057503,49.92854309,0.019613301,6.881052971,12.15414047,10.59886169,557.3925171,110.8140411
1916,1783,29.68761063,28.79333115,50.5707016,0.02491959,6.700561047,12.00848675,10.56385612,557.2819214,108.737381
1918,1784,27.05532265,28.76611328,50.39154053,0.020144878,6.630959034,11.92034817,10.66571999,556.7169189,109.9181595
1919,1785,22.77182007,28.7520504,50.06019211,0.017121632,6.817090034,12.10755062,10.63993073,556.928894,110.925705
1920,1786,21.26915932,28.73730469,50.59967422,0.014392667,7.003220558,12.29475307,10.94317055,551.8720703,115.1236725
1921,1787,18.54913521,28.72255707,50.52507401,0.011663702,6.447449207,11.36090469,9.656493187,567.2443237,102.357048
1922,1788,17.27490616,28.72878075,50.27020645,0.013398946,6.76328373,11.39637184,10.92417431,550.1181641,116.0399857
1923,1789,21.32228088,28.74136734,50.12696457,0.018107206,7.048164845,12.27742672,10.71351814,555.1018066,112.9619217
1924,1790,28.63742065,28.75165749,50.02505493,0.022815464,6.694647789,12.00771999,10.44960499,559.520874,107.8215408
1925,1791,29.54389,28.74916267,49.90383911,0.020770308,6.525895119,11.80757523,10.31624603,561.2510376,105.9769669
1926,1792,26.25934792,28.74666786,49.89295959,0.018624797,6.635944843,11.97399998,10.43612385,559.5065308,108.9953613
1927,1793,21.7801857,28.73884773,49.6755867,0.016402716,6.895689011,12.14042377,10.62430668,557.2411499,111.0037308
1928,1794,20.03503036,28.72644424,50.6803093,0.014050464,6.985328197,12.13316822,10.96510792,551.3054199,116.6887054
1929,1795,15.99839401,28.71404266,50.53916931,0.011698213,6.964232922,11.96177483,11.09528542,549.3716431,118.420845
1930,1796,17.19512749,28.72093582,50.15430069,0.014346354,6.895554066,11.48591423,10.51419926,563.0229492,114.7412796
1932,1797,28.18151093,28.7330513,50.21805191,0.02207767,6.884333134,11.79677105,10.52331161,558.50354,108.8594894
1933,1798,31.15773201,28.7256031,50.55926514,0.020641193,6.660346031,11.67659855,10.51567078,558.2194214,108.0162354
1934,1799,26.3178997,28.71815681,49.56005859,0.019204713,6.832340717,11.55270481,10.39881134,560.5940552,106.9776611
1935,1800,22.65543938,28.70962334,49.9059906,0.016924936,6.829618931,11.62209892,10.65312767,555.9893188,111.5957031
1936,1801,21.87165451,28.70060921,50.57797623,0.013884028,6.850192547,11.86635017,10.92001438,552.5126343,114.4501114
1937,1802,15.36262226,28.6932888,50.14812469,0.010843121,6.562490463,11.46022415,9.923041344,561.2563477,107.7384796
1938,1803,14.89048195,28.70597649,49.93600845,0.014809986,6.372324467,11.1867485,10.45086384,553.213562,112.5156021
1940,1804,28.79331779,28.72351456,50.47144318,0.022504508,6.870117188,11.99777412,10.51262188,557.8926392,108.9348297
1941,1805,27.89226723,28.71927452,49.72318649,0.021704109,6.68941164,11.84477329,10.38146687,560.4649658,107.0858612
1942,1806,24.20086479,28.71503448,50.03725815,0.020903708,6.722550392,11.41636658,10.58784962,557.5149536,109.891449
1943,1807,22.10237503,28.71242332,50.25971985,0.018803474,7.006047249,11.74504757,10.73759747,554.1881104,112.4366074
1944,1808,19.85146332,28.71010208,50.58748627,0.016093671,6.813084602,12.08099174,10.93707275,551.8115234,115.3159027
1945,1809,17.49606514,28.71218109,50.0878067,0.01376908,6.936991692,11.87626457,10.90250969,552.132019,116.0037766
1946,1810,15.33465958,28.72872162,49.97612381,0.016911941,6.890413284,11.89238358,10.99688625,551.3624268,117.5587463
1947,1811,21.92212868,28.74526024,50.39162827,0.020054802,6.972791672,12.09980488,10.77630043,553.9560547,113.5403214
1948,1812,27.89959717,28.74712181,49.99744797,0.021345824,6.84785223,12.30722618,10.50335789,559.0759888,108.6503677
1949,1813,28.93415451,28.73992538,49.84774399,0.020380704,6.790808678,12.1910162,10.36451912,560.348938,106.3603821
1950,1814,25.39021111,28.73279572,50.65550613,0.019415583,6.771323681,11.83755207,10.6632843,551.9959717,109.1676865
1951,1815,26.57332039,28.74486542,50.28842163,0.018554097,6.425763607,11.14042187,10.48910332,558.467041,109.5914764
1952,1816,23.60805321,28.75693321,50.72480392,0.017712966,6.932043552,11.65473175,10.83592415,553.5652466,113.7085953
1953,1817,22.14673805,28.77311325,50.54164124,0.017435052,6.967721462,12.16904259,10.85327053,553.3655396,113.8427887
1954,1818,22.57963562,28.79575539,49.80588913,0.0191424,7.003399372,12.11220455,10.6290369,557.4945679,111.0525055
1955,1819,15.7501421,28.81839561,50.18722916,0.020849749,6.975667477,11.93206692,10.99735832,551.050293,118.4353943
1956,1820,28.03668594,28.80631638,50.44552994,0.021323714,6.884346008,11.81811047,10.6241188,557.1089478,109.7585526
1957,1821,27.07621193,28.7840786,50.07063675,0.020996138,6.793025017,11.95662403,10.43172932,559.5183716,108.2339706
1958,1822,25.36560059,28.76480103,50.17992401,0.020668563,6.783621311,12.09513855,10.62367153,557.6429443,109.8136444
1959,1823,22.22815323,28.76120758,50.22439575,0.017407836,6.790006161,12.06422234,10.74451733,555.0232544,112.6200943
1960,1824,20.960886,28.75761414,50.66857529,0.014120851,6.826638699,11.91448116,10.95859718,551.9179688,114.7167358
1961,1825,18.78909874,28.76155663,50.49217987,0.013133507,6.671459675,11.74666023,9.846370697,563.274292,103.525116
1962,1826,19.13605118,28.77182198,50.29268265,0.015960261,6.859313965,11.46519947,10.92289162,552.619812,115.4215546
1963,1827,22.76863289,28.78208733,50.26096344,0.018787015,7.002715588,11.95026016,10.77790356,554.9586182,113.1374588
1964,1828,29.94822121,28.76195717,50.27471161,0.020266997,6.860655308,11.75543499,10.41977787,559.9767456,107.1748352
1965,1829,28.75318146,28.73950386,50.10988617,0.02132459,6.718594551,11.39724445,10.41845036,560.0355225,106.5904007
1966,1830,25.28517723,28.72627068,49.8941803,0.021852436,6.643690109,11.36856842,10.42282104,559.4805908,108.0686417
1967,1831,23.82665253,28.73315811,49.88304138,0.019293707,6.626769066,11.4710722,10.61914921,557.5335693,110.7703094
1968,1832,26.48117638,28.74004745,50.44800568,0.01673498,6.603868008,11.35757256,10.61955738,556.357666,110.414238
1970,1833,22.13793373,28.75886154,49.6794548,0.018772451,6.654237747,11.45697594,10.5933857,558.0787354,110.6025848
1971,1834,25.46188927,28.76623154,49.93394852,0.020885555,6.673914433,11.61297321,10.50972462,559.0280151,109.4439545
1972,1835,29.88457108,28.74663734,50.11698151,0.021569382,6.693591595,11.76897049,10.32480049,561.2630615,105.8605957
1973,1836,29.3409214,28.72704124,50.54660034,0.022123022,6.6930933,11.76218796,10.50604248,558.1100464,108.550972
1974,1837,25.76891136,28.72582626,49.49784088,0.021770569,6.682641506,11.674963,10.33058262,561.5599976,106.3439865
1975,1838,24.16063881,28.74538803,50.45510483,0.019318333,6.669527531,12.02291203,10.73462963,555.0214844,111.9465942
1976,1839,21.62142944,28.7649498,50.37382507,0.016866095,6.746520519,11.80990887,10.84490871,553.9650879,113.6317749
1977,1840,21.78426743,28.80083656,50.52908707,0.01728479,6.823513031,11.59690666,10.84110928,553.4672852,114.1960754
1978,1841,22.58037376,28.83949852,50.35590363,0.01901456,6.927767754,11.61070442,10.71050167,555.5049438,112.821434
1979,1842,25.68664169,28.86817169,49.52188492,0.020558136,6.848381519,11.66406059,10.41702652,561.5145264,107.2966995
1980,1843,29.6631546,28.86515999,49.85562515,0.019685702,6.768995285,11.59796524,10.35444736,562.7814331,105.8053055
1981,1844,24.46839142,28.86214638,49.90155411,0.018813269,6.495271683,11.2982254,10.57643986,558.6710205,110.6443481
1982,1845,23.16718483,28.85482025,50.01475906,0.018554043,6.578095436,11.62304688,10.66599369,557.3811646,111.0556717
1983,1846,22.80532455,28.84491539,49.81103134,0.019016752,6.685647964,11.94786835,10.58347511,558.5023193,110.466011
1984,1847,23.47323799,28.83522415,50.4210701,0.019479463,6.78569603,11.73682117,10.78193569,554.958313,112.6515732
1985,1848,20.32591629,28.84010124,50.1848259,0.018988717,6.426386833,11.20970154,10.11905575,565.8444824,109.8237228
1986,1849,21.95918465,28.84498024,50.30018616,0.018326882,6.560034752,10.91239929,9.668375969,566.3999023,101.7480621
1987,1850,25.14756584,28.8532753,50.14220047,0.018148713,6.682147026,11.16296577,10.51020241,558.4083862,110.3149185
1988,1851,27.63563156,28.86663246,49.96983719,0.019531334,6.891144753,11.43332767,10.43242931,560.8856201,107.3897705
1989,1852,21.94513321,28.87999153,49.97356796,0.020913955,6.94436121,11.59098911,10.66395187,557.2766724,111.9760132
1990,1853,24.09187317,28.8914566,50.6831398,0.020070514,6.997577667,11.4110527,10.6785202,555.0050659,111.4386597
1991,1854,22.55437088,28.90242386,50.19139862,0.01789281,6.910888672,11.52869511,10.69103146,556.3070068,112.9247208
1992,1855,21.39226913,28.91388321,50.20321655,0.015742013,6.826209545,11.80717754,10.83292484,555.2763062,113.9596329
1994,1856,20.72920227,28.94127655,49.96730423,0.015242685,6.951340199,11.996521,10.76339149,556.0653687,113.5137863
1995,1857,21.10495949,28.9171524,50.18535233,0.016566334,6.912522793,11.91270638,10.80022907,555.5713501,113.9701233
1996,1858,25.50468063,28.86438179,50.10474396,0.020224744,6.789905548,11.86411953,10.51179123,558.2982178,110.5328598
1997,1859,28.50070572,28.81161118,49.72307587,0.023883155,6.66728878,11.86764622,10.35326004,562.0172729,106.098114
1998,1860,26.70516396,28.80353928,49.61796951,0.021876661,6.838732719,11.87117386,10.41088295,561.243042,107.1251755
1999,1861,20.86808205,28.7974472,50.15384674,0.018375205,7.030191422,12.02603436,10.74613953,555.1438599,113.2815781
2000,1862,22.74511909,28.78992271,49.94604874,0.015248367,6.795165062,12.22063065,10.6801815,556.8018188,111.8663101
2002,1863,18.70162392,28.76789665,50.13023758,0.01241193,7.031829357,12.11432362,10.81040287,553.7613525,115.2449417
2003,1864,22.2021904,28.75629234,50.3119278,0.014499635,7.056337833,11.8774147,10.68436527,555.3648682,113.2010727
2004,1865,28.60540581,28.74440956,50.73474884,0.019248443,6.775010586,11.78714752,10.59578228,556.8363037,109.8078613
2005,1866,28.51940536,28.73300934,49.88700485,0.023997251,6.612964153,11.82339859,10.3167057,561.6467285,106.5058289
2006,1867,25.00160789,28.72820282,50.09199142,0.021295002,6.837505341,11.85964966,10.49655437,557.9671021,109.9440002
2007,1868,23.39106941,28.7233963,50.39897919,0.018259639,6.647242546,11.95849228,10.73727798,555.3874512,112.4487686
2008,1869,23.09873199,28.72255135,50.84741592,0.016310932,6.796154499,12.06477356,10.85872555,553.2994385,114.354744
2009,1870,23.46362877,28.72642136,50.61769104,0.016416958,6.945066452,11.90793705,10.77968979,554.4641113,113.2571259
2010,1871,24.63743401,28.73028946,50.09096146,0.016522983,6.505856991,11.03060818,10.57957935,558.2194824,109.8487091
2011,1872,24.23758507,28.72339439,49.63036346,0.019174593,6.945755959,12.10024071,10.45360851,560.0162964,108.9641418
2012,1873,29.4985466,28.71452904,50.46869659,0.022745945,6.829104424,11.85128212,10.48753738,558.8370972,108.2490387
2014,1874,27.80764008,28.71982574,50.23257065,0.021294814,6.4028368,11.77543068,10.48502445,558.5594482,109.4057007
2015,1875,22.67614174,28.72962189,50.25917435,0.01721473,6.668584824,12.01341534,10.72072697,553.6921997,113.0421448
2016,1876,22.59825897,28.72903442,50.31932068,0.014761099,6.961107254,11.81979179,10.73246574,555.6682129,110.9925003
2017,1877,18.62492943,28.72215271,50.77857208,0.013859258,7.161776543,11.80530357,10.96324062,550.7354126,117.4191895
2018,1878,17.61125183,28.71525574,50.12737274,0.012957418,7.106859207,12.29098415,10.8788538,552.9956055,115.5147705
2019,1879,16.55315018,28.70709229,49.62337112,0.017487263,7.043683529,12.1045208,10.77105713,554.9387817,114.9029083
2020,1880,27.85165787,28.69892883,50.69504166,0.022617538,6.858309746,11.91805649,10.63306427,556.5601196,110.0328064
2021,1881,27.7617569,28.70088768,50.04095459,0.025442734,7.021145821,11.88245583,10.48364925,559.3035889,107.8185883
2022,1882,25.74302292,28.71804428,50.28150177,0.02259079,6.814366341,12.04128456,10.58483696,557.1833496,109.8377304
2023,1883,22.89907455,28.73520088,50.56221771,0.019738847,6.931735516,12.2001133,10.8132925,553.8458862,113.0810928
2024,1884,19.77493095,28.74010658,50.45767975,0.018012822,7.049104214,12.08419704,10.94754791,552.7891846,116.1803818
2025,1885,20.17452621,28.74172401,50.78199387,0.016822785,6.708391666,11.88880157,10.986063,550.9460449,115.6768951
2026,1886,19.33370018,28.74280167,50.12330627,0.015951326,6.852267742,11.81926632,10.76507854,554.3104248,114.4468689
2027,1887,19.6729393,28.74136734,50.63726807,0.019580102,7.015738964,11.54443264,11.01144695,551.600769,116.755188
2028,1888,29.01437378,28.73993492,50.32062531,0.023208875,6.466897488,11.3446579,10.51444817,559.1419678,108.2259369
2029,1889,28.67201996,28.74297142,50.4379158,0.023430364,6.785084724,11.60309601,10.4393177,558.2194214,108.8364334
2030,1890,25.20121384,28.74944115,50.02836609,0.019566981,6.762619972,11.84872055,10.62014675,558.0734863,110.0711441
2031,1891,21.21262169,28.75591087,50.52572632,0.015703598,6.807483673,12.07526207,10.81942844,553.7607422,114.3660278
2032,1892,20.47668266,28.74837494,50.4271965,0.014545031,6.831190586,12.30180359,10.88276196,553.1376953,114.7136536
2033,1893,19.13148117,28.74016953,50.27954865,0.013888843,6.795408249,11.31259632,10.4225502,553.9879761,110.9819717
2034,1894,17.68154526,28.73269844,50.0082283,0.014180124,6.822814941,11.86684036,9.836905479,562.5415649,105.2886353
2035,1895,13.09808636,28.72663116,50.04115677,0.017608926,6.966144085,12.01870632,11.09210205,550.5783081,119.2612305
2036,1896,15.74130726,28.72056389,50.1067009,0.021037728,7.100383759,11.96256638,11.05395508,551.0206909,117.9061966
2038,1897,15.70834064,28.70929146,50.36969757,0.01749292,6.988231182,12.07516003,11.06560326,549.9597168,119.5
2039,1898,19.92141724,28.70300674,50.00564575,0.014517979,6.843738079,12.23364353,10.7646246,554.4754028,114.2537613
2040,1899,17.44246864,28.69145775,50.0777626,0.013162492,6.964614391,12.36557579,10.88778782,552.4274292,115.9097977
2041,1900,16.64796448,28.67990875,50.0572052,0.011807006,7.164029121,12.46222687,10.96668911,552.114502,116.143837
2042,1901,12.74617767,28.67731094,50.36267853,0.012397046,7.301461697,12.55887794,11.15254402,548.3076782,120.642189
2043,1902,18.37687111,28.68337822,49.84529495,0.01593267,7.055922508,12.33501625,10.83595181,554.2175293,114.7907181
2044,1903,24.84944153,28.6894455,50.60398102,0.019468294,6.965293407,12.15126133,10.74205303,554.3582764,112.504982
2045,1904,13.85181999,28.70128059,50.18924332,0.018308295,6.920958519,12.3102417,11.03909588,550.2186279,119.3308411
2046,1905,21.15548134,28.71378136,50.4502182,0.015872838,6.973804474,11.93573856,10.70225716,547.49823,111.0424347
2047,1906,17.9960022,28.72545242,50.1622467,0.01356469,6.896105766,11.81339931,10.95983315,552.7297974,116.364151
2048,1907,15.54369068,28.7350502,50.55128098,0.011856464,6.949021339,12.09942913,11.12808418,549.5479736,118.7188644
2049,1908,15.41433907,28.74464798,50.37579346,0.010148237,7.145386696,12.38545799,11.13115692,550.0639648,118.303772
2050,1909,13.62418175,28.76233673,49.98821259,0.011271948,7.341752529,12.4769001,11.08903599,550.0401611,118.5296478
2051,1910,17.57473373,28.78394318,49.87166214,0.014590075,7.216091156,12.27005386,10.91883373,553.703064,115.6806183
2052,1911,24.30148506,28.80434036,50.40893555,0.017908202,7.084611416,12.06320667,10.78779888,554.6948242,113.25103
2053,1912,25.34656525,28.80630302,50.02009201,0.016135087,7.062069416,12.15584564,10.5840435,557.7943726,110.524971
2054,1913,21.83276558,28.80826759,50.28799438,0.014100811,7.039527416,12.33181477,10.54581833,558.2802124,111.4002151
2055,1914,17.26351166,28.8104763,49.80904007,0.012911481,6.851541042,12.48537159,10.90569687,553.6109009,115.6987686
2056,1915,18.41378021,28.81299019,50.0647583,0.013372104,7.005274296,12.48001957,10.97496414,552.4714966,116.3479996
2057,1916,14.1889286,28.81550217,50.2492485,0.013832727,7.159007549,12.4746666,11.17136574,549.1073608,120.3158951
2058,1917,13.99259186,28.83366394,50.20359421,0.015637591,7.177351952,12.16256809,11.2203474,549.1096191,120.0148392
2059,1918,17.01451683,28.85486603,49.80726242,0.017946718,7.033346176,11.8723526,11.00133801,553.0478516,116.7442627
2060,1919,26.50891685,28.86966705,50.55123138,0.019740939,6.959234238,11.89142132,10.78919792,555.4795532,111.5519562
2061,1920,27.13541794,28.8625412,50.36491394,0.01760466,6.885122299,11.91049099,10.64764023,557.1171875,110.5297775
2062,1921,22.96542358,28.85541725,49.69707489,0.01546838,6.78070879,12.05340672,10.63613415,557.6205444,111.3701172
2063,1922,16.58921051,28.83727837,49.99388123,0.013334199,6.958491325,12.20784473,10.99096203,552.0549927,117.3279877
2064,1923,17.70635414,28.81223488,50.72783279,0.011202076,7.136273861,12.33963299,11.1284523,549.9404907,118.2087631
2065,1924,13.55560875,28.78723717,50.38549423,0.009069955,7.208728313,12.40558815,11.30964565,547.6702881,121.0979538
2066,1925,15.19299412,28.77688599,50.36493683,0.011457717,7.247462749,12.47154427,11.13382244,549.2281494,119.563179
2067,1926,16.61814308,28.76653481,50.2432785,0.014388399,7.266033173,12.32633305,10.99031258,551.1191406,117.9695053
2068,1927,26.207201,28.74814415,50.01821899,0.016162813,7.116633892,12.06470394,10.63530064,557.6951904,109.8271713
2069,1928,26.01384544,28.71724701,49.97372437,0.014981201,6.967235088,11.81989765,10.46341038,558.2097778,109.5473175
2070,1929,22.56742096,28.68634796,50.20225906,0.013799588,6.9135499,12.06853199,10.45962143,555.4067993,108.7695389
2071,1930,15.97255039,28.66471672,49.85272217,0.0126387,6.957440853,12.31716633,10.92696095,552.3531494,116.2761612
2072,1931,14.17212391,28.64569855,50.68146515,0.011488037,7.319061756,12.1772213,11.08655262,540.293335,116.6942291
2073,1932,16.99861717,28.63218689,50.15549088,0.010541313,7.027328491,11.93458843,11.00197124,551.5946655,115.8351746
2074,1933,14.05836964,28.64580536,50.42248917,0.012890152,7.10232687,12.02075672,11.13858986,548.8427124,119.7556915
2075,1934,19.60358047,28.65942574,49.73997498,0.015238989,7.008051395,12.10692406,10.71419048,555.4290771,113.252861
2076,1935,24.73227882,28.66679382,50.42884445,0.016278865,6.913775921,11.56113243,10.55031204,553.1270752,108.8318863
2077,1936,24.96152878,28.66919327,50.59888077,0.01569844,6.766573906,11.03948212,10.76398182,554.7171631,112.1682663
2078,1937,19.95918274,28.67159462,50.44102859,0.015118016,6.787685871,11.99012661,10.81507492,553.3594971,114.8821335
2079,1938,18.25333405,28.66240501,49.75920486,0.014184437,7.11874342,11.86678028,10.77201462,554.7978516,114.1931534
2080,1939,18.15070343,28.65255165,50.36606598,0.013181338,7.185629845,12.22315121,10.94855118,550.9315796,116.454071
2082,1940,16.19723701,28.67268181,50.60393524,0.01234015,7.11092186,12.52223969,11.04736805,549.4422607,118.6243057
2083,1941,16.0556469,28.69267845,50.41191864,0.012289017,7.107426167,11.69731045,11.03853035,549.8995361,118.2850571
2086,1942,17.76911736,28.76998329,50.39196396,0.01252243,7.089614868,12.17773342,11.07022381,550.6019897,117.0498352
2087,1943,15.87543201,28.80799103,50.1296196,0.011626973,7.172531128,12.33309555,11.07926464,550.6570435,117.8106689
2088,1944,15.65439987,28.84599876,50.14497757,0.010731516,7.25747633,12.24969864,11.14881706,550.7525635,118.6465836
2089,1945,15.07369709,28.87988853,49.86789322,0.010335661,7.345076084,12.11456871,11.08758354,551.6986084,118.3806686
2091,1946,15.01131725,28.9394455,50.37889862,0.011108726,7.325532436,12.09153652,11.1357975,549.9569702,119.3579254
2092,1947,20.62310219,28.91969109,50.45510101,0.012164682,7.172865868,12.1703701,11.03322792,552.0002441,116.4704208
2093,1948,22.07283783,28.89373779,50.08343506,0.013411189,7.0064044,12.08821201,10.80723953,555.34375,113.0526962
2094,1949,19.49800682,28.87404442,50.14097214,0.01413934,6.82927084,11.85787392,10.82008648,553.6192627,115.1603699
2095,1950,14.64156246,28.87065697,49.50617981,0.012282778,6.600255489,11.04388618,9.900309563,558.3961182,105.1695938
2096,1951,12.24563313,28.80114174,49.7179184,0.009426113,7.427343369,12.06196022,11.05325127,550.8157349,121.1922073
2097,1952,14.67291451,28.81025887,49.94787598,0.011672761,7.299195766,12.26156807,11.10119343,551.1700439,119.9678497
2098,1953,20.96326065,28.81735039,50.21066284,0.013919408,7.196815491,12.24470997,10.96763039,553.4713135,116.6318817
2099,1954,20.6633873,28.80485344,50.24542618,0.012767761,7.036208153,11.4531765,10.88569355,553.2336426,115.6900864
2100,1955,18.21117592,28.79235649,50.69447327,0.011563632,7.046617985,11.7777586,11.05202007,550.6311035,119.1324539
2101,1956,14.45254707,28.78276062,50.53752899,0.010209679,7.030100822,12.0562315,11.21833324,548.4019165,121.6212387
2102,1957,13.79046059,28.77632523,49.78891754,0.008600509,7.093325615,12.33470535,11.05223179,550.7474976,119.6708908
2103,1958,12.15450096,28.76988983,50.58422852,0.006991338,7.183987617,12.43104935,11.29241371,546.784729,123.9272232
2104,1959,9.501774788,28.77893639,49.78638458,0.00844084,7.13129425,12.39948654,11.18754196,548.5460205,123.8342972
2105,1960,13.68531418,28.79042244,50.26588821,0.010883122,7.197399139,12.36792278,11.12604904,549.2582397,121.0926285
2106,1961,20.43167877,28.79942513,50.14372635,0.01293181,7.21774435,12.36813545,10.92501354,553.696167,115.6501923
2107,1962,22.09020615,28.80094528,50.20471191,0.012566678,7.210651875,12.33842182,10.7305088,554.8189087,114.5056229
2109,1963,15.81456947,28.80517387,50.48387146,0.011166469,7.045296669,12.40929031,11.16484547,549.2006226,120.6647339
2110,1964,12.90289307,28.80856705,50.1621933,0.009525765,7.338701725,12.57361221,11.16561985,549.4805908,121.6580734
2111,1965,12.3046093,28.81213188,50.56196594,0.007885059,7.410558224,12.72763634,11.37390518,546.6602783,123.8720322
2112,1966,13.18782902,28.82440567,50.76603317,0.009824315,7.476041317,12.53915405,11.35760403,546.8681641,123.9629288
2113,1967,13.67466831,28.83668137,50.09703445,0.012116648,7.431926727,12.35067177,11.09402084,550.1763306,120.4762192
2114,1968,21.13551521,28.84399414,50.66653824,0.013700674,7.173885345,12.24881554,10.98893452,551.7243652,117.8117142
2115,1969,22.6676445,28.84399986,50.27248764,0.013595412,6.952663422,12.28726673,10.81251907,554.5652466,114.8917007
2116,1970,19.93057442,28.84400368,49.49080276,0.013490148,7.108318806,12.32571888,10.71900749,556.6646118,113.9781036
2117,1971,16.45647621,28.84398079,50.66852188,0.01247649,7.26397419,12.38452435,11.13315678,549.3592529,120.4213409
2118,1972,14.49980259,28.84395027,50.06941605,0.011036651,7.228153706,12.44949055,11.10042572,550.682373,119.7569504
2119,1973,13.3201828,28.8478241,50.15652466,0.009765889,7.158706665,12.49474049,11.18375015,549.4299927,121.2674408
2120,1974,13.63990307,28.87017059,50.58323288,0.010891726,7.090548515,12.41768169,11.28806782,547.4127808,124.177002
2121,1975,14.23082924,28.89251709,50.19915009,0.012017563,7.008111477,12.34062386,11.1292038,549.8821411,122.1679688
2123,1976,21.46569252,28.87984085,50.48080444,0.012829151,7.167911053,12.34443665,10.90135479,552.9890137,116.3703613
2124,1977,19.25643539,28.86540031,50.14120483,0.012962606,7.277816296,12.34709072,10.82886791,548.1553955,113.6636124
2125,1978,15.64353466,28.85513496,49.98578644,0.012077224,7.333873749,12.37704086,10.98481178,552.2767944,119.4000473
2126,1979,14.93893719,28.84511757,50.33543777,0.01099233,7.38636446,12.47853756,11.19304085,549.4373169,121.1081619
2127,1980,13.97003937,28.84174347,50.5932579,0.010310318,7.407793045,12.5800333,11.24588585,547.8983154,122.1647415
2128,1981,12.08811092,28.85188866,49.90715408,0.011045579,7.350602627,12.53274632,11.10951138,549.9414673,121.5619659
2129,1982,14.81887722,28.86203384,50.56837082,0.01178084,7.293411732,12.39788914,11.17721272,548.6339722,122.026474
2130,1983,19.88812256,28.84922981,49.56056213,0.012342916,7.206289291,12.25379944,10.71738052,556.8215332,114.2251816
2131,1984,20.69071007,28.82726097,50.58049011,0.012792566,7.240134239,11.53847408,10.97117424,552.2761841,117.4802246
2132,1985,18.39676476,28.80739975,50.07797623,0.013242215,6.900972366,11.78635216,10.90798283,553.1603394,116.6331329
2133,1986,14.75735664,28.80589676,50.48657608,0.011904658,7.080645084,12.12849712,11.18566895,549.1261597,121.6789474
2134,1987,13.8861618,28.80439377,50.09330368,0.010557578,7.11485815,12.47064114,11.11892414,550.4755859,120.4166412
2135,1988,13.68707752,28.81241608,50.3263588,0.009913269,7.196572781,12.50787544,11.18116283,549.0783691,121.7886276
2136,1989,12.56220913,28.83029938,50.17937088,0.010399128,7.291689396,12.51097965,11.20462799,549.899231,123.1900635
2137,1990,14.3863802,28.84818077,50.08464432,0.010884987,7.356086254,12.48215866,11.09426498,550.4203491,121.2644501
2139,1991,22.84092522,28.84524918,50.0884819,0.013049739,7.113529205,12.21482658,10.67668724,556.3403931,114.0795822
2141,1992,15.67641354,28.82107735,49.92155075,0.012177301,7.058138847,11.51796722,11.00134468,551.8481445,118.591507
2142,1993,14.58072758,28.80358124,50.46971512,0.010587278,7.089812279,11.74126339,11.1137104,548.9872437,121.6211243
2143,1994,14.48757362,28.7979393,50.11367035,0.009921975,7.224533558,12.11104107,11.10774326,550.0968018,121.0190659
2144,1995,13.27673817,28.79849434,50.04359818,0.010015588,7.358794689,12.39363289,11.11664295,549.756958,121.5396118
2145,1996,14.10033894,28.79752731,50.38735199,0.010109201,7.223903179,12.25710678,11.17800522,549.1166992,122.3854675
2146,1997,21.71676826,28.76456451,50.50648499,0.011976802,7.089011669,12.12058067,10.8312521,553.5618286,115.7097549
2147,1998,25.55821609,28.73159981,50.65649414,0.013961755,6.860296249,11.89904118,10.78259277,554.6189575,113.4490128
2148,1999,19.33694649,28.69869423,49.75688553,0.015405821,7.084069729,11.66638947,10.66043758,555.8651733,113.3333282
2149,2000,16.05019951,28.66586304,49.77122879,0.015732966,6.992738724,11.7040863,10.85506344,553.2600708,117.5462112
2150,2001,19.38830757,28.63303185,50.03087234,0.01606011,6.657734394,11.54472733,10.81229782,554.1194458,115.3985138
2151,2002,21.86743927,28.60434723,50.25341797,0.015916271,6.755942345,11.4311924,10.75954914,554.2637329,114.3084183
2153,2003,20.91578293,28.55231857,50.22076035,0.015241181,6.817750454,11.90221024,10.73507595,554.138916,114.7422562
2154,2004,21.36313438,28.5413723,50.38087845,0.014794608,6.91832304,12.2079258,10.75204086,553.8132324,114.8307037
2155,2005,20.93426132,28.53042412,50.44408798,0.014348034,6.847583294,11.81455994,10.77581596,552.6950073,115.1248932
2157,2006,19.18218613,28.56760979,50.53464508,0.011586498,6.868396759,11.7362299,10.74264526,547.3083496,113.5194016
2158,2007,13.40637779,28.59431648,50.62426758,0.009858295,7.162920952,11.73894691,11.09837341,548.6619873,121.2346344
2159,2008,13.75445843,28.59281921,50.32211304,0.009545943,7.308968544,12.07964611,11.10035324,549.600708,120.5689087
2160,2009,13.29402542,28.59006882,49.85938644,0.009490785,7.284032822,12.34643745,10.90545082,551.5668945,119.3401871
2161,2010,13.55425453,28.59851456,50.51852417,0.009531761,7.212984562,12.6132288,11.15282631,548.5579224,121.8949203
2162,2011,15.1262598,28.62812805,50.2003212,0.009886326,7.165589333,12.60645962,10.96270752,551.1188354,119.3328705
2163,2012,15.52369118,28.65774345,50.40933609,0.010240892,7.173315048,12.57805824,11.07587719,549.6462402,120.5568008
2165,2013,11.10403728,28.73209572,50.39530563,0.008124485,7.29920578,12.2319994,11.29576588,546.8163452,124.0690765
2166,2014,7.407557011,28.77002907,50.11171722,0.006677008,7.424660683,12.67872429,11.40927887,545.3119507,126.1589966
2167,2015,6.087393761,28.79849243,50.13486862,0.006335608,7.46958828,12.80661392,11.47706509,544.8074951,128.5534515
2168,2016,6.804501057,28.8269558,49.68847275,0.006044564,7.401899338,12.69029903,11.39034748,546.770813,126.5247192
2169,2017,8.530320168,28.84509277,49.49761581,0.006682811,7.284931183,12.5739851,11.25028801,549.140564,123.3556671
2170,2018,16.28244019,28.84781075,50.65878677,0.009084021,7.413622379,12.44811153,11.24980927,548.3118896,122.2888794
2171,2019,17.72356224,28.85053062,49.88277054,0.011485229,7.305300713,12.49366283,10.97014999,552.6419067,117.8837051
2172,2020,14.1801548,28.85601997,50.35665894,0.010597043,7.251631737,12.53921509,11.14275646,549.5756836,121.6568909
2173,2021,11.04034233,28.86224747,50.45785522,0.0085161,7.402827263,12.65111065,11.34447956,546.4462891,124.6397171
2174,2022,9.160951614,28.86610031,50.70529938,0.006629541,7.554022312,12.7764349,11.53985023,544.5595093,126.46492
2175,2023,7.731380939,28.85899544,50.1537056,0.006134664,7.514719486,12.85400009,11.48534203,545.6003418,126.4813309
2177,2024,9.140849113,28.83778,50.22180939,0.006639603,7.292198181,12.67102718,11.34945202,543.2225342,125.0785217
2178,2025,14.51867676,28.81831551,50.23242188,0.00906872,7.284454823,12.56756783,11.13193703,549.8787231,121.0641251
2179,2026,16.88544464,28.79885101,50.21183014,0.011497837,7.253129482,12.45540714,11.10499954,550.6779175,119.1370621
2181,2027,11.0605154,28.79734993,50.17344666,0.008402038,7.385422707,12.46896362,11.34552765,547.4578857,123.7231216
2182,2028,9.463319778,28.7916584,50.71287918,0.007055756,7.253819942,12.61086845,11.45116329,545.1100464,126.0575638
2183,2029,11.03907299,28.77573395,50.447155,0.006724309,7.186839104,12.693717,11.30287647,546.5578613,124.5950775
2184,2030,8.280656815,28.75980949,50.09453583,0.006392861,7.173979759,12.64999676,11.32506561,546.7687988,125.2255173
2185,2031,10.21686554,28.73731995,49.81159973,0.007691606,7.173665524,12.60627651,11.20192623,549.0189209,123.8070679
2187,2032,16.80079269,28.69321442,50.11048508,0.011717199,7.042127132,12.54156971,10.97918701,551.8272095,118.6603851
2188,2033,13.44719028,28.71514511,50.0603447,0.011864911,7.022197247,12.37534142,10.98648453,550.7890625,120.4310837
2189,2034,15.28108597,28.73707581,49.60641861,0.012012622,7.072273731,11.76618195,10.91910076,553.0860596,117.5800781
2190,2035,12.8326931,28.75091743,50.40498734,0.011261086,7.333527088,11.89609909,11.22233105,547.9916992,122.9454193
2191,2036,11.91497231,28.75697136,49.74297714,0.009427881,7.265518188,12.20157337,11.09435558,550.7723999,121.1971741
2192,2037,10.36032391,28.76302338,49.82084656,0.007594677,7.195279121,12.5070467,11.22012615,548.463623,123.6081085
2194,2038,17.5411396,28.81205559,50.24749756,0.011631322,7.197816849,12.43957233,11.04371166,550.8414307,119.2564087
2195,2039,19.19779587,28.83725166,50.47498703,0.013002926,6.903508186,12.31917191,11.02283573,551.0134277,118.1698761
2196,2040,16.28233528,28.86167526,50.26678085,0.011128249,7.172684669,11.94013596,11.12221622,550.9103394,119.7352066
2197,2041,13.03325176,28.88609886,50.04957199,0.009253571,7.329795361,12.25569057,11.12765503,550.000061,121.8894348
2198,2042,10.2907486,28.8854599,50.16181564,0.008294106,7.136431694,11.95890045,11.33745384,547.2479248,124.6693726
2199,2043,8.791222572,28.87277412,49.8275795,0.007896094,7.307398796,12.21377468,11.34952164,547.65448,125.23246
2200,2044,10.54844093,28.86045456,49.95744324,0.007528205,7.366400242,12.46864891,11.23739529,548.7816162,124.3887329
2201,2045,12.19781971,28.85352516,50.05124283,0.010656824,7.425401211,12.4505167,11.15699482,549.3862305,123.6115265
2202,2046,22.30685043,28.84659576,50.06795883,0.013785443,7.231138706,12.27250957,10.83568192,554.9158325,115.5692291
2203,2047,21.08034897,28.84064865,49.92617798,0.015209895,7.034912586,12.0945015,10.78616428,555.1784058,114.5668182
2204,2048,18.06765366,28.83588982,50.34958649,0.014048196,7.101512909,12.19980049,10.96388245,552.2341919,118.0075607
2205,2049,15.67933273,28.83113098,50.65675354,0.012886499,7.1904006,12.31203747,11.20191574,548.7277832,121.8926544
2206,2050,15.0018959,28.81560898,50.1394577,0.011819138,7.286914825,12.29317379,11.16438389,550.4530029,119.6472702
2207,2051,14.97165871,28.79805565,50.11981583,0.010777488,7.072863102,12.04582691,11.08516598,550.7792969,119.8891907
2208,2052,15.00732136,28.77906036,50.30393219,0.010363454,7.314727783,11.79848003,11.12206936,549.7112427,120.8572083
2209,2053,15.62085342,28.75523758,50.63291931,0.012921073,7.26250267,11.91328621,11.10069466,549.3463135,121.1173859
2210,2054,22.36803246,28.73141289,50.20950317,0.015478692,7.094532013,12.04450798,10.81741619,554.6928711,114.3677063
2211,2055,22.42790604,28.71818733,50.50754166,0.016305206,6.909591198,11.85489464,10.78221416,554.0153809,115.0044785
2212,2056,22.61188126,28.71149635,50.48923111,0.015788762,6.674033642,11.08418846,10.79849148,554.2648315,114.7261734
2213,2057,20.8662281,28.70492363,50.58588409,0.015272317,7.041546822,11.5174017,10.83628464,552.7612305,116.7016449
2214,2058,17.61092377,28.71456909,50.80901718,0.013483902,7.031310558,12.18327713,11.1105957,549.3809204,119.8835754
2215,2059,15.95312977,28.72421265,49.97888565,0.011631015,7.294466019,12.31935787,10.93829727,552.1347046,118.5734024
2216,2060,14.29714394,28.74217796,50.32664871,0.010743964,7.373256683,12.42619801,11.08671761,549.9439697,121.1603622
2217,2061,15.72438145,28.77284813,50.24029541,0.011727849,7.404361725,12.42678356,11.03071976,550.7078247,120.8070831
2219,2062,19.80103302,28.83985329,50.50759506,0.012035314,7.103342056,12.47089577,10.95758915,552.0426636,117.6404343
2220,2063,15.52774143,28.87774658,50.3282814,0.010741859,7.222642422,12.54302788,11.20064163,549.2476807,121.2371445
2221,2064,13.35892582,28.91019058,50.67603302,0.009437328,7.34194231,12.61516094,11.27862835,547.8466187,123.3357925
2222,2065,11.35625648,28.91661072,50.52670288,0.008049755,7.459729671,12.64579296,11.39903164,546.2739868,125.7434921
2223,2066,9.959157944,28.92303085,50.73435211,0.006662183,7.575321198,12.67442322,11.51319504,545.0178833,126.4745178
2224,2067,7.736027718,28.93226433,49.94090271,0.006912841,7.690912724,12.65171146,11.33107662,547.2543335,125.954216
2225,2068,9.863184929,28.94369698,49.79063416,0.008762375,7.576517105,12.53051186,11.26888275,548.2585449,124.1072845
2226,2069,15.45117283,28.95512962,50.00028992,0.01061191,7.403448105,12.40931129,11.06844902,551.2811279,120.1601334
2227,2070,17.45179367,28.9535656,50.22837448,0.010192466,7.275209904,12.43362713,11.07186031,551.2516479,119.0754852
2228,2071,14.43979263,28.95131683,50.23119354,0.009505986,7.343997955,12.51141548,11.14806175,549.921875,121.1654892
2229,2072,12.22432041,28.9434967,50.06796265,0.008730742,7.412786007,12.58903503,11.24374199,549.281311,122.7214432
2230,2073,9.323708534,28.92479897,50.45568466,0.00773107,7.388875008,12.66541481,11.4038763,546.0142822,125.4685822
2231,2074,6.970179081,28.90610123,50.42165756,0.006731398,7.296174049,12.74179459,11.51835728,545.0204468,127.7629547
2233,2075,7.567980289,28.91302681,49.80262375,0.009122546,7.406258583,12.44699764,11.39010239,546.8244019,126.7726517
2234,2076,16.13480949,28.91966248,50.33344269,0.010627384,7.391640663,12.62908268,11.18874836,549.7767944,120.570488
2235,2077,18.78017426,28.92376518,49.88176346,0.010251431,7.37702322,12.54538155,10.87615395,554.0151978,117.0760117
2237,2078,11.64931297,28.92438316,50.17360306,0.009099631,7.374116898,12.66404533,11.29119396,548.1913452,123.3234482
2238,2079,8.930171013,28.91343117,49.97818375,0.007833171,7.220702648,12.79838085,11.33695984,547.7021484,124.5447845
2239,2080,8.55022049,28.90247917,50.07432175,0.006566711,7.422600746,12.85314655,11.34810734,543.3955688,124.1558304
2240,2081,6.652890205,28.91096115,49.90411377,0.007634787,7.624498367,12.86481762,11.47015858,546.0213623,126.9660492
2241,2082,7.781754494,28.92178726,50.26167297,0.009155208,7.57347393,12.86811447,11.48970509,544.897583,127.4948044
2242,2083,16.35509682,28.92687225,50.1001358,0.010393491,7.378626823,12.65531349,11.11194992,550.8392944,120.5803375
2243,2084,19.59825516,28.9172802,50.37475967,0.010265045,7.19204998,12.44251251,11.03852272,551.2220459,118.2472687
2244,2085,15.51009369,28.90768814,49.95124054,0.0101366,7.313854694,12.39593029,11.09679985,551.6937866,119.223053
2245,2086,12.91964054,28.88899803,50.07694244,0.00934556,7.435659409,12.5735817,11.15984058,549.5893555,121.1306381
2246,2087,11.59798527,28.86581802,50.35001373,0.008032882,7.51300621,12.75123215,11.28974056,547.8936157,125.4184494
2247,2088,8.945366859,28.84398842,50.21394348,0.006720203,7.526350021,12.81550407,11.44725323,545.7478027,125.7205276
2248,2089,7.000466347,28.84408379,49.88047791,0.007936709,7.539694309,12.85149765,11.36820221,546.2780151,126.4000778
2249,2090,9.887830734,28.84418106,50.42655563,0.009291308,7.449934006,12.84775829,11.35974693,545.6144409,126.1155396
2250,2091,18.83616829,28.83963776,50.07408142,0.010085487,7.331697941,12.65384674,10.99736881,552.3950195,117.8777161
2251,2092,17.73544312,28.82934952,50.04384232,0.009776819,7.249866009,12.45993423,10.93034363,552.9019165,118.0363464
2252,2093,14.46061611,28.81906319,50.07867432,0.009468152,7.343017578,12.43955612,11.08097649,551.1460571,120.1091461
2253,2094,12.27445793,28.80286026,50.6348381,0.008405962,7.436168671,12.55470371,11.35524654,546.4706421,124.235054
2254,2095,8.92615509,28.78549194,50.21713257,0.007058822,7.501935482,12.6698513,11.43409634,545.5203857,125.3336563
2255,2096,8.276125908,28.77272987,50.58744812,0.006068842,7.544197559,12.75183773,11.45232773,543.8212891,127.3862152
2256,2097,8.558717728,28.77591705,50.29771805,0.007848374,7.586459637,12.83168507,11.35016823,545.9019775,126.0324249
2257,2098,14.06200123,28.77910423,50.14180374,0.009627905,7.420127869,12.78697681,11.08565235,549.9500732,120.8986053
2258,2099,17.0414753,28.77192497,50.24468231,0.010263872,7.230799675,12.48700809,11.00153828,551.3705444,118.7219009
2259,2100,21.64276314,28.75819397,50.21333694,0.009769659,7.127943993,12.18704033,10.81348038,554.4088135,114.820549
2260,2101,15.64797115,28.74448395,49.72440338,0.009275447,7.274580956,12.22682571,10.95088863,553.2607422,117.4335098
2261,2102,16.21467018,28.74683189,50.51250839,0.009204749,7.369402409,12.41210747,11.11000824,549.5658569,120.0747604
2262,2103,12.23921967,28.74917984,50.40929031,0.009185559,7.464223385,12.58732986,11.2804966,547.1349487,123.5969696
2263,2104,11.70682335,28.75716019,50.54203033,0.009576102,7.394775867,12.60385132,11.30530167,546.9043579,124.0023117
2264,2105,14.92134762,28.77400398,50.3146019,0.011027236,7.14747715,12.62037277,11.14003944,549.671936,120.7270737
2266,2106,21.38653183,28.78387833,50.51689911,0.012533897,7.020197868,12.28421211,10.89054394,553.1966553,116.2585526
2267,2107,22.60932732,28.76994514,50.45496368,0.011882351,6.941301823,12.04415321,10.78417969,553.7236328,114.3144226
2268,2108,16.36654854,28.75998306,50.58967209,0.011216273,7.094170094,12.08020401,11.05271626,549.9672241,119.1957474
2269,2109,13.16961956,28.77105713,49.87919998,0.010267404,7.239123344,12.18453884,11.07497692,550.5348511,119.978096
2270,2110,17.84302139,28.7821331,50.2115097,0.009318535,7.010215759,12.28337002,10.98317432,551.5108032,117.8128128
2271,2111,13.77499008,28.79062271,49.93968964,0.009068455,6.982925892,12.35195637,11.08380795,550.8366699,119.9676971
2272,2112,10.46073055,28.79694557,50.54347229,0.009729948,7.309617996,12.42054272,11.32810211,545.8947754,125.3352356
2273,2113,13.68819427,28.80326843,50.3753891,0.01039144,7.054069042,12.40189838,11.19794083,548.8041992,122.1822205
2274,2114,22.56403923,28.78606987,50.01569366,0.012349496,6.950436115,12.29388618,10.6898365,556.6078491,112.9391403
2275,2115,22.95835686,28.76707077,49.92269516,0.014593851,6.988358498,12.18587399,10.72277069,556.3584595,112.7953186
2276,2116,19.04898262,28.74967003,49.6995697,0.01583528,6.824632168,12.03838062,10.77067089,555.6072388,114.856369
2279,2117,12.61167431,28.70724106,50.58385849,0.009803964,7.342007637,12.45259857,11.2016077,548.3026123,121.913765
2281,2118,15.62446308,28.67609596,50.55656052,0.011122104,6.926871777,11.74503803,10.59031487,551.5421143,113.5188141
2282,2119,18.26818085,28.64571381,50.61013794,0.011500019,6.88209486,11.93362045,10.84937477,552.2283936,116.6525497
2284,2120,18.02649117,28.59355545,50.52951813,0.011659097,6.968030453,12.28520966,10.91439629,552.0453491,117.3072891
2285,2121,14.952878,28.58150482,50.43390656,0.010411784,7.201129913,12.41618061,10.95732212,546.3190308,117.7547607
2286,2122,12.51442623,28.56945419,50.63076401,0.009164471,7.433363438,12.54715157,11.09811878,548.4692993,123.6005554
2287,2123,11.4507246,28.59261703,49.91257477,0.008694323,7.389066219,11.75783348,11.06706238,550.1965942,120.4341354
2288,2124,11.00385094,28.62176895,49.7625885,0.008490194,7.317303181,12.06785965,10.99936867,550.5927124,120.1057434
2289,2125,11.95986557,28.6459198,50.20933533,0.008411126,7.245540619,12.37788582,11.0061512,550.3047485,120.5594254
2290,2126,14.06562328,28.6542263,50.53378296,0.009168956,7.235687256,12.41734409,11.01935482,550.2990112,119.6100998
2291,2127,15.70580959,28.66253281,50.60378265,0.009926787,7.268995762,12.37151814,10.97553635,550.4475708,119.9424133
2292,2128,13.50981712,28.67708397,50.45424271,0.009882525,7.302304745,12.335639,11.06450176,550.7036133,120.7950821
2293,2129,14.09635448,28.6953373,50.29926682,0.009090916,7.303297043,12.35659027,10.96445274,551.4932861,119.5589752
2294,2130,12.27864456,28.71357346,50.03347015,0.008299307,7.301704884,12.37754154,11.01614094,551.1954346,119.9970703
2295,2131,11.63691139,28.73078346,50.54742432,0.008063751,7.243075371,12.34013557,11.1867218,548.6873779,122.5662842
2296,2132,10.63659954,28.74799347,49.99738312,0.007885721,7.046162128,12.25247765,11.05288982,550.2477417,121.3820648
2297,2133,11.83782673,28.75928116,49.89825821,0.008172458,7.050537586,12.16481876,10.99598026,551.993042,120.5656662
2298,2134,16.36266899,28.76187134,50.53557968,0.009570671,7.14846468,12.12779236,10.97987938,551.8411865,119.0803299
2299,2135,17.75274467,28.76445961,50.04514694,0.010968884,7.238592148,12.09667206,10.85090351,554.4938965,116.0204697
2301,2136,11.8519001,28.78221512,50.01277542,0.009948355,7.407364368,12.29922962,11.10551548,551.032959,120.6285095
2303,2137,12.23405457,28.76083946,50.05950546,0.008488078,7.442985535,12.48979855,11.06280422,550.8858032,120.5668411
2304,2138,10.51306248,28.73610878,49.99007416,0.007878551,7.385441303,12.40642071,11.08623695,549.9245605,121.8398361
2305,2139,11.84606743,28.68728256,49.78613663,0.008589203,7.223935127,12.32281113,10.89531994,552.6226196,119.9098892
2306,2140,18.90691757,28.620327,50.18238449,0.010845817,7.062428474,12.20162773,10.69931698,554.8461914,114.9942551
2307,2141,18.58730698,28.55336952,49.9023056,0.013102429,6.962640762,12.08044434,10.68106747,555.7123413,114.358139
2308,2142,18.89440346,28.54234314,50.35763931,0.011923688,6.931371212,12.07219028,10.76189041,554.2124023,114.2685928
2309,2143,11.46119404,28.53370857,50.5638237,0.010135081,7.102999687,12.26755905,11.13539219,548.5009155,121.9712906
2310,2144,12.86112499,28.54860878,50.37613297,0.008614174,7.274628162,12.46292877,11.05270958,549.7991333,120.476593
2311,2145,9.979387283,28.60767555,50.18159103,0.007951024,7.361568451,12.47072506,11.12806702,549.2713623,120.5764923
2312,2146,9.826582909,28.66674232,49.77914429,0.007287874,7.381688118,12.40878105,11.06858158,550.565918,121.2730865
2313,2147,10.21708965,28.69704056,50.15158844,0.007525495,7.401808262,12.32666016,11.19301605,548.8596802,121.4351196
2314,2148,12.32994556,28.71702003,50.60032654,0.008299852,7.240028858,12.0930624,11.18229961,548.4354248,122.2873764
2315,2149,12.86595821,28.73420906,50.4336586,0.009061524,7.068188667,11.8594656,11.10352802,549.3111572,121.4950638
2317,2150,12.94431019,28.7293663,50.56701279,0.008945903,7.126338482,12.19752121,11.13372612,549.883667,121.2371521
2318,2151,11.73393059,28.740448,50.54808426,0.008750213,7.121685028,12.53195095,11.16425896,547.3641968,121.9854889
2319,2152,10.33718491,28.76433563,50.50168991,0.008351008,7.256429195,12.59703064,11.25991726,547.4486084,123.4501648
2320,2153,10.05347252,28.78822327,50.03354645,0.007951803,7.39117384,12.47630119,11.14423466,549.8670044,122.3047333
2321,2154,11.08323479,28.79081535,49.87594223,0.007737704,7.448832989,12.35557079,11.00396252,551.647583,120.8584976
2322,2155,9.737157822,28.7910881,49.88528824,0.007589591,7.490355492,12.38285255,11.23684311,549.8132935,122.1230698
2323,2156,9.853960037,28.79081345,50.2159462,0.007422874,7.509031773,12.41707802,11.19902992,548.8120117,123.0215836
2324,2157,10.54765511,28.78920174,49.59040833,0.007126659,7.432080746,12.48244953,11.02842045,552.0778198,120.5310822
2325,2158,9.629741669,28.78759003,50.38031769,0.006830444,7.443194389,12.60761642,11.3261404,547.6572876,123.8319092
2326,2159,8.320029259,28.77795792,50.62478256,0.006676205,7.478102684,12.73278332,11.32948589,546.5847778,125.1829453
2327,2160,7.916684628,28.76453018,50.28451538,0.006656176,7.504788876,12.73022079,11.33283901,547.2064209,124.7972031
2328,2161,8.679990768,28.7505703,50.5657692,0.006636147,7.488564014,12.66840458,11.30427074,546.8424072,125.1689224
2329,2162,8.947995186,28.72923088,49.75382614,0.00723616,7.47233963,12.60289192,11.05205822,550.819458,122.2605133
2330,2163,11.27240944,28.70789146,49.76268005,0.007902952,7.445604324,12.48961067,10.98872566,551.675354,119.8782043
2331,2164,12.16160393,28.69768715,49.84410858,0.008137099,7.453805447,12.37632942,10.95698166,552.4912109,120.0597305
2332,2165,9.871260643,28.70077324,50.46395111,0.007317109,7.271829605,12.38252258,11.24351978,547.9874878,123.2391968
2333,2166,7.823198795,28.70385933,49.96831131,0.006497118,7.274407387,12.52986908,11.18657398,548.4960938,124.0220261
2334,2167,7.420928955,28.69039917,49.98225784,0.00649889,7.387235165,12.67721558,11.24986172,547.6350098,124.8240891
2335,2168,8.478219032,28.67388344,49.97065735,0.006888206,7.493727684,12.72002602,11.17318058,549.0986328,123.4850311
2336,2169,10.19362164,28.66420746,50.00275421,0.007253888,7.466807842,12.73874092,11.05592155,550.322998,121.6993027
2337,2170,8.606085777,28.67711067,50.43173599,0.007296868,7.439888477,12.74578762,11.33922291,546.430603,124.9449768
2338,2171,9.950160027,28.69001198,50.46917343,0.007339848,7.44387579,12.70646095,11.23176289,547.5632324,123.5705795
2339,2172,9.740918159,28.71288681,50.24348831,0.007171801,7.488193035,12.66713428,11.20798111,548.5380859,123.48349
2340,2173,8.83210659,28.74185371,50.56186295,0.006752394,7.532509804,12.63240528,11.27973557,546.8880005,124.3885651
2341,2174,7.723032951,28.77065659,49.95497513,0.006332986,7.556330681,12.60154152,11.16150475,548.9442749,123.7087479
2342,2175,6.52437973,28.7809639,50.56929779,0.00570746,7.575585842,12.57067871,11.39155102,545.3208618,126.8939056
2343,2176,6.049136639,28.79127312,50.40400696,0.005044037,7.582875729,12.72725391,11.44894314,545.3953247,127.0727997
2345,2177,1.931713223,28.83810043,50.29315186,0.005369942,7.485355854,12.55708027,11.65092754,542.6954956,129.4224396
2347,2178,10.01426601,28.88371658,50.5809021,0.006222578,7.227509499,12.01456547,11.31809139,546.7218628,125.2231216
2348,2179,8.942225456,28.89682961,50.16689301,0.006093229,7.222777367,12.10196877,11.28303242,547.9824219,124.7482529
2349,2180,6.884428024,28.90556335,49.70019913,0.005961397,7.259324551,12.44818401,11.26647949,548.8549194,124.2672882
2350,2181,5.763428211,28.89321709,50.65019226,0.005536485,7.480365276,12.79439831,11.48713207,544.7062378,127.6913528
2351,2182,4.362205982,28.88087273,50.4295845,0.005111573,7.598297596,12.90002537,11.58230114,543.8753662,129.0732269
2352,2183,3.58859396,28.87578011,50.10591125,0.005254019,7.674930573,12.93254852,11.52824879,545.2310181,128.5978851
2353,2184,2.98419714,28.87638474,49.68979263,0.006260559,7.472211361,12.85693645,11.47660542,546.1919556,128.2470093
2354,2185,9.474791527,28.87698936,50.55925369,0.0072671,7.269492149,12.1934166,11.36540127,546.2380371,125.2873993
2356,2186,10.43776703,28.88256073,50.2213974,0.006797309,7.126434326,12.42479515,11.2304163,549.3965454,123.0353317
2357,2187,7.472467422,28.88119125,50.32207489,0.00637821,7.124602318,12.69585896,11.32058239,546.5078125,124.735466
2359,2188,4.493095875,28.86187172,50.20386505,0.005209876,7.413292885,12.87249088,11.44889832,545.651001,127.5236588
2360,2189,3.758691072,28.85923386,50.20157242,0.005519527,7.253690243,12.5195694,11.41377735,539.7607422,126.1505585
2361,2190,4.313584805,28.85925102,50.10796356,0.006526019,7.564963818,11.89977646,11.40740967,546.0428467,126.5913696
2362,2191,10.54396152,28.85841942,50.09590149,0.007532512,7.440059185,12.45345211,11.12670803,549.6724243,121.9493942
2363,2192,13.78669357,28.85099602,50.36362076,0.007425922,7.285333633,12.23415375,11.12411404,550.87854,119.4685211
2364,2193,11.46181202,28.84357452,50.22172165,0.007261307,7.28157568,12.38072205,11.13571835,549.9029541,121.1723709
2365,2194,8.896651268,28.83465767,50.24987793,0.006927392,7.367555618,12.447649,11.09046459,541.7035522,119.9303665
2366,2195,8.301754951,28.82426262,50.0222168,0.006263483,7.324658394,12.51457596,11.28209496,548.1273804,123.0643616
2367,2196,6.073192596,28.81386757,50.37910843,0.005599573,7.317968369,12.35448551,11.41077137,545.4951782,125.9534149
2368,2197,4.262527466,28.81650543,50.40013504,0.006047317,7.33494854,12.08736134,11.45512676,544.8775635,127.2297516
2369,2198,4.74327898,28.82073212,49.80488205,0.006910841,7.317749023,12.2271843,11.29175663,547.6105957,125.2362823
2370,2199,11.97100449,28.8209877,49.72413635,0.007670427,7.300549507,12.36700726,10.98851967,552.2140503,119.1711426
2371,2200,14.41015434,28.81101036,50.01353836,0.007640809,7.177195549,12.14524555,10.93153572,553.1713867,117.4025421
2373,2201,9.250818253,28.786026,50.23215866,0.00730849,7.192083836,11.9212122,11.2339201,548.7971191,122.8739624
2374,2202,8.043386459,28.76852226,50.30134201,0.00673821,7.152906895,12.02401066,11.18347931,548.2267456,124.1678467
2375,2203,7.763171673,28.75246048,50.38106155,0.006167931,7.142136574,11.8541441,11.21905994,547.7453003,124.9358826
2376,2204,6.987925529,28.76031303,50.6688652,0.006986565,7.305111408,12.00830173,11.37728596,545.8590698,126.044838
2377,2205,7.025424004,28.7681675,50.11590576,0.007970374,7.262803555,11.83731747,11.17806053,548.6153564,124.5629349
2378,2206,13.57512093,28.77205467,50.51921463,0.008613505,7.019111156,11.64684296,11.06457615,550.6680908,120.9951477
2380,2207,12.06655502,28.76995087,50.59869385,0.008168262,7.16468811,11.7302494,11.13502407,549.3374023,122.0428391
2381,2208,8.247654915,28.76157951,50.36337662,0.007428709,7.143494606,11.84900188,11.19154453,544.31073,122.7780457
2383,2209,5.060345173,28.74743271,50.43425751,0.005543626,7.250480175,12.47706604,11.35359478,545.8633423,126.9013824
2384,2210,6.260553837,28.76235199,49.46697235,0.00623568,7.29340744,12.59899426,11.12350178,549.8375854,122.5680542
2385,2211,6.99811697,28.77726936,50.04194641,0.006927733,7.138816357,12.08319664,11.28607941,547.8105469,123.6893997
2387,2212,15.29277515,28.76701927,50.09926605,0.007834409,6.972275257,12.04587078,10.87078857,553.5474854,116.4085464
2388,2213,12.99220276,28.75706291,50.39730453,0.008196834,7.082226753,12.02315521,11.0365448,550.6726074,120.4309006
2389,2214,9.942238808,28.7522583,50.13225555,0.007439341,7.229657173,11.88538074,11.15441513,550.0261841,121.8597183
2390,2215,7.342400074,28.7474575,50.22436142,0.006463365,7.222892284,12.10382652,11.31022263,547.2594604,124.266304
2392,2216,5.743361473,28.78019142,50.24357224,0.006234447,7.49078846,12.60126686,11.2722187,547.2353516,124.8192444
2393,2217,6.401086807,28.80589676,49.70306778,0.006665152,7.229744911,12.19498062,11.20786285,548.7946777,122.8862686
2394,2218,13.00313663,28.80979347,50.60467148,0.007290273,6.968701839,11.78869534,11.10026073,549.6307983,120.8970337
2395,2219,15.87111282,28.80740929,50.41602325,0.008037868,7.24544239,12.24996662,10.92885494,552.1981812,118.3366699
2396,2220,12.73757458,28.80581856,50.52610397,0.008783038,7.091975689,11.86318398,11.18243027,549.8210449,120.7280273
2397,2221,10.90515804,28.80827141,50.68633652,0.008050757,7.139430046,12.00550842,11.24957752,548.3197632,123.2168198
2398,2222,8.859420776,28.81072235,50.6444664,0.007318478,7.467346191,12.36586189,11.28514671,546.8601685,124.7825241
2399,2223,7.329478264,28.81312943,50.66496658,0.006799579,7.481652737,12.69494724,11.30220127,546.7194214,126.0746307
2401,2224,8.024122238,28.81786919,49.64596939,0.00643849,7.446882248,12.5284996,11.12693596,550.5476685,122.3845901
2402,2225,12.80622101,28.80117416,50.6633606,0.006794884,7.360198021,12.50012684,11.11086082,549.3015747,121.2309036
2403,2226,13.19227982,28.78314781,50.14921188,0.007309909,7.273513794,12.53732204,11.02977943,551.8243408,119.497139
2404,2227,10.74312019,28.76613045,50.0361557,0.007593069,7.101425648,12.5745163,11.11889458,550.508728,121.115715
2405,2228,8.323857307,28.75125885,49.49643326,0.006630839,7.335234165,12.67951393,11.01070023,551.3082886,120.6030884
2406,2229,6.767412663,28.73638725,50.37877274,0.005668609,7.265695572,12.80142021,11.2907362,544.1536865,123.5933533
2408,2230,3.529150724,28.67917061,49.90668869,0.005205235,7.268945217,12.82930374,11.30830574,546.2373657,125.5761871
2409,2231,5.053204536,28.64871979,50.18447113,0.005190468,7.24216938,12.76777554,11.30217648,546.0634766,126.4493256
2410,2232,11.23757553,28.62364197,50.20460129,0.006347268,7.208043098,12.67132854,11.07973194,550.1594238,120.1686554
2411,2233,13.79459858,28.59856415,50.18576431,0.007599061,7.15666914,12.54145813,10.98296833,551.354248,118.4471512
2412,2234,11.00148201,28.57901955,50.15249634,0.008326441,7.025613785,12.41158676,11.04892159,550.3887939,120.1429443
2413,2235,10.44388103,28.56552315,49.88909531,0.007903001,7.294729233,12.44237709,10.95225334,551.5078735,119.1495972
2414,2236,10.34908772,28.55202675,50.21690369,0.007479562,6.912070751,12.49575996,11.0599823,550.1362915,120.3355331
2415,2237,8.723788261,28.55514336,50.30847549,0.007113128,7.252933025,12.54914188,11.1980114,548.1160889,122.4575653
2416,2238,7.878618717,28.56082153,50.65493011,0.006770932,7.167729378,12.10606384,11.18253231,546.4315186,123.8153915
2417,2239,8.38723278,28.57121086,49.69301224,0.006487388,7.104493141,12.23858929,10.94475555,550.7863159,120.430275
2418,2240,10.39517593,28.59535789,50.54301453,0.006794516,7.077184677,12.46606731,11.06694412,548.9032593,121.4818344
2419,2241,9.992753983,28.61950684,49.79823685,0.007101644,7.032351971,12.35168552,10.86555195,551.9332275,119.8889999
2420,2242,8.976830482,28.64905357,49.97292709,0.007001238,7.350158691,11.88366127,11.0408802,550.1051025,121.212265
2421,2243,8.529781342,28.68158722,50.66704178,0.006457478,7.101924896,12.0565033,11.26171303,547.2026978,123.6823502
2422,2244,6.698322296,28.71360207,50.1657753,0.005913719,7.31703043,12.3870182,11.25309181,547.456543,123.5825195
2423,2245,6.235472679,28.73008728,50.18212128,0.005389019,7.532135963,12.71753311,11.2928524,546.7522583,124.9568176
2424,2246,4.731985092,28.7465744,50.12103653,0.004867229,7.606896877,12.82028389,11.38881683,546.3626099,125.9652328
2425,2247,5.09961462,28.75803375,49.88606644,0.004868554,7.504511833,12.64817905,11.28748131,547.3016968,125.8626022
2426,2248,9.982061386,28.76257896,50.20030212,0.006388591,7.402127266,12.47607517,11.05374336,550.1906738,122.0012665
2427,2249,12.37273216,28.76712608,50.31131363,0.007908627,7.298715591,11.89779663,11.06054115,550.687561,120.5200043
2429,2250,9.664113045,28.77878761,50.35691071,0.007892794,7.266243458,12.13276196,11.16621399,549.5887451,121.9452209
2430,2251,10.76268387,28.78586006,50.58779144,0.007553336,7.419272423,12.43737316,11.14313126,549.0620728,121.8304291
2431,2252,9.684645653,28.79740334,50.08525848,0.007168903,7.482432365,12.37717247,11.0858202,550.5114136,121.3938065
2433,2253,8.74133873,28.82206154,50.21193695,0.006856126,7.406051636,12.11091614,11.14949894,549.5255737,122.3218613
2434,2254,10.81917953,28.83627892,50.47883224,0.007552624,7.141286373,11.86015892,11.19544888,549.2297974,122.6631546
2435,2255,11.99467278,28.85049629,50.23666763,0.008249121,7.081215382,11.98739529,11.08160591,551.1137695,120.104393
2436,2256,10.60364914,28.86879921,50.42080688,0.007732969,7.087320328,12.23703861,11.17589092,549.2059326,122.0093765
2437,2257,8.762807846,28.88720512,50.28862381,0.006933318,7.133580208,12.46893597,11.29304981,548.5884399,123.0456619
2438,2258,6.677590847,28.89790535,50.21588516,0.006197901,7.309639931,12.56836224,11.32456398,547.9389648,124.2753677
2439,2259,5.789964199,28.89511681,50.37646103,0.00572095,7.485699654,12.66778755,11.36869335,546.7254028,125.707901
2440,2260,5.384961605,28.89232635,49.93608093,0.005243999,7.52951479,12.62819099,11.21705151,549.1526489,124.4169464
2441,2261,5.046112061,28.87569046,49.97061539,0.00611374,7.491541862,12.44443989,11.23102379,548.2973633,126.221199
2442,2262,10.95434666,28.85449219,50.60957718,0.007928696,7.453568935,12.26068783,11.21025753,549.0175781,122.9238586
2445,2263,8.48772049,28.83432007,50.54939651,0.007193248,7.385529518,12.48174477,11.18404579,548.8287964,122.6537399
2446,2264,7.833918571,28.82933617,50.09090424,0.006290247,7.425084591,12.51609516,11.17018604,549.5686646,122.8348541
2447,2265,7.110646725,28.82073975,50.06449127,0.006100012,7.450127125,12.5504446,11.09674644,549.6885376,123.6538467
2449,2266,7.857603073,28.81242943,50.0655098,0.007017386,7.34229517,12.42511749,11.08758831,550.2317505,122.4040451
2451,2267,15.23927307,28.81595612,49.90633011,0.00969705,6.98903513,12.401371,10.81919861,554.7212524,116.1479874
2453,2268,10.58810997,28.82697868,49.99317551,0.007301826,7.231575966,12.52574825,11.03384686,551.8900146,119.6041794
2454,2269,9.309205055,28.82791328,49.94226456,0.006460073,7.422600269,12.55035591,11.09038639,551.1248779,121.1952133
2455,2270,7.03851366,28.82683563,50.19898224,0.005934174,7.326254845,12.57496452,11.16662979,548.4849854,123.5168533
2456,2271,7.033998966,28.82567215,49.80207062,0.005408275,7.333568096,12.50869846,11.14400196,550.0478516,122.7749634
2457,2272,7.492546082,28.8235302,50.32577896,0.007155701,7.340880871,12.39927673,11.21657753,547.8151855,124.0185623
2458,2273,14.29134369,28.82139015,50.15958405,0.009105118,7.320893764,12.29128933,10.96392345,552.9885864,118.7050323
2459,2274,16.22053337,28.82128525,50.09868622,0.010081203,7.268194199,12.24291611,10.85840797,554.9126587,116.3100357
2460,2275,13.85284424,28.82345772,50.18293762,0.008860403,7.215888977,12.19454288,10.87656689,553.5643921,117.988327
2461,2276,10.30151749,28.82563019,50.32124329,0.007639602,7.178623199,12.07262611,11.1142416,550.4498901,121.1980896
2463,2277,6.908210278,28.80406189,50.49278259,0.006292743,7.301560402,12.21539307,11.26842022,547.4786377,124.6001968
2464,2278,7.182164192,28.79322052,50.55801773,0.005965556,7.205141068,12.4648447,11.3148756,546.5544434,125.2558212
2465,2279,9.096702576,28.78513527,49.78398514,0.008331615,7.147498608,12.46674061,10.99260521,552.1949463,120.8232574
2466,2280,16.18755722,28.77705002,49.78131866,0.010697675,7.089856148,12.3067522,10.73675251,556.2319946,115.6182404
2467,2281,17.89633369,28.76740837,50.2493248,0.011102655,7.15073967,12.1467638,10.72104454,555.111145,115.0442886
2468,2282,16.47146606,28.75688553,50.61602402,0.009322147,7.228391171,11.98324394,10.9032011,553.0510254,116.5194931
2469,2283,9.921771049,28.74623871,50.25407791,0.007541639,7.133041382,11.81969929,11.10542774,550.1845703,120.9710388
2470,2284,12.81987953,28.73102951,50.35940933,0.007904239,7.334421158,12.00746918,10.9834547,551.4246826,119.1620789
2471,2285,11.84130287,28.71582031,50.09312057,0.008611955,7.333763123,12.45726585,10.95241833,551.6400757,119.4009476
2472,2286,11.2118082,28.70061874,49.87614059,0.009281969,7.333105087,12.46086979,10.90384293,552.977478,118.5991287
2473,2287,10.33968163,28.68542671,49.72112656,0.009838643,7.203683853,12.43771935,10.92694473,553.0857544,119.6266861
2474,2288,14.75958443,28.67023659,50.3110199,0.010395315,6.930512905,12.13479614,10.79720592,553.3681641,117.1370621
2476,2289,11.27792168,28.70965004,50.2040062,0.00885877,6.931794167,11.80044556,11.01189041,551.0562134,119.9324646
2477,2290,11.03739071,28.73080444,50.34008789,0.007838658,7.136016369,12.01649952,11.11152554,550.2321777,120.9815292
2478,2291,12.70833874,28.74199295,50.58292389,0.008295036,7.217605591,12.23255348,11.0349741,550.8380127,120.0003967
2479,2292,12.67543316,28.75317955,50.07214355,0.008751414,7.29919529,12.30011272,10.98797607,552.3409424,119.116333
2480,2293,13.33131409,28.76656914,49.82884979,0.009225547,7.239200592,12.25411129,10.7153759,553.2931519,115.3569336
2481,2294,14.91794109,28.78156281,50.1072197,0.009724798,7.177593708,12.2081089,10.85179615,554.3471069,116.4563141
2482,2295,15.14850235,28.79655838,49.87717056,0.010224048,7.134159565,12.2251215,10.71651936,556.0452271,115.6241608
2483,2296,14.37141991,28.8048439,50.03488541,0.009970348,7.049042702,12.24527168,10.83259296,554.1208496,116.7962723
2484,2297,13.44639587,28.81290054,50.45475006,0.009530678,6.937108994,12.18918324,10.98495674,551.675293,119.5062943
2486,2298,13.11639786,28.82132339,49.76885986,0.009124281,6.957796574,12.3739996,10.8449173,554.3297729,117.1337891
2487,2299,13.42128563,28.82370186,49.99686432,0.00908205,6.926532745,12.26699924,10.84543991,554.0547485,117.2189178
2488,2300,13.1669817,28.82479668,49.94132614,0.009783161,7.048639297,12.17966175,10.85680676,553.8797607,117.7043304
2489,2301,14.55850887,28.82544708,50.33980179,0.011026346,7.142158985,12.17226696,10.89789009,552.9274292,118.173172
2490,2302,17.78599167,28.82351875,50.3404007,0.012269531,7.157423973,12.16487312,10.74662876,555.696106,115.6671906
2493,2303,14.00367832,28.76653671,49.68444443,0.00922615,7.128553867,12.25941658,10.67807961,555.5641479,116.0480042
2494,2304,14.34081554,28.74724388,50.18439102,0.00947486,7.177569866,12.2205143,10.85452938,553.4970703,117.7905579
2495,2305,12.7617321,28.72795296,50.57040405,0.009723569,7.226585865,12.17425346,11.02566051,551.0419312,119.5005341
2496,2306,12.40142632,28.69505501,50.37897491,0.010539506,7.157603264,12.01391315,10.91285133,551.3475952,119.4556885
2498,2307,17.37679863,28.605196,49.78425598,0.011523745,7.009981155,11.7937727,10.50397015,555.0127563,113.9818039
2499,2308,15.90215492,28.58089256,50.48339844,0.010726156,6.882761002,11.78896713,10.76403332,550.9931641,117.8478775
2500,2309,12.82914162,28.53993416,50.82955933,0.009376191,6.916165352,11.80511189,11.00358677,550.1092529,119.0760574
2501,2310,12.11231422,28.52051353,50.00489426,0.008739767,6.86012125,11.70248222,10.74081326,553.3815308,116.4786224
2502,2311,11.2486763,28.505476,49.84927368,0.008983836,6.804076672,11.59985161,10.79530621,553.2017212,117.1104431
2503,2312,12.65667725,28.49043655,49.99443817,0.009316079,7.016588211,11.56349659,10.74371624,553.3346558,116.2932434
2504,2313,14.19264603,28.39411736,50.15446854,0.009453442,6.949612141,11.54640198,10.64487553,551.9855347,114.4761124
2505,2314,12.32550335,28.39122772,50.56636429,0.009009164,6.873967171,11.58686066,10.84642982,549.9995728,117.7577667
2506,2315,12.38082218,28.39413834,50.58238983,0.008380145,7.285275459,11.76844978,10.86637592,550.519043,119.0007324
2507,2316,10.28921413,28.40247536,50.0387764,0.007778612,7.270019054,12.08130169,10.77749062,552.2106934,118.6280594
2508,2317,8.358018875,28.42809296,49.89015198,0.00752172,7.25476265,12.39415455,10.92716789,551.2001953,119.8377457
2509,2318,8.152064323,28.45371056,49.66817474,0.007264829,7.245205879,12.42747021,10.92690563,552.1199951,119.5385208
2510,2319,10.8792944,28.46058273,50.34580231,0.00734952,7.236611843,12.43124676,10.97096443,549.8956299,120.7397842
2511,2320,13.09866428,28.45632362,49.98392487,0.007831349,6.834934711,12.20917797,10.80771065,552.6022949,117.5759811
2512,2321,11.72935963,28.45195389,50.36004639,0.008313178,6.924280643,11.78461456,10.91976738,551.2155151,118.3972855
2513,2322,11.10761642,28.43969727,50.4901123,0.00849772,7.079052448,12.27193737,10.96830273,550.182251,119.6885452
2514,2323,11.7310791,28.42744064,50.2829361,0.008629209,7.153437614,12.32692242,10.86609936,551.5456543,118.5932617
2515,2324,11.36440563,28.42497444,49.81103516,0.008579168,7.227822781,12.38190746,10.78733253,553.3435669,116.7085648
2516,2325,10.68318462,28.43725395,50.18196106,0.007933804,7.022041321,12.36889553,10.87077045,551.0809937,119.1673126
2517,2326,9.837810516,28.44953537,50.08870697,0.007288439,6.937684536,12.39644051,10.98885345,550.5582275,119.6367188
2518,2327,8.140884399,28.46121788,50.44031143,0.006995422,7.026749611,12.4936552,11.11413383,548.1853027,121.9787598
2519,2328,8.380066872,28.47273636,50.02392578,0.00691936,7.115814686,12.5908699,10.94888687,550.2182617,120.7113953
2520,2329,8.693072319,28.48619652,49.93889618,0.006842605,7.114099503,12.59443665,10.99054241,550.7683105,119.4672089
2521,2330,7.446636677,28.50918007,50.18730927,0.006590182,7.106875896,12.57781315,11.08059311,548.9613647,121.5098267
2522,2331,7.377771378,28.53216362,50.46437836,0.00633776,7.178247452,12.56512451,11.18305969,547.4713135,122.4382935
2523,2332,6.800682068,28.56210136,50.72454834,0.006142184,7.297602654,12.57366562,11.28936672,546.2630615,123.8108444
2524,2333,5.894262791,28.59763336,50.32834625,0.006035917,7.416958332,12.58220577,11.16284561,547.7478638,123.1787491
2525,2334,6.027882576,28.63316345,50.18661499,0.005929649,7.428118229,12.59522629,11.19468689,547.7647095,123.4596558
2526,2335,8.146004677,28.65512085,50.10974884,0.00569104,7.435143471,12.61204243,11.13032055,549.3577271,121.7592773
2527,2336,8.327925682,28.67620277,50.28612518,0.00541379,7.462005138,12.62885761,11.15557766,548.8151855,122.4351044
2528,2337,4.230530262,28.70291519,50.33318329,0.005146559,7.52599144,12.64450359,11.40205002,545.4100952,125.905304
2529,2338,3.538175106,28.74134636,50.22216415,0.00493226,7.589977264,12.66005707,11.33813667,546.276001,126.9274063
2530,2339,3.740248442,28.77977943,50.13274384,0.004717962,7.642092228,12.68996334,11.43084526,545.9130859,126.334198
2531,2340,2.725470543,28.82375145,49.90042496,0.004570946,7.689647198,12.75675106,11.41250801,546.2126465,127.0331497
2532,2341,1.606550455,28.8699913,49.77627945,0.004480267,7.726955414,12.82353878,11.39875889,546.5026855,128.1347351
2533,2342,2.325568676,28.91073418,50.40781403,0.00438959,7.64166832,12.78669834,11.54303074,544.2565308,128.2835083
2534,2343,6.781882286,28.89888191,50.54285812,0.005158557,7.556380749,12.68964672,11.36965656,546.7200317,125.083313
2535,2344,7.410449982,28.88703156,49.94138718,0.005992854,7.449037552,12.59259605,11.19992161,549.2185059,122.6387253
2536,2345,7.633878231,28.87487602,49.48246002,0.00636569,7.269785404,11.95800877,11.036026,551.7733765,120.3916092
2537,2346,3.345130444,28.86239243,50.11853409,0.005733021,7.437152386,12.09986115,11.37409973,546.3934326,126.3048325
2538,2347,3.084751368,28.84991074,50.27935791,0.005100351,7.375069618,12.40686417,11.47968292,545.1404419,125.9708405
2539,2348,3.766451597,28.82936478,50.20026398,0.004825267,7.340345383,12.62713432,11.35429192,546.2288818,126.2425919
2540,2349,2.62243104,28.80755997,50.27895737,0.004703738,7.451622009,12.4971447,11.45830154,545.0609131,126.8315964
2541,2350,1.569146872,28.90854263,50.9091835,0.004202415,7.392247677,12.93182468,11.6422596,540.5165405,131.750412
2542,2351,0.230277494,28.94788933,50.47857666,0.003912741,7.877268314,12.97463322,11.62160683,540.2805786,132.489975
2543,2352,-0.692438185,28.98723602,50.43563843,0.003623067,7.90883255,13.00914192,11.69491768,540.2402954,133.0516052
2544,2353,0.068710141,29.00838661,50.57913971,0.003728972,7.896270275,12.98746014,11.65792179,540.4089966,132.8439484
2545,2354,4.45941782,29.01530647,50.66185379,0.004439777,7.751513004,12.79788399,11.60733032,542.5129395,130.024826
2546,2355,6.026680946,29.02222443,49.99765778,0.005150582,7.606755257,12.60830688,11.38112354,545.4127808,127.0856476
2547,2356,4.324640274,29.01929474,50.00671387,0.004877111,7.603831291,12.61859894,11.4068079,544.7355347,127.9377289
2549,2357,0.64227432,29.00446892,50.07683182,0.003827967,7.793073654,12.8673296,11.56217003,542.5640259,131.008728
2550,2358,-0.047684547,28.97729683,50.39764404,0.00358625,7.850686073,12.95178032,11.61122894,541.2421875,132.089386
2551,2359,-1.051166534,28.95012474,50.31278229,0.003344532,7.907456398,13.03623199,11.63209915,540.7835693,132.6792755
2552,2360,0.16503337,28.91900826,50.18769073,0.00382196,7.876836777,13.02234077,11.53758144,542.086731,131.3599854
2553,2361,5.801217556,28.88633156,50.42044449,0.004886206,7.692781925,12.86453342,11.38312149,543.6420288,127.6356506
2555,2362,6.229171276,28.84675598,50.4512825,0.005455178,7.693025112,12.6785078,11.34674931,544.2003174,126.9992218
2556,2363,3.270155191,28.83748055,50.16307449,0.004852709,7.713827133,12.72325706,11.33738708,544.0973511,128.128006
2557,2364,2.074777842,28.8210907,50.43215942,0.004382979,7.734629154,12.76800728,11.46184063,542.7941895,129.1658478
2558,2365,1.469863057,28.79720116,50.08798218,0.004194412,7.739950657,12.76038456,11.3668108,543.4969482,128.5362854
2559,2366,1.288385153,28.77331352,50.30548477,0.004005845,7.726807117,12.67488861,11.42855549,542.5897217,130.2116394
2560,2367,2.797412872,28.7636795,50.54207611,0.005051007,7.713663578,12.58939362,11.45275784,542.0567627,129.6124573
2562,2368,12.54166794,28.75070953,50.53464127,0.007927173,7.411282539,12.46530247,11.03952312,550.3193359,119.6899567
2563,2369,8.548814774,28.75137138,50.21495438,0.006823009,7.466162205,12.54117489,11.13761997,549.8875122,120.4610138
2564,2370,7.272953033,28.75203514,50.28775787,0.005718846,7.52104187,12.61704826,11.23971367,548.4578857,122.2106247
2565,2371,4.791969776,28.74826431,50.42540359,0.005154222,7.553430557,12.66656876,11.29876137,546.8145752,124.585289
2566,2372,5.060391426,28.74202156,50.35174179,0.005183375,7.564852715,12.69130707,11.29023647,547.0409546,124.1732864
2568,2373,6.611575127,28.74674225,50.33470154,0.006839402,7.223694324,12.60062122,11.18205547,548.6553345,122.1953278
2569,2374,13.50406456,28.75724983,50.55503845,0.008723542,7.198082924,12.46968842,10.98373222,551.3076782,118.5051956
2570,2375,15.35302544,28.77206421,50.13866043,0.00975047,7.172471046,12.31565094,10.79451942,554.3842163,115.9595413
2571,2376,13.66020203,28.79302216,50.63635254,0.008157163,7.17070055,12.1023531,10.97156525,551.3479614,118.1548462
2572,2377,6.29880476,28.8139782,50.59700775,0.006563857,7.21121788,11.90870857,11.3310051,547.6338501,123.5233536
2573,2378,8.752447128,28.82305336,49.91591263,0.005992518,7.312698364,12.14083004,11.04309845,551.3626099,119.9854507
2574,2379,9.248214722,28.82910728,50.45255661,0.006017243,7.414179325,12.37295055,11.14196587,549.5077515,121.8140182
2575,2380,6.301944733,28.83279037,50.22191238,0.006066458,7.355319977,12.37982368,11.22084713,548.2834473,122.66996
2576,2381,7.550801277,28.82583809,50.11288834,0.007563964,7.057979107,12.05493736,11.129076,549.7267456,122.157547
2577,2382,14.2249918,28.8188858,50.37615585,0.00906147,7.053852558,11.73005104,11.0120163,552.3654175,117.9500351
2578,2383,15.87779331,28.80959511,50.46963882,0.009547895,6.998670101,11.55380058,10.94743061,552.7244873,117.2343826
2579,2384,13.4271431,28.79852486,49.92358017,0.008528887,6.934190273,11.98924446,10.81785107,554.6473389,116.3540802
2580,2385,10.03552055,28.7874527,50.54057693,0.00750988,7.215234756,11.77104187,11.09667492,549.2809448,120.6085281
2581,2386,6.461498737,28.76015091,50.3310051,0.006734357,7.426180363,12.55220509,11.27031994,548.0202637,122.4365082
2582,2387,4.805459976,28.73204422,50.41041946,0.006024742,7.45797205,12.57485962,11.28027153,546.2164917,125.0170441
2583,2388,5.645458221,28.70090103,50.17106628,0.005851814,7.489763737,12.5975132,11.18733215,548.0908203,123.4395599
2584,2389,8.824481964,28.66381264,50.18551254,0.008259466,7.350153446,12.45279408,11.08110046,549.7296753,120.8876495
2585,2390,15.89003944,28.62672234,50.27248383,0.010667118,7.207413673,12.29549122,10.24152184,554.9050903,109.3358078
2586,2391,18.67041206,28.58989334,50.04418182,0.011497089,6.806193352,11.90273952,10.608922,556.2734375,112.4530334
2587,2392,13.60893631,28.55316353,50.00234985,0.011074332,6.783656597,11.76574612,10.75414562,554.5229492,115.373291
2588,2393,14.37202358,28.51740265,50.47949982,0.010651574,7.048155785,12.04407787,10.83803749,552.4822998,116.3301773
2589,2394,12.84008026,28.48964119,50.48243713,0.009489435,7.150066376,12.31596184,10.88443375,551.3468018,117.4954758
2590,2395,11.68017864,28.46187973,50.53565598,0.008282158,7.251976967,12.36616707,10.93984318,550.9810181,118.1583405
2591,2396,9.788531303,28.46406555,50.06458664,0.007445567,7.299161911,12.4163723,10.93599129,551.3936768,118.6492462
2592,2397,9.698541641,28.49704742,49.42078018,0.007370232,7.300585747,12.43261623,10.76765442,554.2943726,116.7088394
2593,2398,8.566226006,28.5300293,50.24086761,0.007294896,7.302009106,12.40069294,11.00371075,550.0466309,119.9993668
2595,2399,9.114267349,28.64151192,50.59646225,0.007122707,7.274177074,12.11539173,11.10285187,548.8496704,121.5053711
2596,2400,8.995577812,28.69115257,50.57946777,0.007020572,7.307598114,12.54423332,11.1200037,548.7680054,121.805336
2597,2401,9.210386276,28.71959686,50.59784317,0.006786959,7.341019154,12.60352516,11.14852715,548.6624146,122.030365
2598,2402,7.336314201,28.74803925,50.61397934,0.006553345,7.485693932,12.60753727,11.22893333,547.5008545,123.5063553
2599,2403,8.06560421,28.7881546,50.62905884,0.00657354,7.496936798,12.58594513,11.26143074,547.9761353,123.0776901
2600,2404,7.923640728,28.83459663,49.42433548,0.006865488,7.50530529,12.55905151,10.99475384,552.6036987,119.2935638
2601,2405,9.446249962,28.87952995,50.36695099,0.007157437,7.455376625,12.46002007,11.2045908,549.6361084,121.5032501
2602,2406,11.88150311,28.8809967,50.2878685,0.0072747,7.40544796,12.36098766,11.02306843,551.0994873,120.0349808
2603,2407,10.78719997,28.88246536,50.30097961,0.007365395,7.404666424,12.39081001,11.12274075,550.5305176,120.5138702
2604,2408,9.690078735,28.87672806,50.44816589,0.007210101,7.472624779,12.5759306,11.12473011,549.7962036,121.5565033
2605,2409,7.309736252,28.86099434,50.58455276,0.006329359,7.540582657,12.76105022,11.27887249,547.6762085,123.904747
2606,2410,3.431404114,28.84525871,50.33394241,0.005448617,7.565011501,12.74606705,11.3212595,546.2825317,125.6749191
2607,2411,5.965725422,28.8561573,50.3497467,0.005628433,7.575791359,12.68632317,11.26306248,547.3966675,124.423317
2608,2412,6.676268101,28.87355042,50.12332153,0.00640904,7.58098793,12.61525345,11.19538975,549.1032715,122.788826
2609,2413,9.650710106,28.88807106,50.22177124,0.007162116,7.534386158,12.49949265,11.05596256,550.6893921,121.2525482
2610,2414,7.112693787,28.89027405,50.55432129,0.006776629,7.487784863,12.38373089,11.25939846,547.7327271,123.7526169
2611,2415,6.503206253,28.89247704,50.01470566,0.006391141,7.380380154,12.2013588,11.19039249,549.4550171,122.1839676
2612,2416,6.291092873,28.88581657,50.08120728,0.006037078,7.200764656,11.97216702,11.23489761,549.3149414,122.9646912
2613,2417,6.464230537,28.87258148,49.8220787,0.005728503,7.193721294,11.89918518,11.15311146,550.2353516,122.0838699
2614,2418,4.739206791,28.85934639,50.08127975,0.005419928,7.405104637,12.21060562,11.27079487,548.4399414,124.5978546
2615,2419,4.402853966,28.86030769,49.96281815,0.005900329,7.481099129,12.52202511,11.31016922,548.1846924,124.3581848
2616,2420,5.902532578,28.86187553,49.82010651,0.006585597,7.557093143,12.54536152,11.14792442,550.1859741,122.7046509
2617,2421,11.23361015,28.85887146,50.39321136,0.007120764,7.466304779,12.42726803,11.08705139,550.5719604,120.7851868
2618,2422,14.42342472,28.84715843,50.05321884,0.00696713,7.319747925,12.3204155,10.85919094,553.9786377,116.7650757
2619,2423,9.681027412,28.8354435,49.82957458,0.006813496,7.343090534,12.48079967,10.97737789,552.6297607,119.3924561
2620,2424,8.291233063,28.82526207,50.66152191,0.006425911,7.409202576,12.64118385,11.25915909,548.255249,123.0680923
2621,2425,5.526060581,28.81564903,50.46559525,0.005857589,7.47121048,12.73288822,11.33660793,546.7168579,125.1371307
2622,2426,5.471827984,28.8066082,50.0975647,0.005289268,7.511118412,12.71642876,11.23801613,548.1912231,124.3054504
2624,2427,5.408251286,28.7973938,49.9330864,0.007483546,7.498622894,12.57010937,11.20722961,548.8494873,123.2706223
2625,2428,12.7754879,28.76997757,50.36660004,0.008197491,7.354041576,12.39659786,10.95626163,551.7070313,118.2967377
2626,2429,14.34174252,28.7197113,49.99570465,0.008061513,7.209460258,12.25144958,10.87406635,553.7873535,116.5516129
2627,2430,11.26078129,28.66944695,50.24865723,0.007925536,7.212705135,12.34260273,10.90239429,551.9624023,117.7809982
2628,2431,8.638995171,28.65677261,50.28769302,0.007743353,7.254990101,12.43375587,11.05211926,549.9762573,120.6010056
2629,2432,7.60188961,28.64900208,50.02088165,0.007543127,7.297275543,12.43062496,11.03485298,550.6120605,120.5811539
2630,2433,10.13425541,28.65541458,50.07340622,0.00737078,7.330444813,12.32279491,11.02478123,551.6152954,119.1502151
2631,2434,9.198596954,28.70020676,49.72558975,0.007438033,7.36336422,12.21496391,10.94634342,552.5509033,119.1844101
2632,2435,9.419222832,28.74499702,50.13911438,0.007505286,7.365098,12.24083233,10.98503685,551.3581543,120.3282089
2633,2436,12.13928509,28.78166962,50.25273895,0.007764067,7.31161356,12.2886343,10.97869873,551.7615356,118.7561035
2634,2437,14.11474037,28.81406403,50.62331772,0.008222831,7.258128643,12.35358143,10.96672916,551.3800659,118.4446869
2635,2438,12.60449982,28.84605408,50.05529022,0.008681596,7.331191063,12.47156429,10.90646839,553.3631592,117.1347961
2636,2439,9.7213974,28.86826515,50.04026794,0.007966716,7.447343349,12.58954716,11.05717373,551.8812866,119.7235489
2637,2440,7.646137238,28.89047813,50.04917526,0.007083178,7.556571007,12.65581131,11.17049408,550.2215576,122.2725754
2638,2441,7.732757568,28.91009712,50.09085083,0.006495147,7.586094379,12.69160557,11.17671585,549.6693726,122.5901718
2639,2442,5.382610798,28.9262104,50.50237274,0.006750162,7.488541126,12.72739983,11.33499241,546.8108521,125.0336304
2640,2443,6.787069321,28.94232368,49.64181137,0.007005177,7.39098835,12.57549667,11.06212521,551.5652466,121.5586853
2641,2444,14.30161381,28.92420197,50.16149902,0.007901467,7.239070892,12.42071915,10.94356823,553.4644165,117.6826401
2642,2445,16.84933853,28.89807129,50.39827728,0.009151381,7.043411732,12.33744621,10.86852551,554.506958,116.3669052
2643,2446,14.96947193,28.87462234,50.61841202,0.010320415,6.919056416,12.39947319,10.99357986,552.7993164,117.8294601
2644,2447,10.32263088,28.86222649,50.49674225,0.008844201,7.124674797,12.46150112,11.10788727,550.477417,120.7643204
2645,2448,7.573143482,28.84982872,49.98882675,0.007367985,7.330292702,12.49711514,11.11387348,550.3088989,121.9040451
2646,2449,9.619738579,28.83635902,50.75616837,0.006790453,7.406232834,12.53140068,11.21059608,548.5685425,122.3870468
2647,2450,7.165950775,28.82211304,50.26482773,0.007480924,7.36610508,12.50368214,11.03123474,546.8581543,119.1611557
2648,2451,10.75253582,28.80786896,49.71988678,0.008171395,7.325976849,12.3358593,10.89547729,553.6143799,118.092804
2649,2452,17.6131382,28.75277328,50.55364227,0.009181858,7.178619862,12.16803741,10.86318588,553.812439,114.8461533
2650,2453,19.20829964,28.69622231,49.74965286,0.010272358,7.014071465,12.16190147,10.40820789,558.8386841,111.3236008
2651,2454,18.02036285,28.65003204,49.94709015,0.01103416,6.856617928,12.22776794,10.60103798,557.1349487,111.2051315
2652,2455,13.81821918,28.62302971,50.57540512,0.01034903,6.880977154,12.28773689,10.96798038,551.2477417,118.1182785
2653,2456,13.58320522,28.59602737,50.45681,0.009663899,7.124219418,12.244977,10.8270359,552.6691895,117.4422684
2654,2457,17.51930428,28.56393051,50.09189606,0.009572159,7.115983009,12.20221615,10.68752098,555.6981201,113.4811935
2655,2458,15.38640976,28.5300045,49.57133102,0.009927501,7.107746124,12.03363132,10.57934093,557.3039551,112.5836868
2657,2459,15.91573143,28.47675705,50.45692444,0.009480622,7.117002964,12.23283577,10.74874592,553.4580688,114.7998199
2658,2460,12.18102741,28.45586014,50.40648651,0.008624266,7.201045513,12.33579826,10.81144428,551.8818359,117.471817
2659,2461,11.00270939,28.45165253,50.44189072,0.008074358,7.281677723,12.43161488,10.91520882,550.7539673,118.4235229
2660,2462,11.69787788,28.46372414,50.34619904,0.008117953,7.289651871,12.45034504,10.92171001,551.7060547,118.4561005
2661,2463,11.38434792,28.47579575,50.57686996,0.008161548,7.297626495,12.4690752,10.9150877,550.319458,118.6822739
2663,2464,8.348733902,28.54971313,49.74644852,0.007436925,7.275108814,12.4090004,10.86030102,552.118103,118.5541458
2664,2465,9.205086708,28.58361626,49.46175766,0.007128278,7.256108284,12.36138058,10.77826214,554.0442505,117.1154785
2665,2466,12.08165646,28.60577774,49.77968979,0.007770034,7.267398357,12.33577442,10.81777477,554.1036377,116.716713
2666,2467,14.29747772,28.62794113,50.38594055,0.008411791,7.28576088,12.31389904,10.7800436,553.0248413,117.17099
2667,2468,12.7565794,28.65773392,50.40658569,0.008461014,7.201737881,12.31883144,10.98976898,551.4204102,118.5912094
2668,2469,10.10952854,28.69142723,50.29948425,0.007907308,7.203070164,12.42719269,11.07255077,550.414917,120.3607635
2669,2470,9.993544579,28.72467422,50.553936,0.007353601,7.299755573,12.53555393,11.10017681,549.9096069,120.5766525
2670,2471,8.432765961,28.74880409,50.67744827,0.006586885,7.391200542,12.51980114,11.17964935,547.8204956,122.4392624
2671,2472,7.811329842,28.77293205,50.59780884,0.005791355,7.348240376,12.41816616,11.19140244,548.5,122.6363678
2672,2473,6.979520321,28.7890358,49.67451859,0.005552394,7.305279732,12.31653023,10.9750576,551.52771,120.5213852
2673,2474,13.7308445,28.79457855,50.29795837,0.006849629,7.307557106,12.24623871,10.9476862,552.5339966,118.240448
2674,2475,13.98380184,28.80012131,50.22268295,0.008146864,7.371613979,12.17671299,10.94530296,552.6029053,118.1314774
2675,2476,11.1403656,28.81424904,50.58478546,0.007880864,7.435670376,12.19349575,11.13936138,550.2883911,120.800354
2676,2477,9.135380745,28.83030128,50.6518631,0.006777176,7.460846901,12.36283302,11.16892624,548.4847412,122.345314
2677,2478,7.152668476,28.84257507,50.20552063,0.005707151,7.475060463,12.5321703,11.23325157,548.6207886,123.3042679
2678,2479,7.152324677,28.83989906,50.36595535,0.005535589,7.470829487,12.55267239,11.30286217,547.949585,123.1002197
2680,2480,7.716475964,28.83701324,49.80691528,0.006011297,7.24743557,12.46276283,11.0756731,551.0412598,120.7984772
2681,2481,14.15490913,28.83854103,50.19939804,0.007784109,7.220860004,12.35692787,10.93375015,552.9436035,118.2546463
2682,2482,14.92985821,28.84007072,50.60912704,0.009556921,7.272190094,12.25109291,10.98798084,551.5994263,118.7477188
2683,2483,13.14990997,28.8579464,50.53971481,0.008598259,7.323520184,12.25418949,11.06722736,551.2941284,119.4898834
2685,2484,7.002388954,28.88738441,50.4741478,0.005670312,7.433576584,12.51582909,11.27283955,547.4683228,123.962059
2686,2485,7.496761322,28.88542175,50.45710373,0.005637634,7.461420536,12.54936314,11.24562263,548.4365845,123.1835327
2687,2486,3.722063065,28.883461,50.38631058,0.005604956,7.408320427,12.5581255,11.38490486,545.994751,126.3551788
2689,2487,13.95945358,28.87531853,50.35364151,0.00804924,7.328513622,12.33108044,10.98589993,552.5751953,118.1731186
2691,2488,12.44288349,28.8613987,50.44190216,0.008848988,7.305353165,12.13811398,11.01281452,551.3583374,119.3660889
2692,2489,10.34817028,28.8524456,50.59093475,0.007996785,7.336150646,12.29830551,11.1556654,550.0180054,121.1588211
2693,2490,10.1482935,28.84296799,50.07606506,0.007453512,7.368171692,12.45849609,11.01076508,551.6395264,119.9886093
2694,2491,8.80738163,28.83298874,50.14437866,0.007492261,7.370345592,12.48786259,11.11640549,550.1116943,121.4209595
2695,2492,9.938158035,28.8230114,50.45314407,0.007531011,7.260276794,12.50491524,11.11598969,549.7793579,121.1637268
2696,2493,12.71982193,28.79630852,49.85321045,0.009574002,7.150208473,12.45157814,10.84007645,554.0201416,116.7566528
2697,2494,20.12095833,28.7677002,50.19987488,0.01235053,7.072157383,12.19516468,10.64585686,557.6404419,112.4625931
2698,2495,20.97212219,28.73877144,50.03396225,0.014527178,7.025867462,11.93875027,10.5375061,558.4272461,111.5896378
2699,2496,20.60514259,28.70903015,49.5116806,0.012185983,6.979577065,11.9830265,10.35665321,561.2932129,109.3325958
2700,2497,14.64181614,28.67929077,50.04234695,0.009844789,7.023503304,12.19467831,10.74280262,554.6852417,115.4483032
2701,2498,13.70678043,28.64918327,50.58315277,0.008593175,7.074266434,12.39796543,10.94599342,551.7791138,117.5476837
2702,2499,11.89738846,28.61889458,50.11317825,0.008421468,7.053554058,12.30603027,10.68679905,545.2628784,114.1917191
2704,2500,19.12659836,28.58420944,49.78779602,0.013018608,7.053622246,11.71806145,10.48616409,558.1793213,111.3534241
2705,2501,15.7510128,28.62934494,49.87200546,0.010870195,7.142601013,12.06711197,10.66446018,555.9522095,113.7459106
2706,2502,14.35441208,28.67448235,50.28406906,0.008721782,7.231579781,12.28950214,10.82206821,553.2819824,116.2873306
2707,2503,9.255002975,28.68301392,50.1018486,0.007567648,7.311849117,12.4519577,11.02482796,551.0131226,119.7164841
2708,2504,7.482617378,28.68369102,49.9540329,0.006931862,7.385115623,12.4337225,11.01282883,550.4088135,121.0784073
2709,2505,7.662904263,28.68864632,50.11497879,0.006409832,7.458382607,12.41548729,11.04083347,549.8900146,121.1696777
2710,2506,10.16366005,28.70981979,49.74467468,0.00845554,7.351344585,12.35836601,10.8614912,553.2768555,118.4078979
2711,2507,16.29660988,28.73099518,50.23143005,0.010501249,7.232670307,12.27880669,10.79794312,554.6898193,115.1327515
2712,2508,17.39569664,28.74728966,50.07262802,0.011059177,7.169283867,12.20246124,10.68949223,555.6628418,114.0776291
2713,2509,14.0455637,28.76024818,50.37701416,0.009624183,7.244317532,12.29073048,10.91353798,552.8549194,117.2442093
2714,2510,11.30845737,28.7732048,50.17750931,0.008189189,7.319351673,12.37899971,11.05453968,551.5842896,119.0027084
2715,2511,9.591367722,28.77199936,50.59064484,0.007243931,7.379822731,12.43185806,11.14498997,549.2623901,121.4567947
2716,2512,8.030282974,28.77048874,50.39356613,0.006411627,7.432862759,12.43252277,11.11460018,549.2012939,122.4632645
2717,2513,6.183864117,28.77721405,50.03120041,0.006235004,7.475691319,12.43318653,11.2022028,548.7603149,122.4769516
2718,2514,9.571126938,28.79832077,49.80294037,0.008719482,7.327822208,12.33477402,10.9510355,552.3292847,118.9750671
2719,2515,16.47729683,28.81942749,50.49090576,0.01120396,7.179952621,12.20991516,10.89937878,553.4867554,117.1706085
2720,2516,19.53032494,28.83226013,50.18397903,0.011579923,7.127270222,12.11628151,10.616745,556.9155884,114.0396042
2721,2517,17.27198792,28.84232712,50.24133301,0.010447533,7.203207016,12.17053986,10.68724155,555.4087524,114.5433731
2722,2518,13.47339153,28.84762192,50.10998917,0.009315142,7.279144287,12.2247982,10.87635326,553.6001587,117.3324051
2723,2519,10.57918167,28.82220268,50.41144562,0.007929617,7.121804714,12.27924919,11.15722752,550.3017578,120.8394318
2724,2520,9.595319748,28.79678154,50.30280304,0.006535776,7.28548336,12.3338728,11.12970734,549.4846802,121.8880692
2725,2521,8.171668053,28.7827034,49.93521881,0.006656235,7.420872688,12.38849545,11.09908676,550.1876221,120.745163
2726,2522,10.31149864,28.77911377,49.73585892,0.009547955,7.234523773,12.1900835,10.8904953,553.6262207,118.4784698
2727,2523,17.81249619,28.77552223,50.44258118,0.012439676,7.048174381,11.96611691,10.82407475,554.4797363,115.0858078
2728,2524,21.12261963,28.75728035,50.06468582,0.012309195,6.904818058,11.75994587,10.62288666,557.7159424,111.3759918
2729,2525,17.81035423,28.73749733,50.31697083,0.0111083,6.812794209,11.60372925,10.74055576,555.1486816,114.0945282
2730,2526,13.62069511,28.71502686,50.37369537,0.009921824,6.96739769,11.8339653,10.89907265,552.9056396,117.4732208
2731,2527,9.92623806,28.68597794,50.31230164,0.00883767,7.20301199,12.20197487,10.97089577,550.0663452,120.3587875
2733,2528,11.15005302,28.65498543,50.16515732,0.008993503,7.10013485,11.84664536,10.95369625,551.6975098,118.8595352
2734,2529,13.51068306,28.66609955,49.87976456,0.012478925,7.290353775,11.91326523,10.75187874,554.5577393,116.5548477
2735,2530,22.75942612,28.67701149,50.17044067,0.015964348,7.026502609,11.63127804,10.49799442,558.9251099,110.1007462
2736,2531,23.24974251,28.68480301,50.0871315,0.013972472,6.581962585,11.34928989,10.40127468,559.3169556,109.5570297
2737,2532,20.73321342,28.69259453,49.87381363,0.011330426,6.876833916,11.46645737,10.42512035,559.2144775,110.8634109
2738,2533,14.35340023,28.6971817,50.62818527,0.009177857,6.811631203,11.82275772,10.92122078,551.6123657,117.9224701
2739,2534,12.09507751,28.69777107,49.80027771,0.008290254,7.322949886,12.17905903,10.86091328,552.887085,117.6209106
2740,2535,11.695611,28.69836044,50.1867218,0.00740265,7.4217453,12.23619175,10.97584915,551.7601318,118.6071167
2743,2536,18.44593048,28.76696205,50.12466049,0.01183866,6.773979664,11.23776913,10.71170044,555.6824951,114.0346603
2744,2537,19.71651077,28.75878143,50.14743805,0.011072746,6.741292953,11.4931345,10.6138134,557.3884888,112.7293777
2745,2538,16.42170334,28.75059891,49.7258873,0.010306834,6.809572697,11.90443707,10.63182163,556.8322754,114.2764435
2746,2539,13.51128578,28.73819923,50.47933578,0.009298042,6.923711777,12.08154678,10.9318924,552.1997681,118.5140839
2747,2540,10.12593651,28.72299004,50.51551437,0.007973061,7.041366577,12.25073433,11.11068344,548.9748535,121.2875443
2749,2541,7.230592728,28.71413803,50.47097778,0.00792316,7.147743702,12.29109764,11.17470074,547.8787231,123.0318604
2750,2542,10.61865616,28.72081947,50.09941864,0.009770949,7.169182301,12.23843765,10.95343399,551.6672974,119.3723907
2751,2543,18.10725594,28.71460533,50.49581528,0.011188387,7.113639832,12.19650936,10.7972784,554.7285156,114.5634689
2752,2544,19.4113369,28.68648148,50.36406326,0.010932325,7.028183937,12.15858173,10.64826393,555.4363403,113.4865417
2753,2545,17.2436161,28.65835571,49.80546188,0.010676264,6.959945679,12.13155746,10.64298725,556.6638184,112.8875427
2754,2546,14.79912472,28.64833641,50.20664215,0.009715221,7.090979576,12.20496082,10.81730843,553.5355835,115.9128799
2755,2547,12.6720047,28.64417458,50.33041763,0.008263217,7.222012997,12.27836418,10.99804783,550.9824219,118.8662109
2756,2548,9.037480354,28.64307404,49.87470245,0.006811214,7.282463074,12.31204033,10.95913601,551.2709351,119.3987885
2757,2549,9.426497459,28.66068077,50.10268021,0.008735491,7.252320766,12.29469109,11.04532528,550.6400757,120.2192612
2758,2550,12.10719204,28.67828751,49.63789749,0.010748145,7.222178459,12.27734089,10.74124718,555.1856079,114.8098984
2759,2551,18.54694176,28.67027283,50.23078156,0.011890313,7.063782215,12.25784683,10.72112179,555.5948486,113.7317352
2761,2552,16.95506096,28.60802841,50.00293732,0.011074159,6.946802616,12.23763943,10.64251328,556.7359009,113.2982559
2763,2553,14.76988983,28.59146118,49.60155106,0.009906298,7.123261929,12.38738441,10.62822914,556.6005249,113.8004074
2764,2554,13.42850208,28.59515762,50.08917236,0.009418165,7.21753931,12.37819481,10.82342148,553.1691895,116.0514755
2765,2555,13.21535778,28.62482071,50.38355637,0.009745185,7.311816216,12.31113148,10.90795135,552.0625,117.254364
2767,2556,17.15118027,28.64891815,50.06903076,0.010374564,7.128299236,12.18772411,10.72188282,555.5487671,114.0922165
2770,2557,14.56448555,28.6219902,49.71261215,0.010350066,7.182164192,12.17982578,10.71520329,555.4121704,114.6848679
2771,2558,14.66325569,28.63673973,49.93453598,0.009671606,7.198806763,12.24896622,10.76630116,554.3668213,115.4423218
2772,2559,13.89066315,28.64774132,49.88394547,0.009723437,7.189530849,12.18823814,10.75182152,554.9813843,115.1027222
2773,2560,14.03047276,28.65418625,49.82528305,0.011606829,7.086603642,12.06102562,10.67755127,555.0679932,115.242691
2774,2561,16.33070946,28.66063118,49.5617981,0.013490221,6.983676434,11.93801594,10.51103973,558.4100342,111.1981964
2775,2562,20.97966957,28.64809418,50.03816986,0.014384996,6.676168442,11.96670532,10.46997547,558.8754883,111.5108643
2776,2563,22.2293129,28.63184929,49.9438324,0.014793208,6.594028473,11.99539471,10.3781538,560.1798096,109.2663956
2777,2564,20.89804459,28.61501122,50.18470383,0.015083593,6.758649826,12.0465889,10.45551109,551.5984497,109.212532
2778,2565,13.68157005,28.59600449,50.50480652,0.013082912,7.004390717,12.13084793,10.92230034,552.0037231,117.6178818
2779,2566,14.03597832,28.57699966,50.28289795,0.011082231,7.244786739,12.21510792,10.83140945,553.1094971,117.122345
2780,2567,14.56439972,28.5661335,50.43414688,0.009784374,7.260972023,12.26099968,10.80382061,552.8243408,116.2776642
2781,2568,14.61956978,28.560606,50.46030807,0.00939018,7.277157307,12.29689693,10.78278732,553.4741211,116.5679398
2783,2569,12.94214535,28.56856155,49.83546066,0.009380679,7.232779026,12.21017456,10.7628231,554.8162231,115.4890366
2784,2570,13.15081024,28.58218575,50.17053223,0.009929319,7.245048523,12.11192608,10.79212189,553.2592163,116.6259155
2785,2571,13.76314926,28.60120392,50.11799622,0.010126514,7.26469183,12.11866188,10.70279598,554.3930664,115.6335831
2786,2572,11.92761803,28.62897873,50.4958725,0.009038851,7.244124889,12.21594334,10.93434906,551.3630981,118.45047
2787,2573,11.00934982,28.65675545,50.55910492,0.007951187,7.089021206,12.31322479,10.98301125,550.4872437,120.1563644
2788,2574,10.16462517,28.67244339,50.49653244,0.007651255,7.001255035,11.71676445,10.98524666,550.3358765,119.7301636
2789,2575,8.697388649,28.68451691,50.53710938,0.007869069,7.124278069,11.89195442,11.12204075,548.8682251,121.8911438
2790,2576,11.24026775,28.69460297,49.97029877,0.008086883,7.247300625,12.06714344,10.88125992,552.982605,118.0256195
2791,2577,16.99319267,28.69412613,49.75734711,0.00981116,7.181039333,12.09297848,10.64879036,557.0472412,113.1014557
2792,2578,18.81230736,28.6936512,49.94391632,0.011547408,7.113879204,12.02829933,10.52442455,557.6855469,112.1935654
2793,2579,16.96944237,28.69806099,50.00530624,0.012008883,7.069689274,11.96512222,10.63305283,556.6290894,113.4574127
2794,2580,15.01190567,28.70651436,49.7873497,0.01039541,7.065048695,12.11363316,10.6576376,556.885437,114.4771576
2795,2581,12.73024178,28.71496964,50.26938248,0.008781936,7.131243229,12.26214409,10.92233944,552.4230347,117.4910507
2796,2582,10.10220146,28.71833801,50.16634369,0.008670136,7.232390404,12.32606506,10.93224907,551.8618164,119.3281631
2797,2583,10.96928406,28.72135735,50.39508438,0.009009411,7.322181225,12.25727081,10.9462328,551.0296631,119.6700287
2798,2584,14.20816517,28.72219849,49.5485611,0.00957238,7.20382452,12.18847656,10.63969231,556.4469604,114.6976089
2799,2585,19.10448265,28.71849251,50.45883942,0.011330388,7.085467339,12.1342659,10.68470192,555.4005127,114.0669022
2800,2586,19.33119774,28.71478653,50.60920715,0.013088396,7.049853802,12.08432293,10.6765461,555.4985352,114.3949585
2801,2587,17.89317703,28.72110748,50.04705429,0.013025324,7.122646332,12.05782795,10.62251568,556.8742676,112.8301086
2802,2588,15.548666,28.73148155,49.45688248,0.011446831,7.173243523,12.16185284,10.64000225,557.880249,113.2782745
2803,2589,13.83181858,28.74180984,50.63695145,0.009868338,7.223840714,12.26587868,10.97348309,552.1326294,117.0009308
2804,2590,11.80729103,28.75174141,50.01964569,0.009149403,7.241799831,12.28314018,10.9243412,552.5854492,118.0938797
2805,2591,12.13771152,28.76167297,50.24475098,0.00849079,7.213488579,12.21055412,10.88693428,552.6778564,118.0415421
2806,2592,13.4947958,28.76193047,49.89722824,0.008936768,7.185177803,12.13796806,10.79413795,555.4472656,116.1606598
2807,2593,19.33793831,28.75209427,50.53158951,0.011698345,6.62631321,11.45352745,10.72097492,555.2122803,114.442215
2808,2594,21.39647293,28.74225807,50.47322083,0.014459921,6.995093822,11.53281021,10.60385132,556.8189697,112.2933273
2809,2595,19.45236969,28.75255775,49.83648682,0.013992934,7.075739861,11.89447498,10.48678684,559.4046631,110.8767395
2810,2596,15.96834469,28.76565933,50.15044022,0.012217366,7.156385422,12.2162714,10.74885368,555.8405151,113.7380905
2812,2597,11.53976059,28.76216698,50.13635254,0.009583963,7.225562572,12.30724907,11.00704288,552.4212646,118.5958328
2813,2598,11.96406651,28.75181961,50.19879532,0.008642576,7.236608028,12.21648693,10.91997051,552.3467407,118.0726318
2814,2599,15.69423294,28.7362709,49.68558502,0.010423785,7.071130753,11.99712849,10.67459393,557.380127,113.9864044
2815,2600,24.18326569,28.71798325,49.74522781,0.015052518,6.905653477,11.77777004,10.29187489,562.1918945,107.8672791
2816,2601,25.78626442,28.69916725,49.59777451,0.019681249,6.840312004,11.81995583,10.13518906,563.9472046,105.8646164
2817,2602,21.00802231,28.66842842,50.00323105,0.017891005,6.913837433,11.89050102,10.39513397,559.4694214,110.1436081
2818,2603,22.0012722,28.6376915,50.39562988,0.015192064,6.987362862,11.95328903,10.53239727,557.3725586,111.3532257
2819,2604,18.35547829,28.6040535,50.0978775,0.013175971,7.01342535,11.99419498,10.59826565,556.583374,112.4330444
2820,2605,21.77755547,28.56658745,50.34568787,0.013058534,7.024611473,12.03510094,10.48665333,557.7312622,110.5939178
2821,2606,18.4496212,28.5291214,50.08449936,0.012941096,7.027905941,11.99746609,10.55644131,557.0066528,112.1258926
2823,2607,21.02914047,28.54479027,50.38930511,0.015029318,6.917709827,11.84588242,10.50692654,557.6495972,111.4681625
2824,2608,22.32348633,28.55917358,50.40076065,0.016167663,6.926771641,11.97520351,10.42477512,558.1555786,110.5846024
2825,2609,19.52254295,28.58136749,50.18783188,0.013864586,7.001811504,12.10452366,10.49009705,557.4541626,111.5770416
2826,2610,17.03973961,28.6035614,50.00353622,0.011561509,7.076851368,12.23193073,10.69575787,555.9284668,114.0193176
2827,2611,14.05986309,28.61018562,49.77127838,0.010062429,7.119769096,12.35613632,10.6882391,554.9195557,115.7178268
2829,2612,12.50315571,28.60237312,49.8427124,0.009193639,7.12839222,12.08051395,10.83540344,553.8848877,116.6717606
2830,2613,14.65596771,28.62730217,50.00253677,0.010038176,6.906718731,11.66610527,10.69240379,554.8446655,116.1624451
2831,2614,15.95643616,28.65267181,49.77384186,0.011165773,6.990019321,11.73184109,10.6391964,556.7848511,113.924057
2832,2615,18.70409584,28.68089676,50.47499847,0.011871909,7.073319912,11.79757595,10.76580334,554.3181152,115.1045227
2833,2616,16.35707283,28.71390915,50.45218277,0.010967433,7.130119801,11.90684414,10.77322483,554.5735474,114.8069839
2834,2617,15.14568329,28.74692154,50.2681427,0.010062956,7.167808056,12.04368973,10.76089573,554.2006226,116.6033096
2835,2618,14.42502213,28.76383591,50.11217499,0.009094753,7.205496311,12.18053436,10.77587986,554.3754883,116.028595
2836,2619,10.22763538,28.77572441,50.0836525,0.008083374,7.337660313,12.25794983,10.94517136,552.2304077,119.1039352
2837,2620,10.02305031,28.78808212,49.88780594,0.007071994,7.294696808,12.33267021,10.9508009,552.4176636,119.5322342
2838,2621,12.07262421,28.80309677,50.22080994,0.009198003,7.25173378,12.34960842,10.88167858,552.6174927,119.1441879
2839,2622,17.65800095,28.81810951,49.99485016,0.011372775,7.096123219,12.25078297,10.67970562,557.0428467,113.8139496
2840,2623,19.33711815,28.82842636,49.53661728,0.01235838,6.918072224,12.15195656,10.51151466,559.6810913,111.0722122
2841,2624,17.6508522,28.83473206,50.52298737,0.011348498,6.989038467,12.16890335,10.74875355,554.7947998,115.4379425
2842,2625,15.02376747,28.84103584,49.76916885,0.010338617,7.091826439,12.23093605,10.71138477,556.3408813,115.2967834
2843,2626,14.41168785,28.82162857,50.13473892,0.009270224,7.175444126,12.27983093,10.87842274,553.7665405,116.3620377
2844,2627,12.74353695,28.80021858,49.99354172,0.008183558,7.194972038,12.21866131,10.89292908,553.651001,117.4842682
2845,2628,11.24963665,28.78720856,50.08525467,0.007664819,7.21449995,12.15749168,10.92465782,552.1809082,118.9674301
2846,2629,13.78031349,28.7923584,50.15385437,0.010349116,7.167626858,12.09724903,10.83738613,554.4402466,117.0098724
2847,2630,19.12670326,28.79750824,50.15021896,0.013033413,7.072446346,12.03796959,10.69859791,557.0703125,113.9431305
2848,2631,20.96007729,28.80471611,50.57933044,0.013766212,6.977265835,11.97868919,10.66728878,556.4265137,113.7579803
2849,2632,18.80801964,28.8127861,50.31973267,0.012831759,7.070115089,12.10626507,10.68044186,556.0982056,113.9502029
2850,2633,17.17410278,28.81854439,49.79682159,0.011897305,7.17586422,12.25957394,10.60638523,557.6638794,113.3412247
2851,2634,11.78747082,28.80185318,49.82222366,0.010425368,7.177212238,12.36920357,10.8344965,553.8737793,117.9873428
2852,2635,13.60481262,28.78516197,50.08012772,0.008911693,7.229122162,12.34002399,10.84687328,553.7376709,117.3366547
2853,2636,10.68531704,28.78837395,50.60396576,0.008613904,7.294094563,12.31084538,11.03335285,550.3738403,120.4641037
2854,2637,13.15730667,28.8129673,49.81451035,0.01094114,7.191139221,11.94069767,10.78247643,555.0158081,116.7194824
2855,2638,19.04014397,28.83756256,50.15415192,0.013268376,6.705197334,11.32644463,10.57002068,557.5116577,112.7229309
2856,2639,20.8496666,28.81867599,50.29866028,0.014104025,6.942958832,11.54999161,10.57132721,558.1567993,112.0576401
2857,2640,21.70663261,28.79332924,50.38630295,0.014316358,6.991377354,11.79913998,10.63005161,557.1746216,111.9769669
2858,2641,19.53570557,28.77249718,50.14219284,0.014351706,7.041124344,11.99243927,10.62455082,557.5652466,112.3778458
2859,2642,16.73538399,28.76456451,50.17424011,0.01268009,7.095759392,12.06112003,10.78341866,555.446167,115.1978607
2860,2643,14.78107738,28.75663376,50.17355347,0.011008474,7.150393963,12.12979984,10.77145576,554.5136719,116.1278687
2861,2644,14.22035694,28.75656891,50.26998901,0.011359449,7.079909325,12.08648109,10.8210144,553.71698,116.5913467
2862,2645,16.84553337,28.76078033,49.79389191,0.013879539,6.926594734,11.99470425,10.57910919,557.8292236,113.4870224
2863,2646,22.24943733,28.76498222,49.87228012,0.016399628,6.773280621,11.91207504,10.43270874,560.8370361,109.2422791
2864,2647,21.7619133,28.76885414,50.56904602,0.014577349,6.905370712,11.94743347,10.57726002,556.8852539,111.7232819
2865,2648,18.83972359,28.77272797,50.05318069,0.012110487,7.046234608,11.9827919,10.52807236,558.2380981,111.9287491
2866,2649,15.16262627,28.74032784,50.25023651,0.010630079,7.071166515,12.02889252,10.79192352,554.1260376,115.9715347
2867,2650,15.22655296,28.65855408,50.2955513,0.011980181,6.836222172,12.08762836,10.72371101,554.6639404,115.7558823
2868,2651,18.1308918,28.57677841,50.37708664,0.013330284,6.737926483,12.14636517,10.59424686,555.6970825,113.4174805
2869,2652,17.70027733,28.52562523,50.6001091,0.014429638,6.731149673,12.0625248,10.66392612,554.7160645,114.4713516
2870,2653,21.4058857,28.48155594,49.90422058,0.015392302,6.729137897,11.95139217,9.92959404,558.7125854,104.4213257
2871,2654,21.445755,28.44193649,50.24716187,0.016275076,6.613059998,11.7542572,10.4518919,557.5901489,110.3281326
2872,2655,22.10084534,28.42003822,50.26099396,0.015007327,6.280896664,11.21533394,9.392132759,568.3199463,99.67934418
2874,2656,16.6932888,28.41711044,50.22543335,0.012137731,6.865725517,11.67175674,10.6866293,554.4486694,114.7730789
2875,2657,12.88650131,28.46455765,50.07125473,0.010082668,7.227109909,12.06530476,10.77172184,552.9864502,116.7171555
2876,2658,9.952593803,28.51200676,49.73573303,0.008027604,7.358055592,12.23340225,10.85950279,552.7025757,117.9736633
2877,2659,10.04410553,28.55287933,50.49226379,0.008259138,7.280020237,12.23834515,10.96476555,550.217041,119.7718506
2879,2660,14.26621723,28.62998199,50.41189194,0.009574629,7.153002262,12.21425152,10.86173916,552.432312,117.3511658
2880,2661,16.60191727,28.65884781,50.46295929,0.009339483,7.107145786,12.1832962,10.72772408,554.1122437,115.6464615
2881,2662,14.33887959,28.68771362,50.28514099,0.009104338,6.882790565,11.49937916,10.90116882,552.5108032,116.6551666
2882,2663,12.13332367,28.6961174,50.28051758,0.00865208,7.371678352,12.39889622,10.95131493,551.8905029,118.7526474
2884,2664,9.552061081,28.70449829,49.77943802,0.007443867,7.407696724,12.48292065,10.90067196,551.9822388,119.8896637
2885,2665,10.08477116,28.74195671,50.00147629,0.008032865,7.364899158,12.42475986,10.96758652,551.7352295,119.8527756
2886,2666,12.18134499,28.77941513,49.89104843,0.008654281,7.322101116,12.36659908,10.85621929,553.4061279,117.4843216
2887,2667,12.93668556,28.78664398,50.06584167,0.008971619,7.138552189,12.35922813,10.98682117,552.3776855,118.3685074
2888,2668,13.56096935,28.7663784,50.23010254,0.008745407,6.872900963,12.37970829,10.87320137,552.4331055,117.8530121
2889,2669,12.51444721,28.74611473,50.34470749,0.008519193,7.186237335,12.40104771,11.00744915,551.7651367,118.6713333
2890,2670,8.884438515,28.73106003,50.01224899,0.007684595,6.970031261,12.46723175,11.02815342,550.8401489,120.3489532
2891,2671,7.110944748,28.71652985,49.96671677,0.00664034,7.410449028,12.53341484,11.13301754,549.7420044,121.6592026
2892,2672,6.420025826,28.70612907,49.90533829,0.005856365,7.447693825,12.5594883,11.04895782,550.1959229,121.8287277
2893,2673,5.284959316,28.70564651,49.72483826,0.006834099,7.458160877,12.52276039,11.11478424,549.6453247,122.3274612
2894,2674,8.8861866,28.70516205,49.74072266,0.007811833,7.326780796,12.48603344,10.95224094,552.4819336,119.6838455
2895,2675,13.68708897,28.67791748,50.63190079,0.008489019,7.195400715,12.42315674,10.93203163,551.4689331,118.8340607
2896,2676,15.19963741,28.63803482,50.46941757,0.008881988,6.851614952,12.35268116,10.87769318,552.5139771,116.7947769
2897,2677,13.53518867,28.60007095,49.97879791,0.009274957,6.950009823,12.30163383,10.82294941,553.7219849,116.3181381
2898,2678,13.00095558,28.5900116,50.17458344,0.008621398,7.087584019,12.37000656,10.83849525,552.5306396,117.2709732
2899,2679,11.48221207,28.57995415,50.12731934,0.007850467,7.105004787,12.43837929,10.83943844,552.9104614,117.9972
2900,2680,9.642271996,28.56654358,50.15372086,0.007483053,7.122425556,12.4430933,10.99474239,550.5875854,119.1878281
2901,2681,8.845693588,28.54902458,50.22826385,0.008131892,7.1164608,12.38923454,10.97945023,550.1000977,119.9376678
2902,2682,10.22651577,28.53150558,50.05095291,0.008780732,7.079715252,12.33537483,10.92630196,552.1453247,118.9364395
2903,2683,16.8537426,28.51523781,50.30925369,0.009571781,7.042969704,12.20879078,10.68199825,555.1975708,114.9874115
2904,2684,16.25597382,28.49921799,50.32764435,0.010433119,6.757510185,12.07328606,10.72344208,554.6520386,114.5558472
2905,2685,15.85250378,28.48812485,49.93484879,0.011171754,6.958146572,11.99506378,10.65600014,555.8474121,114.1240997
2907,2686,11.60617161,28.50092888,49.91306686,0.008370181,6.978626251,12.21636677,10.74782753,553.9422607,116.8179474
2908,2687,10.74700642,28.52567673,49.85443115,0.007711106,7.115531921,12.23553085,10.791399,553.104187,117.5344849
2910,2688,11.19018459,28.59913826,49.73358917,0.00828665,7.271797657,12.14396667,10.72977924,554.4223633,117.1850357
2911,2689,16.35495377,28.59358978,50.05786896,0.009528386,7.141660213,12.09804249,10.73310089,555.8704224,114.0997314
2912,2690,17.94394112,28.58760643,50.54489136,0.010973374,7.011523247,12.05211067,10.72132301,550.4462891,114.0134811
2913,2691,16.78234673,28.58238602,49.92739868,0.011860042,7.05873251,12.04619789,10.57402039,556.6699829,114.3991013
