source_row,clean_row,AT,AP,DF,CH,GP,CPR,CPD,TTXM,EP
2914,2692,14.91687298,28.57843208,50.37043762,0.010638988,7.148619652,12.11689186,10.80051708,553.3374023,116.4957428
2915,2693,10.80255032,28.57448006,50.65225601,0.009417933,7.19503212,12.18758678,11.02685738,549.8978882,120.4576111
2916,2694,12.54036427,28.54854774,49.76753616,0.009173903,6.990722656,11.84526348,10.76245594,554.6610107,115.701355
2917,2695,11.50725842,28.5156765,50.21208954,0.009596471,6.895057201,11.67607784,10.81755733,552.0695801,118.204895
2918,2696,14.1705265,28.48460007,49.80796432,0.010019038,6.79939127,11.50689316,10.60800076,555.8475952,114.8955994
2919,2697,16.05905533,28.46412086,50.04471588,0.010646385,6.920969963,11.43668365,10.65201855,555.5745239,113.7043076
2920,2698,17.12766266,28.44364166,50.17163849,0.011278029,6.713949203,11.42982388,10.54533482,555.4063721,113.2563095
2921,2699,15.17877674,28.43509674,50.15629196,0.011349138,6.806585312,11.64555168,10.63121414,554.6524048,114.5582504
2922,2700,12.99234486,28.43712425,50.58172989,0.010443178,6.952625275,11.90115452,10.8224411,552.1470947,117.6501236
2923,2701,14.05260181,28.43915367,50.61144257,0.009537218,7.070903778,12.12288857,10.79793072,552.022583,117.4843216
2924,2702,11.846982,28.44529915,50.05173111,0.00914713,7.089273453,12.21074009,10.73499775,553.4814453,117.3607254
2925,2703,10.99639511,28.4518261,49.84841919,0.008929314,7.107643127,12.29859161,10.74659538,553.8018799,117.0699615
2926,2704,13.03927898,28.45236015,50.09985733,0.008978957,6.993628025,12.20642376,10.77149868,554.0874634,116.527359
2927,2705,18.24214935,28.43893623,50.06523132,0.010745859,6.775700092,11.98755264,10.46812534,557.2398682,112.2978058
2928,2706,19.04734039,28.42551422,50.25896835,0.012512761,6.55777216,11.76868057,10.53623295,555.8205566,112.635231
2929,2707,18.004282,28.41054916,50.20351028,0.012698689,6.821971416,11.97049522,10.57452869,555.9738159,112.7739639
2930,2708,15.29480648,28.39487839,50.21228409,0.011423926,6.89214325,12.19250488,10.69559288,555.0201416,113.9207077
2931,2709,14.4228754,28.38171387,49.90478134,0.010149162,6.87739563,12.19179344,10.55468655,555.6724854,114.5930328
2932,2710,14.38839626,28.40143585,50.08256912,0.009448042,6.854273319,11.82568932,10.58600712,554.973938,114.1234818
2933,2711,12.90539169,28.42115784,49.69203568,0.008807289,6.905047894,11.92506599,10.61191368,555.7348633,115.0907211
2934,2712,11.9368391,28.4336319,49.95808029,0.008729183,7.007441521,12.02444267,10.72949123,553.4371338,116.8366776
2935,2713,16.42320824,28.43745804,50.17728424,0.01002993,7.110218048,12.13479424,10.66399574,554.828125,114.6977081
2936,2714,17.29654503,28.44128227,50.27880859,0.011330676,7.21480608,12.25424099,10.56023502,555.3301392,113.6498718
2937,2715,14.36283684,28.49680519,50.39443588,0.010479026,7.319394588,12.37368679,10.8109827,552.6135864,116.2880249
2938,2716,7.515524864,28.56210899,50.31891632,0.008590159,7.379818916,12.40965462,11.05389214,549.1409302,121.9140625
2939,2717,8.269217491,28.62068748,50.52488708,0.006813677,7.397689819,12.4395237,11.09811306,548.7848511,121.9126282
2941,2718,8.481578827,28.69177628,50.49737549,0.006792852,7.35747242,12.48416424,11.09501076,548.9823608,121.8513947
2942,2719,9.447697639,28.70644951,50.26117706,0.007160783,7.288375854,12.50257015,11.01432991,550.5359497,121.1860733
2943,2720,12.22304726,28.70783997,50.56670761,0.008000877,7.208137035,12.45783806,11.03693104,551.0272827,120.0487061
2944,2721,12.38069916,28.70923042,50.77171707,0.008840972,7.09614706,12.38632011,11.04294968,549.9432983,119.9300766
2945,2722,11.96356678,28.70642853,50.31561279,0.008277712,6.984157085,12.18955421,10.93459225,552.1551514,118.6942673
2946,2723,9.486848831,28.70360947,50.18954468,0.007427095,7.251716137,11.91167831,11.05560303,550.9442139,120.1761398
2948,2724,11.92154026,28.70038986,50.12281036,0.007216532,7.241885185,12.31970692,10.87698746,552.0131836,118.3277664
2949,2725,10.54009342,28.69932175,49.77101898,0.00759262,7.094769001,11.86449242,10.84422874,553.4625244,118.4452744
2950,2726,12.1510849,28.70027351,50.09896088,0.008417999,6.974750996,11.74518776,10.91171265,552.4109497,118.326683
2951,2727,14.45987129,28.70183945,50.51481247,0.009542547,6.949969292,11.91860867,10.87703037,552.7267456,117.9253311
2952,2728,16.0587368,28.70576668,50.63189316,0.010667096,6.897162914,12.09202862,10.84279919,553.0256958,117.0969543
2953,2729,15.18244362,28.72286034,50.13869095,0.009598693,7.027275562,12.16717625,10.80259323,554.2936401,117.1332779
2954,2730,12.87857246,28.73995399,49.95156097,0.00849788,7.226066113,12.23357964,10.85146523,553.9976196,117.1625519
2955,2731,10.58452415,28.74583626,50.65619659,0.007632245,7.402256012,12.31837368,11.06742573,549.8575439,120.2886047
2956,2732,10.72371864,28.74205017,50.15210724,0.007165746,7.430635452,12.45254803,10.98887348,551.5457764,119.1806793
2957,2733,11.52466488,28.73826408,50.42340469,0.006699247,7.459014893,12.58672333,10.99860573,551.3247681,119.7154083
2958,2734,12.98924065,28.73417091,49.88975906,0.007792852,7.222927094,12.17186642,10.7925396,554.4744873,117.4720612
2959,2735,16.76935196,28.73005295,50.53948212,0.009389748,6.889110088,11.564888,10.8621645,553.2774658,116.4857864
2960,2736,16.93727875,28.73289299,50.00919342,0.010512243,7.028929234,11.42659569,10.71446228,555.942688,114.5542679
2961,2737,14.62092113,28.75141525,50.1285553,0.008749113,6.834617615,11.63866711,10.83682251,554.0349121,116.2378387
2962,2738,8.824057579,28.76993752,50.39163208,0.006985984,7.385948181,12.06729317,11.13743591,549.2989502,121.847435
2963,2739,6.087035179,28.75698853,50.15181351,0.005925314,7.465676308,12.49591923,11.22991276,548.4511719,123.4731674
2964,2740,5.949015141,28.73007393,50.49960327,0.005496919,7.545404434,12.58280373,10.81889343,547.8552246,118.2254028
2965,2741,4.453409195,28.70502663,49.87672806,0.005068524,7.407225132,12.47455025,11.22256851,548.3965454,124.1189194
2966,2742,8.093725204,28.70204163,49.93267059,0.006622191,7.128181458,12.36629677,11.01288509,551.2905884,120.9437103
2967,2743,15.35683727,28.69905663,50.14453125,0.008368763,7.032606602,12.30242634,10.84540272,554.2805786,116.9598694
2968,2744,13.71906662,28.6962204,49.72212219,0.00921124,6.945083141,12.23885059,10.79069614,554.9883423,115.9557495
2969,2745,11.91544437,28.69355774,50.18171692,0.007909492,7.248486042,12.25085735,10.97233582,551.718811,118.7447586
2970,2746,7.972033024,28.69089508,50.30293655,0.006607744,7.351946354,12.38823414,11.12362289,549.1254883,122.2013626
2971,2747,6.352794647,28.68620872,50.19960403,0.005875149,7.455406666,12.52561092,11.20262432,548.1512451,122.6145782
2972,2748,4.590543747,28.68115997,50.67770004,0.005408424,7.358468056,12.31802559,11.33591175,545.9465942,124.8728943
2973,2749,2.862030506,28.68279076,50.62930298,0.005053147,7.252892017,12.1448679,11.32145977,545.4726563,125.9041824
2974,2750,6.140923977,28.70636749,49.58332443,0.006257159,7.299463749,12.28871346,11.03063107,551.2487183,121.28405
2975,2751,11.38211441,28.72994423,50.40044022,0.00746117,7.027160168,12.43255901,11.02423668,550.3515015,120.9353561
2977,2752,11.31035137,28.77033424,49.93514252,0.007108673,7.093001842,12.40882397,10.96585274,552.0744629,118.8670273
2978,2753,8.988633156,28.78966904,50.38864899,0.006411601,7.062284946,12.42553902,11.08812141,549.2867432,121.430809
2979,2754,5.925753117,28.79157066,50.1195488,0.005828111,7.303619385,12.5813055,11.16539478,548.6359253,123.8361053
2980,2755,3.064897537,28.7934742,50.21256638,0.005266726,7.5449543,12.73707294,11.38027287,546.1661377,126.2112732
2981,2756,3.407423258,28.80471992,50.37339783,0.005231721,7.519989967,12.61432457,11.33476162,546.2838745,126.9453354
2982,2757,8.701346397,28.8306694,49.6226387,0.007038855,7.355707169,12.35278702,10.91736698,552.9077148,119.8058167
2983,2758,13.69679356,28.85661888,50.37952042,0.008845988,7.17199564,12.1086483,10.95681095,552.3932495,118.5977402
2985,2759,11.49628162,28.86332512,50.30387497,0.00860392,7.164721012,12.37509251,11.01191998,551.6134644,119.8502197
2986,2760,11.24524307,28.85920906,50.38376617,0.008000136,7.326365471,12.47837257,11.07283401,550.6710205,120.4605026
2987,2761,8.123179436,28.83062553,50.52407074,0.007078748,7.401927471,12.54231834,11.20603943,548.5690308,123.1987534
2988,2762,6.571833134,28.80204201,49.65090179,0.006153537,7.473336697,12.60626507,11.12472248,550.6293335,121.7363892
2989,2763,3.613724232,28.78898048,50.59067535,0.006263288,7.430876732,12.33550739,11.38157463,545.1768188,126.2676849
2990,2764,11.65282631,28.78895378,50.13550568,0.008085632,7.125594616,11.96267223,11.02297974,551.7105713,119.4255829
2991,2765,15.12798214,28.78892899,50.01551437,0.009907976,6.894764423,11.73275471,10.8011198,554.2409668,116.326767
2992,2766,15.7698679,28.76419258,50.52946854,0.009327821,6.942621231,12.03851986,10.84834957,552.9967041,116.9308472
2993,2767,13.9728241,28.73765182,50.1988678,0.008010367,7.066292286,12.34428501,10.92407703,553.1546021,117.5170898
2995,2768,11.7929306,28.71375275,49.84008408,0.006732108,7.298593998,12.40869617,10.93774986,552.9974365,118.205719
2996,2769,10.23116207,28.70931244,50.1843071,0.006590469,7.360031605,12.36634922,10.97248268,551.2316284,120.0493393
2998,2770,10.81907082,28.73203087,50.17581558,0.008519262,7.232172489,12.16359138,10.89138126,549.0286255,117.9935837
2999,2771,13.67776299,28.73977852,50.11576843,0.009811984,6.936647892,12.1227417,10.90384293,553.3421021,116.9764175
3000,2772,18.23624039,28.6890564,50.23575974,0.009990714,6.825057507,12.22231293,10.63211823,555.2561035,113.4076462
3001,2773,17.20757866,28.63833237,49.96902847,0.010086535,6.772268772,12.32188416,10.51068306,552.9634399,112.5308762
3003,2774,7.957725048,28.62247658,50.64168167,0.00812127,7.106465816,11.95514965,11.1288681,548.4524536,123.2775192
3005,2775,6.37475729,28.66249657,50.29375458,0.006602175,7.210935116,12.39463234,11.13037014,548.1792603,122.8200607
3006,2776,9.01981163,28.69940758,50.10598755,0.007266137,7.287853241,12.42731285,11.04857349,550.0668335,121.3668518
3007,2777,11.47990513,28.7255249,50.12133408,0.007852637,7.134799957,12.32404137,11.02879238,551.6365967,119.7032318
3008,2778,12.52781773,28.72138786,50.49249649,0.007712173,6.965636253,11.78041458,11.03604221,550.3722534,119.6914749
3009,2779,13.41193867,28.71725082,50.46756363,0.007571708,6.927375317,12.18934059,10.98966026,551.321106,118.9374161
3010,2780,9.223412514,28.71381378,49.88518143,0.007083623,7.428772449,12.30224705,11.00136852,551.3293457,120.5202866
3011,2781,6.19721365,28.71075058,50.02475357,0.006226096,7.478737831,12.45994473,11.14739704,548.9559937,123.1182327
3012,2782,5.160533905,28.7082901,50.05949783,0.005368569,7.528702736,12.59556675,11.13241005,545.4078979,122.5615082
3013,2783,4.713096619,28.72022247,50.08488083,0.00553852,7.52425766,12.53586674,11.2390871,547.8726807,124.4870987
3014,2784,5.349491119,28.73215294,50.22740555,0.005857756,7.446613312,12.47616768,11.26078796,547.1888428,124.3772964
3015,2785,7.821798801,28.72740936,50.26049805,0.006226745,7.368968487,12.44020462,11.09506607,548.8512573,122.2984009
3016,2786,10.66110611,28.70045471,50.34703445,0.006736086,7.352279186,12.43155575,10.95952892,546.199585,117.5381241
3017,2787,11.70701027,28.67349815,50.56368637,0.007245427,7.350902081,12.42290592,10.963274,550.4754639,119.7500305
3018,2788,9.317185402,28.65176964,49.5957756,0.007294366,7.356700897,12.42132187,10.90568066,552.8981934,118.8443832
3019,2789,8.192399025,28.63120651,49.8045311,0.007095816,7.395754337,12.42095184,10.90608025,551.9313354,120.2071228
3020,2790,8.435391426,28.61602592,49.91601563,0.006982246,7.434807301,12.36685467,10.95619202,551.0667114,119.8892136
3021,2791,7.944736004,28.62157631,50.21608353,0.008959694,7.342777729,12.1439743,11.0585146,549.5888672,121.8889236
3022,2792,11.88461304,28.6271286,49.68817902,0.010937142,7.133495808,11.92109489,10.72797108,554.7277222,116.2289581
3023,2793,19.18175507,28.62693596,50.15533829,0.012228509,6.924214363,11.88492298,10.57751465,556.9436646,112.2183304
3024,2794,19.80831528,28.62282753,50.53264618,0.012601754,6.783060074,11.95836544,10.66408634,555.6156006,114.2274628
3025,2795,18.8193264,28.61871719,50.38793945,0.012974998,6.697711945,11.95250702,10.60254765,556.0386353,113.6249619
3027,2796,14.04681778,28.60819626,50.45442581,0.010211382,7.127331257,11.98936939,10.78332424,553.0354004,116.9709625
3028,2797,11.03467178,28.6092453,50.1528244,0.009343085,7.159058571,12.2527132,10.85538673,552.0478516,118.73452
3029,2798,11.27758408,28.62097168,50.47369385,0.011158646,6.990181446,12.06484699,10.93290234,551.0117188,119.5397339
3031,2799,23.02546692,28.5976181,50.11652756,0.014531694,6.874326229,11.77213573,10.39048672,559.3292236,109.2667542
3033,2800,23.19721794,28.50671005,50.3131218,0.017293144,6.574931145,11.68450165,10.41354179,558.5561523,109.8198547
3035,2801,10.27962875,28.52426529,50.67521286,0.009945443,6.934436798,11.61381054,11.02435112,549.5390625,120.5257111
3036,2802,10.11213493,28.53900909,50.64145279,0.007774593,7.147012234,11.62389946,10.99064159,549.5393677,120.8165131
3037,2803,11.02398872,28.55888367,49.58125305,0.008232844,7.341279507,11.8510952,10.63235855,555.3882446,116.2868576
3038,2804,11.21160793,28.57875824,49.8379364,0.008691096,7.008282185,11.74329185,10.80717754,553.5126343,117.4689713
3039,2805,15.98032951,28.56476593,50.25085449,0.009499424,6.756146908,11.49446774,10.77896309,554.0705566,115.5244904
3040,2806,18.20017433,28.54808426,50.11388016,0.010418768,6.714296341,11.43771648,10.55046558,555.7330322,112.26297
3041,2807,15.5606842,28.54232979,49.70474625,0.010976098,6.768465519,12.11572361,10.58313656,556.4663696,113.3771439
3042,2808,13.10867977,28.56035995,50.47167206,0.009445528,6.874680042,11.64474583,10.90466976,551.6031494,118.6098404
3043,2809,9.570036888,28.57838821,50.24216461,0.007914958,6.962410927,11.74483299,10.98471546,550.5014648,120.0601959
3044,2810,10.28668976,28.59122849,49.52958679,0.007659726,6.991092682,11.84492016,10.83815861,553.458313,117.6147919
3045,2811,10.27189159,28.60188484,49.82312012,0.008506992,7.155668736,12.50509262,10.88269234,552.8197021,118.5111923
3046,2812,13.4517498,28.61001205,49.73747635,0.009354257,6.918888569,12.36920261,10.72060013,555.3498535,115.8607483
3047,2813,18.41337395,28.5931015,50.28807831,0.010286297,6.931894302,12.23331261,10.59628487,556.1965942,113.5872879
3048,2814,18.85893822,28.57618904,50.58343124,0.011225276,7.018509388,12.20226192,10.67135525,554.4506226,114.1949692
3049,2815,17.07868195,28.58594704,49.61610031,0.01143752,7.027567863,12.20395374,10.47581387,558.2892456,112.4307404
3050,2816,12.64633465,28.62469482,50.08423996,0.010047845,7.031431675,12.21218586,10.86081886,552.7178955,117.6905289
3051,2817,12.36680794,28.66344261,50.45059967,0.008658168,7.173137188,12.28205872,10.90245152,551.6729126,118.7820435
3052,2818,11.50021172,28.70787811,50.11297989,0.00815885,7.292391777,12.35193157,10.9501667,552.1531372,118.2830124
3053,2819,9.96598053,28.75318336,50.32001877,0.00804032,7.283067226,12.33722401,11.04602718,550.427124,120.4508438
3054,2820,11.31470013,28.78956604,50.16945267,0.008046163,7.273742199,12.2324934,10.97159767,552.2802734,119.4247131
3055,2821,14.15423775,28.80004883,50.04592133,0.009324183,7.244897366,12.16387463,10.82441807,553.7768555,116.7766113
3056,2822,17.20465279,28.81052971,49.92057419,0.010602202,7.196079254,12.23403835,10.66404057,556.3955078,114.576767
3057,2823,15.74251461,28.8244915,49.94082642,0.01072418,7.147260666,12.30420303,10.76871681,555.5299072,114.7699738
3058,2824,12.6153698,28.84058762,50.10671234,0.009450578,7.374948978,12.30189228,10.6447382,555.9024658,115.9869232
3059,2825,10.66249466,28.85648918,50.42351151,0.008176976,7.398449898,12.24359035,11.0506115,551.3259277,120.4229431
3060,2826,10.5834713,28.84879494,49.894207,0.008335098,7.417046547,12.18528938,10.95100689,552.2971802,119.2046509
3061,2827,8.797652245,28.84110069,50.33597946,0.008762973,7.384361267,12.05190182,11.14386082,549.5780029,121.3796616
3062,2828,13.16739368,28.83366203,50.08612442,0.00931688,7.242041111,11.91241264,10.8455267,553.3429565,117.4497986
3063,2829,16.42194748,28.82660866,50.18704987,0.010292512,7.099720478,11.87047291,10.81473923,554.6109619,116.1767807
3064,2830,17.35232353,28.81955719,49.80347443,0.011268144,6.883107662,12.07697868,10.72031403,556.4748535,114.5561447
3065,2831,15.44278145,28.8426342,50.48650742,0.010472094,6.907505989,12.28348446,10.91019154,553.038208,116.9856796
3066,2832,11.2290802,28.87395287,50.62236786,0.008584007,6.815939903,11.72224045,11.01672935,550.7771606,119.7059097
3067,2833,7.836844444,28.90186501,50.22572708,0.00670843,7.257636547,12.04549217,11.169981,549.8153687,121.6488495
3068,2834,6.630441666,28.91360283,50.02964783,0.006579891,7.440141201,12.3687439,11.15967464,549.6797485,122.7635422
3069,2835,4.634530544,28.92534065,50.16865921,0.006451352,7.622646332,12.49916553,11.2553072,547.6334229,125.0323181
3070,2836,10.26522541,28.93243599,50.22600555,0.007325986,7.466938496,12.30476761,11.06973934,551.2192993,120.3559189
3071,2837,16.52175331,28.93592262,49.9799118,0.009732684,7.309559345,12.11036968,10.86009121,555.2337646,116.6997681
3072,2838,18.29712296,28.93940926,50.14217377,0.012139382,6.941997051,11.76438904,10.82905483,555.3223267,115.047905
3073,2839,17.33131981,28.95071793,49.86883926,0.011100155,6.789587498,11.40958691,10.72471046,557.0955811,114.2295685
3074,2840,14.42730045,28.96242905,50.12477112,0.009112813,6.971888542,11.83703899,10.93949032,554.2904053,118.1997604
3075,2841,10.84476662,28.96334839,50.01976395,0.007438621,7.085598469,12.26449203,10.99797535,552.8988647,120.0239105
3076,2842,9.448879242,28.94329262,49.89609909,0.007262992,7.205702305,12.42867374,11.05640984,551.7454224,120.3854904
3078,2843,13.68854618,28.90300369,49.85321808,0.009007045,7.176403522,12.04418945,10.86901855,554.3341675,117.4282761
3079,2844,20.17239189,28.88270378,49.94152451,0.012562339,6.886793613,11.73407364,10.63826656,557.9397583,112.5471725
3080,2845,22.64608955,28.86093712,49.36628342,0.016117632,6.550472736,11.38920689,10.29967785,562.4921265,108.3966827
3081,2846,20.41858292,28.82808495,50.2411499,0.013701895,6.971959114,11.19985676,10.6463213,557.4330444,112.6988678
3082,2847,16.55731964,28.79523468,50.65912247,0.010973413,7.069295406,12.06497288,10.83635521,553.7706909,115.9028549
3083,2848,14.60910416,28.76985931,50.07838821,0.009003467,6.76994133,12.1246376,10.82542419,554.182373,115.9998474
3084,2849,10.60799789,28.75179863,50.13631821,0.00851351,7.149720669,12.21405411,11.03220654,551.2608032,119.8521576
3085,2850,10.47811317,28.73373795,50.49757004,0.008023554,7.180078506,12.30347061,11.08389187,549.5852051,121.4365387
3086,2851,16.61880875,28.72008705,50.06146622,0.011190198,7.14740181,12.1419754,10.64623547,555.5730591,114.1148682
3087,2852,24.61015892,28.70695877,50.47662354,0.015725723,6.906743526,11.90181065,10.46227646,558.7667847,110.2860641
3088,2853,24.74741173,28.69782448,49.66740036,0.019458199,6.665302753,11.70854187,10.21716404,562.5534668,106.4004059
3089,2854,23.14709282,28.69882584,50.22167206,0.017082278,6.481524467,11.81554127,10.37650585,559.597229,109.8196869
3090,2855,18.34939766,28.69982529,49.74242401,0.014706356,6.667619228,11.92254066,10.50316143,558.9459839,111.6301117
3091,2856,20.68096924,28.70290565,49.94826508,0.013027781,6.874022961,12.01606846,10.55051136,558.3728027,110.7815399
3092,2857,17.17526436,28.70701599,50.13103485,0.012041315,7.143941402,12.09672737,10.67524338,555.9519653,114.0393448
3093,2858,16.61677933,28.71178627,49.57743073,0.011054849,6.931777954,12.17738533,10.55112076,558.0266724,113.5575638
3094,2859,19.65391922,28.72814941,49.78432083,0.015330648,6.874393463,12.01552963,10.48439503,559.0110474,110.9589844
3095,2860,26.84074402,28.74451065,50.5722084,0.020277526,6.743442059,11.81440258,10.44582844,559.8786011,108.8357544
3096,2861,28.50525093,28.75861359,50.4102478,0.022882948,6.335866928,11.303339,10.30728436,561.1789551,106.9507675
3097,2862,25.68168831,28.76982689,50.16859818,0.019224331,6.514445782,10.95893192,10.34667969,560.7277222,107.7158737
3098,2863,20.96467018,28.7810421,50.62695694,0.015565711,6.611097813,11.2632618,10.64388752,556.0859985,111.9479904
3099,2864,18.18165398,28.77917099,50.16496658,0.013393727,6.795354366,11.63558674,10.68734741,556.4417114,114.2528
3100,2865,15.40781784,28.77450562,50.43095779,0.011997678,7.100819111,12.21340466,10.853158,553.7189941,116.4522629
3101,2866,15.02929115,28.7739563,50.65236282,0.010863449,6.890933514,11.75991821,10.91788101,552.842041,117.7834167
3102,2867,18.55576324,28.78897476,49.94411469,0.015684387,6.838000774,11.75261402,10.56261444,557.5128784,113.2456207
3103,2868,27.02122879,28.80399513,50.14032745,0.020505326,6.787786484,11.74102879,10.27237892,562.1593628,107.459465
3104,2869,27.7138958,28.80213547,50.7734642,0.021827355,6.772862911,11.68326187,10.43273354,560.0424194,108.5401154
3105,2870,26.05477333,28.78874397,50.01804352,0.018459128,6.757938862,11.62549496,10.23519707,562.1445923,107.4194336
3106,2871,21.12317085,28.77535439,50.11994553,0.0150909,6.812431812,11.68933678,10.49412537,559.0220947,111.1330338
3107,2872,17.79370308,28.75264168,49.76890182,0.012492293,6.958080292,11.89361191,10.59134579,557.9078369,112.6147461
3108,2873,17.4543705,28.72973442,50.5055542,0.010071454,7.103728771,12.09788799,10.70079422,554.9671021,115.1960068
3109,2874,14.52020741,28.71804237,50.76641464,0.009367063,6.925747395,11.92503262,10.9407444,551.8109741,118.0143509
3110,2875,19.75901604,28.72592163,49.84030533,0.015638625,6.675496101,11.68519783,10.49621487,559.0108643,111.3225937
3111,2876,27.54933357,28.73380089,50.67804718,0.021910187,6.704446793,11.50054741,10.3628788,559.8922729,108.786087
3112,2877,30.07301712,28.72546005,50.55142975,0.022755135,6.563457966,11.28306103,10.22521114,562.492981,105.9192123
3113,2878,28.13271523,28.71169281,50.63844299,0.019710321,6.409224033,11.06557465,9.629515648,567.8753052,99.08345795
3114,2879,21.95911217,28.6972847,50.34631729,0.016665505,6.661288738,11.23464012,10.49244976,558.4849243,110.2519608
3115,2880,18.6541729,28.67873383,50.38109589,0.015069965,6.821763992,11.6807518,10.62343597,556.3948364,113.2121277
3116,2881,14.10285378,28.66018295,49.99748611,0.013523052,6.795057297,12.12686348,10.6797533,554.6620483,115.4021606
3117,2882,16.46324921,28.65255737,50.84752274,0.015167488,6.888328075,11.85116386,10.85302162,553.1875,115.8748398
3118,2883,23.6695118,28.65503883,50.14056778,0.02267159,6.510358334,11.62163067,10.35111141,560.2051392,110.0185089
3119,2884,32.43644714,28.6575222,49.92088699,0.030175691,6.04270649,10.67847157,9.937455177,566.6455078,101.224884
3120,2885,34.90058899,28.63528633,50.23264694,0.029094148,6.331949711,10.71068287,9.898453712,566.0849609,100.9847488
3121,2886,31.84944153,28.61044502,50.08135605,0.024961263,6.239798546,10.77146149,9.802536011,558.9180908,98.35639191
3122,2887,26.69289207,28.59230423,50.62929535,0.020904647,6.394612312,10.88531971,10.33493996,557.2196045,106.8431015
3123,2888,26.73557854,28.59057617,50.58270645,0.01739195,6.434339523,10.99917889,10.36653519,559.5754395,108.1748505
3124,2889,17.53201294,28.58884811,50.69282913,0.013879251,6.841464043,11.79851627,10.82893181,552.850708,116.0035553
3125,2890,16.71060562,28.61192894,50.47801208,0.013794499,6.811775208,11.28878403,10.80374908,553.8986206,115.2176666
3126,2891,20.58413696,28.64695168,50.06573868,0.017028635,6.713741779,11.26190281,10.56682205,558.184082,110.624115
3127,2892,29.63257217,28.66572189,50.44628525,0.020185608,6.491232872,10.63461971,10.20993328,561.8833618,105.9036636
3129,2893,20.85596657,28.64791679,49.98692703,0.018640509,6.795991421,11.7787056,10.40078449,559.1908569,110.3999176
3130,2894,19.77079582,28.65451813,50.52258682,0.016012546,6.921853542,12.01330662,10.60870457,556.300354,112.1325836
3131,2895,18.98333549,28.66111755,50.08139038,0.013384583,6.996676922,12.03011227,10.31787968,551.3522339,107.7550964
3132,2896,16.73413849,28.68671417,50.29340744,0.014899204,7.071500301,12.04691887,10.74126816,555.4468994,114.1647949
3133,2897,21.74555969,28.71619606,50.24411011,0.018516229,6.982273579,11.96709442,10.55033112,558.2367554,110.7414932
3134,2898,27.12058258,28.73392105,50.05761719,0.021984605,6.82311058,11.76281071,10.2394104,563.0305786,106.0466843
3135,2899,29.14797211,28.70884705,50.27323914,0.022544703,6.681897163,11.55852795,10.16427612,562.9303589,105.2377014
3136,2900,28.30583572,28.68377113,50.45054245,0.023104798,6.731142998,11.65212059,10.23818111,561.3456421,106.4158478
3137,2901,26.67504692,28.66303062,50.23180008,0.021588752,6.780388832,11.81016159,10.25899887,561.9034424,106.8840332
3138,2902,21.63871384,28.64517403,50.24692917,0.017361635,6.810160637,11.95180035,10.4970274,558.8482056,109.9353714
3139,2903,17.54449844,28.62731552,50.53377914,0.01313452,6.816727638,12.0235281,10.65535069,555.0048218,114.521492
3140,2904,17.64286995,28.639925,50.66788864,0.016928399,6.793380737,12.09525585,10.75501823,554.015625,115.1351395
3141,2905,25.91730309,28.65297318,50.05130005,0.022496941,6.673582077,11.70440578,10.28107452,562.4379272,106.0580063
3142,2906,30.23425293,28.63637924,49.81367111,0.026595155,6.350963116,10.94967747,10.00067329,565.5492554,101.6074219
3143,2907,31.40502548,28.56949425,50.43848419,0.024953948,6.574274063,10.94770718,10.04260349,563.7774048,103.3642044
3147,2908,27.67595291,28.35448074,50.1411972,0.023786999,6.303310394,11.00602818,10.04605579,562.9983521,104.3649292
3148,2909,25.55625916,28.37706757,50.51220322,0.022970499,6.493288517,11.32659531,10.35357094,559.2493286,106.2651215
3149,2910,25.12880707,28.39965248,50.1281662,0.022120841,6.683266163,11.64716339,10.25494766,560.555481,106.8246155
3150,2911,26.72047424,28.4236412,50.23752213,0.021102214,6.532248974,11.08071613,10.23429489,561.3701782,105.391922
3152,2912,24.21273613,28.47413445,50.19791031,0.018463006,6.63902092,11.29209995,10.33166599,560.3306274,107.9554749
3153,2913,22.1208477,28.51203537,50.6421051,0.016709181,6.796442032,11.6268034,10.51851082,556.5523071,110.9133911
3154,2914,22.94982529,28.55116272,50.55116653,0.014806454,6.885778904,11.81078243,10.27563381,557.0022583,106.7267075
3155,2915,19.22379494,28.5847683,50.21187592,0.013562742,6.916064262,11.94581413,10.59069157,557.0697632,111.9722595
3156,2916,21.53260803,28.60528564,50.75214005,0.016740775,6.946349621,12.03713703,10.65864086,556.0880127,111.7746429
3157,2917,23.59164238,28.62580299,50.21651459,0.019918807,6.83437109,11.86007881,10.37013054,559.6448364,108.6902695
3158,2918,27.58783722,28.58824921,50.38500977,0.022235807,6.704810619,11.68301964,10.24520683,560.9859619,106.2306137
3159,2919,29.68646431,28.52359581,50.58168411,0.023741031,6.476695538,11.48543358,10.13645267,562.0220947,105.9181671
3160,2920,29.19202423,28.46113014,50.39708328,0.025246253,6.423431873,11.46775723,10.1523304,562.2996826,105.0118866
3161,2921,28.88321686,28.42916679,50.44467163,0.022135377,6.630479336,11.63808727,10.09336662,562.3331909,105.3797989
3162,2922,23.62023544,28.39720154,50.55695724,0.018511096,6.835945129,11.80841732,10.35769367,558.5510254,109.1617355
3163,2923,21.71404648,28.39583206,50.27732468,0.015912373,6.892272949,11.92116356,10.33483887,558.5680542,109.8967133
3164,2924,17.43066406,28.43152237,50.373909,0.015884148,6.948601246,12.02742577,10.62156391,554.7384644,113.737114
3165,2925,19.87680626,28.46721268,50.52248764,0.015855923,6.872842789,11.90797997,10.48828697,556.4904785,112.4652328
3166,2926,23.130476,28.4777565,50.19445419,0.016998412,6.792600155,11.6409502,10.39267826,559.3171387,109.3555984
3167,2927,24.91535378,28.4834137,50.08194733,0.018716989,6.859224319,11.62360573,10.20228004,560.8739624,107.3689423
3168,2928,24.18748856,28.49804306,49.813694,0.020160984,6.686129093,11.6062603,10.10440445,562.1470947,106.4694824
3169,2929,19.46253967,28.54403305,50.11685944,0.016906746,6.713275909,11.46882629,10.57309341,557.649353,111.7854309
3170,2930,18.34099197,28.59002495,50.40201187,0.013652507,6.740422726,11.33123112,10.65215588,555.6264648,114.0595093
3171,2931,17.11725426,28.62851143,50.28573608,0.012830732,6.782849312,11.42577934,10.61314011,555.7649536,114.248848
3172,2932,19.08577919,28.66214752,50.29681778,0.015100256,6.827364922,11.55226994,10.60774422,556.43573,112.8377151
3173,2933,22.028759,28.69578552,50.11197281,0.017369779,6.832897663,11.62802601,10.4621172,558.9485474,110.0834122
3174,2934,26.76883888,28.66858673,50.03532028,0.019456659,6.730602264,11.552104,10.25755119,562.0411987,106.9224167
3175,2935,27.51037598,28.64093399,49.94576645,0.021504911,6.628306866,11.47618294,10.18579102,562.8856201,105.6930313
3178,2936,19.71618843,28.60231209,49.9534874,0.01493146,6.981253624,12.00609016,10.44219971,558.9595947,111.2213287
3179,2937,18.74910927,28.60261726,49.91163635,0.014971761,7.014867306,12.05829048,10.47501469,557.9442749,111.7356491
3180,2938,19.08925056,28.60572052,50.14242935,0.017478092,7.048480988,12.08317089,10.62008476,556.742981,112.4615173
3181,2939,24.45192337,28.60058594,49.82268906,0.019984422,6.901853085,11.90063667,10.27358055,562.1193848,106.9764938
3182,2940,30.17496872,28.55150223,49.69347382,0.023544032,6.603503704,11.71810341,9.923355103,565.9110718,102.1031418
3183,2941,31.19022369,28.50241852,50.56503296,0.027113028,6.236326694,11.29975414,10.12004852,562.5267944,104.1299515
3184,2942,30.98937035,28.46675301,50.41533661,0.028612107,6.173832417,10.59763718,10.04783344,562.8391113,103.371048
3186,2943,28.06984901,28.41771698,50.20159531,0.024842173,6.605876923,11.70204163,10.12137318,562.4547729,104.8227615
3187,2944,25.49946785,28.45116043,50.09414291,0.021039592,6.701295376,11.90164852,10.24593925,560.4636841,106.3943787
3188,2945,19.3859787,28.48863983,50.47587967,0.016658489,6.79916954,12.08770466,10.58600616,554.9404297,113.3579254
3189,2946,18.54043961,28.51289558,50.25726318,0.013222924,6.897533894,12.13738537,10.57497597,555.8569946,112.9883957
3190,2947,21.63477325,28.50945091,50.45407867,0.014868092,6.969819069,11.93995285,10.60303783,556.2827148,112.2483978
3191,2948,22.84160805,28.50600433,50.16276932,0.01651326,6.950733662,11.74252129,10.38990879,558.7737427,109.9161148
3193,2949,19.86172295,28.53474617,50.61811829,0.013888209,6.806433201,11.5053997,10.61327934,555.0910034,113.3073578
3194,2950,17.26499557,28.55062485,50.39416122,0.01170584,6.646555424,12.12054348,10.60142231,555.164917,114.7001877
3195,2951,14.12692356,28.55312157,50.14369583,0.011153047,7.048378468,12.18501759,10.7449398,553.3427734,115.8548279
3196,2952,12.67782211,28.55561638,50.61793518,0.010715129,6.932761192,12.24949169,10.9226017,550.8114014,117.9798203
3197,2953,17.40807724,28.56498337,50.4253273,0.011481332,6.838532925,12.15598011,10.66746902,554.8729858,114.9639664
3198,2954,22.70262527,28.58152199,50.31596756,0.014774454,6.794875145,11.9101553,10.43584538,558.1841431,110.2987061
3199,2955,25.36414909,28.59806252,50.08443069,0.018067576,6.863985062,11.66432953,10.35760593,560.6213989,108.2385788
3200,2956,22.07021523,28.62002373,50.59681702,0.016266698,6.933094978,11.91734695,10.23913002,556.5959473,106.7537766
3201,2957,16.80316925,28.64274025,50.4322052,0.012397047,7.137933731,12.22797298,10.78595257,554.230835,115.9456406
3202,2958,12.29139233,28.6575222,50.46975327,0.008886565,7.253000259,12.46787739,10.98678017,550.8851929,118.8663406
3204,2959,9.388528824,28.64338112,50.55781555,0.008344988,7.245847225,12.5334053,11.1050663,548.7528076,121.6829987
3205,2960,15.73597431,28.64093018,50.5148201,0.009846991,7.066418171,12.39073086,10.8077364,552.8330078,116.9792633
3206,2961,20.81805801,28.64091301,50.19890976,0.013206134,6.879599094,12.14768219,10.48845959,558.2005005,111.7273788
3207,2962,22.85823822,28.64114189,49.93047714,0.016565276,6.647434711,11.90463257,10.44300461,559.7495728,109.3482132
3208,2963,21.38354111,28.6468029,50.05136871,0.014839577,6.787550449,12.00101376,10.45926285,557.8955688,110.5406799
3209,2964,19.43107986,28.65246201,50.59703445,0.01239929,6.76731348,12.10156727,10.68662071,554.3760376,114.4400253
3210,2965,15.27851391,28.64469719,50.6282196,0.010282463,6.747076988,12.2258749,10.83342361,546.6929932,114.5219498
3212,2966,9.443810463,28.59386635,50.6709404,0.007838955,7.001140118,12.56767273,11.11797333,548.5028076,121.3656769
3213,2967,15.86858845,28.59079933,50.42737198,0.010535698,6.98420763,12.41281891,10.75156784,553.3062744,115.8828659
3214,2968,22.81175041,28.59262657,49.76588821,0.015304836,6.914620876,12.10004997,10.40851021,560.4434204,108.8769226
3215,2969,25.13137245,28.59197998,50.15263748,0.019767379,6.82541132,11.81400108,10.31967354,560.0187988,108.6177673
3216,2970,24.04872513,28.58196259,49.71824646,0.01737066,6.750626087,11.93320274,10.27221584,561.5916748,107.0394211
3217,2971,22.01454926,28.57194519,50.54403305,0.014973941,6.883635998,12.0524044,10.50059795,557.1057739,111.4213638
3218,2972,20.57527351,28.56305885,50.48355484,0.013108032,7.016645908,12.16056252,10.59455776,556.5131836,112.0352936
3219,2973,15.24969673,28.55493736,49.98716354,0.011944132,7.050094604,12.25200081,10.70392609,554.6779175,114.7123871
3220,2974,12.69166756,28.54681587,50.58678818,0.010780233,6.963389874,12.34344006,10.91977787,550.7584229,118.654068
3221,2975,21.0688324,28.55895233,49.98942947,0.013637501,6.876684666,12.18420315,10.45458126,558.854126,110.5130386
3222,2976,25.24100876,28.57139969,50.23228455,0.017383626,6.823339939,11.9568224,10.42832184,559.543335,108.0625992
3223,2977,25.40362549,28.58284187,50.5377121,0.0198486,6.776268959,11.77966881,10.35236835,559.1310425,109.3815994
3224,2978,24.56467247,28.59259987,50.4523735,0.017424619,6.767294407,11.83933926,10.38715458,558.9822998,109.1412354
3225,2979,20.61580849,28.60235786,50.33004379,0.015000639,6.920329571,11.89900875,10.55498886,556.8302002,111.8915558
3226,2980,17.33267975,28.60220718,49.83773804,0.012615788,7.073365211,11.7390976,10.59288692,556.5756226,114.2106934
3227,2981,14.76277828,28.59896278,49.55075073,0.010257419,6.845564365,11.37939644,10.51942062,557.0739136,113.6068954
3228,2982,11.52306366,28.59973907,50.33945465,0.00789905,7.004285812,12.07530499,10.96769238,551.1876831,118.47435
3229,2983,21.74273491,28.6231823,50.11198044,0.013579083,6.87014389,11.94654465,10.47246456,558.7088013,110.2496719
3230,2984,26.68273163,28.64662552,50.26872253,0.019381752,6.502424717,11.79117203,10.39489555,560.2782593,108.2594604
3231,2985,27.78979111,28.66123009,50.29562378,0.022086846,6.478748322,11.4621172,10.27211952,561.3865967,106.6255646
3232,2986,27.04665565,28.66828346,50.15656281,0.019596361,6.455072403,11.13306332,10.28993416,561.7801514,106.9401398
3233,2987,23.84221077,28.67533493,50.57903671,0.017105874,6.530612946,11.09665871,10.47984123,557.9838257,110.9929733
3234,2988,20.76239777,28.6655674,50.07518387,0.015740925,6.710477352,11.38356781,10.43673897,558.947937,111.579361
3235,2989,20.48574448,28.65449142,49.92909622,0.014727439,6.706263065,11.63778305,10.40311241,558.5861206,111.3375549
3237,2990,22.03946495,28.66331482,49.9429245,0.019102044,6.755793571,11.97892761,10.46367455,559.2558594,110.084816
3238,2991,28.58705139,28.67576408,50.4811821,0.023651918,6.741595268,11.8115921,10.25643635,561.0159302,106.8206177
3239,2992,29.3341198,28.67390633,49.87351227,0.024224453,6.68535471,11.64425659,10.04418087,564.784668,104.0687027
3240,2993,28.61519623,28.66606712,50.06056595,0.021398587,6.629114628,11.72206879,10.15292454,563.3404541,104.9965286
3241,2994,23.80938911,28.65641212,50.09046173,0.018572723,6.761821747,11.86680508,10.36203671,560.5056152,109.1164017
3242,2995,22.49209976,28.62917137,50.4899292,0.016602797,6.922379971,11.9827795,10.55587292,557.477478,111.3028488
3243,2996,20.366045,28.60193062,50.5458374,0.014699411,6.888860703,11.94412231,10.62697697,556.1444092,113.1429367
3244,2997,16.67137909,28.59035683,50.61344147,0.015828375,6.736876965,11.90546608,10.74737453,553.2359619,115.7634354
3245,2998,25.20195198,28.59561348,50.03214264,0.023506155,6.639687538,11.75498199,10.27967262,561.5164795,106.9302216
3247,2999,33.60725403,28.57668114,50.02272797,0.031954668,6.276599884,11.25120354,9.862158775,567.1268311,100.8307495
3248,3000,31.69842911,28.5481205,50.02056885,0.029836817,6.264697075,11.35742283,9.974105835,565.2792358,102.3073578
3249,3001,33.59322739,28.52582932,50.39776611,0.027507547,6.423411846,11.49783611,9.991723061,564.8771362,102.8158493
3250,3002,29.19203949,28.52144814,50.15720749,0.023135398,6.582127094,11.63518143,10.16482925,562.1817627,104.9983521
3251,3003,23.26061058,28.51706696,50.5814209,0.018763248,6.668681622,11.76521873,10.43221283,557.8563232,110.6182404
3252,3004,24.63551712,28.52365875,50.61096573,0.017420683,6.735307693,11.89525604,10.41673183,558.1192627,109.5201721
3253,3005,28.60272217,28.53620911,50.17692566,0.019327518,6.710479736,11.86651516,10.13255596,562.2453613,105.0055847
3254,3006,26.57861519,28.54819679,50.36396027,0.021234352,6.685652256,11.74517918,10.24854088,561.0718384,107.5417786
3255,3007,26.52823448,28.54541016,49.9839592,0.020531982,6.695169926,11.62933445,10.2127943,562.2738037,106.2968597
3256,3008,24.78471756,28.54262543,49.77580643,0.019443741,6.744496822,11.777812,10.2225771,562.2561035,106.4949188
3257,3009,22.34198189,28.54623413,50.42219925,0.017893609,6.793823719,11.92629051,10.47810745,557.3150024,110.7061844
3258,3010,19.04907799,28.55848503,50.259655,0.015028319,6.958374023,12.0694685,10.5551424,556.395752,113.0690079
3259,3011,18.06676483,28.57073402,50.08270264,0.01216303,7.143698692,12.20476913,10.62179947,556.6183472,113.0559082
3260,3012,13.77761555,28.58773422,50.36296082,0.013639226,7.182817459,12.34007072,10.92298412,552.0848389,117.0529327
3261,3013,19.7690773,28.60581779,50.04807663,0.017467668,6.748652458,11.84731102,10.54253387,557.3676147,112.2234955
3262,3014,26.52515984,28.61715508,50.12854767,0.021179747,6.366226196,11.29133606,9.937533379,559.1558228,102.6058044
3263,3015,28.53945541,28.60190964,49.86188889,0.021881578,6.307526112,11.38067532,10.13009834,563.5222778,104.6494064
3264,3016,27.61238289,28.58666611,49.78401184,0.022583408,6.448167801,11.47001457,10.11047745,563.8895874,104.8185043
3265,3017,23.59527206,28.58404922,50.51755524,0.02143345,6.720797539,11.63772869,10.46426964,558.0161743,110.3559875
3266,3018,18.83657455,28.59017754,50.51271057,0.017787157,6.993427277,11.89182281,10.66227245,554.6882935,114.1593552
3267,3019,17.82325935,28.59630394,50.11607361,0.014140862,7.034389973,12.14591694,10.59754944,556.5210571,113.34729
3268,3020,14.74174118,28.61934471,50.60663605,0.016497884,7.068634987,11.97412586,10.82204533,552.7530518,117.2551193
3269,3021,22.03156662,28.64273834,49.74494171,0.020222869,6.945953369,11.70480537,10.35645199,560.5960083,108.8969193
3270,3022,27.72822952,28.64920807,49.58015442,0.023245728,6.507846355,11.48421478,10.06825829,564.7856445,104.1054459
3271,3023,29.58543015,28.62662506,50.37562943,0.023514271,6.500724316,11.45594025,10.25705433,561.7175293,106.3469009
3272,3024,28.91998482,28.60404396,50.45064926,0.023782812,6.682267189,11.42766571,10.1941309,561.5866089,106.0280991
3273,3025,23.49495697,28.58497429,50.48965073,0.020896113,6.859144688,11.58818531,10.44826984,558.3155518,109.9731598
3274,3026,22.39716148,28.56703186,50.41622925,0.015833065,6.97267437,11.89188862,10.53134823,557.6947632,111.4621353
3275,3027,16.51939011,28.55586052,50.21225739,0.010770016,7.086204052,12.19559193,10.70526123,554.2998657,114.8340988
3276,3028,15.54330063,28.58446121,50.71147537,0.016489327,7.045528889,11.96220589,10.88145065,551.4728394,117.2530212
3277,3029,25.28661537,28.6130619,50.09400558,0.0224229,6.821760178,11.70490074,10.3317318,561.0521851,107.4206161
3278,3030,29.91578484,28.60737228,50.06407547,0.026214719,6.597991943,11.55121994,10.01141834,563.5020142,104.5464783
3279,3031,31.28689003,28.57177353,50.6057663,0.026347643,6.610187531,11.59365273,10.12524033,562.59729,104.6219101
3280,3032,30.24700928,28.53617287,50.25925827,0.026480567,6.665445328,11.63608551,10.14957428,563.4003296,103.8869324
3281,3033,24.65047073,28.53164673,50.56588745,0.022256896,6.719777107,11.77441216,10.36825562,559.114624,108.6085815
3282,3034,20.30883789,28.52974129,49.80473328,0.016636504,6.770234108,11.94754696,10.42226505,558.6618042,111.2555084
3283,3035,21.46219826,28.53417015,50.0752449,0.012512284,6.820691586,12.07375622,10.45093632,558.71875,110.280983
3284,3036,21.64415741,28.55288696,50.19018555,0.017410116,6.793058395,11.85200024,10.543396,557.8311157,111.2190399
3285,3037,23.46277237,28.57160568,49.99848175,0.022307949,6.695901394,11.6302433,10.38327503,560.5007324,108.8462601
3286,3038,29.45301437,28.59093285,50.17945099,0.02354697,6.598744869,11.58523655,10.17517185,563.1633301,104.7060471
3288,3039,24.70700455,28.62808609,50.22991943,0.019469181,6.765145779,11.89400673,10.38977528,560.2694702,108.6289673
3289,3040,22.7878685,28.62230682,50.12859726,0.01711203,6.864523411,11.98930168,10.36356449,558.9807129,110.0223846
3290,3041,22.52605629,28.61652946,49.99922562,0.014725688,6.982816696,12.07485199,10.36609173,559.9907227,109.2090302
3295,3042,19.25771904,28.53881454,50.48996353,0.02360528,6.944872856,11.78427029,10.48588753,556.9483032,112.4747391
3296,3043,19.21287346,28.52619362,50.35123444,0.024264246,6.750530243,11.95175934,10.54270267,556.6177368,112.9391785
3297,3044,17.75368309,28.56179237,50.66247177,0.019711839,6.805364132,12.06628704,10.65136242,555.1553955,114.5738373
3298,3045,16.13689995,28.59739304,50.37907028,0.015159432,6.993792057,12.17913437,10.67627907,554.588623,114.6135406
3299,3046,15.8328743,28.61579704,50.38818741,0.01334341,7.157561302,12.21182537,10.70449638,554.6237183,114.9848404
3300,3047,18.27871132,28.62430191,50.61394119,0.014610966,7.056074619,12.08095264,10.70720959,554.9700317,114.5345993
3301,3048,21.65203476,28.63219261,50.37752914,0.015878523,6.954588413,11.95007992,10.41253281,558.6769409,111.1598663
3302,3049,18.66565514,28.61417961,50.13819885,0.015691781,6.896602631,11.92469501,10.50881004,557.980957,112.1669464
3303,3050,19.77908707,28.5961647,49.72524643,0.015265746,6.886969566,11.94084072,10.36956978,559.9811401,110.2428894
3304,3051,20.51918602,28.58485222,50.07022858,0.014791409,6.877336502,11.95427132,10.41467667,559.3977661,110.559021
3305,3052,19.84897804,28.58312225,49.94921875,0.014169618,6.914433956,11.94469166,10.36889935,559.5897217,108.6977386
3306,3053,18.66883469,28.58139229,50.32924271,0.013547826,6.959030151,11.935112,10.52714539,557.4558105,112.561554
3307,3054,18.08813667,28.58621597,49.74588394,0.01387376,6.974128246,11.88189507,10.38148785,559.9699707,110.9803009
3308,3055,17.48436356,28.59268188,50.62197495,0.014745124,6.888046741,11.77475834,10.69655228,554.9191284,114.7626572
3309,3056,21.02658272,28.59389496,50.00285339,0.015630042,6.801965714,11.66762066,10.36936283,559.7133789,109.8929596
3310,3057,27.9442749,28.57238388,50.10989761,0.017085677,6.801195621,11.7527895,10.07424927,561.7247314,104.6898804
3311,3058,19.76398659,28.55087471,49.84174728,0.018541312,6.862057209,11.87570667,10.36064625,560.1653442,110.3687744
3312,3059,18.64070511,28.55369759,50.38894653,0.018829599,6.922918797,11.97445583,10.50509834,557.0528564,112.434494
3313,3060,18.091465,28.57439804,50.09015656,0.017448829,6.984416485,11.97236252,10.49325943,557.8205566,112.20047
3314,3061,17.49947929,28.5950985,50.10134125,0.016068062,7.045973301,11.9702692,10.49222183,557.7932739,112.1629028
3316,3062,19.4035511,28.6252861,50.60883713,0.015965495,7.042293549,11.81766796,10.59226513,555.8789673,113.7003326
3317,3063,23.29483223,28.62713051,50.06547546,0.016721712,7.005945683,11.72118664,10.31563759,561.4649048,108.627182
3318,3064,18.69252205,28.60494423,50.18811035,0.020314908,6.980272293,11.74609852,10.42562103,558.0092773,112.6547852
3319,3065,19.58271408,28.58275795,50.08879852,0.023908103,6.959534645,11.77592754,10.39088154,558.6304932,111.516037
3320,3066,19.01381874,28.60681343,50.26490021,0.023075648,6.940234661,11.79824352,10.47241592,558.0314941,112.0402222
3321,3067,18.3407383,28.6469326,50.14164352,0.019003851,6.961613178,11.80572701,10.52677917,558.413269,111.98526
3322,3068,17.95081139,28.68141365,50.02828979,0.014932056,6.982991219,11.81321144,10.46838665,558.5513306,111.7514877
3323,3069,21.1753006,28.67842484,49.94109344,0.016069196,6.990453243,11.864604,10.38029766,560.5341187,110.1108475
3325,3070,19.27762794,28.66465187,49.99181366,0.019317927,6.959777355,11.99036694,10.48171139,559.0596924,111.3308792
3326,3071,19.53837585,28.64665604,50.02064896,0.022352023,6.988874435,11.96726513,10.44307995,558.9968262,111.1216888
3327,3072,19.0496769,28.62866211,50.21053314,0.025386119,7.031622887,11.94416332,10.50047207,557.9053955,112.5493851
3328,3073,19.60251045,28.64125824,50.38082886,0.023230707,6.939849377,11.6143465,10.48481274,557.8264771,112.1892776
3329,3074,18.59107399,28.65695572,50.31203079,0.019283077,7.084290504,11.35699844,10.56661606,557.4188232,113.3477859
3330,3075,17.37780762,28.66772842,49.99085617,0.015798923,7.08970356,11.69126415,10.56010342,557.6694946,112.4405289
3332,3076,19.01114655,28.64402962,50.29149628,0.016821237,6.920717239,11.45320129,10.52363396,557.4018555,112.5799561
3333,3077,18.1340065,28.61249161,49.96334076,0.020864135,6.922283649,11.9224844,10.47499275,558.2644043,111.9791794
3334,3078,19.34503365,28.58110619,50.05444336,0.024907032,6.92385006,11.92286682,10.39069366,558.7477417,111.4204559
3335,3079,19.17766953,28.55161667,50.47451782,0.022547593,6.944777966,11.92374134,10.48334312,557.0977173,112.3265915
3336,3080,18.20291901,28.52212906,50.67089844,0.019549187,6.972511768,11.95285797,10.59780025,555.6993408,113.611145
3337,3081,17.50613403,28.49702835,50.34695816,0.017145408,6.994936466,11.9819746,10.545434,556.2474365,112.8341675
3338,3082,17.66996956,28.47703171,50.12944794,0.016142042,6.962793827,11.93788528,10.47124386,558.0727539,111.9648819
3339,3083,18.11120605,28.45703697,50.70376587,0.015138675,6.930651665,11.78660965,10.62789059,554.9707642,114.0384064
3340,3084,23.87290192,28.40332413,50.06875992,0.018085839,6.853654861,11.63533497,10.23445702,561.4121094,107.4052429
3341,3085,18.92974663,28.34368324,50.00688553,0.022834854,6.727553844,11.67172813,10.36974716,558.6378174,110.6375046
3342,3086,19.48527145,28.30790901,50.03547287,0.026845466,6.601452827,11.75667953,10.33005238,558.5332031,110.5265656
3343,3087,16.9310894,28.34810257,50.10445404,0.021793954,6.715008259,11.83795929,10.38162136,557.2825928,112.0415192
3344,3088,20.76286697,28.38829803,49.92428589,0.016742442,6.879937172,11.89726162,10.26053905,560.3693848,109.26828
3345,3089,18.67329216,28.41254616,50.35079193,0.013736489,7.015788555,11.9565649,10.44290066,556.7841797,112.0475311
3346,3090,17.97960854,28.42733192,50.63044739,0.013092969,7.03524065,11.94772148,10.57247448,555.5079346,113.7999725
3347,3091,18.59583664,28.44233131,50.41688538,0.012449448,7.054693222,11.8788662,10.47332382,556.9251709,112.7534027
3348,3092,19.03896332,28.47035789,49.97200012,0.014469537,6.996768951,11.81001091,10.41337013,559.1148071,110.5367584
3351,3093,18.4877491,28.54164886,50.25584412,0.017192949,7.027005672,12.07655621,10.49138737,556.8876343,112.5993729
3352,3094,18.19539833,28.56057167,50.74068451,0.015871746,7.046748638,12.06313896,10.61763191,555.5007935,113.5665207
3353,3095,17.9034977,28.56667519,50.36518097,0.015077596,7.066492081,12.04972172,10.56653976,556.6936646,112.5526047
3354,3096,20.3672924,28.56943893,50.58607101,0.014593138,6.579825878,11.57020092,9.323841095,569.3701172,98.86771393
3355,3097,19.85806847,28.57274055,50.19619751,0.014175909,6.59476757,10.88482571,9.498067856,567.71698,100.6846237
3356,3098,23.5616169,28.57846832,49.91333771,0.017323889,6.755591393,11.37728882,10.23151779,561.6373901,108.0361023
3357,3099,19.30426979,28.58419609,49.94167709,0.020471871,6.931926727,11.68015766,10.36322308,559.2457886,111.1338043
3358,3100,17.80037498,28.58454895,50.06195831,0.021383308,7.066066742,11.93095112,10.44723892,557.6323242,112.5686417
3359,3101,17.60816765,28.58085442,50.44434738,0.01903365,7.090946198,12.12802124,10.58727455,555.883667,114.2250595
3360,3102,17.52085686,28.57715988,50.52246475,0.016683994,7.115825653,12.14519501,10.64983273,555.5942383,113.8462143
3361,3103,16.55451202,28.55694199,50.36729431,0.015342512,6.963742733,12.16236877,10.63227367,555.5599976,114.2842941
3362,3104,19.79237556,28.53601837,50.69259644,0.014260295,6.723257542,12.06986904,10.56959057,556.2357178,112.826149
3363,3105,19.44973564,28.51018906,50.53657532,0.014811468,6.564218521,11.90966892,9.886832237,560.1478271,106.1526108
3364,3106,18.14679146,28.47515106,50.25805664,0.022600988,6.672216415,11.92874241,10.45853043,557.4918823,112.2886124
3366,3107,20.26254654,28.3984108,50.19144058,0.031841744,6.733012676,12.00971317,10.40854645,558.3551025,110.3449631
3367,3108,18.3027668,28.35432053,50.25181198,0.028565388,6.888464928,12.07336044,10.43855476,556.7960815,111.5856171
3368,3109,17.13881111,28.32071877,50.6364212,0.025289033,7.043916702,12.13700867,10.60486698,554.5128784,114.0234756
3369,3110,16.22122192,28.36079025,50.54837418,0.021111516,7.055144787,12.15280247,10.67095947,553.8607178,114.3909912
3370,3111,20.19656181,28.40086365,50.56536865,0.016897814,7.036426544,12.14115143,10.51464844,556.0859985,111.9813766
3371,3112,19.02661133,28.44195938,50.73590088,0.015196756,6.988519669,12.12964058,10.59176826,554.8623047,114.1450653
3373,3113,17.41734886,28.52608681,50.31163788,0.021123009,6.735151291,12.11785603,10.52167034,556.6290894,113.3707962
3374,3114,18.43815422,28.5080204,50.61241913,0.021470468,6.837277889,12.11669159,10.61110497,552.8569336,115.6300278
3375,3115,18.03329086,28.48340416,50.59337997,0.020893041,6.939404964,12.12225056,10.57147026,552.2761841,115.9658585
3377,3116,15.78802204,28.43596268,50.61022949,0.018651474,7.130009174,12.04982471,10.66991997,551.1724854,117.1607819
3378,3117,20.67228699,28.41273689,50.05263519,0.017110132,7.017516613,11.95114803,10.40674496,556.0365601,112.1597595
3379,3118,21.32194901,28.41150475,50.52859116,0.016284231,6.905024052,11.889884,10.49384117,554.3537598,113.1923828
3380,3119,24.19228745,28.42067337,50.54393005,0.016129354,6.919889927,11.98814964,10.37279034,556.2124634,110.8448181
3381,3120,16.29103851,28.42923355,50.2785759,0.015974475,6.999045849,12.08641434,10.60780144,552.8887939,116.067482
3382,3121,17.05332184,28.42938805,50.56747055,0.016402146,7.077914238,12.13570976,10.64118195,551.8091431,116.2519302
3383,3122,17.53211975,28.42954063,50.40061569,0.016891191,7.12802124,12.1493082,10.53769302,553.3008423,114.9567566
3384,3123,16.45052147,28.43099022,50.46582794,0.016947998,7.178128242,12.16290569,10.62294102,552.4794922,116.5571518
3385,3124,14.79101467,28.43398476,50.29668427,0.015963858,6.94238472,11.84322071,10.66204357,551.6055298,117.4970551
3386,3125,19.96825981,28.43697929,50.52513123,0.01497972,6.790609837,11.51216125,10.61497688,553.0284424,114.5907745
3387,3126,14.83300972,28.52196121,50.00550461,0.014325481,7.069135666,11.66550159,10.66977787,552.8321533,117.2138748
3388,3127,20.3384037,28.56334305,50.32385635,0.01404848,6.915186882,11.94592094,10.54531479,554.451416,113.836937
3389,3128,21.42416573,28.59015083,50.50259399,0.012797778,6.761238098,11.67113876,10.45295525,554.7018433,113.6003799
3390,3129,19.10174942,28.61695862,50.29644012,0.011547077,6.748277664,11.14654541,10.58960438,554.3262329,114.9719238
3391,3130,21.87011909,28.34416008,50.34434891,0.036365844,6.751409054,11.9227457,10.58336735,554.6137695,114.2317276
3392,3131,20.04491425,28.36536217,50.42101669,0.03429151,6.974173069,12.25208855,10.75515556,552.5356445,116.4405212
3393,3132,17.70544624,28.39293861,49.98922729,0.029754838,7.167212009,12.35834599,10.79007339,553.4769287,116.6377335
3394,3133,16.95000648,28.41840172,50.1462822,0.025218166,7.159644604,12.46328735,10.86106205,551.9700317,118.1584625
3395,3134,16.2528553,28.43218422,50.43065262,0.028754396,7.152077198,12.45312881,10.91412258,550.6714478,118.9351578
3396,3135,19.26917267,28.44596672,50.08928299,0.032888252,7.111352921,12.2573595,10.73716164,554.0302734,115.6312866
3397,3136,20.56487274,28.44442177,50.12844849,0.035940271,7.039704323,12.06159019,10.66303921,555.050354,114.6536179
3398,3137,21.38979912,28.42992783,50.28140259,0.036690235,6.968055725,12.09119606,10.63812256,554.5879517,114.8360977
3399,3138,21.57598877,28.41543388,50.13446426,0.037440199,6.939782619,12.18756294,10.57964706,555.8522339,113.9780273
3400,3139,20.14082718,28.41754723,50.03213882,0.034184653,6.870713711,12.28114986,10.6725111,554.9059448,115.3030167
3401,3140,19.45490074,28.42090034,50.55054855,0.029281136,6.837513447,12.35750866,10.768466,552.6333008,117.4231186
3402,3141,17.20313072,28.42540932,49.7942009,0.025315044,6.967130661,12.43386841,10.67821693,554.4313354,115.7764053
3404,3142,19.61218452,28.43937492,50.19630814,0.03490781,7.137814999,12.38824368,10.69163513,553.8198242,115.5436707
3405,3143,21.1930809,28.42852783,50.25079346,0.038125165,7.104348183,12.33224297,10.69867229,554.196167,114.9446106
3406,3144,20.89899445,28.41029549,50.60068893,0.039668173,7.070881844,12.25642204,10.71126652,552.8640137,116.4784164
3407,3145,21.08322334,28.3950119,50.6354599,0.04121118,7.097264767,12.17807293,10.75246048,552.447998,116.2403259
3408,3146,19.86308479,28.40754509,50.15128326,0.035514656,7.131122589,12.13971615,10.70674229,553.8793945,116.1619492
3409,3147,17.77905273,28.42007637,50.02400589,0.028774237,7.147947311,12.20651531,10.78976917,553.1846313,116.6679153
3410,3148,16.35855103,28.42786598,50.30552673,0.025678819,7.117619514,12.27331448,10.89870644,551.2639771,118.7213745
3411,3149,17.1622963,28.43059158,50.43473053,0.0328568,7.087292194,12.22877598,10.89700603,550.4696045,118.5871353
3412,3150,20.63124084,28.43331718,49.86952591,0.040034782,7.05536747,12.12765503,10.56403351,556.3447876,114.0970001
3413,3151,21.75094986,28.41101837,50.55990219,0.043829866,7.022592068,12.03345871,10.67506504,553.9443359,115.7284546
3415,3152,21.87208748,28.36423683,50.24777222,0.047390774,7.055056572,12.1046772,10.61433792,555.0508423,114.9899902
3417,3153,17.77249527,28.35262871,50.48054504,0.031672418,7.159410954,12.27623272,10.77019119,551.6106567,118.1171722
3418,3154,17.62141037,28.35320854,50.08268356,0.029647026,7.14764595,12.3826189,10.79868412,552.5064697,116.9393158
3419,3155,16.5832119,28.35726166,50.14503479,0.035469782,7.13588047,12.26134205,10.82675838,551.776062,117.3481522
3420,3156,20.88505936,28.3600235,50.13878632,0.041292541,7.075860977,12.08509254,10.57013893,554.8869019,114.6941452
3423,3157,22.52867126,28.27570534,50.09754181,0.053953841,6.8214221,11.97129917,10.5208683,555.7695923,113.4951706
3424,3158,20.49144363,28.28550911,50.46060562,0.043834671,6.738392353,12.04553604,10.65333271,553.2755737,115.7884827
3425,3159,18.822649,28.29531288,50.37310028,0.033715505,6.905187607,12.16928291,10.80483437,552.3352661,116.9369659
3426,3160,17.43587303,28.29716301,49.83235168,0.031437878,7.071982861,12.29302979,10.64653683,554.1439209,115.6016006
3427,3161,16.25499153,28.29707527,50.10243607,0.034793597,7.151941776,12.21337986,10.84853363,551.3971558,118.1382904
3428,3162,20.14584923,28.2930336,50.13225555,0.03814932,7.111896992,12.11956501,10.58858395,554.4091187,114.5072327
3429,3163,22.48171616,28.27202034,50.55986023,0.045200501,7.071852684,12.05848408,10.62980556,553.7748413,114.0534592
3430,3164,22.8118515,28.25100899,50.28636169,0.052377805,7.041425705,12.06697464,10.5646677,555.4048462,113.8031921
3431,3165,22.86753464,28.25253105,50.3575325,0.053481467,7.01333046,12.0754652,10.56613731,555.2153931,114.1209335
3432,3166,20.88819122,28.27131081,50.26910782,0.043002412,6.999560833,12.14880562,10.58939457,554.5366211,114.7737885
3433,3167,18.73187637,28.29009247,50.18774414,0.032523356,7.0513587,12.25280952,10.71756554,553.6723633,115.77845
3434,3168,18.76699066,28.2917347,50.57252502,0.031459928,7.103156567,12.34184647,10.73300171,552.0192871,117.0827179
3435,3169,19.64566231,28.29256821,50.31025696,0.033833798,7.077655792,12.22438908,10.72929287,553.1940918,115.4369812
3436,3170,21.67146111,28.28312111,49.98471451,0.03667216,6.993348598,12.10693169,10.41541386,556.8950806,112.7442322
3437,3171,21.93247986,28.25403404,50.09983444,0.04288153,6.909040928,12.00973511,10.52126694,555.835022,113.637291
3438,3172,22.54961014,28.22494698,50.08127213,0.0490909,6.857245922,11.93668842,10.49621582,555.9390869,113.0611649
3439,3173,22.05850601,28.21106911,49.91798401,0.048683051,6.930300713,12.02314663,10.44407558,556.9002686,112.7136765
3447,3174,20.79606056,28.22179794,50.22393036,0.035897318,6.960255623,11.90828514,10.51903915,555.335144,113.8566055
3448,3175,20.36460304,28.24840736,49.90433884,0.036405601,6.97860384,12.10827541,10.54806137,555.9865112,113.4131317
3449,3176,20.60169411,28.27501488,50.53459167,0.036913883,6.986535072,12.00335693,10.64074516,552.9478149,115.7915802
3450,3177,22.02308273,28.28042412,49.63692474,0.039935678,6.966062069,11.90947056,10.38766384,558.4671021,111.6328964
3452,3178,23.32809448,28.24741173,50.00649261,0.051174503,6.962310314,11.95519352,10.45480633,556.8499756,112.374855
3453,3179,23.4233532,28.2622242,50.53274918,0.045695689,6.99848175,11.9976635,10.57877064,555.1670532,113.1944809
3455,3180,19.95469856,28.29990005,50.17411804,0.033298902,7.026696682,12.12595558,10.63843727,553.9523926,115.5583344
3456,3181,19.09730339,28.31722641,50.39409256,0.032175068,6.956735611,12.15781403,10.68795586,552.9916382,116.528862
3457,3182,18.45575905,28.33455276,50.05685425,0.031051235,6.886774063,12.18457794,10.69889259,553.4326172,116.063179
3458,3183,21.31738091,28.32291031,49.76723099,0.035943121,6.869480133,12.20637989,10.49150753,556.7973022,112.9221344
3462,3184,21.00581741,28.27702141,50.35862732,0.038537737,7.059976578,12.14766979,10.62095737,553.9646606,115.005043
3464,3185,18.79111481,28.27647972,49.78203964,0.032333542,7.093578815,12.10694313,10.55511189,554.8413696,114.581337
3465,3186,18.80228996,28.27487564,50.49575043,0.03052773,7.082428455,12.11073112,10.7238102,551.6503296,116.9805222
3468,3187,24.03581238,28.25663185,50.54071426,0.051234484,6.86350441,11.95505238,10.53227043,555.5584717,113.4370575
3470,3188,22.57182121,28.26930046,50.45000076,0.042096131,6.980621338,12.08390903,10.58763981,554.9552002,114.2362213
3471,3189,21.33598328,28.27651596,49.89307022,0.035826631,7.00285387,12.16115952,10.47084713,556.8018188,112.6931229
3472,3190,20.03795433,28.28435516,50.16890335,0.028352959,6.998336792,12.20463085,10.69061565,554.0429077,115.0806427
3473,3191,19.94242287,28.2878685,50.49346161,0.027817246,6.997551918,12.20778847,10.69220638,552.8048096,116.0856018
3474,3192,20.02543259,28.29069328,50.48676682,0.028386794,6.997353077,12.20452309,10.68855858,552.8805542,116.027298
3475,3193,20.10844231,28.29351807,50.48006821,0.028956344,6.997153759,12.20125771,10.68491077,552.9563599,115.9689941
3476,3194,20.19145393,28.29634094,50.4733696,0.029525895,6.996954918,12.19799328,10.68126202,553.0321045,115.9106903
3477,3195,20.27446365,28.29916573,50.46667099,0.030095445,6.996756077,12.1947279,10.67761421,553.1079102,115.8523865
3478,3196,20.35747337,28.30199051,50.4599762,0.030664995,6.996556759,12.19146252,10.67396641,553.1837158,115.7940826
3479,3197,20.44048309,28.30481529,50.45327759,0.031234544,6.996357918,12.18819714,10.67031765,553.2594604,115.7357788
3480,3198,20.52349472,28.30763817,50.44657898,0.031804096,6.9961586,12.18493271,10.66666985,553.3352661,115.677475
3481,3199,20.60650444,28.31046295,50.43988419,0.032373644,6.995959759,12.18166733,10.66302204,553.4110107,115.6191711
3482,3200,20.68951416,28.31328773,50.43318558,0.032943193,6.995760918,12.17840195,10.65937328,553.4868164,115.5608673
3483,3201,20.77252388,28.31611061,50.42648697,0.033512745,6.9955616,12.17513657,10.65572548,553.562561,115.5025711
3484,3202,20.85553551,28.31893539,50.41979218,0.034082294,6.995362759,12.17187214,10.65207767,553.6383667,115.4442673
3485,3203,20.93854523,28.32176018,50.41309357,0.034651846,6.995163441,12.16860676,10.64842892,553.7141113,115.3859634
3486,3204,21.02155495,28.32458496,50.40639496,0.035221394,6.9949646,12.16534138,10.64478111,553.789917,115.3276596
3487,3205,21.10456467,28.32740784,50.39970016,0.035790943,6.994765759,12.16207695,10.64113331,553.8656616,115.2693558
3488,3206,21.18757629,28.33023262,50.39300156,0.036360495,6.994566441,12.15881157,10.63748455,553.9414673,115.2110519
3489,3207,21.27058601,28.3330574,50.38630295,0.036930043,6.994367599,12.15554619,10.63383675,554.0172729,115.1527481
3490,3208,21.35359573,28.33588219,50.37960815,0.037499595,6.994168282,12.15228081,10.63018894,554.0930176,115.0944443
3491,3209,21.43660545,28.33870506,50.37290955,0.038069144,6.99396944,12.14901638,10.62654018,554.1688232,115.0361404
3492,3210,21.51961708,28.34152985,50.36621094,0.038638692,6.993770599,12.145751,10.62289238,554.2445679,114.9778366
3493,3211,21.6026268,28.34435463,50.35951614,0.039208245,6.993571281,12.14248562,10.61924458,554.3203735,114.9195328
3494,3212,21.68563652,28.34717751,50.35281754,0.039777793,6.99337244,12.13922024,10.61559582,554.3961182,114.8612289
3495,3213,21.76864624,28.35000229,50.34611893,0.040347345,6.993173599,12.13595581,10.61194801,554.4719238,114.8029251
3496,3214,21.85165787,28.35282707,50.33942032,0.040916894,6.992974281,12.13269043,10.60830021,554.5476685,114.7446213
3497,3215,21.93466759,28.35565186,50.33272552,0.041486446,6.99277544,12.12942505,10.60465145,554.6234741,114.6863251
3498,3216,22.01767731,28.35847473,50.32602692,0.042055994,6.992576122,12.12616062,10.60100365,554.6992188,114.6280212
3499,3217,22.10068703,28.36129951,50.31932831,0.042625543,6.992377281,12.12289524,10.59735584,554.7750244,114.5697174
3500,3218,22.18369865,28.3641243,50.31263351,0.043195095,6.99217844,12.11962986,10.59370708,554.8508301,114.5114136
3501,3219,22.26670837,28.36694717,50.30593491,0.043764643,6.991979122,12.11636448,10.59005928,554.9265747,114.4531097
3502,3220,22.34971809,28.36977196,50.2992363,0.044334196,6.991780281,12.11310005,10.58641148,555.0023804,114.3948059
3503,3221,22.43272781,28.37259674,50.2925415,0.044903744,6.991580963,12.10983467,10.58276272,555.078125,114.3365021
3504,3222,22.51573944,28.37542152,50.2858429,0.045473292,6.991382122,12.10656929,10.57911491,555.1539307,114.2781982
3505,3223,22.59874916,28.3782444,50.27914429,0.046042845,6.991183281,12.10330391,10.57546711,555.2296753,114.2198944
3506,3224,22.68175888,28.38106918,50.27244949,0.046612393,6.990983963,12.10003948,10.57181835,555.305481,114.1615906
3507,3225,22.7647686,28.38389397,50.26575089,0.047181945,6.990785122,12.0967741,10.56817055,555.3812256,114.1032867
3508,3226,22.84778023,28.38671875,50.25905228,0.047751494,6.990585804,12.09350872,10.56452274,555.4570313,114.0449829
3509,3227,22.93078995,28.38954163,50.25235748,0.048321042,6.990386963,12.09024429,10.56087399,555.5327759,113.9866791
3510,3228,23.01379967,28.39236641,50.24565887,0.048890594,6.990188122,12.08697891,10.55722618,555.6085815,113.9283752
3511,3229,23.09680939,28.39519119,50.23896027,0.049460143,6.989988804,12.08371353,10.55357838,555.6843262,113.8700714
3512,3230,23.17982101,28.39801407,50.23226166,0.050029695,6.989789963,12.08044815,10.54992962,555.7601318,113.8117752
3513,3231,23.26283073,28.40083885,50.22556686,0.050599243,6.989590645,12.07718372,10.54628181,555.8359375,113.7534714
3514,3232,23.34584045,28.40366364,50.21886826,0.051168792,6.989391804,12.07391834,10.54263401,555.9116821,113.6951675
3515,3233,23.42885017,28.40648842,50.21216965,0.051738344,6.989192963,12.07065296,10.53898525,555.9874878,113.6368637
3516,3234,23.25864983,28.39810562,50.30899811,0.050102927,6.991073608,12.07118225,10.56859016,555.3740234,114.1531296
3517,3235,23.50942421,28.38166237,49.83826828,0.04688178,6.994450092,12.07444,10.42967701,557.7844238,111.8963928
3518,3236,21.91265488,28.36522102,50.296772,0.04366063,6.997826576,12.07769775,10.64012432,554.4319458,114.6229095
3519,3237,18.91362,28.34969902,50.52240372,0.035401862,7.072573662,12.24819756,10.80060387,552.1690674,117.8528748
3520,3238,19.01690292,28.33420944,49.97647858,0.026969302,7.152579784,12.42449856,10.69867897,554.1029053,115.4095459
3521,3239,18.45407295,28.32378387,49.99262238,0.026084838,7.176016331,12.46218586,10.71076202,553.7957153,115.7085037
3523,3240,23.0050621,28.32134628,50.1901741,0.051711086,6.982359409,12.03380013,10.54874897,555.8497314,113.9125595
3524,3241,24.49027443,28.30714035,50.00465775,0.053148378,6.794958115,11.65061188,10.3944912,557.6929932,111.5334778
3526,3242,21.86190224,28.2697773,49.79367828,0.039868981,7.004362106,12.1575737,10.47739983,557.0889282,112.5230179
3527,3243,21.13871956,28.26759529,50.48782349,0.032226585,7.064201832,12.17532635,10.64340591,553.357666,115.4314728
3528,3244,18.89720345,28.26424026,50.50232697,0.034143534,7.116006851,12.19307899,10.73667908,551.7955933,116.8582993
3531,3245,26.12166405,28.22715187,50.23781586,0.05475748,6.846168041,11.89806175,10.41415024,557.4606934,111.115921
3534,3246,21.56419945,28.19295883,49.97680283,0.042907659,6.952169418,11.97743225,10.52032852,555.659668,113.377861
3535,3247,20.91612053,28.20675468,50.60456085,0.036311604,6.93334341,11.90071583,10.66569996,553.2804565,115.6875916
3536,3248,29.38988686,28.22199249,49.86283493,0.042905889,6.74026823,11.86937904,10.05146408,561.7914429,106.2541122
3538,3249,26.54229927,28.2525444,50.20976257,0.06732551,6.832758427,11.96285725,10.25021744,551.0214844,108.0686646
3541,3250,24.9400692,28.25468826,50.13951492,0.05528846,6.892641544,12.07690239,10.41882324,557.2877808,111.4672012
3542,3251,22.52090073,28.27604294,49.98258209,0.045625824,6.963359356,12.12428093,10.47473049,556.821106,112.9642029
3544,3252,20.57823181,28.30598831,50.28592682,0.041714102,6.986193657,12.12193584,10.67101002,553.6396484,115.6086731
3545,3253,23.52749443,28.31210518,49.79540634,0.050461594,6.970189095,11.97562885,10.33325386,558.8590088,111.193924
3550,3254,20.74112129,28.29658318,50.01148224,0.039849341,7.012816906,11.96662235,10.60821438,554.9484253,114.9050827
3551,3255,20.28721809,28.31435204,49.87681198,0.030977488,7.014345169,12.05536366,10.55346394,555.3282471,114.1957703
3552,3256,20.19114876,28.322649,50.27848816,0.036151838,6.959249496,12.01007652,10.68559074,552.9674683,116.032753
3553,3257,23.66571236,28.33087921,50.17535782,0.041435633,6.904153824,11.89344025,10.49744225,556.4596558,111.6010513
3554,3258,25.486063,28.3264122,50.38104248,0.046851978,6.875883579,11.78471088,10.45258427,556.4561768,112.0887756
3556,3259,25.538517,28.2756691,50.42266464,0.058121882,6.81141901,11.97138977,10.47046947,556.0214233,112.2148972
3557,3260,23.32102203,28.28658104,50.60079575,0.051794186,6.680065632,12.00564671,10.61550236,553.9268799,113.9816132
3558,3261,19.90316391,28.32900238,49.81871033,0.034217201,6.759178638,12.04616928,10.49165821,556.5562744,113.1631546
3559,3262,21.62907219,28.33806038,49.74408722,0.04128645,6.782345772,11.9343214,10.45838928,557.430603,111.8507309
3560,3263,23.49489021,28.34712029,49.65929794,0.048355702,6.805512905,11.82247353,10.24101257,560.2125244,109.9698181
3561,3264,25.37725067,28.34259605,49.94390488,0.053199243,6.811250687,11.78104591,10.23211575,559.7050171,109.840538
3562,3265,25.71088409,28.32618904,50.12133026,0.056090478,6.804278851,11.80351543,10.36199379,558.5305786,110.6204681
3563,3266,25.34041595,28.30978394,50.14097214,0.058981709,6.797307491,11.82598495,9.8589468,558.9897461,104.9816284
3564,3267,23.19498253,28.32522964,50.18340302,0.051112592,6.857274532,11.9096489,10.52193832,556.7453003,111.915451
3565,3268,21.26464272,28.34350586,50.26420593,0.042279989,6.921955109,12.00030994,10.54769897,555.9036255,113.9361954
3566,3269,20.82019806,28.36201286,50.58436584,0.037940815,6.885818958,11.88202953,10.62711811,553.5861206,115.7770691
3567,3270,20.09745598,28.38105011,50.32700729,0.04394643,7.164705753,12.19999981,10.66257381,553.3204346,115.9178848
3568,3271,22.8325634,28.40008545,50.08914948,0.049952045,7.054056644,12.09435844,10.41791534,557.6447754,112.4209747
3570,3272,25.13331985,28.35419655,49.8271904,0.057910632,6.900871754,11.9187851,10.29974079,559.8036499,110.2505875
3573,3273,21.82233047,28.33723068,50.54425049,0.04028663,6.863394737,11.90854168,10.67204666,554.1456909,115.1550446
3574,3274,21.22723961,28.34482765,50.30845642,0.036663622,6.74621439,11.97977734,10.62189007,554.4798584,114.9991455
3575,3275,20.08978081,28.35487556,50.5839653,0.040707577,6.685944557,12.01367474,10.72782421,552.6878662,115.9341278
3576,3276,23.03136253,28.36492348,50.32252884,0.044751529,6.721475601,11.9353075,10.51694679,555.6898193,113.3495102
3582,3277,20.16093254,28.28543472,50.571064,0.037400939,7.011908054,12.19543839,10.63674545,553.0479126,116.0270157
3583,3278,18.77187538,28.29652405,50.23637772,0.039314996,6.967137814,12.14104366,10.65943813,553.6185913,116.3762512
3589,3279,21.1278286,28.35412979,50.17449951,0.036205858,6.958334446,11.96602249,10.62886143,555.2566528,114.1690903
3590,3280,20.10155869,28.37202263,49.93410873,0.034787517,7.01424551,12.05953407,10.60886765,555.3485107,114.3211823
3591,3281,20.42918205,28.38391876,50.58045578,0.03663893,7.007838726,12.02098751,10.6767931,553.0930786,115.9195709
3593,3282,23.57818413,28.37645531,50.50128174,0.044200528,6.968597889,11.92354012,10.59612942,554.9674683,113.779808
3595,3283,23.57973289,28.36081314,50.55512619,0.049339917,6.964790821,11.98682976,10.54798412,555.3916626,113.9975281
3596,3284,21.78760147,28.37285995,49.94084549,0.044792596,6.971901894,12.05154419,10.52996063,556.7000732,113.1109085
3597,3285,21.44164658,28.38490677,50.0688324,0.040245272,6.98604393,12.13564205,10.60464287,555.7213745,114.4022141
3598,3286,19.11161041,28.38066673,50.06990051,0.038607273,7.000185966,12.2178812,10.67618275,554.0648804,115.0807419
3599,3287,17.45609093,28.37510681,50.20029068,0.037208147,6.819727421,12.13070488,10.70344639,552.9868774,116.5835953
3600,3288,21.88056755,28.36171722,49.50697327,0.038095731,6.662792683,12.04352951,10.35835743,559.0031738,110.9693832
3601,3289,22.83349991,28.33090401,50.59858704,0.044088393,6.79556942,11.97368622,10.62351513,553.9508667,114.9395065
3605,3290,19.65441132,28.27466202,50.54086685,0.032077461,7.034371376,12.08324337,10.6791296,552.250061,116.1368561
3606,3291,18.44666481,28.26338196,50.61356735,0.033673726,6.999464035,12.18152332,10.76688004,550.8664551,117.4794388
3607,3292,17.7168293,28.25210381,50.23060226,0.035269994,6.954272747,12.179492,10.7329731,552.1766357,116.2271805
3610,3293,24.71286583,28.1850605,50.34015274,0.054372847,6.74288702,11.78660774,10.44290447,556.8978271,111.6573639
3612,3294,21.52476311,28.21232224,50.27878189,0.042628907,7.001151085,12.17101574,10.56960201,555.4581909,114.072731
3613,3295,19.18284607,28.22882843,50.54954529,0.037281692,7.046210289,12.25236797,10.6891861,552.3222046,116.5274124
3614,3296,18.97211266,28.2446022,50.16941452,0.037149627,7.091269016,12.33372116,10.64044285,553.5768433,115.6814957
3615,3297,18.79368019,28.26037598,50.63599014,0.037017558,7.041412354,12.24197388,10.75711536,551.5360107,117.1814346
3616,3298,22.62434196,28.26191521,50.0880127,0.040775601,6.94899559,12.07179737,10.47306538,556.2114868,112.3156815
3620,3299,38.76921844,28.28679085,49.87649918,0.043565668,6.334867001,11.85628223,9.789608955,567.8083496,99.29750824
3621,3300,32.63834763,28.30094147,50.32401276,0.038740721,6.453949928,11.67906857,10.14753819,561.4191284,105.8196945
3622,3301,30.44983101,28.30673599,50.18714523,0.033750094,6.573032856,11.85731125,10.20180607,560.5144653,106.3500671
3623,3302,29.7393074,28.31253052,50.2289772,0.02875947,6.703510284,12.03667545,10.3102026,560.0194092,107.5253906
3624,3303,21.8679409,28.30314064,50.13519287,0.035496131,6.836877346,12.11907482,10.52907658,555.3636475,113.857193
3626,3304,24.60503387,28.27890396,50.29197311,0.052706137,6.617698669,11.89751244,10.53446484,555.6394653,112.6720963
3628,3305,20.96279335,28.29218292,50.16910553,0.034708709,6.88387537,12.08461666,10.62132359,554.8404541,114.7966156
3629,3306,18.91629982,28.29821777,50.44499588,0.029214878,7.042798042,12.19003391,10.70106125,552.3551636,116.6970673
3630,3307,29.98561478,28.30375481,49.89339447,0.026642106,6.672480583,12.01360321,10.18497562,560.8477173,106.9446411
3631,3308,27.81599426,28.30928993,50.13294983,0.024069335,6.40683794,11.83717251,10.34061623,559.2644653,109.0230331
3635,3309,21.75049019,28.33004951,50.32452393,0.039526027,6.970515251,11.81306648,10.60049629,554.5081177,114.9797897
3636,3310,20.04479218,28.34246635,50.32276917,0.033250812,6.824086189,11.74088764,10.69795799,552.7975464,115.0345764
3637,3311,31.45005798,28.35521317,50.50654984,0.027479921,6.354468346,11.61890221,10.23972225,560.0495605,106.731308
3638,3312,28.73581696,28.36730957,50.43940735,0.023350339,6.364296436,11.47706604,10.35194778,558.3327637,109.5359497
3640,3313,41.96022797,28.37782669,50.54216385,0.050132271,6.280903816,11.32215405,9.785264015,566.8793945,99.37426758
3643,3314,41.42396164,28.38505173,50.2760849,0.051737696,6.409838676,11.40523148,9.780451775,567.4226685,99.10819244
3644,3315,33.06699371,28.38814545,50.27671814,0.041927915,6.532426834,11.48437786,10.14876652,561.953186,105.6874924
3645,3316,28.35306358,28.3914566,50.16649628,0.030841095,6.620993614,11.51127338,10.30957603,559.6234741,108.0630188
3646,3317,28.8699913,28.39373016,50.41595078,0.026046928,6.709560871,11.52332687,10.41201401,558.3710938,109.4044189
3652,3318,36.74804688,28.3737545,50.40698242,0.044749126,6.779767513,11.70470333,9.961393356,564.1679077,102.7031555
3653,3319,30.98772049,28.3707962,49.98447418,0.0368784,6.655631065,11.58755112,10.14486122,561.8661499,106.012352
3654,3320,33.12220001,28.36894798,50.37588882,0.037008073,6.531494617,11.46589661,10.18877602,561.9246826,105.0374146
3661,3321,34.34457779,28.30174446,50.36012268,0.033170756,6.725035667,11.50451088,10.09230232,562.7254639,104.1473312
3662,3322,32.98856735,28.30137062,50.08010864,0.035932723,6.610485554,11.48853397,10.047019,563.2276611,104.3777618
3666,3323,25.57411957,28.26458359,50.18780518,0.060789119,6.735923767,11.73584175,10.3928051,557.8416748,111.236496
3667,3324,23.40345001,28.24897766,50.05207062,0.058229871,6.60954237,11.50015259,10.47384834,556.8745728,112.5729904
3668,3325,37.78556442,28.25000381,50.31349182,0.048313323,6.539079189,11.42992783,9.855924606,565.6914673,100.3490753
3669,3326,34.18045807,28.25102997,50.60567856,0.038396772,6.493941784,11.45139599,10.04097271,562.0414429,105.0741501
3670,3327,33.69429398,28.25909615,49.99020004,0.043948732,6.46736908,11.47755718,9.939450264,564.0110474,102.2396622
3677,3328,19.85014915,28.28137207,50.56958771,0.032614771,7.006742001,12.1372366,10.71573067,551.9431152,116.7754822
3678,3329,20.71064758,28.29408455,50.57999039,0.042750821,6.767827511,12.07305717,10.69139385,552.5858154,115.9005661
3680,3330,26.64146996,28.31200218,50.48409653,0.066392027,6.808040142,11.89547157,10.36847973,557.8172607,111.2262268
3681,3331,26.41112328,28.2906971,50.3729248,0.066690125,6.823888302,11.77975559,10.36403751,557.4609985,111.0762405
3685,3332,20.15571022,28.33032227,50.24759674,0.030399494,6.945750237,12.09698486,10.58010101,554.8890381,115.1894684
3686,3333,20.49341774,28.35207367,50.33219147,0.041715123,6.977517605,12.15904808,10.62833405,553.8751221,115.603508
3687,3334,24.21501923,28.37382507,50.13550568,0.053030748,6.927818775,12.13907623,10.41259575,558.0883179,111.8622742
3689,3335,27.37929344,28.36944199,50.668396,0.059155405,6.777340412,11.99868774,10.44800568,557.0957031,111.7369003
3692,3336,21.59537125,28.38675499,50.2396431,0.042942103,6.903869152,11.99126816,10.59691143,555.7838745,114.1044693
3694,3337,19.50601196,28.41844368,50.50733948,0.044097833,6.969886303,12.0388298,10.72258377,552.1246948,116.6805115
3695,3338,23.35462189,28.43273926,50.03705215,0.051263515,6.920536995,12.01290035,10.41770935,557.4616089,112.315506
3698,3339,25.35731316,28.37573051,50.60190201,0.062312715,6.913784027,12.0202837,10.50965023,556.0132446,112.3361435
3699,3340,24.42109871,28.3773613,50.56615829,0.053097218,6.954730034,12.11195564,10.55722713,555.5057373,113.5784607
3700,3341,21.54814339,28.38054657,50.06862259,0.043136898,6.996851921,12.1684351,10.5345602,556.3634033,113.7273636
3703,3342,23.49910164,28.39372253,50.01700211,0.047229622,6.892848492,12.09449291,10.44596958,557.5066528,112.257225
3704,3343,25.6332798,28.36965561,49.88477325,0.05315486,6.856938362,11.97160721,10.28445244,559.9192505,110.0374069
3706,3344,26.4396019,28.30168915,50.27098846,0.064430207,6.79509306,11.97739506,10.31826019,558.9996948,110.4849625
3707,3345,24.56828499,28.29811859,50.51892471,0.054396946,6.624041557,12.06097984,10.4572649,556.1653442,112.4853134
3709,3346,22.89090347,28.29570961,50.24139023,0.040937353,6.645500183,12.13253307,10.48245049,556.2759399,112.7083817
3710,3347,21.84871101,28.30189896,50.39604568,0.044579659,6.822611332,12.15661335,10.55017471,554.6107178,114.1275177
3711,3348,24.53189278,28.3080883,49.55918884,0.048221968,6.913253784,12.04810715,10.16406345,560.8828735,108.9794159
3713,3349,27.5395565,28.23582077,50.7518425,0.062906183,6.818942547,11.8467989,10.40878105,557.1195679,110.7684174
3715,3350,26.222929,28.21893311,50.51305771,0.054832395,6.758169651,11.75865936,10.34443474,557.3693237,110.8459167
3718,3351,22.02488327,28.27342224,50.13202667,0.038438965,6.851668835,12.07148838,10.52257729,556.2352295,112.5359192
3719,3352,23.6695919,28.29705238,49.80913544,0.037869025,6.907783031,11.94238281,10.31120396,559.3363037,110.2766113
3720,3353,25.23023415,28.27514267,50.39146042,0.046629149,6.582003117,11.81327724,10.44004536,556.7817993,111.819603
3723,3354,23.53650665,28.28194427,50.22340393,0.047881588,6.948574066,12.07838631,10.47319317,556.2926636,112.836937
3724,3355,22.18337059,28.31129646,50.39096832,0.03895266,6.97117424,12.13342667,10.47946072,552.416687,112.9579239
3725,3356,20.98426056,28.34003639,50.6275444,0.03642568,6.988929749,12.11771297,10.67414856,553.302063,115.6026611
3726,3357,21.22384834,28.36862755,50.33148575,0.035463404,6.930342674,11.92909431,10.6199007,554.1716309,114.7311783
3727,3358,24.30104828,28.38821411,49.91222763,0.036340166,6.8717556,11.41122532,10.26992035,558.9653931,110.4602509
3730,3359,23.94181824,28.34936714,50.21730804,0.052050218,6.750213146,11.44418621,10.31701946,551.5750122,109.7321472
3731,3360,23.19586945,28.35871124,50.4123764,0.043262828,6.832060337,11.68797684,10.56241131,555.5056763,113.5946274
3732,3361,21.2399826,28.36805344,50.37614822,0.034475442,6.905018806,11.89743423,10.62662125,554.4700928,115.028244
3733,3362,20.39160728,28.37477493,50.0363121,0.032361582,6.944423199,11.97707367,10.56786442,555.3412476,114.3246384
3734,3363,20.35186386,28.38141441,50.1895752,0.030458903,6.983827591,12.05671406,10.62752724,554.5479126,115.1201553
3735,3364,22.58719826,28.3771801,50.10493088,0.033109128,6.872923851,12.05667973,10.48466969,556.5210571,112.5415039
3736,3365,24.67553902,28.35339928,50.19432449,0.043931887,6.639177799,11.99363708,10.43644428,557.602417,111.6973419
3737,3366,24.72729874,28.32962036,50.24230194,0.054754645,6.717513561,11.9305954,10.41089916,557.1502686,111.7775421
3740,3367,21.83366013,28.33563995,50.28428268,0.033503655,6.990000725,12.19074345,10.54104233,554.9610596,114.0340424
3741,3368,20.56842613,28.33836365,50.54654312,0.030653318,6.998918056,12.15792465,10.62639809,553.3361206,115.7694473
3742,3369,20.60604858,28.34108543,50.52595901,0.027802983,6.938430786,12.12510586,10.64140892,553.2783203,115.8061447
3743,3370,23.0253315,28.32945633,50.3801651,0.032689922,6.81565094,12.04342175,10.46676826,555.8048706,112.6908798
3744,3371,25.99845505,28.304739,50.32344818,0.044621535,6.692870617,11.94012547,10.40480232,558.1251221,110.9330521
3745,3372,25.69185638,28.28002167,50.10595703,0.056553148,6.762251377,11.84595108,10.26881599,559.1663208,109.9840012
3746,3373,25.03216743,28.29155731,50.44694519,0.049336437,6.85422802,11.94166946,10.39169884,557.0686646,111.5748138
3747,3374,22.4185257,28.30673218,50.51568222,0.040198263,6.924836159,12.03738785,10.56985188,555.1705322,114.0665283
3748,3375,21.15301895,28.32027626,50.53717422,0.032786176,6.940648556,12.13064098,10.63488865,553.5830078,115.0744781
3750,3376,20.60407829,28.33966446,50.60661316,0.026116582,6.933987141,12.31072807,10.68009853,553.3504639,115.6259613
3751,3377,23.06409073,28.33651924,50.14873123,0.032426015,6.892567635,12.14391422,10.43401432,557.2312622,112.1194153
3752,3378,25.46407127,28.32749557,50.18379211,0.04314604,6.825252056,11.92187405,10.36055756,558.4227905,110.637001
3755,3379,23.83679581,28.32919312,50.61525345,0.042552654,6.921780109,11.85649109,10.52936172,555.3230591,113.3508759
3756,3380,22.87454224,28.33263397,49.5906601,0.037291378,6.95154047,11.98892307,10.31092644,559.3061523,110.1410522
3757,3381,21.50688744,28.33444786,50.19063187,0.031805921,6.935405254,12.0936327,10.5352459,555.2262573,113.558403
3758,3382,21.49081421,28.33626175,50.60472107,0.026320467,6.919269562,12.19834232,10.66338921,553.5045776,114.6170197
3759,3383,24.31384277,28.32484627,50.26036453,0.034818422,6.898641109,12.11513615,10.36470127,557.5702515,111.3368988
3760,3384,26.4675045,28.31112671,50.59493637,0.045750301,6.872208595,11.96126747,10.42122078,557.2421875,111.3185196
3761,3385,25.74196625,28.2988205,50.34818268,0.052835576,6.845776081,11.83400059,10.38084984,557.8101196,111.2236786
3763,3386,23.27572823,28.28313446,50.50629425,0.042705577,6.93265295,11.9875021,10.55458355,555.5932007,113.6539612
3765,3387,20.25798416,28.25955009,50.51771164,0.030593652,7.048324108,12.13803768,10.59718418,553.2020264,115.3718719
3766,3388,21.69083595,28.24798393,49.70440292,0.038748801,6.982915401,12.07075024,10.44684887,558.0679932,111.686058
3767,3389,23.37244034,28.23646164,49.85179901,0.047470935,6.913897514,11.99570465,10.37848759,558.5005493,110.9952164
3768,3390,25.05404472,28.22493935,49.9991951,0.056193072,6.844879627,11.92065811,10.3101263,558.9331055,110.3043747
3769,3391,26.57113647,28.21481133,50.40906525,0.063589975,6.707112789,11.85287571,10.34969234,557.4067383,110.2819214
3772,3392,23.67232513,28.24118233,50.39176941,0.042316604,6.773153305,11.89492702,10.45526123,556.0426636,112.0977783
3773,3393,22.89398193,28.26872635,50.37272644,0.0360098,6.842337132,11.9185009,10.42517757,552.399231,111.6368561
3774,3394,21.86115265,28.29627037,50.53806305,0.029702995,6.911521435,11.94207478,10.48448372,554.4537964,113.8555145
3775,3395,24.09833908,28.2958622,50.41517258,0.039255545,6.927295685,11.87459946,10.45580292,556.6749878,111.8883362
3776,3396,26.86247635,28.29091454,49.9306221,0.051386651,6.865175724,11.78365993,10.16903019,560.7892456,108.3529205
3777,3397,26.27390862,28.29005432,49.9662323,0.058574852,6.817210674,11.71784687,10.26065731,559.4945679,109.8011856
3779,3398,23.20459938,28.31298637,50.09733963,0.04307013,6.833569527,11.80945587,10.48407078,556.4694214,112.4525757
3780,3399,21.25024223,28.33486176,50.13017654,0.037039537,6.882826805,11.91706562,10.56100368,555.4494629,113.9056473
3781,3400,20.62242126,28.36265182,49.76845169,0.031989563,6.962807655,12.07084942,10.4237957,557.2498169,112.455368
3782,3401,20.94471359,28.38993454,50.55004883,0.027297998,7.042788029,12.22463417,10.69924355,553.7153931,115.0438919
3783,3402,23.9186573,28.39827728,50.01940155,0.036117982,7.029699326,12.14715385,10.40102768,557.8849487,111.5476532
3784,3403,23.95024109,28.40662193,50.18144226,0.044937968,7.011166096,12.06028843,10.51813984,556.9960938,112.2481842
3786,3404,23.73167038,28.41619492,50.43323135,0.042342052,6.967205048,12.11583328,10.48774433,555.8869019,112.9455872
3787,3405,21.61360741,28.41950989,50.26815414,0.036856554,6.943276882,12.19884968,10.59776878,555.1867065,114.5020294
3788,3406,20.16898918,28.42274284,50.40672684,0.03190038,6.991165161,12.26224613,10.72242355,553.2350464,116.1169052
3790,3407,18.6875248,28.42854691,50.20422745,0.023173621,7.154168129,12.37108517,10.74920177,553.5344849,115.6338654
3791,3408,22.32440567,28.42854691,50.25221634,0.023173621,7.154168129,12.37108517,10.57358742,555.375,113.2409515
3792,3409,24.19196701,28.42854691,50.00549316,0.023173621,7.154168129,12.37108517,10.4178257,557.4224854,110.3551865
3803,3410,18.09466362,28.33374786,50.29193497,0.030490402,7.003703117,12.28009415,10.77181339,551.894165,117.1996307
3804,3411,17.34999084,28.34028053,50.32498169,0.025185622,7.025874138,12.31746674,10.69793797,552.1070557,117.3400726
3806,3412,23.85445213,28.31583595,50.5474472,0.050862335,6.553938389,11.63986015,10.26281166,552.935791,109.3480453
3808,3413,24.67769623,28.30397415,50.56293106,0.051525738,6.871977806,11.99122715,10.48388386,555.6241455,112.6796112
3809,3414,22.63210297,28.30151176,50.51007843,0.045253742,6.996695518,12.15928555,10.60181522,554.0865479,114.7269211
3811,3415,19.22925186,28.30646324,50.53261566,0.032970794,7.053080559,12.32165718,10.70961666,552.0275269,116.27771
3813,3416,21.70454979,28.31611443,50.26917267,0.039925739,6.921966076,12.24368477,10.51440144,555.4995728,113.7613907
3815,3417,25.48208237,28.32803917,50.16628647,0.053939056,6.785514832,12.14362049,10.40102959,557.3272705,111.3460388
3818,3418,21.08364296,28.33984947,50.41948318,0.036432859,6.990033627,12.13706875,10.60714626,554.6621704,114.6336288
3819,3419,21.79607201,28.33969307,49.9053154,0.030825695,7.019562721,12.17627335,10.45970821,556.9345703,112.5055695
3821,3420,24.19472885,28.3374691,50.09732819,0.044644855,6.913163185,12.0457201,10.44294548,557.6461792,111.456955
3822,3421,24.72115707,28.3358078,50.07461166,0.058733489,6.851489544,11.98286629,10.42573738,558.2311401,111.2167664
3824,3422,24.37035942,28.33696175,49.87913513,0.047009718,6.85619545,12.03101063,10.36219215,558.5627441,110.9211655
3826,3423,20.07826614,28.32087517,50.0124855,0.034301601,6.790613174,12.15824699,10.54244137,555.1848755,114.464241
3827,3424,19.25098801,28.30459595,49.92885208,0.031217683,6.898999691,12.2335062,10.53678513,555.2021484,113.3676758
3829,3425,22.07398033,28.29145622,49.78027344,0.046513677,6.936292171,12.02928829,10.38354492,557.9711304,111.735199
3830,3426,23.81856728,28.28868675,50.63087845,0.058369,6.812746525,11.93032837,10.52691174,554.7747192,112.8003159
3833,3427,39.09674835,28.26743889,50.24274063,0.050771836,6.480516434,11.72046661,9.736871719,566.4540405,100.0149155
3834,3428,38.84091568,28.27638435,50.37122345,0.040937673,6.506824017,11.62444115,9.80004406,565.9830322,100.765274
3836,3429,30.50272942,28.3033638,50.08904648,0.035948958,6.432836056,11.31786633,10.15458584,561.9216309,104.9109497
3837,3430,38.15689087,28.32738304,49.83349609,0.050480023,6.239667892,11.10738945,9.650948524,568.5913696,99.07959747
3838,3431,43.02144623,28.33045006,49.96168137,0.054299954,6.219741821,11.15178967,9.530877113,570.4556885,96.56554413
3840,3432,37.72399902,28.36161232,50.33946991,0.042605489,6.419585705,11.47520638,9.889549255,565.1608887,102.1820068
3841,3433,33.48061371,28.37404251,50.02611542,0.036933474,6.489764214,11.60092068,9.972169876,564.2963867,103.6057968
3842,3434,32.15207291,28.38506126,50.17289352,0.031339806,6.559942722,11.70993996,10.09846497,562.3322144,105.2285156
3843,3435,28.97103691,28.39483452,50.44668198,0.027002806,6.545647621,11.81268024,10.27696419,559.1654053,108.9875336
3845,3436,41.34494019,28.38552475,50.47208405,0.047448274,6.269098759,11.26861,9.812972069,566.5429077,99.93526459
3846,3437,42.37187576,28.3881588,50.58518982,0.049949896,6.424370766,11.24336529,9.714402199,567.2636719,99.14794922
3849,3438,21.15239525,28.40934372,50.42038345,0.032288205,6.996509552,12.15697479,10.57691097,554.9680786,114.3312454
3851,3439,19.49048996,28.40731621,50.47660446,0.027450664,7.024261475,12.18827915,10.73645306,552.9655762,116.0468521
3852,3440,22.96948624,28.41760635,50.3175354,0.04293678,6.999473095,12.11987019,10.50371647,556.3078613,112.8359833
3855,3441,24.62372398,28.37114334,50.60376358,0.049459904,6.881968498,11.84144974,10.51368618,555.5321655,113.3850861
3856,3442,22.56174088,28.37777901,50.23333359,0.043714061,6.914273739,11.87666416,10.50954151,556.1799316,112.9509048
3857,3443,22.62300491,28.39565849,50.16592789,0.036370989,6.971752644,11.96234989,10.47480679,556.5824585,113.1789093
3858,3444,20.35440445,28.41189957,50.68150711,0.031024301,7.023920536,12.03199768,10.65229225,553.1206665,115.9037323
3859,3445,19.21912193,28.41521645,50.11031723,0.041427311,6.990607738,11.97507286,10.64758778,554.411438,115.0456467
3860,3446,22.99789238,28.41853142,50.00188065,0.051830322,6.957294941,11.91814899,10.36745548,558.7104492,111.766922
3861,3447,24.44235992,28.40322876,50.33118439,0.056388449,6.945245266,11.88696098,10.52724648,556.2647095,113.0761414
3862,3448,24.71073341,28.36938667,50.27101898,0.055126861,6.959497452,11.8813982,10.40789223,556.9923096,112.1445007
3863,3449,24.47611809,28.33554649,50.39947128,0.053865273,6.973749638,11.87583542,10.46253395,556.3383179,112.6311035
3864,3450,22.66955757,28.34651184,49.94839478,0.04494435,6.979085445,11.95722485,10.38287544,558.0565796,111.8026733
3865,3451,21.4447155,28.36304474,50.57694626,0.035071306,6.982592583,12.0494194,10.56070995,554.3369751,114.8605957
3866,3452,20.29524994,28.38129234,50.55677032,0.028972929,6.949235439,12.05516624,10.63741016,553.446167,115.7736511
3867,3453,18.9221344,28.4039917,50.5594635,0.0326837,6.783964634,11.83631802,10.75184536,551.8635864,117.2304993
3868,3454,32.70801544,28.42669106,49.89454269,0.036394473,6.590354919,11.61747074,9.990951538,564.4449463,103.592186
3869,3455,40.24189377,28.4142971,49.85655975,0.041434899,6.336164474,11.64051819,9.743484497,569.0302124,97.69059753
3870,3456,24.36526299,28.38430595,49.72927475,0.0471421,6.872932434,11.78486633,10.29113483,560.2212524,109.9784851
3871,3457,23.21460915,28.35749817,49.78914642,0.051962629,6.930625439,11.92914009,10.33599854,558.3273926,110.9706116
3872,3458,21.32618523,28.38595772,50.65666199,0.041401707,6.988318443,12.04349422,10.65106392,553.5014648,115.7388306
3873,3459,19.7095623,28.41441727,50.1554718,0.030840784,7.031322002,12.1578474,10.657197,554.4845581,115.1396408
3874,3460,18.63873672,28.44116402,50.07097626,0.026613506,7.060206413,12.18046284,10.61896515,554.5681152,115.5743637
3876,3461,20.73196411,28.49035454,50.17676544,0.034083568,7.037733078,11.9397049,10.55370998,555.8463745,114.4881668
3877,3462,23.35983086,28.47484398,50.50161362,0.040180925,6.977273464,11.99375153,10.61546707,554.7727661,114.1636734
3878,3463,23.61345863,28.45120239,50.00816345,0.046757191,6.940205574,12.09714031,10.42138481,558.0161133,111.943161
3879,3464,22.25715637,28.43778419,50.59420776,0.049892671,6.979884624,12.19792175,10.64823246,554.0983276,115.2773132
3880,3465,19.35425568,28.46064758,50.5104599,0.040814769,7.019563675,12.28010082,10.78970337,552.1016235,117.1673889
3882,3466,17.77989388,28.4982605,50.16934967,0.028773133,6.93213129,12.32611942,10.74058723,552.5809937,117.0341339
3883,3467,25.94591713,28.50778961,50.56165695,0.029745942,6.869904518,12.17693615,10.48804474,556.8452759,112.2649078
3884,3468,19.90497589,28.51731873,50.48858643,0.030718749,6.890051842,12.02775383,10.72339916,553.2123413,116.7415009
3885,3469,23.0337677,28.48700905,50.49546051,0.040926166,6.910199165,12.06839561,10.58578205,554.7567749,113.2733536
3889,3470,18.60569763,28.47751999,50.68867493,0.03266982,7.094964027,12.26129341,10.88852119,550.9918213,118.1992645
3890,3471,17.21318436,28.4981308,50.70637894,0.032235019,7.146454811,12.20240593,10.90883827,550.6017456,118.8366928
3891,3472,17.26488304,28.51990891,50.56381607,0.034705658,7.181126118,12.09711742,10.86359119,550.678833,119.1920624
3892,3473,20.99132919,28.53364182,49.76777649,0.038193602,7.104768753,12.00144863,10.42292023,557.7387695,112.9481659
3894,3474,23.2469883,28.47807503,50.49131012,0.05564056,7.001539707,12.08781624,10.62638378,555.215271,114.4974823
3895,3475,22.7876358,28.47555161,50.54949188,0.054969255,7.022712708,12.14398575,10.56931305,555.022522,114.4191284
3896,3476,20.51306534,28.49364281,50.52782059,0.046650797,7.043885708,12.21771336,10.67555428,553.5603027,116.2198029
3897,3477,18.69406891,28.51173401,50.07711411,0.038332339,7.10284996,12.29144096,10.73176098,553.8970947,115.6937714
3898,3478,17.37352943,28.52803802,50.36439896,0.035430089,7.166204453,12.25557327,10.89584541,551.3733521,118.6327133
3899,3479,15.90333939,28.5442276,50.11623383,0.0328761,7.186206341,12.19460869,10.91967964,551.5628052,118.4777527
3900,3480,20.27360725,28.54728889,49.95053101,0.034628458,7.097175598,12.13330173,10.61279011,555.9608154,114.9174805
3901,3481,22.48908615,28.52339745,50.3013916,0.045195237,7.008145332,12.0706377,10.62990761,555.2008057,114.6169968
3903,3482,22.37980652,28.4971714,50.26483536,0.050618306,7.010822773,12.06595325,10.54924965,555.7167969,114.1691666
3904,3483,20.13186455,28.50338554,50.29801559,0.039250825,7.032233238,12.20765209,10.71692276,553.6541138,116.1623764
3905,3484,17.84641266,28.5092907,50.33139801,0.029003402,7.087121487,12.34935093,10.81929779,552.0839233,117.8978806
3906,3485,18.19984055,28.51252937,50.09291077,0.028315818,7.142009735,12.28796864,10.64843273,554.0903931,116.3725891
3907,3486,16.29432106,28.51576805,50.08685303,0.027628236,7.141074181,12.22210121,10.84818363,552.1478882,117.9412155
3908,3487,20.01659012,28.50280952,49.64448929,0.03440471,7.069743633,12.07467461,10.57032204,556.7962036,113.9932632
3909,3488,23.52558899,28.47319412,50.62642288,0.048844554,6.998413086,11.78642273,10.61039257,554.8922119,115.0947571
3910,3489,23.61514282,28.44358063,50.23276138,0.06328439,6.751200199,11.65391636,10.48207474,556.5245972,113.3278732
3912,3490,21.7814045,28.471735,49.99317932,0.04009217,7.038059711,12.17352009,10.50068569,556.6835938,113.7436447
3913,3491,19.56921196,28.48469543,50.59105301,0.02988762,7.102630615,12.276824,10.77875423,551.9229126,117.4256973
3914,3492,16.25481415,28.48718643,50.16491318,0.027848627,7.128904343,12.30403423,10.8548727,551.5032349,118.214592
3915,3493,17.22153664,28.48967552,50.45658875,0.025809633,7.147651196,12.32087803,10.89720058,551.3271484,118.486969
3916,3494,20.15470123,28.47589111,50.14085007,0.034876097,7.05128479,12.17918587,10.64412785,554.6148071,115.0773621
3920,3495,21.33342934,28.45945168,50.13230133,0.046200898,7.052165031,12.20251846,10.55336094,555.8049316,114.3097992
3921,3496,19.18183136,28.47402763,50.08986664,0.039387763,7.084306717,12.22030926,10.64919853,554.184021,115.8999252
3922,3497,16.94011497,28.4904232,50.16384506,0.034910947,7.106333256,12.22240162,10.80159473,552.3331909,117.7754364
3923,3498,16.87575912,28.50681877,49.97192001,0.030434133,7.11642313,11.99639797,10.76597309,553.5476685,116.8336105
3925,3499,24.17017937,28.48884201,50.42139435,0.054314744,6.850665092,11.87910557,10.57475471,555.5367432,113.5889664
3926,3500,24.54334831,28.48231316,50.27153397,0.062652208,6.94796896,11.98662376,10.50017834,556.5083618,113.0595779
3927,3501,23.57934952,28.49404335,50.14462662,0.051712707,7.016644955,12.09414101,10.47429848,557.2914429,113.0442734
3928,3502,21.4944458,28.50577354,50.42490005,0.040773205,6.899471283,12.17546272,10.65752697,554.5455933,115.2056503
3929,3503,19.43651581,28.51623154,50.43406296,0.03367196,6.866771221,12.23758125,10.70766354,552.8762817,116.6239319
3930,3504,19.18758011,28.52584457,49.95376587,0.029124117,7.004157066,12.29970074,10.66638279,554.7603149,115.2632904
3931,3505,16.8357811,28.5354557,50.34628677,0.024576271,7.141542435,12.14336014,10.91252422,550.9006958,118.7412415
3932,3506,21.3908329,28.51272011,50.28005981,0.040864017,7.108580112,11.9709444,10.57485294,551.1290283,113.3251953
3934,3507,25.15690041,28.4746933,50.05191422,0.064214714,6.893625259,11.94652367,10.45675945,558.0122681,111.9601746
3935,3508,23.8982811,28.47332954,50.58353043,0.055006694,6.979785919,12.01682663,10.51778793,555.8491821,113.9484482
3936,3509,21.54242134,28.47196388,50.40806961,0.045798678,7.065946579,12.09645844,10.61601925,554.732605,115.1639023
3937,3510,20.08767128,28.46870995,50.55999756,0.039912403,7.110277653,12.17992401,10.7275877,552.5440063,116.5906754
3938,3511,17.85654831,28.46487617,50.14266586,0.03504356,7.10438633,12.25300026,10.74718666,553.0150146,116.6888733
3939,3512,17.84798622,28.45965576,50.52250671,0.032923393,7.09849453,12.22962952,10.83688927,551.4394531,118.1087418
3940,3513,20.98436165,28.4467907,50.14104462,0.045958418,7.011562347,12.20625877,10.60835075,554.9656372,114.4966049
3944,3514,22.65210533,28.41036224,50.41879272,0.047552049,7.0008111,11.62010765,10.60969734,555.2030029,114.2294006
3945,3515,20.67365265,28.41570854,50.22143173,0.041426294,6.999528408,11.88256645,10.61472607,554.9428711,114.6780624
3946,3516,20.20256996,28.42197609,50.04902267,0.035355296,6.987544537,12.06828308,10.5743475,555.6663818,114.1610947
3947,3517,19.31567574,28.42570114,50.60292053,0.03442267,6.930711746,11.9587326,10.76832581,552.3308716,117.0975418
3948,3518,21.99889946,28.42398834,50.35946274,0.04448491,6.873878956,11.84918213,10.51737881,555.8406372,113.947937
3949,3519,24.65314102,28.42227745,50.37901688,0.054547153,6.739765644,11.68349171,10.45133972,556.5286865,112.526413
3952,3520,23.66550446,28.41105652,50.67855453,0.047970057,6.959731579,11.97125244,10.57168674,554.8837891,113.8477173
3953,3521,24.35834312,28.40180397,50.3757782,0.046661541,6.937816143,11.91803455,10.38240242,557.1702881,111.9390335
3955,3522,22.42062378,28.38096619,50.54421234,0.0400193,6.956782818,11.87607574,10.57258606,555.2338257,114.0922165
3956,3523,20.94582367,28.37922287,50.38687515,0.034608372,6.975663662,12.0171299,10.6140976,554.8587036,114.0377426
3957,3524,20.40794373,28.37748146,50.1618309,0.029197445,6.994544029,12.14189529,10.55364513,555.0593262,113.988205
3958,3525,19.0055027,28.39370918,49.96314621,0.031417284,6.872119427,12.07295513,10.59258461,555.4362793,114.3097458
3959,3526,22.04278946,28.41966057,50.13127518,0.037796773,6.709789753,12.00401402,10.51152802,556.9307251,113.0886688
3961,3527,23.92510986,28.45044518,50.15592957,0.042196713,6.634670258,11.373106,10.44780922,557.2797241,112.5312958
3962,3528,22.74631119,28.45603752,50.12518692,0.04050488,6.688620567,11.42374134,10.5194664,556.5785522,113.1925888
3963,3529,21.75520515,28.46629906,50.18131256,0.037086625,6.796769619,11.62734699,10.58759117,555.6347656,113.8790588
3964,3530,19.88280869,28.48287392,50.04595566,0.031324305,6.925136089,11.88837433,10.64359093,555.5123291,114.6509018
3965,3531,19.02313614,28.49944687,50.04344559,0.025561981,7.04045248,12.12456512,10.65728283,554.9067383,115.402298
3966,3532,17.63016129,28.521101,50.54485703,0.029966868,7.033019543,12.12629509,10.81490993,551.5509033,118.4564819
3967,3533,21.37570381,28.54391861,49.94419861,0.036719602,7.025586605,12.1280241,10.57532787,556.8569336,113.1482468
3968,3534,23.24011993,28.56038857,50.22097778,0.041953031,6.960915565,12.12300777,10.52953339,556.4586182,113.4857178
3969,3535,23.15807724,28.55179024,50.52939987,0.041104186,6.835245609,12.1108017,10.61386204,555.3082886,114.4859238
3970,3536,22.16142464,28.54319382,50.33955002,0.040255342,6.909290791,12.09859467,10.58348274,555.2417603,114.0001526
3971,3537,20.82406235,28.54525375,50.24500656,0.036681529,7.065128326,12.1968298,10.6505909,554.8677368,115.6725693
3972,3538,19.0970211,28.55470467,50.28917694,0.031199429,7.134585381,12.31261826,10.77788353,553.5183716,116.6743698
3973,3539,17.95363998,28.56415367,50.01968002,0.025717331,7.179625034,12.36480141,10.70251751,553.69104,115.7910233
3974,3540,17.29534149,28.58815575,50.08459854,0.031151846,7.080402851,12.19397163,10.79325676,553.1774902,117.6155777
3975,3541,20.59464645,28.61247063,50.27288437,0.036849231,6.981180191,12.02314186,10.6940012,554.5872192,115.6997604
3976,3542,22.78762436,28.61708641,50.1446991,0.040028322,6.93729353,11.98112106,10.57130241,556.5531616,113.1921539
3977,3543,23.27709961,28.5877285,50.24994278,0.038825814,6.948496342,12.04039574,10.62476349,556.0900269,113.7265244
3978,3544,22.12516975,28.5583725,50.18406677,0.037623301,6.959698677,12.09967041,10.60894203,555.9627075,113.9855881
3979,3545,20.26534462,28.55668831,50.09796143,0.032747999,7.026037693,12.16338444,10.69075775,554.8043213,115.4625931
3980,3546,17.93117523,28.56396103,50.5447731,0.026670069,7.099236965,12.22733974,10.86846161,551.8411865,118.5302582
3981,3547,16.44614029,28.57180977,50.34841919,0.022331776,7.144061565,12.27014828,10.92785931,551.4345093,118.8713074
3982,3548,14.02337265,28.58307266,50.53876495,0.028520463,7.115127087,12.27130604,11.07355404,548.7026978,121.2473297
3983,3549,18.9776783,28.59433556,50.17135239,0.034709152,7.086192608,12.27246284,10.75449848,553.8373413,116.0948334
3985,3550,21.72396088,28.53792381,50.11003113,0.039729249,6.656838894,11.46356297,10.60867023,555.9188843,113.9102554
3986,3551,21.04204369,28.49766541,50.12181854,0.041110091,7.053002357,11.76343441,10.5990696,555.9597168,114.439827
3988,3552,16.28767586,28.48858833,50.14100266,0.028314721,7.172605038,12.45960522,10.80640125,551.8243408,118.2402039
3989,3553,15.70293999,28.49062157,50.3445549,0.02514898,7.173169136,12.45012569,10.90591431,550.6350098,119.0460663
3990,3554,15.50173855,28.50407219,50.0149765,0.030078968,7.173733711,12.44064713,10.84813976,551.8165894,118.1447144
3991,3555,18.45885277,28.5175209,50.23254013,0.035008956,7.131333828,12.33842754,10.82522774,552.6626587,117.1724472
3992,3556,21.64884377,28.49510956,50.22206879,0.038409464,7.02159977,12.18437672,10.60281181,554.5137939,114.9329224
3993,3557,22.91806412,28.45703506,50.15982056,0.041135166,6.911866188,12.03630447,10.53050709,555.7156982,113.4440384
3994,3558,21.94003677,28.4215374,50.69140244,0.043015763,6.966572285,12.08528996,10.64016247,553.7454834,115.7537537
3995,3559,20.85602379,28.41418839,49.94659424,0.035367593,7.07755661,12.13427544,10.54272461,556.3793945,113.9616623
3996,3560,17.19633865,28.40683937,50.35043716,0.027719423,7.170962334,12.18905449,10.76505184,552.0861816,117.2380447
3997,3561,18.0688839,28.40714645,50.31258392,0.025909128,7.150119781,12.2519331,10.71867371,552.4976196,117.5722427
3999,3562,19.65747643,28.42486382,50.19026566,0.035454858,7.075454712,12.20587063,10.57726574,554.9404907,115.3341751
4000,3563,22.6614399,28.39954948,50.36831284,0.039498508,6.990020752,12.0554018,10.57426929,554.9594116,113.8393402
4001,3564,23.2954998,28.36870956,50.17942429,0.043422043,6.904586792,11.94509125,10.48126793,556.6338501,113.23806
4002,3565,22.45411301,28.34603882,50.03112411,0.044575192,6.9538064,12.00164986,10.48119354,556.963562,112.7905502
4003,3566,20.70015335,28.34796143,50.46039963,0.037283514,7.018125057,12.05820942,10.6590414,553.880127,114.0352783
4004,3567,18.65418816,28.34988403,50.11590958,0.029991837,7.06392765,12.14742088,10.63301849,554.5168457,115.9505539
4005,3568,17.42777824,28.35959053,50.31068039,0.028828982,7.054526806,12.26578331,10.73054886,552.088623,117.2107925
4006,3569,16.57488441,28.3737278,50.40758133,0.031184651,7.045125484,12.38414574,10.82182312,550.611145,118.6186523
4007,3570,20.4753418,28.38696098,50.06457901,0.0336571,7.019924641,12.31773758,10.49756908,555.6056519,114.2443237
4008,3571,22.58556747,28.36637306,50.11650467,0.040961746,6.985792637,12.23452473,10.50209904,556.2138672,112.4838562
4009,3572,23.26135826,28.34578323,50.46603394,0.048266392,6.947814941,11.95157528,10.59275723,555.4036865,113.5341568
4011,3573,20.82188988,28.36631966,50.53851318,0.038553506,7.008146286,12.16785812,10.64216232,553.30896,115.5312576
4013,3574,17.67010117,28.42052269,50.48154831,0.026173338,7.09996891,12.24431515,10.75617599,552.3623657,117.379364
4014,3575,17.68103218,28.45367241,50.53930283,0.025573112,7.051468849,12.19594193,10.82844543,551.3270874,117.7311249
4015,3576,20.80648804,28.47898293,50.31997681,0.026241591,7.002968311,12.11020565,10.63886261,554.5076904,114.4899979
4016,3577,22.29386902,28.47116661,50.23302078,0.032355018,6.972019196,12.04087925,10.54591846,556.0047607,113.7834473
4017,3578,22.93645668,28.4633503,50.41297531,0.038468447,6.972200871,12.1435585,10.60081291,555.0680542,113.8912201
4018,3579,21.42679024,28.4728756,50.30604172,0.03769568,6.972383022,12.2462368,10.62388515,555.0553589,114.1184311
4019,3580,19.84025192,28.49495506,50.36786652,0.031878654,7.026988506,12.2889595,10.71715355,553.4147339,116.3506241
4020,3581,18.77696991,28.51703453,50.59708405,0.026061632,7.10263443,12.26546288,10.7606926,552.3671265,117.2379379
4021,3582,17.82066536,28.52985573,50.1688652,0.025482308,7.163262367,12.24196625,10.73483467,553.0488281,116.83564
4022,3583,17.01667786,28.54237366,50.13682175,0.025090609,7.08949995,12.18845654,10.75459671,553.4293823,117.2938309
4023,3584,20.50717163,28.54898071,49.94572067,0.026797865,7.015737057,12.12971497,10.56669712,556.2988892,113.7455902
4024,3585,21.88312721,28.5449276,50.44238663,0.032336276,6.974924564,12.07849312,10.63841152,554.3870239,115.6364059
4025,3586,21.73313522,28.54087448,50.2417717,0.037874684,6.969709396,12.05112171,10.67838383,554.6749878,114.6969147
4026,3587,20.87117577,28.5445652,50.03079605,0.03512333,6.964493752,12.02375126,10.59609604,556.0492554,114.9545364
4027,3588,18.98578835,28.55090523,50.52171707,0.029487429,7.016535759,12.08191395,10.86488056,551.5057983,117.4227905
4028,3589,17.49397659,28.55652428,50.22135162,0.024295436,7.08142519,12.19852448,10.77527237,552.7258301,117.9576035
4029,3590,15.98048306,28.55744934,50.12827301,0.022067446,7.131393433,12.315135,10.83011055,552.7390747,117.9826584
4031,3591,18.18984413,28.53940201,50.6533699,0.02292905,7.115914822,12.17306805,10.82443047,551.8303223,117.9874954
4032,3592,20.77608681,28.50219345,49.97764206,0.030951861,7.089285374,12.10934258,10.55337715,552.5024414,113.5311966
4033,3593,21.47144699,28.46498489,50.56733704,0.038974673,7.046608925,12.06084347,10.72231102,553.3907471,115.9004211
4034,3594,20.62837982,28.46048737,50.21171951,0.034398895,7.003932476,12.01234436,10.59876442,554.9277344,114.8153915
4035,3595,18.44771385,28.45922279,50.52494812,0.028536331,7.102879047,12.13428402,10.76080036,551.8203125,117.6986771
4037,3596,15.16023731,28.44440079,50.56086349,0.020992395,7.259640694,12.43673801,10.9257412,549.7237549,120.117157
4038,3597,14.77535534,28.43366814,50.55290604,0.018356305,7.171798229,12.27479935,10.93288231,549.2896729,119.9488983
4040,3598,22.42166328,28.38819122,50.24346161,0.039879031,7.022522449,12.00560093,10.50358391,555.9654541,113.5444107
4041,3599,23.32100868,28.36649513,50.5081749,0.051577803,6.972081661,11.94588184,10.55628204,554.8562622,113.7134018
4042,3600,22.45993042,28.38542175,50.28848267,0.042994026,6.918721199,11.88616276,10.58092403,555.7368164,113.2771683
4043,3601,19.48948479,28.40434647,50.10121155,0.034410249,6.799902916,12.02418804,10.63176727,554.6915283,114.9057541
4044,3602,19.22363663,28.41818619,50.05718994,0.028084228,6.730879307,12.17870045,10.60328579,554.581543,115.310318
4045,3603,17.69682884,28.42612076,49.74627304,0.024402047,6.909263611,12.25552082,10.61902523,555.2651978,114.5572968
4046,3604,16.85887527,28.43405724,50.50997925,0.020719867,7.087647915,12.15821171,10.80749893,551.3120728,118.1339035
4047,3605,21.24152565,28.4247036,49.90061951,0.031552121,7.127981663,12.0609026,10.50799656,556.3264771,113.396965
4048,3606,23.19115639,28.41232681,50.41078949,0.044977117,7.046349049,12.0469017,10.53343105,555.4431763,113.9032211
4050,3607,22.48742485,28.41987419,50.38898087,0.044811156,7.007544041,12.09821129,10.51462269,555.1524048,113.864975
4051,3608,19.99443626,28.43354797,50.19350433,0.036395054,7.068954945,12.20110989,10.65835667,554.3916626,115.0943451
4052,3609,18.10572433,28.44322586,50.56536865,0.030607462,7.116026878,12.30400753,10.75096035,551.8294067,117.7621384
4053,3610,17.3867588,28.45054245,50.10230255,0.026393246,7.122021675,12.32223511,10.7195816,553.3596191,116.5298996
4054,3611,16.67371178,28.45780945,50.30034256,0.022179032,7.128015995,12.24634457,10.81112576,551.4954224,118.0632706
4055,3612,20.07272339,28.46224403,50.38002014,0.032293897,6.700550079,12.17045403,10.68818378,553.4802856,116.0592575
4056,3613,23.40326691,28.46667862,50.12247467,0.043023121,6.702676296,12.11071491,10.4668417,556.9501343,112.9033203
4057,3614,23.69789505,28.47227478,50.21339035,0.04787552,6.849239826,12.0538702,10.45422077,557.1222534,112.7091293
4058,3615,22.15262032,28.4795742,49.89220047,0.041674126,6.981966019,12.02696991,10.47132587,557.3179321,112.7358322
4059,3616,19.15911293,28.48687172,50.2904892,0.035472732,7.034512997,12.1219902,10.717062,553.5986938,115.9572144
4060,3617,18.0279808,28.48676109,50.0225029,0.030427728,7.087059975,12.2170105,10.71171188,553.7186279,116.4943542
4061,3618,16.6320076,28.48472023,50.31795883,0.025798569,7.111588478,12.27427578,10.86641026,551.2435303,118.7655258
4062,3619,15.88678837,28.48178482,50.19625092,0.022944523,7.109037399,12.30483818,10.86532021,551.8082275,118.7011566
4063,3620,19.89232635,28.47482872,50.13368988,0.032615259,7.106485844,12.33539963,10.64063931,554.6105957,115.4611588
4064,3621,22.41882896,28.46787071,50.48277664,0.042285994,7.099983692,12.24145699,10.67796707,554.027771,115.375267
4066,3622,21.87638664,28.45733833,50.57819366,0.040129613,7.080548763,12.11151123,10.66090584,553.8881226,115.6380005
4067,3623,20.90531921,28.45253563,50.16004562,0.035585146,7.051886559,12.19246864,10.61806107,555.0626221,115.0361023
4068,3624,18.1075058,28.44809532,50.18688965,0.033975016,7.023223877,12.2734251,10.71548462,553.1948853,116.7710342
4069,3625,17.96320724,28.44367027,50.06010437,0.032688975,7.010247231,12.20368004,10.72584438,553.4430542,115.766037
4070,3626,19.20452118,28.44025612,50.13350677,0.03336608,7.007847309,12.08392334,10.62667179,552.8540649,114.8819351
4071,3627,21.75623131,28.43873787,49.90910339,0.038874388,7.005447388,11.99023533,10.52345276,556.6754761,112.8077545
4072,3628,23.37740898,28.43722153,50.31617737,0.044382691,6.833944321,12.0590868,10.50950146,556.2896118,112.8539124
4074,3629,22.60437584,28.45018578,50.18266678,0.040847089,6.933585167,12.14516449,10.46557426,556.0172119,112.9218369
4075,3630,21.61638641,28.45764542,50.37697983,0.037589099,7.044160366,12.11304379,10.58164501,554.6304932,114.7114258
4076,3631,20.97699356,28.46336174,50.24324036,0.033090215,7.045011997,12.08092213,10.69399166,554.4554443,115.0371933
4077,3632,20.81337547,28.46907616,50.23291016,0.028591335,7.037452698,12.09808254,10.63181305,554.9277954,114.9526062
4078,3633,21.34326363,28.48194885,50.50410461,0.02653808,7.028280735,12.1207428,10.65125275,553.8260498,115.1556625
4079,3634,21.16012001,28.50164604,50.41770172,0.027435513,7.014849663,12.14681149,10.66044235,554.5716553,115.3504181
4080,3635,21.91806221,28.52134514,50.64884949,0.028332947,7.001418591,12.18192196,10.63953304,554.2768555,115.3031693
4081,3636,21.69343376,28.51553726,50.61135101,0.026788021,7.017632484,12.21703243,10.63599586,553.6602173,115.2516403
4084,3637,18.72027206,28.51406097,50.60631561,0.020957598,7.079023361,12.3269043,10.75981998,552.203064,117.2221069
4085,3638,18.88376999,28.52439308,50.55758286,0.019102372,7.07668972,12.32448387,10.8435297,552.1834106,117.2770538
4086,3639,17.97942352,28.54689026,50.13735199,0.021107454,7.074514866,12.32206345,10.77191257,553.3040771,116.7572327
4087,3640,19.52900505,28.57519341,50.26097107,0.025502209,7.072555065,12.28983021,10.70659256,554.6876221,116.2143173
4088,3641,20.3151722,28.60128403,50.20995331,0.029865164,7.070595741,12.21690273,10.66464043,554.3403931,115.9007111
4089,3642,21.11776543,28.59567261,50.29684448,0.028805315,7.073414803,12.14397526,10.68197918,553.9069214,115.7884521
4091,3643,19.02416039,28.59374237,50.19924164,0.025586519,7.08906126,12.28870678,10.77856636,553.7410889,116.4627457
4092,3644,17.13844681,28.60861969,49.82308197,0.021739336,7.156750679,12.35502148,10.68871117,554.5930786,116.793396
4095,3645,18.27634621,28.65842438,50.0814743,0.025976507,7.153344154,12.25498581,10.76531982,553.9099731,116.9167557
4096,3646,20.40963173,28.66818619,50.26395798,0.029909376,7.083184242,12.17614841,10.75799179,553.8272095,116.6982422
4097,3647,21.05643654,28.65149117,50.14883041,0.028651567,7.106043816,12.09731007,10.69494343,555.2557983,114.9347076
4098,3648,20.39904976,28.63479424,50.17167664,0.027393756,7.145048618,12.15864372,10.62055588,555.0164795,115.5942307
4099,3649,18.75824928,28.62853432,50.5662384,0.02527177,7.176756382,12.22550106,10.85241222,552.1079712,118.3096771
4100,3650,17.29437256,28.62869835,50.53346634,0.022468867,7.180839062,12.25907993,10.90880585,551.0701294,119.9212875
4101,3651,16.92962074,28.62895203,50.41294861,0.019665966,7.184922218,12.23104858,10.85914326,551.9414673,118.8616257
4104,3652,19.25125313,28.63548088,50.07044983,0.025934119,7.036566257,12.11119175,10.70731258,553.8339844,116.4407196
4105,3653,19.3069191,28.61575699,50.12553024,0.026383271,7.060806751,12.22026539,10.70369625,554.3504639,116.4240265
4106,3654,17.04410744,28.60353851,50.43959808,0.023601539,7.161560059,12.32463551,10.85377884,551.859375,118.3978882
4107,3655,16.02178001,28.59339905,50.1562233,0.019588534,7.262313366,12.41264629,10.86017799,552.579834,118.4672852
4108,3656,14.91969299,28.58529282,50.59106827,0.016524291,7.269369602,12.50065708,10.95981216,549.84552,120.7032166
4109,3657,14.69609356,28.58697701,50.19743347,0.020933688,7.182991028,12.14133453,10.95177841,550.7382813,120.4315338
4110,3658,17.1727314,28.58866119,50.57344437,0.025343085,7.096612453,11.49795723,10.8586874,551.7304077,118.9107437
4111,3659,21.53882027,28.56461716,50.33603287,0.02958769,7.044277668,11.44137669,10.61852551,554.6599731,114.5951996
4112,3660,20.04467392,28.54873466,49.89901352,0.030949047,7.0768013,11.79717636,10.60452557,556.2623291,113.7926483
4113,3661,18.55441284,28.54487991,50.24332428,0.027281115,7.109325409,12.15297699,10.74636745,553.5772095,116.7759628
4114,3662,16.46248817,28.54166985,50.53337097,0.022986418,7.142897129,12.27952385,10.87074471,551.1404419,119.2256927
4115,3663,15.41612434,28.54273796,50.18009186,0.021298338,7.177167416,12.30736923,10.87153721,551.5653687,118.7823257
4116,3664,14.16835594,28.55220604,49.86265182,0.026395435,7.211437225,12.32388306,10.81219864,552.5217285,118.565239
4117,3665,19.19709587,28.56167412,50.46811295,0.031492531,7.118236065,12.22220993,10.7124691,553.5880127,116.3814545
4118,3666,22.18631935,28.55231476,50.04472733,0.033557579,7.023574829,12.12053585,10.54353523,556.7861938,113.1156693
4119,3667,22.29600525,28.53583908,50.54153824,0.03410257,7.002300739,12.08855534,10.61183929,554.8494873,114.6037064
4120,3668,19.78544426,28.52233696,49.87577438,0.034294479,7.102258682,12.13332939,10.54990005,556.413147,114.6960831
4121,3669,17.47353745,28.53196144,49.77555847,0.028352605,7.202216625,12.1781044,10.6396389,555.0809937,115.5829315
4122,3670,16.23990059,28.54158592,50.29673386,0.02241073,7.218622684,12.32098007,10.83359241,551.4393311,118.6742554
4123,3671,15.15457249,28.54992676,50.55394363,0.020069312,7.205504894,12.47924995,10.91540337,550.2034912,119.3495636
4124,3672,14.19715214,28.5569973,50.42498779,0.022252282,7.165358067,12.56225872,10.91017818,544.9031982,118.3954544
4125,3673,16.56410027,28.56406784,50.55716705,0.024435252,6.9398489,12.42289352,10.90600395,550.5525513,119.2576675
4126,3674,20.38310814,28.54072762,49.87872696,0.028495044,6.714339733,12.28352928,10.55151558,556.4869385,114.1770477
4127,3675,20.59053421,28.51363182,50.43725967,0.032937456,6.709019184,12.24528122,10.64047337,554.1912231,115.2572556
4128,3676,19.59244919,28.49643707,49.76939011,0.034942701,6.92324543,12.26396179,10.5090313,556.3287354,113.8254089
4129,3677,16.76627922,28.50502014,50.49381256,0.02820286,7.137471676,12.28419113,10.85446453,551.425415,119.0313721
4130,3678,15.33914566,28.51360512,50.04807281,0.021463018,7.214368343,12.35853672,10.84337234,551.7313843,117.9559555
4131,3679,13.23770809,28.52066231,50.37246323,0.019095421,7.267235279,12.43288231,11.03630447,548.854248,121.1855774
4132,3680,12.11835194,28.52695274,50.223423,0.019568548,7.28524065,12.4040823,11.04271603,549.2288818,121.4871826
4133,3681,15.68751144,28.53224373,49.97014618,0.020041674,7.178102493,12.23048973,10.78935242,552.7229614,117.8872528
4134,3682,20.13475227,28.51992226,50.16827774,0.026485577,7.070964336,12.05689812,10.65584373,554.8609619,115.0740433
4136,3683,19.0623951,28.50810432,50.09490585,0.034348756,7.067115307,12.15673351,10.64168262,554.0734863,116.172554
4137,3684,16.45972633,28.52479172,49.82116699,0.027514271,7.091005325,12.21080399,10.6891489,554.1188965,116.612442
4139,3685,23.66003036,28.55733871,50.26846695,0.020106288,6.936374187,12.15007782,10.61466599,555.7755127,113.1031723
4140,3686,22.05502129,28.57303238,50.36981201,0.021392303,7.020803928,12.17469215,10.65977192,554.4043579,115.0187378
4141,3687,17.47677422,28.58398819,49.95233917,0.023563512,7.105233669,12.23901176,10.76625633,553.6612549,117.0567856
4142,3688,20.0644989,28.57801437,50.05732346,0.030391619,7.106550217,12.30333233,10.69115448,554.6057739,115.4255066
4143,3689,20.55981255,28.57204247,50.13413239,0.037219726,7.080133915,12.3374424,10.56365967,554.9190674,115.0867538
4144,3690,19.29535103,28.57383347,49.6749382,0.036134522,7.046587467,12.37058258,10.57979488,556.3609009,114.5128326
4147,3691,22.98548889,28.59845734,50.20860291,0.020247281,6.984246731,12.02445507,10.5994978,556.1558838,113.0738831
4148,3692,21.39913368,28.60946846,50.13251877,0.020037035,7.116431236,12.05612087,10.64570045,555.5078735,114.4207535
4149,3693,16.89039993,28.60562134,50.33272552,0.022463417,7.213342667,12.1518364,10.86944675,551.7006836,118.7122726
4150,3694,20.83387566,28.57796097,50.51937866,0.030361172,7.143105507,12.22941399,10.69178581,553.460022,115.9939575
4151,3695,21.97992897,28.5503006,49.87080002,0.038258925,7.072868824,12.18942547,10.50539303,557.7584839,113.2830276
4152,3696,20.287117,28.53796196,49.61631393,0.035595268,7.084545612,12.149436,10.47579861,557.2518311,113.1599655
4153,3697,17.62178802,28.53012657,50.41801834,0.028700022,7.159914494,12.20140076,10.78502846,551.6831665,118.0100708
4154,3698,15.97059727,28.52306747,50.34199142,0.02263716,7.235283375,12.33747196,10.86309814,551.0568237,118.6600342
4155,3699,15.38678837,28.52005768,50.50481415,0.023892673,7.197219372,12.47354317,10.87765312,550.725647,119.1370087
4156,3700,14.67411518,28.51704788,49.77448273,0.025148183,7.153312683,12.33017445,10.72240543,553.8144531,116.9314728
4157,3701,19.20094299,28.49514961,50.57400513,0.029601883,7.053220749,12.15944481,10.79437447,552.3712769,117.1622391
4158,3702,21.88874054,28.4577446,50.12378693,0.03738087,6.843735218,12.05984497,10.62062359,555.6011353,113.4391708
4159,3703,21.87510681,28.42034149,50.29437637,0.045159861,6.634249687,12.12675858,10.54541397,554.9545898,113.5697861
4160,3704,20.73107529,28.42390823,50.36799622,0.039744791,6.742074966,12.19367123,10.61954308,554.291748,115.1598663
4161,3705,17.10058594,28.43020439,50.03291702,0.032504629,6.936934948,12.27767086,10.71822262,553.333313,116.6993561
4162,3706,17.89694405,28.43890762,50.28223419,0.026425913,7.104068756,12.37041569,10.76633739,552.7081909,117.4435883
4163,3707,16.15990829,28.45258904,50.59204865,0.023536956,7.128238678,12.45161152,10.83727074,550.4641113,119.0349121
4164,3708,15.20925331,28.46626854,50.2768364,0.020647999,7.152408123,12.31285477,10.74745464,551.6592407,118.5565567
4165,3709,19.42571068,28.47337532,49.90950394,0.025083832,7.11954546,12.17409801,10.62552261,555.1821899,114.6320648
4166,3710,20.8695507,28.47785187,50.26027298,0.033369906,7.040161133,12.10145473,10.54721546,555.2250366,114.6864395
4167,3711,21.21020889,28.48534775,50.17562485,0.040974002,6.960776329,12.11349678,10.57559872,555.1119385,114.0400467
4168,3712,20.13431168,28.51935959,49.84135437,0.033773433,7.051165104,12.12553787,10.52958775,556.1034546,113.9000397
4169,3713,17.39237213,28.55337334,49.89204025,0.026572863,7.152647972,12.24487305,10.68605423,554.2949219,115.1721039
4170,3714,15.21742344,28.57995224,50.65363312,0.021956442,7.223808765,12.3866806,10.96684265,549.135437,120.5146484
4171,3715,14.82718658,28.59880066,50.62314606,0.020735949,7.229776859,12.47545719,11.01399994,548.8909912,120.7452164
4172,3716,14.70645618,28.61764908,50.13631058,0.019515457,7.23574543,12.37081337,10.95067024,551.1731567,119.5473557
4173,3717,18.21678734,28.63768387,50.30199814,0.02576096,7.191283226,12.26616859,10.81076813,552.8093262,117.2275543
4174,3718,21.05859947,28.6578846,49.97185898,0.03429408,7.1258111,12.19811916,10.64739132,555.897644,114.9880066
4175,3719,21.13034058,28.67739105,50.24574661,0.040299453,7.072750568,12.15408802,10.70654964,554.8452759,115.4217606
4176,3720,19.95748901,28.69499969,50.04156876,0.032413341,7.150202751,12.11005592,10.66108418,555.3303223,115.6685562
4177,3721,16.00676346,28.71260643,50.2669487,0.024527233,7.227655411,12.17946243,10.87787056,551.697998,119.0977707
4178,3722,16.10918617,28.72003746,50.56967545,0.021492215,7.261738777,12.24974537,10.99669647,550.3695679,120.0247345
4179,3723,16.93347549,28.72211838,50.53977585,0.022552896,7.247848511,12.2592926,10.96683979,550.6392212,119.2418747
4180,3724,16.75418663,28.72347832,50.39358902,0.023613578,7.233957767,12.1699028,10.92783737,551.2681885,119.5594101
4181,3725,19.93087196,28.70917702,50.25427628,0.032355275,7.160130024,12.08051395,10.721591,554.1052246,116.6334686
4182,3726,22.4949379,28.69487381,50.66456223,0.041668858,7.076798916,12.08606243,10.70503521,553.6756592,116.1064224
4183,3727,22.269104,28.6884613,50.44402313,0.045235444,7.023594379,12.12021637,10.69187737,555.0830688,115.1714325
4184,3728,20.67920303,28.69241524,50.14723969,0.036521684,7.07778883,12.16853619,10.63599777,555.4711914,115.1033707
4185,3729,18.14323044,28.69636726,50.65407944,0.027807921,7.13198328,12.29313087,10.85415649,551.7727661,118.8611603
4186,3730,16.2208252,28.69112396,50.2011261,0.023865258,7.177361488,12.41772461,10.91179657,551.6737671,119.1838303
4187,3731,15.20606995,28.68386269,50.32525253,0.021899711,7.215950012,12.40345097,10.95218563,550.2998657,120.0664139
4188,3732,14.63322639,28.67441559,50.54687881,0.02111,7.254539013,12.25583744,11.01490021,549.8270264,121.210289
4189,3733,18.16763687,28.65668106,49.73184586,0.031438824,7.191605568,12.10822392,10.65754604,555.590332,115.0879974
4190,3734,22.1129303,28.63894844,49.92217255,0.041767646,7.120030403,12.0769558,10.57685757,557.1382446,113.4037399
4191,3735,22.26426888,28.63107109,50.56855011,0.043325782,6.991754055,12.06727505,10.68642426,553.8596191,115.7433014
4192,3736,20.79989815,28.62984276,49.65260315,0.035518259,6.786933422,12.00983047,10.53746033,557.5722046,113.3355103
4255,3737,16.8757515,28.83993912,50.09202576,0.012223935,7.342115402,12.36977291,10.97694302,550.1781006,120.3272552
4312,3738,12.94760132,28.88030815,50.03960037,0.008782278,7.173121452,12.09878349,11.05161667,548.9794922,122.8555984
4313,3739,12.88626575,28.92211723,50.58414841,0.009053677,7.299033642,11.67129517,11.17247963,549.5872192,123.1104431
4314,3740,18.57542038,28.91723061,50.50551224,0.01076497,7.231840134,12.25734997,10.93224239,553.2384644,118.12603
4315,3741,20.20079803,28.91234589,50.2139473,0.012476264,7.164646626,12.10682106,10.75212002,555.774231,116.1223755
4316,3742,18.60211182,28.91352463,49.89146805,0.012983211,7.169834137,11.95629311,10.71704578,556.7026978,115.8079605
4317,3743,17.19405556,28.92315865,50.19676208,0.011810387,7.241701126,12.09689999,10.93047714,553.920105,118.3898773
4318,3744,15.37626743,28.93279457,50.65475464,0.010637565,7.313568115,12.25416279,11.06108475,550.920166,121.5182114
4319,3745,12.77213001,28.93100548,49.79616165,0.009624273,7.230351925,12.36864376,10.93472958,553.2425537,120.4375
4321,3746,12.69072151,28.91897392,49.82346344,0.008536125,7.301379681,12.15384674,11.03634071,552.4688721,121.0542831
4322,3747,21.28837013,28.89925385,50.08872223,0.012130343,6.921778679,11.87343502,10.64549065,557.4189453,115.1694641
4323,3748,23.75022316,28.87953568,50.07594299,0.01572456,6.641026497,11.7230444,10.59852314,558.5744629,112.4882431
4324,3749,20.58978081,28.86723137,50.03264999,0.015675297,6.754850864,11.94635868,10.64750385,557.1802368,114.8424683
4325,3750,16.17636871,28.86044121,49.96803665,0.012903361,6.931087017,12.16967297,10.7866478,555.0734253,117.2099075
4326,3751,14.44128513,28.85365295,50.69024277,0.010131423,7.107323647,12.28830338,11.13220501,550.5620117,121.1153183
4328,3752,11.47890949,28.85341263,50.14630127,0.009077422,7.056249142,12.40428829,11.04592609,550.5646973,122.5956726
4329,3753,16.2300663,28.84953499,49.96489334,0.010249718,7.08125782,12.35908985,10.69633865,550.6422119,115.0066833
4330,3754,19.54252052,28.83821869,50.0217247,0.014578318,7.173356056,12.31389046,10.704772,555.4939575,116.1561584
4331,3755,15.90996361,28.82690239,49.99959564,0.018906919,7.265454292,12.27963924,10.79471397,554.2235718,118.3845978
4332,3756,13.93265438,28.82284546,50.23973465,0.017321736,7.003659248,12.26317692,10.96070576,552.0221558,120.3290024
4333,3757,17.50213623,28.82148361,50.32897568,0.013538328,7.072827816,12.24671364,10.91361618,553.0569458,118.4345093
4334,3758,16.09489441,28.82046127,50.70355606,0.010254887,7.141996384,12.23055935,10.96913624,551.086853,119.5829697
4335,3759,17.76468277,28.8219986,50.45855331,0.010758489,7.174942017,12.2145052,10.86472702,553.1618652,117.8540115
4336,3760,15.88919163,28.82353783,49.99197769,0.011262093,7.192294121,12.20386028,10.82294846,553.7141724,118.3590698
4337,3761,17.49755096,28.817276,50.00388718,0.012997691,7.21108532,12.22579479,10.76170635,555.2955322,116.563179
4338,3762,15.00204659,28.80334663,50.28398514,0.015944617,7.245077133,12.24773026,10.90576077,552.2809448,119.9112701
4339,3763,15.18410301,28.78941536,49.91268921,0.018891541,7.279069424,12.25273705,10.85453987,553.6911011,118.7504196
4340,3764,14.41708279,28.79427719,50.53566742,0.016252538,7.305067062,12.24273109,11.00756741,550.6795654,120.8458481
4341,3765,17.01815033,28.80140495,50.15444946,0.012939462,7.32159996,12.23272514,10.89498043,553.7297974,117.4412155
4342,3766,14.53456306,28.80815125,50.0754509,0.010511169,7.338132858,12.29980087,10.95334721,552.7732544,119.7800217
4343,3767,13.61317825,28.81391716,49.81888199,0.0103574,7.328406334,12.37376785,10.87891293,553.4412231,118.7415619
4344,3768,13.38236237,28.81968117,49.66433334,0.010203632,7.313430309,12.39087105,10.86762619,553.949707,119.1492844
4345,3769,16.15790749,28.80730629,50.10124969,0.012421961,7.294410706,12.27900028,10.90684223,553.8640747,118.3737869
4346,3770,22.65649605,28.78591347,50.22094345,0.015818909,7.261030197,12.16712952,10.59295368,557.0773315,113.7371826
4347,3771,14.52977371,28.76600075,50.63883591,0.018843114,7.227649689,12.17255688,11.02409935,550.4036255,121.2124405
4348,3772,13.01113415,28.77088547,50.34309387,0.0156337,7.152122974,12.23458385,11.05509853,550.3588867,121.0034256
4350,3773,12.80475712,28.77124023,50.40923309,0.010701854,6.99801302,12.36424541,11.04642105,550.1297607,121.1559448
4351,3774,12.2276926,28.75494576,50.41265106,0.010834953,7.088258266,12.43157768,11.0654335,549.5087891,121.9651108
4352,3775,15.83849239,28.73864937,50.35407257,0.010968052,7.178503036,12.41962624,10.89466953,552.4981079,118.5233536
4355,3776,15.66228485,28.67598534,50.5502739,0.020731455,6.961654663,12.13641548,10.85425472,551.9066162,119.2159119
4356,3777,14.9686985,28.67521858,50.44729233,0.018886417,6.998393059,12.14997578,10.83787632,548.1068726,116.7357254
4358,3778,17.48055458,28.66549492,50.49382401,0.015210507,6.823318005,11.66725349,10.8575182,552.8190918,117.9233246
4359,3779,20.55154991,28.65123749,50.26125717,0.013388759,7.030646801,11.87286472,10.57373333,556.3289795,113.9973297
4360,3780,16.55552864,28.63698006,49.97249985,0.011567011,7.099023819,12.07847691,10.69058037,554.8870239,116.2200012
4361,3781,15.39696312,28.62605095,49.92647552,0.011306178,7.16740036,12.11664391,10.78735256,554.3060913,117.4503632
4362,3782,15.63555717,28.61513519,49.52626038,0.011051131,7.121509075,12.15354347,10.54709244,557.1390991,114.8956528
4363,3783,16.10072708,28.60612106,50.02170563,0.010813475,7.049374104,12.19276714,10.75695896,554.5997925,116.6204834
4364,3784,16.37745094,28.60015297,50.74030304,0.010603673,6.984881401,12.23577309,10.85236645,551.9347534,118.7963333
4365,3785,15.5080595,28.59418488,50.51117325,0.010393872,6.964765549,12.27877808,10.8832407,551.8438721,118.4431229
4367,3786,16.0697403,28.64330673,50.46273422,0.01091581,6.960919857,11.91216278,10.82188606,552.7637329,117.9357452
4368,3787,16.25268745,28.67028618,50.45064545,0.011298796,6.927548409,12.04866982,10.49537754,555.0039063,114.8087845
4369,3788,17.34061432,28.68939972,49.79179001,0.012004322,6.881646633,12.14654064,10.63077736,556.7802734,115.4729919
4370,3789,18.47384262,28.70851326,49.92325592,0.012709849,6.830965519,11.66733742,10.59825706,557.1237793,114.4386139
4372,3790,15.66422462,28.73725128,50.05799484,0.011915552,7.002056599,12.08244324,10.75508404,554.7113647,117.1171875
4373,3791,16.41178894,28.75023651,50.10838318,0.011197062,7.195996284,12.15550518,10.75030231,554.8122559,116.7952118
4374,3792,15.26472664,28.76348495,50.28708267,0.010750151,7.238431454,12.22856617,10.92937374,552.8939819,118.534317
4375,3793,14.3237257,28.77675056,50.61026764,0.010321585,7.2808671,12.27733612,11.00703907,550.9698486,121.2014236
4376,3794,14.32219601,28.78925896,50.10289764,0.010380398,7.255367279,12.32174397,10.92324352,553.2191772,119.193428
4377,3795,15.22911072,28.80018997,50.00500107,0.011449828,7.195343971,12.28599358,10.84390068,554.0941162,118.7758942
4378,3796,18.02093124,28.81112099,50.08413315,0.012519257,7.128743649,11.93970108,10.77340126,555.3947144,116.0953522
4379,3797,19.3182888,28.80914688,50.22606277,0.012217301,6.894557476,11.59340858,10.78809643,555.1540527,116.0165558
4380,3798,16.80099487,28.80195618,50.18403625,0.011363729,6.7858181,11.77225304,10.81979942,554.6512451,117.4586868
4381,3799,15.03650761,28.7944355,50.50540543,0.010551279,7.164004803,12.08529663,10.92927551,551.9822388,119.6179276
4382,3800,13.60556221,28.78393555,50.42629242,0.010105899,7.056964397,12.35281944,11.00397682,551.6315918,120.5256348
4383,3801,12.87172604,28.77343559,50.41446686,0.009660517,7.201247692,12.3675499,11.02219868,550.4261475,121.3428802
4384,3802,12.42862225,28.77011871,50.24933243,0.010319291,7.345530987,12.3822794,10.99666309,551.0400391,120.8852005
4385,3803,13.36013508,28.7743206,50.1100769,0.012135538,7.25798893,12.3104744,10.95338249,552.2554932,120.0343781
4386,3804,20.07248497,28.7785244,50.38325882,0.013951787,7.142594814,12.16505432,10.74608517,554.7119751,115.8043747
4387,3805,21.70139313,28.78224182,50.22988129,0.012945136,6.951388836,12.01963329,10.6622448,556.038147,114.0336533
4388,3806,18.28803253,28.78588867,50.41701889,0.01153987,7.03587532,12.1481638,10.76885033,554.5870361,116.9432678
4389,3807,14.23302269,28.78429413,50.4452095,0.010393992,7.193688869,12.31103516,10.94172287,551.387207,119.8887177
4390,3808,14.53039074,28.76814651,50.23509598,0.009969431,7.271453381,12.40760899,10.91736698,552.4844971,119.2652435
4391,3809,13.64937496,28.75199699,50.33971024,0.00954487,7.313770771,12.30682659,10.94721889,551.6378784,120.263916
4392,3810,13.97319698,28.75185013,50.16018295,0.010019556,7.219921589,12.2060442,10.88476467,552.3301392,119.9494553
4393,3811,15.08228493,28.7602253,50.37645721,0.010973067,7.162605286,12.10898018,10.93518829,552.0974731,119.538208
4394,3812,16.74000359,28.76745415,50.00394821,0.011909972,7.133792877,12.01450825,10.74159908,555.0003662,116.2566071
4395,3813,16.94341469,28.7472744,50.25682831,0.012450749,7.104980469,11.92003632,10.76555634,554.0882568,116.9499207
4396,3814,17.09298515,28.72709656,50.66750336,0.012991526,6.794337273,11.83691692,10.82409382,552.5799561,118.0261917
4397,3815,17.44242668,28.7057724,49.8889389,0.013682117,6.938368797,11.75467396,10.62106133,556.1517334,115.2623138
4398,3816,18.29589272,28.68292236,50.51298141,0.014572916,6.83032465,11.83290386,10.74648094,554.0341187,116.2705612
4399,3817,21.09424973,28.66007042,49.79438782,0.015463714,6.963383198,11.91375446,10.46691608,558.9190063,112.0746384
4400,3818,19.15480423,28.67573929,50.04026794,0.015236312,7.096441269,11.87858486,10.65253925,557.1906128,114.5345078
4402,3819,20.95578766,28.721035,50.25822449,0.014251806,7.070770264,11.6871109,10.58018875,556.8527832,114.0341644
4403,3820,20.24417877,28.72855759,50.48719788,0.013649408,7.082538128,11.82557678,10.70205593,554.8374023,115.4728928
4404,3821,18.24620056,28.73607826,49.59647751,0.01304701,7.07587862,11.69671249,10.55539989,557.7954712,113.9425812
4405,3822,17.78625298,28.74995041,50.20446014,0.012385597,6.84231329,11.80250263,10.7102108,554.977478,116.9384384
4406,3823,16.03316116,28.76819611,50.552742,0.011683555,6.881915569,12.15923882,10.84997082,552.7984009,118.7691345
4407,3824,15.74035072,28.78644371,49.9748497,0.010981514,6.959743023,12.18879604,10.7832098,554.6135254,117.5894852
4408,3825,15.77738094,28.8007679,50.01931763,0.011648433,7.079045773,12.21673298,10.80217457,554.5137939,117.1947861
4409,3826,17.40880585,28.81501579,50.00218964,0.012343169,7.071597099,12.1105566,10.68902683,555.4629517,116.7025604
4410,3827,20.25434875,28.82164955,50.44815445,0.012840311,7.049950123,12.00438023,10.74871922,554.8948364,115.9895248
4411,3828,21.40893745,28.81522369,50.17400742,0.012998755,7.040763378,11.9783783,10.63583183,557.2250366,113.7682266
4412,3829,18.7261467,28.80879974,50.38754654,0.013157198,7.092835426,12.07286549,10.75850487,554.3427124,116.4407578
4413,3830,15.65432644,28.80503464,50.55702591,0.012225113,7.191574574,12.16735363,10.79688644,548.4291992,115.8379898
4414,3831,16.64236832,28.80213165,50.30799866,0.010940724,7.290314198,12.24248505,10.85285282,553.3724976,117.8283234
4415,3832,13.35645294,28.79960632,50.43468857,0.009930613,7.328582764,12.31135464,11.04903793,550.7331543,121.3657532
4416,3833,11.88227463,28.79935837,49.97461319,0.010552573,7.347119808,12.34780312,10.95855522,551.8933716,120.526947
4417,3834,14.05481434,28.79911041,49.99309158,0.011174534,7.351091385,12.19152927,10.92825699,552.6709595,119.5858002
4418,3835,18.71928215,28.79236412,50.11924744,0.011422032,7.25546217,12.03525543,10.70985794,555.887085,114.7923889
4419,3836,18.97405052,28.77986336,50.25712967,0.011339545,7.095855713,12.00588036,10.72111797,555.3150024,115.8394318
4420,3837,16.46673203,28.7673645,50.18773651,0.011257059,6.961365223,12.11114407,10.78237534,554.1347046,117.5383835
4421,3838,15.14372826,28.75698471,49.86557388,0.010546539,7.04129982,12.21640682,10.74195099,555.2149658,116.9669266
4422,3839,14.34558773,28.74679375,50.54271317,0.009781256,7.147706985,12.2750721,10.98128891,551.6633301,117.8821945
4423,3840,12.29447937,28.74390984,50.21196365,0.009199138,7.253620148,12.32600212,10.92699051,552.3462524,120.1267471
4424,3841,10.61198902,28.75756645,49.9490509,0.009029356,7.268532276,12.28744602,10.83577061,551.9370728,121.0554962
4425,3842,11.4669466,28.77122498,49.67540741,0.008859574,7.088410378,11.97476006,10.79232216,553.838623,119.064415
4426,3843,14.24267101,28.77295494,50.2430687,0.009358862,6.908288479,11.66207314,10.85483551,553.036377,119.0403671
4427,3844,16.76608086,28.76943779,50.08449554,0.010150533,6.804162025,11.53721142,10.73567867,555.465332,117.0990982
4428,3845,15.08365917,28.76739883,50.20272446,0.010813529,7.236204624,11.83498287,10.7818861,554.3961182,118.1125488
4430,3846,11.66104317,28.7960186,50.18021011,0.009340911,7.291152954,12.29579163,10.96392059,552.1283569,119.9139099
4431,3847,11.8220911,28.81060028,50.23583984,0.008633808,7.20633316,12.28956699,11.01068783,551.9152832,120.9582901
4432,3848,10.0994854,28.82548332,50.8432579,0.007959311,7.121513367,12.28334236,11.20446205,548.4533081,122.9828186
4433,3849,9.566012383,28.84036827,50.42061996,0.007284814,7.08616066,11.74005032,11.09336281,549.9405518,121.6403732
4434,3850,13.08892059,28.82481575,49.99773788,0.008382682,7.082877636,11.83495331,10.77418804,554.2689209,117.531189
4435,3851,16.24216843,28.80429077,50.20333862,0.009767053,7.079594612,11.9298563,10.68086815,555.4539185,116.1605606
4436,3852,14.93479061,28.79010201,49.89521408,0.01064215,6.975128174,12.01926613,10.66587353,556.4811401,116.0327301
4437,3853,13.67517281,28.79513741,50.29078674,0.00998074,7.103136539,12.10856342,10.84944057,553.4418335,118.4165573
4438,3854,11.95635223,28.8001709,50.09450531,0.009319329,7.231144905,12.17969704,10.95663261,553.0394287,119.9112015
4439,3855,11.19085789,28.80951309,50.34185791,0.009105794,7.240447998,12.21748543,11.0385294,550.7633667,121.3617706
4440,3856,11.07701302,28.82133293,50.05604935,0.00914829,7.142925739,12.25527382,10.94522381,552.1728516,120.6951141
4441,3857,13.15943432,28.83268929,50.24252319,0.009215944,7.019084454,12.16585636,10.94445705,552.5981445,120.0600967
4442,3858,19.42731476,28.82144547,50.44848633,0.010418349,6.911006927,12.01943874,10.3565731,554.7041626,111.052803
4443,3859,19.93813133,28.81020355,49.99082565,0.011620755,6.805998802,11.88443756,10.56818104,557.9002075,113.8358002
4444,3860,14.7065115,28.80099678,49.84222031,0.01158267,6.858631611,12.05452728,10.76653385,555.4276733,116.5994644
4445,3861,12.02005768,28.7947731,50.38757706,0.009737323,6.944821358,12.224617,10.98400974,551.6295776,120.5556793
4446,3862,12.44560623,28.78854942,50.62020493,0.007891975,6.973444462,12.32618237,11.0656004,550.6558228,121.2705612
4447,3863,11.17029381,28.78723526,50.38129425,0.007523638,7.042058468,12.31997871,11.09908676,550.2892456,121.7931976
4448,3864,10.51638317,28.78724289,49.72959518,0.00754805,7.13950634,12.31377602,10.90222645,553.0831299,120.3122635
4449,3865,10.66783237,28.78552055,50.59902191,0.007932862,7.095975876,12.10104465,11.07562542,549.7128906,122.7315598
4450,3866,19.06485558,28.77534485,50.42094803,0.010025032,6.758797169,11.81809425,10.69265938,555.5958252,116.0519485
4451,3867,19.22272491,28.76516724,50.37909698,0.012117201,6.852370739,12.00352192,10.60254478,556.2432861,115.0709686
4452,3868,14.531991,28.76145554,50.40839005,0.01197031,7.033283234,12.18894863,10.85433865,553.1221313,118.7734451
4453,3869,12.23114491,28.76297379,49.9557457,0.010057314,7.147197723,11.90932274,10.95891571,552.8422852,119.2540894
4454,3870,10.0814991,28.89543915,50.08010101,0.007481022,7.450119495,12.12654495,11.12099838,550.0201416,123.1620712
4455,3871,9.072425842,28.88807869,49.862957,0.006963097,7.484396458,12.50323105,11.11593533,551.1333008,122.4637375
4456,3872,6.983004093,28.88071823,50.31601715,0.006445174,7.51867342,12.60374165,11.23792744,548.2710571,125.3795242
4457,3873,8.218214989,28.86932182,50.21670914,0.007837318,7.375586033,12.402668,11.22301483,548.5776978,124.1721115
4458,3874,15.73410416,28.85556412,50.34753418,0.010331201,7.213184834,12.2015934,10.92866707,552.7612305,119.1509476
4459,3875,18.2485199,28.84191132,50.05381393,0.012737854,6.945836544,11.44861507,10.72879696,555.7784424,115.8610916
4460,3876,14.33773232,28.83475113,50.21554947,0.01081325,6.97435236,11.65671444,10.96409321,552.9458618,119.0594788
4461,3877,11.82236481,28.82758904,50.40678024,0.008888646,7.152443886,12.36310005,10.99055195,546.6348267,119.9085922
4462,3878,10.00297451,28.81926918,50.4286232,0.007416295,7.330535412,12.40652847,11.11434746,549.4478149,121.7363815
4463,3879,9.349087715,28.80921555,50.10290146,0.006608178,7.417143822,12.44995594,11.05625343,550.2891846,122.9142456
4464,3880,6.534798622,28.79916382,49.7560463,0.005800061,7.488744736,12.37574673,11.08080769,550.6039429,123.3874969
4465,3881,8.934894562,28.79154396,50.07722473,0.007820325,7.495963573,12.25996017,11.04652405,550.0722046,122.9434128
4466,3882,16.91237068,28.78458405,50.33181,0.010595084,7.304135323,12.16085529,10.80627155,553.8744507,116.7748108
4468,3883,14.85767746,28.79542351,49.98634338,0.011350183,7.049568653,12.21371555,10.64355946,553.1484985,116.5884476
4469,3884,11.39134312,28.80960655,49.78646851,0.010043537,7.002202034,12.28767395,10.82458687,553.7703247,118.9348679
4470,3885,10.06929111,28.81560707,50.37341309,0.008922255,7.164177418,12.40868092,11.10636997,549.9769287,122.7535477
4471,3886,9.471998215,28.81507683,49.9138031,0.007946625,7.329499245,12.52968693,11.02154541,550.9244995,122.8478394
4472,3887,8.683742523,28.81454659,49.48607635,0.006970997,7.402488708,12.3675766,10.95770741,552.5734863,121.0679398
4473,3888,10.05095482,28.81497192,50.47491837,0.009094763,7.28118372,12.15934277,11.11881638,549.2307129,123.3824921
4474,3889,18.17436981,28.81545639,49.99908829,0.01139878,7.159879208,12.03601074,10.72312737,555.7363281,115.6377335
4475,3890,19.0045414,28.81407166,49.76732254,0.012261663,6.956799984,12.17510509,10.58753777,558.2672729,114.1567078
4476,3891,14.65442276,28.80881882,50.34158325,0.010190494,6.859372616,12.31419945,10.89673042,552.4605713,119.5562134
4477,3892,10.74149895,28.80356598,50.21658325,0.008119325,7.162766457,12.4140501,10.9562254,551.4365234,121.5029984
4478,3893,9.809725761,28.7923851,50.31694412,0.007605806,7.290211678,12.48586941,11.15624905,549.5861206,122.4126511
4479,3894,8.085248947,28.77879906,50.49862289,0.007714581,7.417656898,12.55768776,11.21673203,548.0036011,124.964447
4480,3895,11.00536919,28.76621246,50.53489685,0.007943199,7.37649107,12.4107151,10.91646194,543.84552,118.4411621
4481,3896,12.80192566,28.76302338,49.83342743,0.009254194,7.29443264,12.25145721,10.82570171,554.1381836,119.0395126
4482,3897,15.72430515,28.7598362,50.04618835,0.01056519,7.228842735,12.14915752,10.80810261,554.4108276,116.725174
4483,3898,16.04218864,28.75555038,50.22448349,0.010942157,7.252521992,12.17607212,10.78176498,554.171936,117.092308
4484,3899,15.06737232,28.75008774,50.21421051,0.010325952,7.276201725,12.20298672,10.77462673,553.6060181,117.9964218
4485,3900,14.29172707,28.74462318,50.2182045,0.009709748,7.256455421,12.17774582,10.82298756,552.675415,118.0088348
4486,3901,14.77266693,28.73767471,49.49874878,0.00970922,7.198862553,12.1247139,10.60281467,556.8862915,114.9077148
4487,3902,14.42210674,28.73049736,49.81040192,0.009801794,7.141269684,12.07203102,10.69409657,555.8513184,116.3346481
4488,3903,14.64554501,28.7244072,49.4849968,0.009973154,7.007488728,12.10534763,10.64414406,556.9318848,115.2881851
4489,3904,15.71931076,28.7215538,50.15943527,0.010376055,6.979454994,12.1386652,10.71755314,554.8999023,117.1699142
4490,3905,16.02977562,28.7186985,50.46966171,0.010778956,7.13250351,12.18049335,10.83793259,553.2181396,118.192955
4491,3906,15.15819931,28.72954369,49.87533951,0.010595436,7.285552502,12.23629665,10.67979622,555.1624756,116.6080093
4492,3907,13.72298813,28.74822235,50.21209717,0.010081177,7.32649374,12.292099,10.83445072,553.2401123,118.5840149
4493,3908,14.02911663,28.76637077,50.29444885,0.009582088,6.966675758,12.25831985,10.79418373,553.1002197,119.1719666
4494,3909,13.8320961,28.76024818,50.04774475,0.009691786,7.038656712,12.1902113,10.73465252,553.2612915,116.6307831
4495,3910,13.87831497,28.7541256,50.25808716,0.009801485,7.138326645,12.12384701,10.78855038,553.0944824,119.394371
4496,3911,13.79800797,28.75891876,50.38026047,0.010396822,7.140100479,12.08287907,10.93383789,552.0397949,119.6654358
4497,3912,15.12188625,28.77963257,49.85532379,0.011692049,6.974464417,12.04191113,10.73782349,555.7837524,117.0137939
4498,3913,18.14169502,28.80034447,50.12845993,0.012987275,6.888486385,11.58216381,10.70409393,556.28125,115.363533
4500,3914,15.18864822,28.81448174,50.2778244,0.01090715,6.819346428,11.96952057,10.88230991,553.8873901,118.2554016
4501,3915,15.05822659,28.81821632,50.3298645,0.009851058,6.955393791,12.35377407,10.84591961,553.2179565,118.5527496
4502,3916,16.00138855,28.81384277,50.23949814,0.00993686,7.068336487,12.25715351,10.82771587,554.0308228,117.1930847
4503,3917,15.98273659,28.80946922,50.05885696,0.010022663,7.167404175,12.16053295,10.67253685,555.94104,116.7782898
4504,3918,14.26286697,28.81360435,50.42975235,0.010929175,7.266471386,12.10628891,10.86453533,545.5306396,116.3615494
4505,3919,15.07352543,28.82437325,50.51218796,0.012468033,6.987832069,12.11151409,10.79404926,547.3809204,115.3332367
4506,3920,20.11613083,28.83514214,50.48031235,0.01400689,6.69796896,12.11673832,10.74784851,556.0896606,114.788353
4507,3921,17.01257896,28.84986687,50.47366714,0.011567432,6.966030121,11.96008396,10.76160717,554.6008301,116.835434
4508,3922,15.84823608,28.85226631,50.57497025,0.010383167,6.891478539,11.89365196,10.90217876,552.420166,118.5746689
4509,3923,13.79149342,28.84456444,50.57035446,0.009462319,7.09951973,11.94226742,11.05510044,550.9478149,120.7157516
4510,3924,11.5945816,28.83686447,50.27467728,0.008541472,7.208337307,12.14918137,10.97726536,551.3538818,120.8137817
4511,3925,11.84122467,28.83630943,50.16128922,0.009050114,7.317155361,12.35609531,10.92612076,552.7467651,120.6239853
4512,3926,11.89634323,28.83863831,49.62480927,0.010135831,7.248978138,12.29812717,10.80813789,554.9869995,118.6225204
4513,3927,17.26626778,28.84095192,50.00837326,0.011102594,7.131895065,12.16527271,10.77641201,555.6697998,116.2002182
4514,3928,19.27873611,28.84314346,50.40507126,0.011003125,7.02515316,12.0732975,10.71794128,555.451416,115.9114151
4515,3929,16.88494682,28.84533501,50.02242661,0.010903656,7.095842838,12.18782902,10.75963306,556.0513306,116.0338287
4516,3930,14.23758793,28.84457779,50.58432388,0.010296425,7.251365662,12.30236149,10.95765972,552.2437744,119.2149811
4517,3931,12.77835464,28.84073639,50.78519058,0.009158093,7.406888008,12.39316177,11.01405239,550.8016968,120.9440765
4518,3932,10.86747837,28.83689499,50.60245895,0.008019759,7.394574165,12.4622612,11.08169174,549.7741089,121.8239059
4519,3933,9.435038567,28.84950638,50.01501465,0.008923642,7.379652023,12.53135967,10.98554134,551.4407349,121.9375992
4520,3934,10.46974659,28.86444092,49.72962189,0.010115024,7.425626755,12.33533859,10.83128834,553.0866699,120.5762253
4521,3935,18.17235756,28.8762188,50.03536987,0.011029768,7.124575138,12.112854,10.71304321,556.3945313,115.3290024
4522,3936,21.34544945,28.87919235,50.41237259,0.011173523,6.804187775,11.99048805,10.65529346,556.6939087,114.7097549
4523,3937,18.14403152,28.88216782,49.83561707,0.011317278,6.837359428,12.15339279,10.6027832,557.812561,113.73172
4524,3938,15.39566326,28.88498497,50.24880981,0.010914715,6.948564529,12.31629753,10.88726521,553.4179077,118.3722305
4525,3939,15.67167473,28.88769722,50.65315628,0.010220869,7.068704128,12.34455585,10.94513321,552.6045532,119.0825043
4526,3940,13.09885693,28.89040947,50.71787643,0.009603532,7.2092309,12.286376,11.09185791,550.1692505,121.2913284
4527,3941,10.84043121,28.90824699,49.90644073,0.010815051,7.349757671,12.22819614,10.94896126,551.9644775,121.2577286
4528,3942,13.33308983,28.92631721,50.27766418,0.012026571,7.317200661,12.18594837,11.01847172,551.7733154,120.2397919
4529,3943,21.2134552,28.93114281,49.58881378,0.012484394,7.191081047,12.14459229,10.44264603,560.1241455,111.51548
4530,3944,21.79154015,28.91372681,50.48316193,0.01193082,7.064961433,12.04994869,10.65586853,556.2368164,114.0977097
4531,3945,17.19845009,28.89631081,50.50378418,0.011377246,7.04594326,12.1004715,10.80837631,553.9345093,117.6574249
4532,3946,13.13806629,28.88728905,50.62796783,0.010574602,7.019212723,12.01276493,11.03464317,551.0006104,121.0245361
4533,3947,13.61972618,28.88089371,50.34187698,0.009715587,7.110384464,11.51896286,10.96365833,552.5342407,119.9270782
4534,3948,12.06354046,28.87531662,50.52209854,0.00914217,7.112200737,11.82756424,11.10427189,550.1012573,121.4988632
4536,3949,12.74843693,28.87342072,50.33094025,0.01022434,7.455393791,12.16079044,10.95983124,551.3203125,120.8271255
4537,3950,20.14072227,28.86114502,50.40834045,0.011079019,7.190015316,12.03924561,10.61522293,553.1612549,114.1963272
4538,3951,22.21065903,28.83914948,50.30654526,0.012150077,7.03473711,11.93320084,10.60121727,557.4329224,113.3094635
4539,3952,18.61117172,28.81715584,50.42213821,0.013221134,7.143672466,12.13040352,10.75349617,555.1277466,116.0884781
4540,3953,13.2074461,28.80053329,50.51727676,0.011216852,7.220106125,12.3276062,11.01608086,551.0422974,120.1058731
4541,3954,12.32236195,28.784338,50.56770706,0.009151183,7.296539783,12.43282223,11.06432056,550.0827637,121.2398605
4542,3955,10.66017246,28.77687836,50.18093872,0.00818984,7.320384979,12.41859722,10.95636368,551.0010986,120.884346
4543,3956,13.09259224,28.78844261,49.81939697,0.009118989,7.327199459,12.40437317,10.80418682,553.8903809,118.3914642
4544,3957,13.83968163,28.80000687,50.21574402,0.010048139,7.323090553,12.24389744,10.92120171,552.6984253,119.5866776
4545,3958,19.48234558,28.7911644,50.11997223,0.011341567,7.215427399,12.0488205,10.58175755,556.5102539,114.9056702
4546,3959,20.83250046,28.77369881,50.44005585,0.012752037,7.107763767,11.74388313,10.63096142,556.0515137,114.3423691
4547,3960,18.74581146,28.75765991,49.89103699,0.013750205,6.897510052,11.52365875,10.54704475,557.5344849,113.6048965
4548,3961,10.90473652,28.75584602,50.79418945,0.012314859,7.026917934,11.62495804,11.15234566,548.5413208,122.9454498
4549,3962,13.51569653,28.75403214,50.10300064,0.010879512,6.908158779,11.74869061,10.76700974,553.5595703,118.8388672
4550,3963,13.84858894,28.75959969,50.60983276,0.01019787,7.00484705,11.9610424,10.97460079,551.3209229,119.6083069
4551,3964,13.64767647,28.77319336,49.40473938,0.010176796,7.106270313,12.1733942,10.64163208,556.4683228,116.3258667
4552,3965,13.66974735,28.78678513,50.09663773,0.010155722,7.121191502,12.18475533,10.89375019,552.7930908,118.3960648
4553,3966,18.8147068,28.76819611,49.96761322,0.011265405,7.112313747,12.03942394,10.61516762,557.1598511,114.3311081
4554,3967,19.59697151,28.74469185,50.43601227,0.012472172,7.046295166,11.89409256,10.6883316,555.4488525,115.2092209
4555,3968,18.09838104,28.72868347,49.80331039,0.012804249,6.991213799,12.11288166,10.5604744,557.6594238,113.4859085
4556,3969,13.3854084,28.73450279,50.12161255,0.011179283,7.005960941,12.239501,10.89095402,552.4994507,118.6834564
4557,3970,14.72382736,28.74032021,50.15921021,0.009554317,7.020707607,12.36612034,10.80973816,553.550354,118.0330048
4558,3971,14.28912258,28.75020218,50.27806473,0.009033424,7.084512234,12.34771252,10.89028549,552.6245117,118.8999023
4559,3972,12.31268787,28.7623291,49.95479584,0.008992647,7.171083927,12.23847198,10.88133621,553.1514282,119.3174515
4560,3973,12.76670647,28.77351952,49.4847641,0.009025014,7.242623329,12.12962818,10.7450695,555.5601807,117.115509
4561,3974,16.40509033,28.75702667,50.21140289,0.009842282,7.105523586,12.16387177,10.7480402,553.6875,117.1615982
4562,3975,17.04570389,28.74053383,50.39130783,0.01065955,6.968423367,12.1981163,10.76076126,554.336853,116.5765381
4563,3976,14.37086391,28.73277473,49.92559052,0.010766952,7.211094856,12.22624683,10.73693943,554.9052734,117.6468048
4564,3977,13.38672352,28.73702621,50.61293793,0.010085927,7.106201649,12.24380398,10.96625996,550.5921631,119.8568344
4565,3978,14.15789318,28.7412796,50.24320602,0.009404901,7.039677143,12.26136112,10.84015465,552.4257202,119.4421844
4566,3979,14.02279854,28.7297554,50.39608002,0.009023581,7.07267046,12.27386093,10.83174801,552.1773682,119.0918045
4568,3980,14.18432808,28.69516945,50.1893158,0.008840106,6.984379292,12.15093422,10.81689739,553.1318359,117.9091263
4569,3981,20.2586956,28.6591835,49.92350388,0.0104416,6.994246483,11.3933897,10.54751587,558.1004028,112.8982086
4570,3982,19.0021801,28.62319756,50.28365707,0.012043093,6.740424156,11.54416275,10.55046749,556.0668945,113.5473862
4571,3983,15.82016659,28.58852196,50.42674637,0.011859461,6.790153503,11.57691288,10.76234245,553.4360352,117.0478287
4572,3984,14.16821766,28.55477715,50.29216766,0.010662796,6.847476482,11.62150288,10.86800575,552.4177856,118.1423721
4573,3985,12.29111958,28.49688339,49.65282059,0.009035868,7.219586372,12.21870327,10.66942215,554.6369019,117.2841034
4574,3986,12.86917782,28.50139427,50.68411636,0.009069801,7.239075661,12.24686813,10.91931248,549.9286499,120.1785965
4575,3987,14.46114731,28.53511047,50.57196426,0.009476625,7.254258156,12.26997471,10.88090706,551.2014771,118.5090408
4577,3988,13.11119366,28.60791969,49.82099152,0.009485682,7.228386402,12.08175468,10.76929283,554.1784058,118.1815643
4578,3989,11.62761116,28.6488533,50.34072113,0.008884655,7.125628948,11.95251179,10.93133068,550.7815552,120.9590912
4579,3990,11.10312748,28.68634605,50.12600708,0.008341244,7.022871494,11.77527905,10.89867973,551.3739014,120.8794098
4581,3991,11.03724575,28.71650887,49.79865265,0.007756874,7.244816303,12.31672668,10.78501511,552.8834229,119.5619507
4582,3992,11.59031773,28.7298851,50.2857132,0.008113427,7.297817707,12.48110104,10.93337154,551.0098877,121.0863419
4583,3993,13.58602047,28.7416954,50.53338242,0.008951058,7.27212429,12.37720203,10.98936272,551.1589355,120.3957291
4586,3994,9.894156456,28.76529121,50.49790192,0.00799956,7.197198391,11.54048824,11.17452049,546.229126,125.4269714
4587,3995,8.379232407,28.76947975,50.38404846,0.007202682,7.397459984,12.45548248,11.12909889,548.3692627,123.8028717
4589,3996,6.329679012,28.77114677,50.34468842,0.006094311,7.302179337,12.62067413,11.18709946,547.4505615,125.0445328
4590,3997,8.461127281,28.77018738,49.99390793,0.007367979,7.36158371,12.55202389,11.00658035,550.5562134,122.9012527
4591,3998,14.50088215,28.76840973,50.11286926,0.009287043,7.309180737,12.4380455,10.87955856,553.5105591,118.5056992
4592,3999,16.55421066,28.76747704,50.25260544,0.010747598,7.255742073,12.35225677,10.82602215,553.3034668,117.6948318
4593,4000,12.70922184,28.77696419,50.57078552,0.009056552,7.258386612,12.41685486,11.03206921,550.1259155,121.6118698
4594,4001,8.64351368,28.78645325,50.42166138,0.007365506,7.377939224,12.4814539,11.23740959,548.0760498,123.6778183
4595,4002,8.531750679,28.791605,50.6507988,0.006332492,7.497491837,12.54078865,11.24097157,546.6500854,125.0491104
4596,4003,8.718137741,28.79171944,50.17949677,0.005919263,7.55580759,12.59527493,11.1464119,549.2294922,123.4955521
4597,4004,6.115359783,28.79183578,50.08750153,0.005506034,7.472936153,12.6497612,11.18819714,547.7753296,125.6618347
4598,4005,8.067695618,28.79559708,49.81118774,0.007806883,7.393144131,12.49479389,11.13107586,549.6398926,122.9952698
4599,4006,16.35488892,28.79999924,50.73081207,0.010399385,7.285357952,12.31091309,10.98435497,551.1571045,119.7979279
4600,4007,17.13466263,28.80961418,50.0781517,0.011764897,7.086066723,12.27821255,10.79208088,554.9666748,116.9083862
4601,4008,14.63978291,28.83584976,49.71751404,0.010134004,6.950111389,11.63302517,10.72818089,555.6403198,116.2872467
4602,4009,12.1733017,28.86208534,50.7100029,0.00850311,7.065658092,11.7353363,11.16256046,549.2834473,122.4796524
4603,4010,10.49549103,28.86864471,50.28084564,0.007493961,7.226111889,12.00992775,11.10948277,549.5227661,123.6121292
4604,4011,8.419500351,28.86345291,50.67878723,0.006779022,7.392252445,12.30654049,11.27584648,546.4926147,126.0461502
4605,4012,6.927858353,28.85848618,50.03031158,0.006220605,7.494366169,12.50893497,11.19627094,548.9272461,124.4918289
4606,4013,8.31042099,28.86901093,50.26721954,0.007856805,7.411484718,12.43992043,11.16566753,548.2494507,124.2182388
4607,4014,14.80659485,28.87953568,50.15593719,0.009493005,7.328603268,12.37090683,10.9053421,553.1984253,119.4689102
4608,4015,15.30916595,28.89537811,50.25006104,0.00975378,7.145713329,12.39657593,10.92562199,552.4467163,118.9638901
4609,4016,13.31130886,28.91911888,49.77709579,0.008365725,6.895470142,12.48615265,10.88431358,553.6826172,118.9517059
4610,4017,10.68001556,28.94285774,50.56038666,0.006977671,7.20541811,12.57572937,11.17824268,548.8849487,123.6269608
4611,4018,8.248719215,28.94791985,50.45478058,0.006286704,7.316320896,11.94889832,11.28656483,547.6524658,125.5142822
4612,4019,9.243368149,28.94798279,49.69584656,0.005726746,7.299507141,12.19487858,11.02692127,551.6051025,122.6523361
4613,4020,6.767434597,28.95087624,50.26997375,0.005729197,7.282693863,12.44085979,11.27582932,547.8261108,125.4401779
4614,4021,8.394165039,28.96718979,49.88031006,0.007648407,7.21635437,12.44713879,11.07026672,550.7116699,123.4044495
4615,4022,14.72699451,28.98350525,50.48088074,0.009567617,7.137645721,12.29560852,11.06163788,551.2322388,120.722847
4616,4023,15.83151817,29.00123405,50.16387558,0.009279829,7.069497108,12.14407825,10.8990202,551.5640259,118.6761856
4617,4024,11.83278656,29.02007866,50.63209915,0.007591804,7.298000813,11.44794083,11.17179585,549.7096558,122.8713913
4618,4025,7.594527245,29.03892517,50.72365189,0.005903779,7.403259754,12.07558346,11.39932632,546.1342163,126.9194489
4619,4026,7.010688305,29.03412056,50.29384613,0.005546007,7.29455471,12.63235188,11.26684761,547.986084,126.2504578
4620,4027,6.867003441,29.02790833,50.3359642,0.005192513,7.460243225,12.62220764,11.32163906,547.0866699,126.80336
4621,4028,5.769921303,29.0271225,50.29745483,0.005731776,7.644277096,12.61206341,11.41966724,546.4013062,127.7635651
4623,4029,13.54110909,29.04769325,50.49758911,0.009700671,7.219184875,11.87425423,11.06188107,550.9700317,121.2922974
4624,4030,16.38186646,29.05235672,50.39616776,0.009455525,6.909759521,11.8990097,10.91014671,551.2238159,118.9833298
4626,4031,9.522174835,29.05536461,50.47993088,0.007643012,7.448211193,12.54050827,11.19488335,549.3392334,124.155838
4627,4032,7.774825573,29.03953743,50.54695892,0.00693078,7.560878754,12.62618351,11.36174774,546.7960815,126.0386887
4628,4033,7.620955944,29.02371025,50.27943039,0.006218548,7.535135269,12.70168114,11.2262888,548.664856,125.3866806
4629,4034,6.728114605,29.01503754,49.59930038,0.006875186,7.24681139,12.30469704,11.16878223,550.5927124,123.3702621
4630,4035,8.296801567,29.01402664,50.23361588,0.008709775,7.421035767,12.02967834,11.22884178,548.6060181,125.070549
4631,4036,15.34812164,29.01301575,50.61151505,0.010544365,7.328035355,12.16078854,10.56012535,551.9437256,114.4836731
4632,4037,17.27524948,29.01444054,50.41705704,0.009794599,7.232098103,12.2387743,10.92590904,553.2269897,118.1427841
4633,4038,13.63134861,29.01623535,50.28580093,0.008827982,7.072796345,11.8382597,10.96583366,552.1201782,120.6517715
4634,4039,10.99448681,29.0184269,50.33758926,0.007861325,7.04821682,12.10437393,11.09733582,550.1589966,122.7482834
4635,4040,10.07957935,29.02178764,50.56338882,0.006894573,7.287047386,12.11792564,11.29673004,548.0438843,124.6895752
4636,4041,5.717854023,29.02514839,50.57534409,0.005927822,7.345012188,12.21027565,11.19775486,547.5880127,124.1828537
4637,4042,5.925223351,29.03917122,50.09872055,0.006725667,7.289543629,12.40129757,11.27768421,548.0270386,125.9396362
4638,4043,7.016355991,29.05924416,50.08628464,0.008304517,7.359855175,12.59231949,11.28172684,548.2148438,125.8627701
4639,4044,14.50957775,29.07879639,50.37382889,0.009717275,7.404152393,12.46125889,11.05475712,551.3106079,120.8486176
4640,4045,17.57044792,29.07584953,50.4504509,0.009170118,7.397890091,12.32892513,10.90186405,553.2992554,118.3399506
4641,4046,13.70094872,29.07290268,50.20556259,0.008622959,7.411198139,12.31695461,11.01943398,552.3848877,121.2229843
4642,4047,10.32259274,29.05990601,50.46199036,0.007871214,7.502857685,12.50120735,11.24807167,549.229187,123.2945023
4643,4048,7.04180336,29.03232574,50.69050217,0.006882444,7.594516754,12.68546009,11.41718102,546.2780762,127.1397552
4644,4049,6.067541122,29.00474548,49.81427002,0.005893672,7.25060463,12.74447441,11.28415966,548.7000732,125.3748703
4645,4050,5.016458511,29.00830269,50.37952423,0.006980123,7.540202618,12.75997353,11.26221561,545.2359619,125.8071289
4646,4051,7.445626736,29.02001381,49.8242836,0.008439387,7.439555645,12.74267673,11.23871136,549.3511963,123.838623
4647,4052,15.99282932,29.0295105,50.68683243,0.009547888,7.342609882,12.45427036,11.0693922,551.5203247,119.3492355
4648,4053,20.59612465,29.02875137,50.21173096,0.009497948,7.287373066,12.16586399,10.64283371,556.6923828,113.9587555
4649,4054,15.07888317,29.02799225,50.03378296,0.009448009,7.272104263,12.11648941,10.8729353,553.8935547,118.5078659
4650,4055,10.07274628,29.02292061,50.31581879,0.008342014,7.243041039,12.32358932,11.20544624,549.0324707,123.2364349
4651,4056,8.646316528,29.01449394,50.15600586,0.006583883,7.200734138,12.53068829,11.2487812,549.1317139,124.6796799
4652,4057,6.880049229,29.00606728,50.27298737,0.004836969,7.315563202,11.77799988,11.32897663,547.3699951,125.6631851
4653,4058,6.532139301,29.02471352,49.76794434,0.006407393,7.390284538,12.00817013,11.21324062,548.979187,125.0582199
4654,4059,7.209965229,29.04483795,50.66547775,0.007977817,7.450955868,12.43303108,11.35048103,546.6332397,126.6207428
4655,4060,17.17929649,29.04885101,50.55660248,0.00898376,7.222117901,12.04483891,10.91935921,551.5247192,118.5744781
4656,4061,20.43596649,29.02113152,50.37615204,0.009110891,6.910246372,11.46289921,10.69807816,553.1569214,113.8362122
4657,4062,16.12533569,28.99341202,50.69179916,0.009238022,7.084789753,11.60816956,11.0260849,551.4436646,119.5844803
4658,4063,9.668180466,28.95618439,49.56570816,0.008433129,7.039585114,11.81060505,11.01404762,552.2265015,121.6204453
4660,4064,10.26910305,28.874506,50.03052521,0.006609061,7.190028667,12.48001671,11.06166744,550.2365112,122.3475494
4661,4065,8.106617928,28.8336525,49.65726852,0.007422203,7.196677685,12.50320148,11.02352333,551.0300293,121.5750885
4662,4066,12.15625572,28.792799,50.3888092,0.008235345,7.191802502,12.50954723,10.96484756,550.6759644,121.1231155
4663,4067,15.59513855,28.75669861,50.50413895,0.008536438,7.243752956,12.37904263,10.8914957,551.8328247,118.3283081
4664,4068,16.314785,28.72537231,50.41841507,0.008426278,7.054718018,12.24853706,10.82715034,552.9334106,118.1012802
4665,4069,12.1048336,28.69404602,50.178936,0.008316116,6.92966938,11.65003967,10.99323177,551.3377075,120.1456985
4666,4070,11.33509064,28.67669868,49.67158508,0.007987906,7.109714031,12.05758095,10.76981258,553.2286377,119.2717209
4668,4071,9.597823143,28.65697861,50.20518494,0.007418903,7.148086071,11.7569828,10.9964304,550.2354126,122.0018845
4669,4072,9.172171593,28.68292618,50.18254089,0.007425754,7.352452755,11.8090353,10.97650242,549.9812622,121.8173676
4670,4073,9.56518364,28.70887184,49.93103027,0.007432607,7.079878807,11.8610878,10.9501915,551.0879517,121.4386444
4671,4074,12.11974049,28.72759628,49.67938995,0.007625269,7.011265278,12.07536221,10.79850769,553.7258911,118.2787018
4672,4075,13.05695057,28.74263763,49.89471436,0.007891132,6.980576992,12.31989098,10.82523251,553.7288208,118.6443634
4673,4076,11.56257915,28.75880814,50.50015259,0.008101643,7.095729828,12.0094738,11.01120281,550.3574219,122.0494537
4674,4077,10.85643196,28.79636574,50.45983505,0.007841136,7.23764801,12.0083189,11.04885769,549.8240967,122.5784912
4677,4078,10.04583359,28.88769913,50.51009369,0.007414999,7.237523556,12.00487518,11.15769577,549.1137695,123.5687866
4678,4079,10.00921917,28.91039658,50.17840576,0.007392762,7.327100277,12.26242447,11.12898254,549.9075928,121.7573853
4679,4080,12.24760437,28.90402985,50.41386032,0.00750269,7.401544571,12.45989704,11.05901527,550.6586304,121.783905
4680,4081,12.35447121,28.89147186,50.15671921,0.007630647,7.414023876,12.47808361,10.9578743,552.1057739,121.3408356
4681,4082,10.70454979,28.88062477,50.31966019,0.007659164,7.426502705,12.49627018,11.04810238,550.0839233,122.9416504
4683,4083,8.991799355,28.87174797,50.19177246,0.007168691,7.447269917,12.46675873,11.11654091,550.0022583,123.0741882
4684,4084,9.28610611,28.86891556,50.15453339,0.007125719,7.45706892,12.44388199,11.04279804,550.2077637,122.5746689
4685,4085,9.679900169,28.86718369,50.09580994,0.007190677,7.470211506,12.41388035,11.04767036,550.6843262,122.0278091
4686,4086,9.964408875,28.86545181,50.06412888,0.007266449,7.483566761,12.38369179,11.04241657,551.2214966,121.1832581
4687,4087,11.17603493,28.84093475,50.33947372,0.007599003,7.465901375,12.38045979,10.98152542,550.7516479,122.0850143
4688,4088,12.00520134,28.81595421,50.40331268,0.007931557,7.376693726,12.42580986,11.05132008,550.6706543,121.4370193
4689,4089,11.37679672,28.80003357,49.7929039,0.008027331,7.197003365,12.47115993,10.90442467,553.692749,120.1179886
4691,4090,10.50411606,28.7994976,50.14835358,0.007583163,7.049967766,12.42020035,11.0314455,551.3881836,121.1146851
4693,4091,9.978919983,28.80427933,50.0469017,0.007406671,7.391113281,12.52328777,11.01095295,551.0780029,121.3908691
4694,4092,10.01002502,28.80538559,49.89630508,0.007433327,7.395379066,12.52217865,10.97044182,551.9337769,120.7438583
4695,4093,10.1556654,28.79654503,49.93735886,0.007858518,7.192527294,12.52106953,10.87006855,551.3486938,119.0834656
4697,4094,11.2083168,28.79359818,49.5260582,0.008127213,7.268564701,12.45603943,10.80168629,554.3051758,119.1149521
4698,4095,10.09487629,28.81254005,50.47400284,0.007566766,7.080093861,12.12401867,11.03679752,549.5628662,123.2516861
4699,4096,8.889082909,28.83148193,50.32519913,0.007006319,7.541045189,12.0679512,11.10002995,549.5513916,123.018158
4700,4097,7.919534683,28.83487129,50.09861374,0.006689042,7.253551006,11.82960606,11.12514877,549.8377686,122.9877319
4701,4098,7.692380428,28.83686256,50.00616455,0.006377115,7.38848114,12.64696312,11.09823513,550.2429199,122.776535
4702,4099,7.697075844,28.83401871,50.19848633,0.006496717,7.523411274,12.50488567,11.11485672,549.3520508,123.6954269
4703,4100,10.69299793,28.82008171,50.33632278,0.007363298,7.108446121,12.36280918,11.03243542,550.6143799,121.7117004
4704,4101,11.70035839,28.80614471,50.61684799,0.008229881,7.085635662,11.93063641,11.01686096,550.1298828,121.7495575
4705,4102,10.93267918,28.80828476,50.26121521,0.007798861,7.084857941,11.81142807,11.09239578,550.6340332,121.5928574
4706,4103,8.567461967,28.81761742,50.10194397,0.006944967,7.197935581,11.7725811,11.08196259,550.5981445,122.3808212
4707,4104,7.272019863,28.82641983,50.21867371,0.006137866,7.166405201,12.35645199,11.1901083,548.9333496,124.7175903
4708,4105,5.550330639,28.82900047,49.76956558,0.005614137,7.268140316,12.58122921,11.09708309,549.7998657,124.1584167
4709,4106,4.319013119,28.83157921,50.04466248,0.005090408,7.339906693,12.68025494,11.31696796,547.3493652,126.3949432
4710,4107,4.848596573,28.83506012,50.42057419,0.005918359,7.339516163,12.75561619,11.32936954,546.7744141,126.6422729
4711,4108,11.43349171,28.83956909,50.59022141,0.007945427,7.289968967,12.57482433,11.1179266,549.5355835,122.1665421
4713,4109,9.926562309,28.86486816,50.17412567,0.008786404,7.060591698,11.88882446,11.07708263,550.1453247,122.3580017
4714,4110,8.292607307,28.88843155,49.50327682,0.007311572,7.06494236,11.92881203,11.00735092,552.1782837,121.9566116
4715,4111,7.732935429,28.91024399,50.53599548,0.006183255,7.194103718,12.1406002,10.87418079,549.6947632,119.9147797
4716,4112,5.874459743,28.92655182,50.45098877,0.005843961,7.235098362,11.79382706,11.4047823,546.4778442,127.4632111
4718,4113,8.502321243,28.94808006,50.50252151,0.006772155,7.548267365,12.61211014,11.24221992,548.0742798,125.0103912
4719,4114,14.92219639,28.94677162,50.17007446,0.008750177,7.329846859,12.11307621,10.89552975,553.052002,119.3588486
4720,4115,16.11278152,28.94547653,50.54289246,0.010426041,7.069095612,11.61404228,10.96339512,552.4130859,119.3101654
4722,4116,6.337851048,28.94447899,50.52786636,0.006988589,7.259806633,11.80269241,11.2893486,546.8668213,126.4375
4723,4117,7.992585182,28.93923378,50.57294846,0.00603617,7.322562695,12.54461956,11.30438423,546.8403931,126.1003189
4724,4118,5.239777565,28.92702866,50.27608871,0.00594802,7.292031765,12.6396265,11.28866482,547.1422729,126.5619965
4725,4119,5.171048641,28.91482162,50.07973099,0.00585987,7.287559986,12.69193077,11.25393391,547.7585449,126.9162369
4726,4120,9.198576927,28.90543938,50.15749741,0.007402423,7.20927,12.54525566,11.14373207,549.8844604,123.7329407
4727,4121,14.84403229,28.89679527,50.06565094,0.009218474,7.053477287,12.3985796,10.90068817,553.5147705,118.7488785
4728,4122,16.32530022,28.88835526,50.49338531,0.010215034,6.897685051,11.82793427,10.92804337,552.5509033,119.1760788
4729,4123,12.19692993,28.88084221,49.92053604,0.008673239,7.184854507,11.71109867,10.92474174,553.5363159,119.7435837
4730,4124,8.560014725,28.87332916,50.11833954,0.007131445,7.35069418,12.06877899,11.2127161,549.2305908,123.4557877
4731,4125,9.495387077,28.86845016,50.74723434,0.006721074,7.516534328,12.42645931,11.26593876,547.7612915,124.3734055
4732,4126,9.36566925,28.86557579,50.58014679,0.006969976,7.563839436,12.47546673,11.1731987,547.9660645,124.162941
4733,4127,9.535647392,28.86270332,49.84899139,0.00723384,7.570368767,12.43423176,10.97697067,551.5072021,122.003418
4735,4128,13.45476151,28.86026764,50.52469254,0.009200651,7.36662674,12.33396626,10.9841013,551.2684937,120.6409454
4736,4129,13.8711977,28.86389351,50.11247253,0.009437788,7.235868454,12.27741241,10.98103046,552.9353027,119.124115
4737,4130,10.61808491,28.876688,50.05336761,0.008593781,7.183044434,12.13719177,11.06698132,551.3137817,121.4684753
4738,4131,10.19031143,28.88948441,50.12022018,0.007749774,7.136053085,11.92720509,10.97541428,551.4641724,122.2061157
4739,4132,8.028715134,28.88101006,50.13266373,0.007179418,7.591741562,11.9427309,11.15982056,549.7633057,123.4229889
4740,4133,6.952409267,28.8647747,50.23287201,0.006678879,7.534441948,12.17006969,11.26651382,547.9234619,124.8452606
4741,4134,7.689903259,28.84910965,50.30776596,0.006634715,7.477142811,12.39740944,11.1294651,549.0185547,124.670372
4742,4135,8.836608887,28.83757019,50.45781708,0.008601668,7.396310329,12.2599926,11.18957138,548.2501831,124.793396
4743,4136,15.74430943,28.82603073,50.70690155,0.010568622,7.303284168,12.07684612,10.95028782,548.0045776,117.7384033
4744,4137,16.48631477,28.81876755,50.17334366,0.010613184,7.207405567,11.92729473,10.73611546,554.7026367,116.5243683
4745,4138,14.6245842,28.81562042,50.54048538,0.009228049,7.04714489,11.89073658,10.94612694,551.9281006,120.1509323
4746,4139,10.25846195,28.8124733,50.60741806,0.007842914,7.094654083,12.34465218,11.10832596,543.4821777,120.0792694
4747,4140,10.53940868,28.79300308,50.55210495,0.007541684,7.068776608,12.41141224,11.06654549,549.6195679,122.3671494
4748,4141,10.16480827,28.77168274,49.84742737,0.007283607,7.33690834,12.47817135,10.95318222,551.7894287,121.0297089
4749,4142,8.846485138,28.7591877,50.19176865,0.007556044,7.226812363,12.48772335,11.02107811,550.4360352,122.5254517
4750,4143,8.443871498,28.76869392,50.07276917,0.008814191,7.141417027,12.40955639,11.1061182,549.8145142,122.5229492
4751,4144,14.72543621,28.77819824,50.50066757,0.010072337,7.072585106,12.27504349,10.90279388,551.8035889,120.7186661
4753,4145,13.8830452,28.80339622,50.70998764,0.008862143,6.916194439,12.30265999,10.97844982,550.8112183,120.5010071
4754,4146,11.84918785,28.81462479,50.13593674,0.007968975,7.118155479,12.48926067,10.90343285,552.2098999,120.5775375
4755,4147,10.55369663,28.79667473,50.41851044,0.007022662,7.21616745,12.61554241,11.05876637,549.8458862,122.0222321
4756,4148,6.819133759,28.77872467,50.35361862,0.006076348,7.379873753,12.60001659,11.18356228,547.7345581,124.429512
4757,4149,6.451197624,28.77310181,50.5380249,0.006564944,7.543580055,12.58448982,11.18502903,547.62146,125.2947693
4758,4150,8.704820633,28.78243065,50.15890884,0.008403363,7.29710865,12.51322937,11.07408619,549.8196411,123.1374512
4759,4151,15.11824512,28.79175949,50.19039536,0.010241782,7.039238453,12.41557217,10.83857059,553.1778564,118.106369
4760,4152,15.98236656,28.79718208,50.18977356,0.009381969,6.918673992,12.29379654,10.81818485,554.5638428,117.5090637
4762,4153,8.825116158,28.80207634,50.54494095,0.007220224,7.183018684,12.38777065,11.13908482,548.585144,123.6482315
4763,4154,9.011790276,28.78719902,50.53745651,0.006541448,7.202847481,12.22961807,11.19342518,548.4752197,123.5915298
4764,4155,7.582576752,28.7723217,50.5279274,0.005862671,7.126617908,11.87534428,11.13734531,547.8721313,124.7540436
4766,4156,7.965669155,28.79874992,50.49518585,0.008221321,7.171401501,12.01922607,11.22694492,548.3009644,124.2761688
4767,4157,14.58947659,28.81857872,50.35039902,0.009628139,7.303086281,12.12414837,10.81326103,545.7518921,115.8391495
4768,4158,17.23544121,28.8183403,50.47151947,0.009285084,7.066308022,12.22907066,10.7945137,553.9658203,117.8297806
4770,4159,11.10875511,28.81657028,49.58952713,0.008342766,7.051890373,11.9321413,10.83737183,553.8995361,118.6708298
4771,4160,9.450849533,28.81302834,50.11600876,0.0074378,7.084409237,11.73711967,11.00693512,551.4534912,121.5591202
4772,4161,8.122868538,28.8094883,50.05287552,0.006532833,7.257516861,12.05199051,11.04250431,550.5603027,123.0294418
4773,4162,7.264377117,28.82219887,49.69665527,0.007210744,7.430624962,12.36686039,11.01528931,550.9319458,123.0046997
4774,4163,6.520057678,28.83948135,50.12680435,0.008180721,7.432380676,11.95128345,11.19521332,548.7457275,124.4752197
4775,4164,14.41422272,28.85533524,50.22652817,0.008961956,7.007657528,12.00334358,10.9126339,552.9007568,119.4826355
4776,4165,16.80587006,28.86416817,49.94705582,0.009120592,6.942940235,12.05540371,10.69758511,555.6665649,116.6789322
4777,4166,14.87883949,28.87299919,50.30727768,0.009279227,7.074654579,11.54127789,10.85062885,553.2328491,118.4253387
4778,4167,11.62941647,28.87626648,50.440979,0.008803764,7.123988628,11.9099493,11.12015057,550.6984253,121.496666
4779,4168,8.632549286,28.87511826,50.55911255,0.007941579,7.188381195,12.28760338,11.16610622,548.6422119,123.7651672
4780,4169,9.899653435,28.87397003,50.43287659,0.007092398,7.335864544,12.46315861,11.07494926,549.621582,123.1291809
4781,4170,7.779336452,28.89116096,49.56142044,0.007608755,7.48334837,12.63871384,10.95771408,552.0213013,121.1551971
4782,4171,7.410439491,28.90940857,49.82591248,0.008125112,7.268592834,12.00186729,11.08457947,550.3804932,123.3406982
4783,4172,14.94777298,28.91763687,50.23923874,0.008694432,6.833762169,11.82330513,10.84512901,553.7891846,119.0925293
4784,4173,17.44211388,28.90587425,49.82966614,0.009343871,7.163978577,11.64474201,10.64955902,556.6719971,114.9489212
4785,4174,15.25768566,28.89411163,50.05321121,0.009993309,7.15747118,12.06165695,10.78696442,554.5490723,117.8172455
4786,4175,10.8750639,28.87586212,50.43854523,0.008723308,7.113740444,11.92446995,11.07337856,550.4788818,121.9596786
4787,4176,9.618990898,28.85437775,50.18243027,0.006930761,7.377866268,11.98564434,11.06576729,550.9143066,121.7055511
4788,4177,7.921269894,28.83451462,50.34125137,0.005704711,7.393657207,12.23514462,11.19820595,548.8510132,124.0793076
4789,4178,8.172603607,28.84267235,50.35016251,0.007161763,7.356302261,12.48464489,11.14449787,549.1724243,124.4269333
4790,4179,8.507819176,28.85083008,50.13517761,0.008618814,7.285561562,12.38455486,11.06513214,546.0737915,122.2012405
4791,4180,18.47342682,28.85037041,50.69480133,0.009697387,7.194964886,12.2280798,10.85861397,553.1811523,117.1117172
4792,4181,20.71158218,28.83907318,50.52707672,0.010481863,7.060730934,12.1407299,10.65560913,555.9495239,115.2027359
4793,4182,16.69553566,28.82777596,49.85503387,0.011266341,6.926497459,12.28927422,10.65765572,556.4089966,115.4250031
4794,4183,11.07756901,28.83179283,50.05856323,0.009430249,7.139237404,12.43781948,11.0174818,551.2644043,121.0118637
4795,4184,9.08513546,28.83892059,50.61498642,0.007458101,7.411750317,12.49839973,11.16788292,548.3181152,123.4584351
4796,4185,7.855654716,28.84852409,50.04527664,0.00639796,7.416181087,12.50355625,11.08859921,550.0437012,123.223381
4797,4186,6.532635212,28.86691475,49.68896484,0.007115737,7.27237463,12.50871277,11.08470154,550.2315674,123.6653519
4798,4187,8.552793503,28.88530731,49.95387268,0.007833514,7.240715981,12.42839909,11.05870819,550.5180664,122.9927063
4799,4188,15.94995975,28.8823185,50.17445755,0.008811692,7.079772472,12.3439312,10.79112339,554.1932373,117.6657562
4800,4189,18.59631348,28.86554527,49.93608093,0.009887326,6.894949913,11.85955143,10.64625931,556.7432861,113.8379211
4801,4190,15.07133961,28.84877396,49.78942108,0.010652304,7.19382143,12.19857693,10.75125885,555.7635498,116.9140701
4802,4191,10.88013363,28.84572411,50.57007599,0.009047446,7.134998322,12.27654552,10.41332817,549.1074219,113.1341095
4803,4192,10.583992,28.84272575,50.60194016,0.007442588,7.133980751,12.35451508,11.11887264,549.3224487,122.4588242
4805,4193,6.82844305,28.85523987,50.02986908,0.00729947,7.468734741,12.50218678,11.06429291,549.8045044,123.7867584
4806,4194,10.4529705,28.86561203,49.75684738,0.007732992,7.487860203,12.48602486,10.93384075,552.5125122,120.8965683
4807,4195,17.76295853,28.86104393,49.93408966,0.008921842,7.322522163,12.21230316,10.73889542,555.6994019,115.6040192
4808,4196,19.38438034,28.85208321,49.9663887,0.010201734,7.157184124,11.93858051,10.64708519,557.2402344,114.4767838
4809,4197,13.88803768,28.84599495,50.52670288,0.010731866,6.839128017,11.79494286,10.46347523,557.0090332,114.5259399
4810,4198,11.18213367,28.85487556,50.67077255,0.009340731,7.082571507,11.82267284,11.12137127,549.1126099,122.8488388
4812,4199,8.313410759,28.87623405,49.71532822,0.007575553,7.07725668,11.81628895,11.04317474,551.8585815,121.4672546
4814,4200,11.02059746,28.90708923,49.88420105,0.00790018,7.07806921,12.03508854,10.96490574,552.1452637,120.4415131
4815,4201,16.86380005,28.90002632,50.32458496,0.009170192,6.78486824,12.11993027,10.78586769,554.2617188,117.5620117
4816,4202,17.59817505,28.89146996,49.88708115,0.010440204,6.8461833,11.75891018,10.69200802,556.5504761,115.7981644
4817,4203,13.41602421,28.88577843,50.02949905,0.010463333,6.921118736,11.37677765,10.8831625,553.4232788,118.8655319
4818,4204,10.68926525,28.88602066,49.58272552,0.00893316,7.109090328,12.37377548,10.85778522,553.3707275,119.1935425
4819,4205,9.352648735,28.88626099,50.51802444,0.007402986,7.238985538,12.46159744,11.17604733,548.7405396,123.8565369
4820,4206,9.150781631,28.89639854,50.47496796,0.007243807,7.162265301,12.54942036,11.13011742,544.3400269,122.1495667
4821,4207,7.463929176,28.91049767,49.82838058,0.007358307,7.159974098,12.51380539,11.08638573,549.9629517,122.278656
4822,4208,10.64653015,28.92048645,50.04956055,0.007717076,7.312146664,12.40093422,10.9753933,551.9124756,121.0182343
4823,4209,15.50706577,28.89448547,50.36136627,0.008931221,7.218600273,12.28806305,10.96669483,552.8312988,119.6028061
4824,4210,16.39296532,28.8684845,50.06848526,0.010145367,7.023296833,11.85926247,10.80716896,554.8690796,117.0236588
4825,4211,11.94533825,28.85165405,49.95574188,0.009763912,7.078531742,11.65612125,10.81367874,547.1735229,117.0324097
4826,4212,9.925624847,28.84439468,49.55735016,0.00835925,7.192656517,11.77440262,10.92751694,553.0114136,120.7541046
4827,4213,8.903482437,28.83713531,50.58045578,0.006954587,7.171118736,12.07056046,11.16615677,548.223877,124.2357025
4828,4214,8.432845116,28.83363533,49.81231308,0.006831396,7.287017345,12.36671734,11.00692558,551.1281128,122.8490982
4829,4215,7.676205158,28.83067513,50.03909302,0.006715092,7.420749664,12.37743187,11.07328033,549.5737305,123.458992
4830,4216,10.32196712,28.82424164,50.63150024,0.007223259,7.457931995,12.3743372,11.19147587,548.5878296,123.0675049
4831,4217,14.89451981,28.80790901,50.34860992,0.008750955,7.194608212,12.27173615,10.91493225,552.2009888,119.039917
4832,4218,15.90061951,28.79157639,50.16230774,0.010278651,6.931283951,11.92418671,10.77780628,553.9794922,117.2296295
4833,4219,12.31469822,28.78980255,50.13270187,0.009643674,7.026624203,11.67282677,10.95594692,552.291687,119.6672211
4834,4220,9.608552933,28.79604721,50.43418121,0.008344502,7.183411598,11.90121651,11.08243656,549.5355225,122.1293564
4835,4221,8.744781494,28.80233383,50.64939499,0.007108509,7.339740276,12.39380836,11.18392944,547.8294067,123.8318558
4836,4222,6.948258877,28.80997849,49.71123123,0.006229869,7.286365509,12.51329231,11.1270113,550.1450806,122.8624268
4837,4223,6.836886406,28.81762123,50.06503296,0.005351228,7.441012383,12.63277626,11.17581654,548.4899902,125.2725754
4838,4224,5.674787521,28.81855583,49.62200546,0.006179546,7.566777229,12.57773685,11.15790176,549.7227783,124.5822525
4839,4225,13.40475655,28.81005669,50.5441246,0.008485234,7.251874924,12.35874367,10.94931889,548.2786255,119.9357758
4840,4226,16.33077049,28.80155563,50.43214035,0.010790924,6.936972618,12.13975048,10.85503674,553.1166382,117.8726425
4841,4227,13.50399876,28.80927849,50.71596527,0.009532744,6.942905426,11.67680168,11.02095985,550.6933594,120.747551
4842,4228,10.7878828,28.82103157,50.67194366,0.007970259,6.964667797,11.7652998,11.16390133,549.1585693,123.3064651
4843,4229,9.360518456,28.83265495,50.33132172,0.006839446,7.305835247,12.08002853,11.16299057,548.6950073,123.4039764
4844,4230,6.902170181,28.84370041,50.1973381,0.006685451,7.426199436,12.39475632,11.1569376,548.5558472,124.4068069
4845,4231,8.655283928,28.85474586,50.52941132,0.006531456,7.546526909,12.53903961,11.16060829,548.1407471,124.2228775
4846,4232,7.651812077,28.85604286,50.12679291,0.007483891,7.432105541,12.41523361,11.09362507,549.0077515,124.1474152
4847,4233,14.60762024,28.85003281,50.31900024,0.008929029,7.31768465,12.29142666,10.94395161,552.3502808,119.4757843
4848,4234,15.15211582,28.84402275,49.87962341,0.010147845,6.931748867,11.81481647,10.78606224,554.8452759,117.3481598
4849,4235,13.14522171,28.85837173,50.30134964,0.008657058,7.339980602,11.94180393,10.94794083,551.6797485,120.1834412
4850,4236,9.220151901,28.87363625,50.14264297,0.007166271,7.445696831,12.22089767,11.06514168,550.0483398,123.2454834
4851,4237,6.558592796,28.88219833,50.58375931,0.006225983,7.54305172,12.4606781,11.29669666,546.5822754,125.3129807
4852,4238,7.291446209,28.87790108,50.13068771,0.005925799,7.556759834,12.52117252,11.13642597,548.8765869,124.1607742
4853,4239,7.662759781,28.87360191,50.0496254,0.005625614,7.570467949,12.58166695,11.15668106,549.171875,123.9701385
4854,4240,8.372598648,28.84756088,49.9188118,0.006972534,7.367516518,12.24234581,11.12303543,550.0355835,122.8899765
4856,4241,14.53573322,28.78079224,50.54107666,0.009658762,6.978404999,11.80131435,10.93859863,551.121582,119.7052765
4857,4242,12.57859039,28.76026535,50.53450775,0.008737056,7.032550812,12.04797459,11.02401447,550.7439575,120.9155197
4859,4243,10.31483173,28.71351051,50.30597687,0.007545277,7.227471828,12.1740942,11.01116467,549.7702637,121.7962799
4860,4244,9.302426338,28.68155289,49.6321373,0.007676723,7.112157822,11.5172224,10.88385773,552.5230713,120.2993546
4861,4245,10.62155247,28.64959717,50.22057724,0.007814163,7.121479511,12.27870846,10.94786167,551.399292,120.3197937
4862,4246,13.04936504,28.61440849,49.86141205,0.009327353,7.132530689,12.31645584,10.75442696,553.8969727,117.6577225
4865,4247,15.45400238,28.5699749,50.48213959,0.010068992,7.150141239,11.46607208,10.7487936,553.1208496,117.8812866
4866,4248,11.74298573,28.58352089,50.64035797,0.008850244,7.11879921,11.72008991,10.98066616,549.9954224,120.8504562
4867,4249,12.28812599,28.59293747,50.57793045,0.008390552,7.211086273,12.396698,10.90150738,550.7372437,120.4249344
4868,4250,11.58238316,28.60017776,50.12420273,0.008150126,7.011800289,12.38698101,10.77738953,552.5848999,120.1553116
4869,4251,11.64866543,28.60638237,50.14767838,0.008046964,7.116500854,12.37726307,10.80674744,551.8289185,119.698761
4870,4252,11.05162716,28.58803749,50.27886963,0.008658047,7.221200943,12.36643887,10.96193504,550.9847412,120.6460953
4871,4253,12.94115543,28.56969261,50.40485001,0.009269129,7.272260666,12.3551054,10.85811996,552.0248413,119.112709
4872,4254,14.18059921,28.55918121,50.51881027,0.009340735,7.269041061,12.33514309,10.79200172,552.3218384,118.272377
4873,4255,11.47643661,28.5592308,50.61444855,0.008964558,7.265821934,12.10138893,10.97662354,550.0527344,120.7922592
4875,4256,10.51277256,28.52893066,50.54399109,0.007562996,7.34442091,12.47313118,10.99403667,549.604126,121.5275955
4876,4257,10.92862415,28.49879456,50.38817978,0.007791228,7.303636074,12.42151451,10.92654037,550.4814453,120.711235
4877,4258,11.34447575,28.46866035,50.23236847,0.008019459,7.262851238,12.36989689,10.85904312,551.3588257,119.8948746
4878,4259,11.76032734,28.43852615,50.07655334,0.008247691,7.222066402,12.31828022,10.79154682,552.2362061,119.0785065
4879,4260,12.17617893,28.40839005,49.92074203,0.008475923,7.18128109,12.2666626,10.72405052,553.1135864,118.262146
4880,4261,12.59203053,28.37825584,49.76493073,0.008704155,7.140496254,12.21504593,10.65655422,553.9909058,117.4457855
4881,4262,11.25957394,28.40625572,50.37125397,0.008585759,6.924961567,12.26694298,10.90049648,550.1845093,120.7685547
4882,4263,11.39583492,28.4362793,50.56121063,0.008428036,7.116361618,11.95780563,10.98687935,548.7676392,121.5233688
4883,4264,11.16380215,28.46647453,50.13384247,0.008224112,7.079191685,11.7803669,10.88118267,550.7619629,119.9581299
4884,4265,9.744874954,28.49716377,50.10643768,0.007886982,7.00274229,11.60270309,10.97798824,549.7936401,121.9950638
4885,4266,9.868836403,28.52785301,50.07453918,0.007549852,7.176216602,11.94221783,10.9117918,550.395752,120.7218552
4886,4267,11.8035841,28.54469872,50.69249344,0.008190478,7.287242413,12.2933445,11.03476238,548.7920532,122.1616974
4887,4268,14.61369038,28.5538559,50.65560913,0.009374213,7.085154533,12.19017887,10.94692802,550.7495117,119.8487625
4888,4269,15.26458836,28.56315422,50.62479019,0.010514162,6.883066654,11.82591057,10.84520245,551.4047852,119.0895767
4889,4270,13.21203518,28.57735443,50.33865738,0.010153666,7.164705753,11.63507748,10.87859058,551.4519653,119.3715668
4890,4271,14.38862038,28.59155273,50.50970078,0.00979317,7.116019249,11.85343266,10.87940311,552.0325317,119.2439423
4891,4272,10.12554169,28.6689682,50.09957123,0.007991569,7.319282055,11.80844784,11.0410347,549.7595215,122.3115921
4892,4273,9.972447395,28.73262024,50.49931335,0.007584911,7.395303726,12.08208084,11.12741756,548.7161865,123.4535141
4893,4274,8.955050468,28.77863503,50.57040405,0.007020857,7.471325874,12.3557148,11.25034428,547.2069092,124.9465332
4895,4275,4.058887482,28.79202652,50.20573807,0.005602534,7.730307102,11.87298107,11.36362648,545.9991455,127.1704407
4896,4276,5.769013882,28.84448433,50.08434677,0.006162921,7.6104002,12.70480537,11.20338726,547.9943848,125.7198257
4897,4277,9.350536346,28.8896122,50.52383041,0.00649812,7.490493298,12.30620003,11.07170486,545.802063,121.5256424
4898,4278,11.93550587,28.91544151,49.79350662,0.006239734,7.134217739,11.90759468,11.05792904,551.774231,121.7434692
4899,4279,10.87195206,28.75506973,49.94253159,0.007998462,7.12168026,11.49300289,10.8653965,543.3713989,117.9206238
4900,4280,10.58045292,28.85107422,50.48515701,0.006300103,6.998030186,11.93310452,10.52962875,552.4359741,116.9924316
4902,4281,10.74991226,28.83607483,49.89264297,0.007724591,7.155807972,11.15101242,10.91532516,545.2780762,119.7129059
4903,4282,1.929191947,28.85889816,50.09328461,0.004684918,7.812265396,12.98723698,11.48912525,544.6349487,129.5700073
4904,4283,4.639816284,28.85919189,50.2889595,0.004960787,7.653630733,12.76926899,11.38369083,545.9735718,127.8752899
4905,4284,11.37403488,28.80863571,50.52485275,0.006337578,7.494995594,12.551301,11.12743664,548.6860962,123.101265
4906,4285,13.20555592,28.75807762,50.43136215,0.007714369,7.007781029,12.19817162,10.98573589,550.46875,121.5191422
4907,4286,11.67232418,28.96975136,50.32637787,0.007292053,7.23493433,11.57842922,11.11181641,549.8428955,122.8354721
4908,4287,4.632147312,28.96312141,50.46036911,0.004984749,7.064307213,11.41602516,10.35614109,555.3027344,117.0867233
4909,4288,2.807669163,28.95526695,50.54108047,0.004627864,7.150772095,11.93680096,10.3252573,556.2120361,116.4724503
4911,4289,12.45403004,28.95555496,50.58583069,0.008281352,7.540115356,12.63495255,11.15765858,549.1392822,122.9986267
4912,4290,14.55341339,28.95814705,50.21156311,0.009600385,7.111539841,12.45775509,10.96515083,552.043457,120.0944824
4913,4291,13.16828632,28.96682739,50.21563339,0.008400568,7.022886276,11.86180687,11.06181622,551.1914063,121.8736572
4914,4292,10.21334457,28.97550774,50.15164566,0.007200751,6.973473549,11.53980637,11.13761234,549.6755371,122.8144226
4916,4293,4.031621933,28.94184685,50.21299744,0.004788623,7.592934132,12.67644119,11.38582993,546.2172241,128.0265198
4917,4294,9.147749901,28.91915131,50.37070084,0.007197213,7.509112835,12.50959873,11.16021538,549.0209351,124.4070816
4918,4295,15.15983105,28.89642906,49.78866196,0.009619568,7.423628807,12.36861324,10.86083603,554.0996704,118.9418411
4919,4296,16.8197422,28.87132263,50.47961044,0.01043356,7.333521843,12.31707382,10.89666939,552.2497559,119.1273117
4920,4297,15.53467464,28.84241295,49.80874252,0.008668574,7.243414879,12.2655344,10.79460812,555.0203247,117.0260773
4922,4298,8.768157005,28.78595924,50.18998337,0.00636999,7.234651566,12.48195362,11.1929369,548.7088013,123.2634659
4923,4299,7.605240822,28.75881004,50.55386353,0.006199123,7.25118494,12.63176918,11.27346897,546.7398071,125.4097595
4924,4300,6.949065208,28.73670387,49.92147446,0.006416999,7.241916656,12.56345749,11.13912678,548.5152588,124.6021881
4925,4301,11.16594219,28.74062157,50.46133804,0.008660787,7.232648849,12.47900486,11.04047966,549.3875122,122.4560928
4926,4302,16.98293114,28.74453926,50.68061447,0.010904574,7.037369251,12.13547325,10.897542,551.6860352,119.1056824
4927,4303,19.92166901,28.7552948,50.34886932,0.011456228,7.12377882,11.45296383,10.73433685,554.8575439,115.1713867
4928,4304,16.03214455,28.77162743,50.00053406,0.010621268,7.300889969,11.7473259,10.72511196,555.0889282,117.3649368
4929,4305,14.3425436,28.78796196,50.16378021,0.009786308,7.114330769,12.15731621,10.89166451,552.6728516,118.5355759
4930,4306,11.75203133,28.78691292,50.53461838,0.00832079,7.157563686,12.34554005,11.11757565,548.9625854,122.6428375
4931,4307,8.982937813,28.78473663,50.67282867,0.006813609,7.419031143,11.96706486,11.26541519,546.6541138,125.4954529
4932,4308,7.549268246,28.78299522,50.33985901,0.006660363,7.385560036,12.13889217,11.21376038,547.3613892,124.9687653
4933,4309,10.66003418,28.78214836,49.78515625,0.009301554,7.352089405,12.31071949,10.86972713,552.4584961,120.9296799
4934,4310,17.57987213,28.78129959,50.56000137,0.011942746,7.147054195,11.92118645,10.89888382,552.9319458,118.4402084
4936,4311,16.9372406,28.763731,49.96730042,0.010466279,6.92480278,11.71313667,10.65004444,555.4552612,116.8999405
4937,4312,12.47096634,28.75191689,49.98369217,0.009176218,7.061872005,11.89774323,10.92040825,552.7089233,119.7039566
4938,4313,11.81491852,28.72517967,50.68559265,0.007982252,7.277722836,11.80098915,11.06789398,549.050293,122.6721649
4939,4314,10.6491909,28.69844055,50.64473343,0.006788287,7.068172932,11.68927193,11.06171131,548.8953247,122.696785
4940,4315,7.819899082,28.68544579,50.36099243,0.007315579,7.16011858,11.96582127,11.13285065,547.7144775,124.7173996
4941,4316,10.30976582,28.68668556,50.01926041,0.009633877,7.228719234,12.24237061,10.98090839,550.7504272,121.4248886
4942,4317,17.22676086,28.68792725,50.14837265,0.011952175,7.096588135,12.33867264,10.7769928,554.5396729,116.3969727
4943,4318,19.45039368,28.67907906,50.65000916,0.011984951,6.852587223,12.23970604,10.78500557,553.3297729,116.7846756
4944,4319,17.73553467,28.66885376,50.28069687,0.011701686,6.841322422,12.14073944,10.71388054,554.2755737,116.4868622
4945,4320,14.83221245,28.65977669,50.65829086,0.011027268,7.201530457,11.52352715,10.91108704,551.3388062,119.5716629
4946,4321,11.57496452,28.65383339,50.47391891,0.00927955,7.146524429,11.68786907,10.96101761,547.697876,120.3654633
4947,4322,11.05282593,28.64789009,50.6455574,0.007531833,7.01975584,11.61227798,11.05968094,548.6702881,122.5448685
4948,4323,9.408967972,28.66278458,50.49865341,0.008558498,7.210848331,12.57449532,11.12335682,547.7676392,123.4226532
4950,4324,19.03870392,28.71336365,50.55352402,0.013394956,7.104222298,12.19159889,10.69897842,554.0289307,116.4204254
4951,4325,20.79810715,28.71770287,50.40593719,0.012848575,7.117908001,12.20525551,10.63450909,556.2990723,114.3712692
4952,4326,19.36775017,28.72204399,49.99686813,0.012302195,7.131594181,12.2375803,10.52149487,557.255249,114.4847794
4953,4327,17.72089767,28.72668839,50.68996429,0.011653314,7.179611206,12.28240108,10.84256935,548.7874756,116.0085449
4954,4328,12.02976704,28.73173523,50.40991211,0.010869759,7.246426582,12.35572147,11.01870823,550.157959,120.9393921
4955,4329,14.35017395,28.73678017,50.63794708,0.010086204,7.31231451,12.42904186,10.94740677,550.7136841,120.591835
4956,4330,13.06127357,28.75376892,49.82923508,0.011668419,7.133770943,12.01531982,10.81749725,553.9317017,118.8336792
4957,4331,16.41111755,28.77334023,49.77188873,0.013768097,6.955227375,11.38599014,10.66227341,556.1102905,116.1727524
4958,4332,21.75254631,28.78548241,50.42360306,0.015611622,6.816618443,11.77478313,10.59224701,556.0314941,114.0404968
4959,4333,22.84695053,28.76971626,50.12838745,0.016483454,6.90045023,11.83074474,10.52357292,558.0797119,112.4091339
4960,4334,21.39241982,28.78675652,49.93780136,0.014988271,6.679587364,11.28372288,10.54435825,558.2764282,112.842308
4961,4335,15.11422825,28.81471252,50.70606232,0.012656064,6.955735207,11.43814373,10.95487785,551.1140747,119.9658966
4962,4336,16.28790283,28.84157562,50.58398056,0.010484517,7.025410652,11.66479874,10.88677788,552.5713501,119.015686
4963,4337,13.84592056,28.86109543,50.66463852,0.009392193,7.204816341,12.07510376,11.06201935,550.5567627,120.9095154
4964,4338,13.02631283,28.88061714,50.46455383,0.008299869,7.384222507,12.48540878,10.97773266,550.9869995,121.3568726
4965,4339,14.67562008,28.89360237,50.0846138,0.009615635,7.015617371,12.47576618,10.88263893,553.9047852,118.3639679
4966,4340,21.87829208,28.90050316,50.16044998,0.013174313,6.859122753,12.20392799,10.57561588,557.6366577,113.979393
4967,4341,23.22585297,28.90740395,50.13771057,0.016732993,6.7741642,11.93208885,10.62754917,558.2142944,113.0236359
4968,4342,20.58712387,28.92458344,50.6580925,0.014454326,7.068968296,11.21901798,10.42115211,555.7741089,111.8511505
4969,4343,17.31705093,28.94282532,49.84744263,0.011571787,6.806501865,11.50068092,10.71890259,556.7113647,116.6814117
4970,4344,12.81742859,28.95479774,50.59152603,0.009311962,7.104983807,12.37635231,11.04647446,546.2793579,119.0392609
4971,4345,11.46323395,28.95175743,50.11481476,0.008541864,7.199847698,12.40057945,11.07792759,551.3748169,121.4642715
4972,4346,10.46499538,28.94871902,49.96495056,0.007771767,7.229751587,12.42480659,10.98863888,551.4293213,121.7857742
4973,4347,13.06746292,28.93624496,50.20148087,0.009848746,7.259655952,12.21467781,11.02014256,551.7456665,120.7824631
4974,4348,20.87317085,28.91939163,50.55675125,0.013244635,7.176265717,11.98742485,10.82767582,554.7029419,116.5563736
4975,4349,22.91918564,28.90370178,50.29354477,0.016244018,6.967307091,11.73164654,10.53961086,557.1970215,113.4659424
4976,4350,20.88643265,28.90320587,50.01300049,0.0140631,6.722430229,11.33478737,10.60675716,557.5183716,113.7612534
4977,4351,17.2228756,28.90270996,50.47517776,0.011882181,6.84907341,11.76622868,10.87269783,553.3041992,117.4461441
4978,4352,12.2596426,28.89943886,50.22348785,0.010051598,7.23456955,11.8158989,11.0499382,550.8376465,121.6015549
4979,4353,9.684124947,28.89290428,50.46404266,0.008633397,7.163019657,12.07240391,11.21720886,548.4721069,123.6098328
4980,4354,8.849981308,28.88636971,49.90118408,0.007215195,7.197073936,12.62290096,11.1112299,550.0891724,123.1607513
4981,4355,12.88627052,28.87147713,49.80662918,0.010456952,7.242499352,12.40460205,10.91370201,553.1868286,119.993927
4982,4356,21.76025581,28.85508537,50.39161682,0.014534308,7.159406662,12.18630409,10.66445827,556.0159912,114.7694321
4984,4357,16.39648247,28.82725143,50.25881577,0.010883947,7.041420937,11.72716236,10.87141323,553.8413086,117.720047
4985,4358,13.28968334,28.81290436,49.87162781,0.009397888,7.050083637,11.78101349,10.86789608,553.0264893,119.6304398
4987,4359,12.3165102,28.77528763,49.84972382,0.008342682,7.257915974,11.70919418,10.9175148,552.399353,120.083931
4988,4360,23.21237564,28.75405121,50.74976349,0.017831476,6.96410799,11.83668709,10.65964317,555.7623291,114.3797302
4989,4361,26.32676315,28.74876976,50.53723145,0.019122193,6.59395647,11.4887743,10.48851776,557.9759521,111.7154083
4990,4362,18.41690254,28.75418282,50.57664108,0.011365672,7.085446835,11.51092911,10.78507233,552.9658203,118.2961426
4991,4363,13.48001194,28.74725914,50.64493942,0.009353899,7.30291605,12.40834236,10.98615074,550.2443237,120.8347626
4992,4364,12.49862766,28.73775482,50.11898041,0.007841997,7.273215771,11.96834183,11.01375675,551.1921997,120.8361053
4994,4365,14.58688164,28.74210358,49.79489899,0.011783006,7.283299446,12.17500019,10.74727058,554.8776245,117.6223984
4995,4366,22.45302963,28.75244522,50.05012131,0.016188832,7.068574429,11.85545921,10.48945332,558.4486084,112.5114441
4996,4367,24.21073341,28.76205635,50.14515305,0.017029241,6.856733322,11.54982853,10.48795986,558.291626,112.4565964
4997,4368,22.377388,28.77110672,49.98588181,0.015124429,6.48268652,11.08871555,10.44730186,559.0512695,112.2886581
4998,4369,19.60502815,28.78015709,50.53001785,0.013219616,6.738656521,11.47506905,10.74249077,554.9849854,115.7223587
4999,4370,17.66706657,28.79036713,50.0861969,0.015850564,7.189354897,11.3985424,10.62401295,555.8809814,116.1861572
5000,4371,25.1991272,28.79259682,50.02581406,0.018864147,7.043732166,11.56953907,10.34740829,560.3768311,110.0230865
5001,4372,25.96020508,28.76719856,50.64548492,0.019592362,6.898108959,11.74053478,10.48113441,558.1141357,111.3448563
5003,4373,24.8061676,28.69997215,50.52311325,0.0192011,6.94432497,11.72150803,10.51206875,557.8512573,111.7285614
5004,4374,23.37347221,28.69866943,50.42663574,0.017747408,7.002970219,11.70474148,10.55718517,557.5057983,112.4147186
5005,4375,20.95257568,28.69736671,50.47242355,0.016293718,7.01987648,11.83842564,10.15354538,556.0714722,109.8559265
5007,4376,20.39706802,28.72478676,49.63834,0.016436165,6.811450481,11.98535061,10.46818161,559.5551758,112.4291
5008,4377,23.10194969,28.74342155,50.51334,0.017007625,6.858929157,11.86624336,10.59484768,557.3302002,112.9887085
5009,4378,24.43149757,28.75649261,50.68621826,0.015654897,6.704764843,11.74713516,10.54327297,556.9347534,112.9151688
5010,4379,22.8635006,28.76890755,49.88179016,0.014074403,6.646398067,11.09026051,10.47238541,559.618103,111.6743927
5011,4380,17.58882713,28.77842522,50.6197319,0.012593574,6.895424366,11.63636684,10.82179737,553.1068115,118.190239
5012,4381,15.40673161,28.78056717,50.32213593,0.011367048,7.249163628,11.74720383,10.89869118,552.6758423,118.279007
5013,4382,13.75298691,28.78270721,50.65834427,0.010140522,7.30295229,12.11166668,11.05568504,550.5181274,121.2228394
5014,4383,13.54314518,28.79710579,50.17434692,0.012010435,7.220245838,12.40404987,10.92913532,552.4448853,119.9915619
5015,4384,17.38781548,28.81761551,49.59799194,0.015426078,7.13753891,12.17208195,10.60326672,557.699585,114.9965591
5016,4385,24.6884346,28.8355217,50.41784286,0.018674174,7.029231071,11.94011307,10.49329567,555.0222778,110.9044266
5017,4386,26.58955765,28.80659485,50.23495865,0.018881209,6.9150424,11.73149681,10.42303181,559.9431763,110.2728043
5018,4387,26.21425056,28.777668,50.39249802,0.019088244,6.832792282,11.54562569,10.43418503,559.1235962,110.7976913
5019,4388,18.95318413,28.74368668,50.59529114,0.019117478,6.81111908,11.56124687,10.77528,553.7199707,117.2007065
5020,4389,22.37471008,28.70321846,50.56517029,0.018918278,6.636074066,11.73503017,10.56722641,556.4668579,114.0817184
5021,4390,23.65311241,28.66275215,50.57909012,0.018719079,6.754807949,11.90881348,10.54245377,557.019043,112.7303543
5022,4391,23.44293594,28.63417053,50.37388229,0.019558111,6.890077114,11.83063412,10.51619053,558.0717773,112.6019287
5023,4392,22.49736786,28.60813332,50.10425949,0.020620696,6.936774254,11.73215485,10.43938923,558.6277466,112.1071701
5024,4393,26.18202972,28.58667946,49.96649933,0.021016816,6.772836208,11.70991325,10.22083187,561.3892822,108.3090973
5025,4394,26.08380318,28.58259773,50.64753723,0.018876292,6.811235428,11.85675812,10.35469913,558.6869507,110.7750473
5027,4395,19.67675972,28.57762146,50.60346603,0.014544935,6.662528515,11.76386929,10.68668175,554.3543701,115.2449493
5028,4396,16.86236763,28.57890511,50.53363037,0.012319653,7.149735451,11.93443298,10.77937126,553.421814,116.832962
5029,4397,14.44135952,28.58018875,50.61988449,0.010094373,7.222928524,12.19146252,10.95118523,550.5925903,120.108963
5030,4398,13.01842022,28.63704109,50.31978607,0.01050586,7.296121597,12.35254574,10.88748837,551.25,120.6552505
5031,4399,14.68007374,28.69503593,50.34093857,0.010973562,7.21607542,12.17584896,10.88408375,552.1226196,119.2169647
5032,4400,18.61466599,28.73093605,50.37172699,0.011614183,7.129401684,11.99915218,10.70141792,554.3029175,117.0092392
5033,4401,20.73866463,28.72843742,49.86071777,0.012555713,7.058763981,11.98935509,10.43053055,558.3292236,113.3996811
5034,4402,19.60969734,28.7259388,49.84994888,0.013497243,7.019731998,12.11134815,10.49521065,558.2481079,113.4887161
5035,4403,16.12671089,28.70757294,50.55713654,0.012219249,6.980700016,12.23334122,10.81808567,552.699707,118.1801987
5036,4404,12.38439751,28.68393707,50.69815826,0.010201604,7.077505589,11.91260147,10.99092579,549.5183105,121.5653687
5038,4405,13.56516743,28.67586899,49.84405518,0.011474722,7.281152248,12.3441143,10.82707214,553.675354,118.3199081
5039,4406,19.67135811,28.66737938,49.93099213,0.012689827,7.085245609,12.16451836,10.58325005,556.9006958,113.6427994
5040,4407,22.45474243,28.64579964,50.06045532,0.013723367,6.87325716,11.91823292,10.46496677,557.506897,112.2503662
5041,4408,21.44705582,28.62421799,49.88457489,0.014756906,6.643821716,11.17293739,10.40530586,558.1791992,112.405304
5042,4409,16.92538643,28.62434959,50.34729004,0.013056511,7.170514584,11.65723324,10.76987267,554.067688,117.0438919
5043,4410,13.21854401,28.62670135,50.79275131,0.011073081,7.314129829,12.15098953,10.97095203,549.7786255,120.7109909
5044,4411,12.83119202,28.62497711,50.41353607,0.00975762,7.01319313,11.75647926,10.9436388,550.5964966,119.7220535
5046,4412,13.5255537,28.60180664,50.22948837,0.010372019,6.984489441,12.10637283,10.86806011,551.361145,119.3844757
5047,4413,17.47015572,28.59753036,50.57184982,0.011296737,6.922600269,12.03462887,10.37816715,556.1414185,112.7059097
5048,4414,20.17534065,28.59672546,49.7075882,0.012516334,6.847915173,11.94867229,10.41975212,558.2815552,112.742218
5049,4415,18.7970314,28.59728813,50.11436844,0.013590094,6.80785656,11.15094471,10.57372284,555.9772339,114.9937973
5050,4416,16.92013931,28.61792183,49.81427002,0.012457568,6.965292454,12.1687746,10.59998512,556.5516357,115.4620972
5051,4417,16.07270241,28.63855743,50.40024567,0.011325042,7.312641144,12.30557156,10.83762455,552.8220825,118.0438232
5052,4418,11.14432716,28.66324234,50.27339935,0.010792363,7.239110947,12.33105278,11.0433073,549.6802368,122.0226517
5053,4419,11.15029812,28.69288635,49.96167374,0.011000261,7.20106554,12.356534,10.94046307,551.8598633,120.7691879
5054,4420,16.17876053,28.72253036,50.21567535,0.011208158,7.163020611,12.26335049,10.76783466,553.8370361,117.8263016
5055,4421,20.35472107,28.73378181,50.49404907,0.012572832,7.109217644,12.09055614,10.7184248,555.267334,115.9162521
5056,4422,22.05204391,28.74139786,50.19226837,0.014169624,7.045478344,11.9177618,10.53883553,557.0473022,113.3794022
5057,4423,20.39287567,28.75243187,49.77667999,0.014957279,6.981739044,12.03717613,10.48102665,558.3071899,113.5682144
5058,4424,18.32876778,28.77555275,49.73547363,0.012846639,7.11636734,12.16134453,10.59522438,557.4425049,114.7082825
5059,4425,16.31319427,28.79867363,49.63702011,0.010736,7.2530303,12.28142357,10.63081932,557.2780151,115.9628296
5061,4426,11.11286449,28.82446098,50.34445572,0.010594872,7.229191303,12.50762749,11.09887028,549.7319946,123.2525482
5063,4427,21.66348457,28.81411934,50.48517227,0.013013702,6.754555225,12.19855404,10.69527721,555.5585938,115.1609268
5064,4428,22.46380424,28.79310417,50.42333603,0.015015745,6.937056541,11.95284271,10.68666458,556.4014893,114.7295456
5065,4429,20.77713966,28.77723694,50.21965027,0.015225319,6.579509258,11.36893082,10.54590797,557.1164551,114.2886887
5066,4430,15.11977863,28.76991081,50.04898453,0.012435862,6.957222462,11.46684742,10.76153469,554.6677246,117.7259827
5067,4431,11.77466583,28.76258469,50.55357742,0.009646405,6.814898491,11.41577339,10.49687576,550.6644897,116.0803375
5068,4432,11.44522667,28.76366043,50.491642,0.009381069,6.705998421,11.18103886,10.01156712,560.8515015,110.2437057
5069,4433,10.74196625,28.76736641,49.8693428,0.009914975,6.937764168,11.21442127,10.06449223,558.4614258,112.2675934
5071,4434,23.00358582,28.72227097,49.76393127,0.014079282,7.086658955,11.9983387,10.42808914,559.7869873,111.6516724
5072,4435,24.68865776,28.68020058,50.38402939,0.017318679,6.877780437,11.81543255,10.48021412,557.9466553,111.8065109
5073,4436,15.48774433,28.6598053,50.32648849,0.013225523,7.168405533,11.86114216,10.84874821,552.8427734,118.857605
5074,4437,12.85026073,28.65933037,50.591259,0.009555475,7.093255997,11.76911259,10.98279858,550.4086914,121.6797714
5075,4438,14.04434586,28.67181015,50.63129425,0.010198246,7.078609943,11.54613972,10.92167664,550.7849121,120.3446808
5076,4439,15.89891529,28.68545151,49.9719162,0.011238466,7.004144192,12.07365608,10.72703552,554.9846191,116.935936
5077,4440,18.29807854,28.68584061,50.16833496,0.01277041,6.96243,12.08583736,10.61783791,555.6464233,115.41082
5078,4441,22.14922142,28.65577316,50.26537704,0.01544552,6.920715809,12.07478523,10.60713005,557.0361328,113.5474472
5080,4442,22.26796532,28.63739204,50.16951752,0.017414955,6.627434731,11.62666416,10.50418568,558.1546631,112.5582123
5081,4443,20.18576813,28.66796875,50.42980194,0.0151644,6.722760677,11.27318668,10.64286518,555.6733398,115.1096191
5082,4444,18.49469185,28.69773483,49.9199295,0.013063048,6.841478348,11.5199585,10.54195118,557.6890869,115.2141495
5083,4445,19.1746788,28.71729469,50.45573044,0.0128861,6.913293839,11.65116787,10.74579048,554.7626953,116.5980682
5084,4446,18.63406372,28.73685455,50.07547379,0.012709152,6.74082756,11.23863602,10.58062649,556.3936768,115.6645203
5085,4447,18.69056892,28.72868538,49.99526596,0.01372382,6.899342537,11.54092407,10.63001156,556.8899536,115.8010178
5086,4448,22.76747322,28.68781662,49.99098206,0.016151989,6.883259773,11.84321213,10.4185009,559.560791,112.0170898
5087,4449,24.62026978,28.64694786,50.11680222,0.018580159,6.867177486,11.67396641,10.33580208,560.0115356,110.4281845
5088,4450,22.69387054,28.62434006,49.54092789,0.017470451,6.512005329,11.17991734,10.2063446,561.8912354,110.0445557
5089,4451,21.09359932,28.60509491,50.33591461,0.015700335,6.748149395,11.51179886,10.52992725,557.3158569,113.7430801
5090,4452,17.96979332,28.58847237,50.52529907,0.014108377,6.766058445,11.64700699,10.6882,553.8717651,116.0991135
5091,4453,16.93111992,28.58062553,50.71663284,0.013119739,6.928230286,11.78221416,10.79160309,552.6004028,117.8311005
5092,4454,21.43312263,28.53691864,50.43414307,0.014212913,6.734292984,11.97705555,10.51044178,557.2752075,112.9973526
5093,4455,25.15481758,28.48354912,50.34316254,0.018231781,6.614958286,11.30819225,10.3658123,559.2926636,110.6898193
5094,4456,26.60765839,28.43023491,50.38538361,0.022250647,6.515116692,11.24659061,10.24299622,560.2120972,109.054718
5095,4457,18.73687363,28.45191765,50.23152161,0.018162921,6.773680687,11.45644093,10.54180527,554.3673096,114.3700638
5096,4458,17.27100372,28.47360039,50.51348495,0.014064426,6.85287571,11.67396832,10.7246027,553.0993042,117.072464
5097,4459,16.99786377,28.49793434,50.70766068,0.01135658,6.870027065,11.69578552,10.77259541,552.3478394,117.5955429
5098,4460,15.00122452,28.52648354,50.61032486,0.010881678,6.367331505,11.15472412,9.653879166,562.8430176,105.3086777
5100,4461,13.76653004,28.57109261,50.0680275,0.010225282,7.216423035,11.80590439,10.73976994,553.5568848,118.900032
5101,4462,14.3173151,28.5834446,50.56417084,0.010131832,7.215559006,12.10954189,10.89799213,551.447876,119.7470703
5102,4463,13.61397934,28.5959816,49.69072342,0.01002216,7.214694977,12.24542904,10.72404385,554.9268188,117.5412903
5103,4464,13.57927513,28.60951042,50.19088364,0.009823689,7.02162981,11.84230518,10.90439415,551.8440552,119.3008194
5105,4465,14.63085175,28.63903236,50.20660019,0.009461847,6.957562923,12.00793266,10.75613689,553.177063,118.3802795
5106,4466,13.80660629,28.65710831,50.24606705,0.009328383,7.015265942,12.27338409,10.9034214,552.1278076,119.4947128
5107,4467,13.21874523,28.67518234,50.38247299,0.009194919,7.182750225,12.02457809,11.00493717,550.7807617,120.1256866
5108,4468,14.17185307,28.6930809,50.31276703,0.010034272,7.09191227,11.65164375,10.85264015,552.7172852,119.3751678
5109,4469,16.1578064,28.7109623,50.45833588,0.010952109,7.221511841,11.6837492,10.90555,552.585022,118.997345
5110,4470,18.12511253,28.72303963,50.47732544,0.011218838,7.052194595,11.87147045,10.79123116,553.4615479,117.3762207
5113,4471,11.67687225,28.70238876,50.46450424,0.008446879,7.294757366,12.31119728,11.03262424,550.1598511,121.7558746
5114,4472,11.89861774,28.67513084,50.4956665,0.008360538,7.135188103,11.9381876,11.04173565,549.7202148,121.673027
5115,4473,10.44059372,28.64979553,50.11052704,0.008500561,7.323961258,12.45872593,11.01958084,550.9007568,121.8910446
5116,4474,14.96741295,28.64564896,49.74149704,0.011194688,6.9710536,12.32382202,10.67001438,556.2142944,116.6831741
5118,4475,23.39298248,28.62354088,50.45097733,0.014949868,6.752013206,11.79844666,10.52014542,557.5691528,112.8845673
5120,4476,18.23667526,28.5562439,50.26387024,0.013334968,6.762752056,11.40680695,10.61028385,555.5983887,115.6133652
5121,4477,20.87883949,28.48956108,50.26771545,0.012290802,6.72530508,11.76567268,10.4777956,557.583374,113.1389084
5122,4478,17.77340508,28.46405983,49.96783829,0.012215596,6.825559139,11.68450642,10.58057785,555.5305176,114.9508362
5123,4479,20.63492203,28.4802494,50.52359009,0.014313207,6.84516573,11.58697891,10.57940292,555.2764282,114.7764435
5124,4480,18.22992516,28.50852585,49.99687576,0.012767989,7.025896549,12.05905342,10.51252556,556.7080688,114.4893036
5125,4481,16.90112114,28.53636551,50.65762711,0.011224686,7.020662785,11.76964092,10.80314922,552.0643921,118.3075867
5126,4482,12.85509109,28.51750946,50.43845367,0.009917736,7.062786102,11.94204044,10.87915802,550.3500366,119.6222382
5127,4483,11.08411503,28.49865341,50.10094833,0.008610786,7.207843781,12.26509953,10.89227581,551.038269,120.0914917
5129,4484,15.36709404,28.51217651,49.97418594,0.010761731,7.211977482,12.22094917,10.64901066,554.5060425,115.8387222
5130,4485,15.41903877,28.51832581,49.97286224,0.010739394,7.215229034,12.22594929,10.67243767,554.833313,116.5011139
5131,4486,15.38153458,28.52447319,49.99874496,0.010717059,7.218483925,12.23169327,10.68266106,554.7098389,116.6151352
5132,4487,15.34402943,28.53062248,50.02462769,0.010694723,7.221738338,12.23743725,10.69288349,554.5863647,116.7291641
5133,4488,15.30652523,28.53676987,50.05051422,0.010672386,7.224993229,12.24318123,10.70310688,554.4629517,116.8431931
5134,4489,15.26902103,28.54291725,50.07639694,0.01065005,7.228247643,12.24892521,10.71332932,554.3394775,116.9572144
5135,4490,15.23151684,28.54906654,50.10227966,0.010627714,7.231502533,12.25466919,10.7235527,554.2160034,117.0712433
5136,4491,15.19401169,28.55521393,50.12816238,0.010605377,7.234756947,12.26041317,10.73377514,554.0925903,117.1852722
5137,4492,15.15650749,28.56136322,50.1540451,0.010583041,7.238011837,12.2661581,10.74399853,553.9691162,117.2992935
5138,4493,15.1190033,28.5675106,50.17992783,0.010560705,7.241266251,12.27190208,10.75422192,553.8456421,117.4133224
5139,4494,15.08149815,28.5736599,50.20581055,0.010538369,7.244521141,12.27764606,10.76444435,553.722168,117.5273438
5140,4495,15.04399395,28.57980728,50.23169327,0.010516033,7.247775555,12.28339005,10.77466774,553.5987549,117.6413727
5141,4496,15.00648975,28.58595657,50.2575798,0.010493697,7.251029968,12.28913403,10.78489017,553.4752808,117.7554016
5142,4497,14.9689846,28.59210396,50.28346252,0.010471361,7.254284859,12.29487801,10.79511356,553.3518066,117.8694229
5143,4498,14.93148041,28.59825134,50.30934525,0.010449024,7.257539272,12.30062199,10.805336,553.2283936,117.9834518
5144,4499,14.89397621,28.60440063,50.33522797,0.010426688,7.260794163,12.30636597,10.81555939,553.1049194,118.0974808
5145,4500,14.85647202,28.61054802,50.36111069,0.010404352,7.264048576,12.31210995,10.82578182,552.9814453,118.2115021
5146,4501,14.81896687,28.61669731,50.38699341,0.010382015,7.267303467,12.31785393,10.83600521,552.8580322,118.325531
5147,4502,14.78146267,28.6228447,50.41287613,0.010359679,7.27055788,12.32359886,10.84622765,552.7345581,118.4395599
5148,4503,14.74395847,28.62899399,50.43875885,0.010337343,7.273812771,12.32934284,10.85645103,552.611084,118.5535812
5149,4504,14.70645332,28.63514137,50.46464157,0.010315007,7.277067184,12.33508682,10.86667442,552.4876709,118.6676102
5150,4505,14.66894913,28.64129066,50.49052811,0.010292671,7.280322075,12.3408308,10.87689686,552.3641968,118.7816315
5151,4506,14.63144493,28.64743805,50.51641083,0.010270335,7.283576488,12.34657478,10.88712025,552.2407227,118.8956604
5152,4507,14.59393978,28.65358543,50.54229355,0.010247998,7.286831379,12.35231876,10.89734268,552.1173096,119.0096893
5153,4508,16.42463112,28.66023827,50.52959824,0.011269633,7.143352032,12.09657669,10.8064146,553.0762329,118.2987213
5154,4509,21.20213318,28.65315437,50.22642517,0.013272957,6.83525753,11.49463081,10.56844425,557.8974609,113.684021
5155,4510,22.22211266,28.64607048,49.85853577,0.015276282,6.533272266,10.89268589,10.33505917,559.9330444,111.8234482
5157,4511,17.90750885,28.66507912,50.10852051,0.012706554,6.788650513,11.45514679,10.61725044,555.9068604,115.5550613
5158,4512,14.53070164,28.67849541,50.25439072,0.010647918,6.940152168,11.45262718,10.80908775,553.5289917,117.9459763
5159,4513,14.16471767,28.68552971,50.02775192,0.010342035,7.145246029,11.66273975,10.71453571,554.3656616,117.563385
5160,4514,13.63561058,28.69256401,50.66902161,0.010036152,6.918017387,11.80949497,10.9076767,551.1602173,120.120575
5161,4515,16.6983223,28.69188881,50.19466782,0.011021606,6.432117462,11.09632778,9.641355515,564.4022827,105.4055557
5162,4516,21.62000847,28.67903137,50.07201004,0.014047743,7.059051991,11.87053776,10.11924267,560.9377441,108.5726471
5163,4517,23.22323227,28.66617203,50.04769897,0.017073879,7.001658916,11.5853405,10.38594913,559.8504639,111.3476715
5164,4518,21.70558739,28.65546227,49.97483826,0.015530894,6.944266319,11.30014324,10.38376427,559.5258789,111.6785202
5165,4519,18.32204819,28.64538002,50.0774498,0.012646274,6.798220158,11.49896049,10.5389719,557.0084229,114.5513458
5166,4520,15.14181709,28.63666534,50.26067352,0.010208326,7.023617268,11.91302013,10.76461792,553.5755005,117.6813278
5167,4521,14.674613,28.63518143,50.59667587,0.010148462,7.186830044,12.25583935,10.86110973,552.3148804,119.2954483
5168,4522,14.58518887,28.63369751,50.63154602,0.010088597,7.185228348,11.4473362,10.86666107,551.7167969,119.0738754
5169,4523,16.81149673,28.62179756,50.31612396,0.012340986,6.851651192,11.88247299,9.565886497,568.7686768,104.9078598
5170,4524,23.50580215,28.60116768,50.49484634,0.016536528,6.882181644,11.81145287,10.4723978,557.7738647,111.4358826
5171,4525,25.71011162,28.5805378,49.98556519,0.020732071,6.877093315,11.72701836,10.21132755,561.8375244,108.7176361
5172,4526,23.0563736,28.55682564,49.75971985,0.017699253,6.640275478,11.35321426,10.2970686,561.0704346,108.4697037
5173,4527,19.020998,28.53287888,49.97219086,0.014111092,6.831367016,11.49470043,10.41379547,558.0803223,113.1142578
5174,4528,17.44480515,28.51288033,50.2663002,0.011870431,6.754396915,11.41524124,10.6483593,555.2608032,116.0081711
5175,4529,18.10919952,28.5014534,50.1701622,0.012573294,6.681851387,11.32320213,10.49233246,556.8010864,114.9212036
5177,4530,21.91688728,28.48602867,50.57178497,0.012966117,6.876503468,11.95083332,10.55382442,556.383728,113.3306274
5179,4531,16.68778419,28.4850502,50.51502991,0.011528088,6.955992699,11.49424362,10.64046478,554.0970459,117.0203934
5180,4532,16.3647728,28.49202919,50.47556305,0.011431208,6.949293613,11.66222572,10.6761837,553.0076904,116.2495041
5182,4533,15.80181122,28.50177765,50.36493301,0.011093332,6.858083725,11.82702732,10.67937374,553.9830933,116.588829
5184,4534,14.41598892,28.49786568,50.69788361,0.010285289,6.401428699,11.4578619,9.515908241,564.6355591,104.7095947
5185,4535,14.97009087,28.50003433,50.3937149,0.010864655,6.655371666,10.81796169,9.640994072,564.1251831,106.1884003
5186,4536,15.96714401,28.50289345,50.00435638,0.011611219,7.094885349,11.9850235,10.52370739,556.9182129,114.4029007
5187,4537,17.18810654,28.51040649,49.5863533,0.012069755,6.812338352,11.44237518,10.43330479,558.7224731,113.3071823
5188,4538,16.13314438,28.53251457,50.6530838,0.011614944,6.836145878,11.68752098,10.72712135,553.4829712,117.246788
5189,4539,15.68021488,28.55462456,50.13022995,0.011160132,6.986736298,11.4615984,10.62205791,555.5806885,115.9802704
5190,4540,14.75959492,28.57437134,50.40249252,0.010512189,7.008189201,11.82532978,10.49159908,551.4434814,114.1123199
5191,4541,14.90237331,28.5927124,50.04290771,0.009748558,7.050984859,12.20248604,10.66420937,554.5834961,116.7627258
5193,4542,20.08181763,28.67508125,50.08281326,0.013913565,6.967383862,11.62268353,10.45664883,558.2019043,113.7823486
5194,4543,22.07608032,28.6980896,50.18748474,0.01518347,6.673894882,11.7590847,10.49138641,558.5240479,112.8454132
5195,4544,20.61585426,28.70759201,50.08476639,0.014661756,6.695458889,11.79677105,10.51543427,558.6971436,113.294281
5196,4545,19.31109047,28.71709251,49.81639481,0.014140043,6.799419403,11.36676502,10.47679615,559.4589233,113.2000809
5197,4546,17.84512711,28.70440865,50.52879333,0.012592278,6.956946373,11.57546425,10.73611736,554.3317261,117.4871445
5198,4547,13.80866623,28.68557167,50.10536194,0.010758115,6.717213631,10.43916512,9.620875359,566.5736694,106.1183777
5199,4548,13.06520557,28.66868591,50.61752701,0.009839517,6.76640892,10.8355608,9.613694191,564.4007568,106.5820084
5200,4549,19.25167274,28.66142654,50.30794525,0.013471073,6.4935956,11.06099892,9.71969986,563.8866577,104.7145157
5201,4550,23.34535408,28.65416718,49.94970703,0.017102627,6.777556896,11.39718437,10.35687542,560.5969849,110.8481445
5202,4551,24.90259552,28.63537025,50.40217209,0.018370355,6.827981949,11.60838318,10.42492199,559.1018066,111.4689789
5203,4552,23.68920708,28.60728455,49.76309204,0.017724045,6.878407001,11.81958199,10.15272522,562.5322266,108.6864548
5204,4553,22.59588432,28.57919884,49.97703171,0.017077737,6.85972023,11.71390533,10.33250809,560.1896362,110.4430847
5205,4554,21.27840996,28.57882118,50.61222458,0.014314193,6.798564911,11.40294552,10.58054066,555.7568359,114.2898254
5207,4555,13.27232265,28.58450127,50.81047058,0.009900837,6.839482784,11.40040588,9.583141327,565.2824097,105.7454147
5208,4556,14.78605652,28.59469986,50.20897293,0.011306142,6.677825451,11.10197639,9.116988182,574.6765137,100.1161728
5209,4557,18.24951553,28.60489845,50.16530991,0.012711447,7.101737499,11.62712193,10.58155537,555.7404175,115.7088013
5210,4558,19.56968498,28.60331154,50.08069992,0.012196894,6.933855057,11.88750076,10.53023148,556.5682373,113.8411713
5211,4559,17.73724747,28.5969162,50.13046265,0.010893676,6.802503109,12.14788055,10.55172729,556.4240112,115.1331329
5212,4560,13.79184914,28.58735275,49.96339035,0.009672172,6.986626625,12.2232933,10.79375744,554.0779419,118.1111526
5213,4561,12.70929718,28.54782295,50.22521973,0.009237274,7.00165844,12.24617004,10.82919025,551.7888184,119.7295074
5214,4562,13.05959034,28.50829315,49.91844559,0.008802375,6.969031811,12.0679884,10.68651199,553.4620972,118.1050491
5215,4563,11.00531101,28.49846649,50.71257019,0.008097846,6.834856033,11.3356657,9.450691223,567.2488403,103.792305
5216,4564,9.859459877,28.52069664,50.54251099,0.007100136,6.826387405,11.43525791,9.407946587,568.8457031,103.3813095
5217,4565,6.988932133,28.54292679,50.5465889,0.006102426,7.362174034,11.79310894,11.16980076,546.9326782,125.1277924
5218,4566,10.02824879,28.57147408,49.83308411,0.006214112,7.100024223,12.06540298,10.89417839,551.6289063,120.897995
5219,4567,10.69262409,28.60099411,50.15762711,0.006499955,6.733057022,11.02575684,9.482235909,568.2684326,104.1578674
5220,4568,9.411741257,28.62602043,49.77713776,0.006548417,6.832724571,11.59030437,9.43588829,564.0136719,104.3274536
5221,4569,5.571253777,28.6376915,50.24088669,0.005883386,6.467416763,11.18108177,9.444792747,564.5218506,104.6650009
5223,4570,7.95028019,28.72143364,50.20123672,0.007066391,6.594477654,10.69036293,9.42585659,568.4190674,104.5872726
5224,4571,12.45140076,28.76190948,49.68942642,0.008313066,7.375151157,12.35926056,10.8123703,554.1431885,118.6418915
5225,4572,13.06522179,28.7605114,50.05387878,0.008016078,7.053753376,11.67817307,10.86642742,552.2696533,119.3188095
5226,4573,9.058042526,28.75227547,50.22420883,0.00719074,7.493749619,12.60043526,11.01628876,549.536438,123.0199585
5228,4574,6.122471333,28.7227993,50.2041893,0.005456145,7.609127998,12.78515911,11.17180634,547.5320435,125.6551514
5229,4575,4.754820347,28.73340225,50.21095276,0.006592943,7.486081123,12.12067604,11.33454609,545.9271851,126.8894119
5230,4576,16.53628922,28.76003075,49.82845688,0.01009324,6.946840763,11.55927372,10.68917847,556.069519,115.854248
5231,4577,16.07950401,28.75601959,50.49970627,0.010486631,7.271317005,11.86770916,10.83712578,552.5454102,118.7019424
5232,4578,14.50331306,28.74657249,50.58419037,0.009814391,7.300605774,12.1761446,10.91444588,552.0593872,119.7320709
5233,4579,12.0025425,28.73292542,50.61587143,0.008310209,7.329894543,12.34629917,11.04538918,549.8255005,121.9075623
5234,4580,9.015956879,28.71927834,49.74117279,0.006806027,7.324247837,12.41974354,10.92821312,551.9106445,121.2461166
5235,4581,9.313155174,28.73913574,50.06292343,0.008730549,7.295746803,12.4931879,11.0047226,550.6306763,121.9142532
5236,4582,14.48318481,28.76078606,50.41838074,0.010846652,7.267246246,12.33873272,10.89648247,552.036377,120.0807953
5237,4583,18.26920128,28.76960754,50.06333923,0.012455479,6.898890018,12.17810917,10.62093925,556.5822144,116.0317535
5238,4584,20.52107048,28.7529068,49.75866318,0.01304492,6.816680908,12.10028744,10.48233509,558.743103,112.4283447
5239,4585,19.43021011,28.73620415,50.10544968,0.01363436,6.835536003,12.20633888,10.56026268,557.6265869,114.228363
5240,4586,16.30078316,28.72956276,50.49199295,0.012503585,6.971400738,12.31239033,10.77502537,553.0655518,117.6309052
5243,4587,17.4689312,28.7683239,50.62631607,0.013317673,6.99500227,11.93677521,10.8340826,553.5748291,117.779213
5244,4588,21.74591827,28.77142715,50.58693695,0.014920916,6.792228222,11.57546711,10.61208344,556.0048828,114.0619888
5245,4589,24.26810455,28.75607109,49.95527649,0.016089696,6.589454174,11.21415901,10.33941841,561.2312012,110.028862
5246,4590,22.85270119,28.74071693,49.94092941,0.017258476,6.686162472,11.5042448,10.33692837,561.2113037,110.4586487
5247,4591,19.6137619,28.70737076,49.85427856,0.015008067,6.842381001,11.89388752,10.49269485,559.0117798,113.1194687
5248,4592,16.58845711,28.67146873,50.54259872,0.012264483,6.998599529,11.77102661,10.7504921,553.6087036,117.5524521
5249,4593,13.3612566,28.64494705,49.6967392,0.011118223,7.189514637,12.05766487,10.68424129,555.3579102,117.0437698
5250,4594,13.85581303,28.64498329,50.28350067,0.014538611,7.078492165,11.40150928,10.84679508,552.7137451,118.9253845
5251,4595,20.66753006,28.64501762,50.63008499,0.017959001,6.795401573,11.51495647,10.54144859,556.0404053,114.4796906
5252,4596,27.43958855,28.61870193,49.97990417,0.020061065,6.71210146,11.50440121,10.09735107,563.3851318,107.1688309
5253,4597,27.77023315,28.57796097,49.80804825,0.021434437,6.629378319,11.49509716,10.08249855,564.2249146,105.8571396
5254,4598,26.81402206,28.5389843,50.14811325,0.02264913,6.775388241,11.72155952,10.18379211,562.4119873,107.8594818
5255,4599,22.79141998,28.5539608,50.22577286,0.018574826,6.991877556,11.94802189,10.3526001,559.6622314,111.2294693
5256,4600,17.67619896,28.5689373,50.57463455,0.014500524,6.859748363,11.99437714,10.67690754,551.0964966,115.5498734
5257,4601,15.81631184,28.58928108,50.33678818,0.012154677,6.961000443,11.69651699,10.70022297,553.8214111,117.6201706
5258,4602,14.11507607,28.61712456,50.58210373,0.012249452,6.473405838,11.43787766,9.586725235,565.0452881,105.2290039
5259,4603,17.14968109,28.64496803,50.2553215,0.012344226,6.401040554,11.27138233,9.677850723,563.3494263,105.0575333
5260,4604,22.11218834,28.64180946,49.87904739,0.013561813,6.645872593,11.15241146,10.41350365,559.807373,111.214592
5261,4605,22.78939438,28.63101768,49.71231079,0.015059859,6.774751186,11.11505795,10.34254265,561.0389404,110.2453613
5262,4606,21.34435272,28.62539101,50.46242142,0.015797183,6.705519199,11.26767349,10.54822445,557.1334229,113.6224823
5263,4607,17.33054161,28.64213562,50.26511383,0.013193568,6.834400177,11.4630661,10.62946796,555.6244507,115.7176514
5264,4608,15.2680788,28.65888023,49.95913315,0.010589954,6.952897072,11.62380219,10.7075758,555.7144775,117.7447739
5265,4609,13.83504486,28.68691635,49.77410889,0.010577034,6.95469141,11.76502323,10.6644249,555.1960449,116.6808701
5266,4610,11.73832035,28.72336769,50.56552505,0.012514297,6.607610226,11.15396309,9.625461578,566.2843628,105.341362
5267,4611,19.72395134,28.75982094,50.12605286,0.014451561,6.64760685,11.48962212,9.838182449,562.6168213,106.539772
5268,4612,23.19750977,28.75110245,49.81365204,0.016156625,6.798987389,11.58408546,10.35086155,560.6427002,110.512825
5269,4613,24.05056,28.74041748,50.04534531,0.017851021,6.962241173,11.68127441,10.40553379,560.2407837,110.5074997
5270,4614,22.43041992,28.72668839,50.50481796,0.018194187,7.047881603,11.77846336,10.50143528,557.8428345,113.0899048
5271,4615,16.81197739,28.70714188,50.00307846,0.015932286,7.059412956,11.78474808,10.66686916,555.7206421,116.1292725
5272,4616,18.79886818,28.68759537,50.23352814,0.013670383,6.979943275,11.73319054,10.64638901,555.9831543,115.1544724
5273,4617,18.13596535,28.69085693,50.00149536,0.013446268,6.621301651,11.21978092,10.56905174,556.5564575,115.1411133
5275,4618,19.81518173,28.71524811,50.40835953,0.014596663,6.786746502,11.48429298,10.7092514,555.7268066,115.1201706
5276,4619,23.53050232,28.73492432,49.6460228,0.01573758,6.845525265,11.60070801,10.2813797,561.7859497,109.3371353
5277,4620,23.87267494,28.75459862,49.9842186,0.016878499,6.904304028,11.71712399,10.39750004,560.5653687,111.1764526
5278,4621,21.98332214,28.76700974,49.88973999,0.016176473,6.993519783,11.78619576,10.42321396,559.6502075,112.0804062
5279,4622,20.00227547,28.77213478,49.95814896,0.013612823,7.13162899,11.77721119,10.48893356,558.3515015,113.9084473
5280,4623,16.82063484,28.77726173,50.22402191,0.011049171,6.774047375,11.76481819,10.78710461,554.5216064,117.4422531
5281,4624,14.00485897,28.79909706,49.90898514,0.01062102,6.930513859,11.70459843,10.76491737,554.0718384,119.7290573
5283,4625,17.05742645,28.83440971,50.15397263,0.011658737,6.92447567,11.59881496,10.76080322,555.4383545,116.7423782
5284,4626,24.34687042,28.81125832,50.18841934,0.016458223,7.009773731,11.92811966,10.43781281,559.8046265,111.6827087
5285,4627,26.35997009,28.78810692,50.06006622,0.021257708,6.882551193,11.7551651,10.33764362,561.7146606,109.8150024
5286,4628,24.04250908,28.77766037,50.35045242,0.020713991,6.591636181,11.6433506,10.32337379,559.9856567,111.0897751
5287,4629,21.46437836,28.77390862,50.28733826,0.017340599,6.697412968,11.83764172,10.48789597,557.954834,113.0060883
5288,4630,20.01281929,28.76933289,50.41404343,0.014137773,6.875603676,12.03193283,10.70762157,556.2662964,114.8895035
5289,4631,20.4131012,28.74518204,50.5150032,0.015111761,7.053794861,11.84133434,10.59773445,556.3520508,114.3920135
5290,4632,22.04858208,28.72103119,50.81506729,0.016085749,6.532958508,10.95857334,9.357563972,568.0144653,101.0804901
5291,4633,28.07078552,28.63617516,50.1321373,0.021113887,6.569132328,11.44796371,10.11787701,562.8103638,106.9759369
5292,4634,25.94598961,28.57460213,50.13065338,0.022000341,6.617999077,11.14532471,10.32334232,560.8762817,109.6418152
5293,4635,21.48138618,28.57167625,50.06156158,0.018480659,6.73221159,11.60102367,10.34689522,557.7033691,110.5644379
5294,4636,21.25877571,28.56330299,49.55025101,0.015611542,6.805943489,11.92825031,10.22156143,561.9509277,109.8583221
5295,4637,20.09039307,28.53265762,49.74990845,0.015439628,6.874267101,11.46678638,10.32342529,559.545166,111.6645737
5296,4638,20.86988258,28.50201225,50.70783997,0.015267712,6.721401691,11.28206348,9.772551537,562.2972412,105.6343155
5297,4639,27.62836456,28.48592758,50.08310699,0.015951933,6.27505827,11.48019123,10.02281189,557.5708618,105.201973
5298,4640,28.54894257,28.48031998,49.74017334,0.017257331,6.516792774,11.67831898,9.903042793,565.8228149,104.4356537
5299,4641,24.04254913,28.47471237,49.82869339,0.018562729,6.658136368,11.84412193,10.20232964,561.9343872,109.2103729
5300,4642,23.70815659,28.48418617,50.41124344,0.016553609,6.744844913,12.00138569,10.33273506,558.7019043,110.1571503
5301,4643,20.89981651,28.49417686,50.23995209,0.014423114,6.708693027,12.12170124,10.38218021,558.0341797,112.6619644
5303,4644,22.35767174,28.45853806,50.03090668,0.013726409,6.726008415,12.01721191,10.30643559,559.8847046,110.3734894
5304,4645,23.02966881,28.37804985,50.09283829,0.015970249,6.561631203,11.24141121,10.25535583,560.4417114,109.9733963
5305,4646,22.76850128,28.35957336,50.17309189,0.016500393,6.544749737,11.16529083,10.24485302,559.9870605,109.9566498
5306,4647,20.5696907,28.3784523,49.99861145,0.014165599,6.766889095,11.53006744,10.36022282,559.0800781,111.390892
5307,4648,16.77625084,28.39733124,50.52999878,0.011830806,6.73031044,11.73376942,10.62001324,554.111084,116.0242386
5308,4649,14.73988438,28.42868423,49.7729187,0.010370771,6.964647293,11.65956116,10.67390347,554.6923828,116.6429214
5309,4650,12.58629036,28.47213364,49.25759888,0.009766323,7.123734474,11.38387012,10.51496983,556.6810913,116.3081665
5310,4651,13.82556725,28.51558304,50.36343765,0.009161876,6.724329472,11.17844391,9.60009861,564.5354614,105.4132614
5311,4652,14.53566933,28.54758835,49.8836174,0.010367287,6.43423748,10.63622856,9.560098648,566.5171509,103.652565
5312,4653,17.4942627,28.57822227,50.56796265,0.011794408,6.753682137,12.22824764,10.74075603,553.5605469,117.2827759
5314,4654,17.2550602,28.64164925,50.7034111,0.011896297,7.079510689,11.59962463,10.78752899,553.1430664,117.7464905
5315,4655,16.29563332,28.67403793,50.22995377,0.011082974,7.110885143,11.63813686,10.75580502,554.0803223,117.3274384
5316,4656,24.41880608,28.63553047,50.21738434,0.017561749,6.848865032,11.88227749,10.31422043,560.2339478,110.3105392
5317,4657,20.7913723,28.63357162,50.53922653,0.015776923,6.782953739,11.93678188,10.54409409,556.5656128,114.4206314
5318,4658,18.5369339,28.6249218,50.39625168,0.013923937,6.78490448,11.99128628,10.58005047,556.1958618,115.4298172
5319,4659,17.60676003,28.61627197,50.00350952,0.012070951,6.850338936,11.84996796,10.55665398,557.1900635,114.8194885
5320,4660,15.16503716,28.62335014,50.73682404,0.013056283,6.47021246,11.05517197,9.559275627,564.8656006,104.7744064
5321,4661,21.16306496,28.64614487,50.34973145,0.01686736,6.490210533,11.27997208,9.77955246,561.6358032,105.5973663
5323,4662,27.18668365,28.67670059,50.3043251,0.020028802,6.562663555,11.07496834,10.26872158,561.7572021,108.9621964
5324,4663,26.14431953,28.68257713,50.14827347,0.018823603,6.672624588,11.07290173,10.15250301,554.9076538,106.4279633
5325,4664,21.54167557,28.68305016,50.67788315,0.0172137,6.925889015,11.33777428,10.50891113,552.6665039,112.8870773
5327,4665,17.66030502,28.65580559,49.88803101,0.011888118,6.330949783,11.42516327,9.637111664,566.326416,104.880722
5328,4666,14.22050571,28.67386627,50.80200958,0.013911421,6.584364891,11.42757893,9.573480606,565.4259033,104.8808441
5329,4667,23.1235199,28.70786858,50.14133072,0.018282793,6.832478046,11.77845478,10.4208889,559.9837646,110.9431076
5330,4668,26.99732018,28.73957634,50.40107727,0.022376828,6.757480621,11.63051701,10.25083828,560.8349609,109.1198273
5331,4669,29.63227272,28.73096466,50.11919022,0.02166014,6.682483196,11.48258018,10.12729359,564.0558472,106.8242188
5332,4670,27.39530373,28.72235298,50.010952,0.02094345,6.760047436,11.56955719,10.15951157,563.1339722,107.5707626
5333,4671,23.42750931,28.71120262,50.6853447,0.018954771,6.91527462,11.77612114,10.48579597,557.8291626,112.4271927
5334,4672,19.12703705,28.69684982,50.67074966,0.015366487,7.067368984,11.96537495,10.6883955,555.3024902,115.4081116
5336,4673,24.40015984,28.70783234,49.95256424,0.020088717,6.477032185,10.78994751,9.922133446,559.4052124,105.8297729
5337,4674,29.12698555,28.71145439,49.91453171,0.023875797,6.445870876,10.85755539,9.983765602,564.6647949,106.2579575
5338,4675,30.25424004,28.67382622,50.17004013,0.023816215,6.397751331,11.25045586,10.0520668,563.8956299,106.2977295
5339,4676,28.41007805,28.63619995,50.18541718,0.023756631,6.543670177,11.64335537,10.15532589,563.2714844,107.5507736
5340,4677,22.82913589,28.61358643,50.69755173,0.021195147,6.749289036,11.82015991,10.46086597,557.690918,112.6979675
5341,4678,21.69954681,28.60071373,50.39249802,0.01701754,6.93653059,11.91875935,10.48119164,557.5576782,112.1950607
5342,4679,17.26793861,28.58783913,49.81639862,0.012839934,6.889001846,11.88195229,10.53745937,557.6937866,114.1205215
5344,4680,26.64536858,28.50386238,50.05906677,0.021304945,6.682235241,11.53482819,10.14922905,562.2642822,107.2887344
5346,4681,24.34754753,28.44660378,50.56414413,0.018825566,6.637498856,11.97900677,10.29691601,559.067688,110.5258942
5347,4682,23.55039597,28.44564629,50.53575134,0.019354468,6.69415617,12.09461784,10.38752079,558.3187256,111.3908691
5348,4683,22.35164452,28.44708443,50.5880661,0.020006213,6.739114761,12.10486794,10.43959713,557.5946655,112.4742966
5350,4684,26.46670723,28.47533417,50.55221939,0.022601601,6.56264019,11.53928852,9.90482235,558.975647,105.2450027
5351,4685,28.65856361,28.48373032,50.20079422,0.022793351,6.491526604,11.42053986,9.999222755,558.9996338,105.8362503
5352,4686,27.35967827,28.4873848,50.67258072,0.022073451,6.523794651,11.4059782,9.978226662,558.5752563,105.8324509
5353,4687,26.19379234,28.49103737,50.62601089,0.021353554,6.556062222,11.3914156,9.924228668,559.4296875,105.741539
5355,4688,22.35800171,28.53368568,50.59760284,0.014170988,6.746851921,11.52005291,10.51408291,556.6450195,113.6483841
5357,4689,25.06513786,28.63775826,50.63494492,0.018486172,6.683671474,11.33624935,10.47406006,557.7288208,111.6659775
5358,4690,25.86301422,28.61420059,50.47586441,0.019815013,6.774650574,11.34355259,10.38539696,559.4647217,110.4612122
5360,4691,16.84522057,28.59356499,50.54503632,0.014275313,6.998614311,11.41701603,10.76188755,553.5460205,117.1751251
5361,4692,18.25499535,28.59786987,50.78828049,0.013589476,6.568039894,11.27399635,9.625714302,564.3641968,104.4096832
5362,4693,16.88239861,28.6064167,50.81504822,0.015528122,6.587482452,11.22920418,9.73670578,562.7526855,105.9227829
5363,4694,20.4091568,28.61496353,50.12943649,0.017466769,6.420154572,11.54690266,9.502953529,563.9101563,101.896492
5364,4695,22.98446846,28.59780884,49.54296875,0.01943106,6.759288311,11.87845516,10.24292088,562.1144409,108.9627914
5365,4696,28.10857201,28.57703972,50.46763611,0.021398921,6.775390625,11.81704426,10.2778511,561.0682373,108.8148041
5366,4697,25.16968346,28.55971527,50.57925034,0.022482662,6.764485359,11.75563431,10.32588959,559.3015747,110.8611069
5367,4698,23.7262764,28.55199623,50.46883392,0.021115154,6.648719788,11.6079464,10.38678741,558.9381714,111.4653854
5368,4699,24.1171627,28.54427719,50.54281998,0.019747645,6.532953739,11.40076351,10.38696861,558.5330811,111.40345
5369,4700,21.59734154,28.55624771,50.7201767,0.018329857,6.599927425,11.31774139,9.775547028,562.8457642,105.0372925
5370,4701,20.31507301,28.57870865,50.78787994,0.016885404,6.743761539,11.29562378,9.654332161,559.4815674,102.735321
5371,4702,21.07552528,28.60047722,50.49386597,0.015480681,6.590111732,11.27306843,9.936701775,560.4101563,107.0823364
5372,4703,20.10643387,28.60588074,49.94263077,0.014993014,6.678544044,11.21657276,10.46849632,559.0948486,112.3861771
5373,4704,18.75865173,28.61128426,50.64826965,0.014505347,6.928359985,11.26372433,10.66355038,554.8945313,116.0442963
5374,4705,19.66343498,28.61196899,50.67936325,0.013795415,6.856805801,11.39615345,10.63650608,555.4403687,115.2460785
5375,4706,18.83818626,28.60634995,50.23693848,0.012789904,6.423146725,11.4969101,9.624260902,561.1615601,103.5482712
5376,4707,14.96175671,28.60900497,50.49032974,0.011895219,6.34139061,10.48550034,9.352180481,571.262085,101.8037567
5377,4708,14.4616375,28.6204319,50.36642456,0.012257131,6.529418468,10.94061947,9.403040886,568.7987061,102.152092
5378,4709,19.0297718,28.6297226,50.08304977,0.013272512,6.881321907,11.23208141,10.57088089,557.2889404,113.3711395
5380,4710,25.96800804,28.63151932,50.3748436,0.020392099,6.44792223,11.61642075,10.35896492,560.0272827,110.4200897
