source_row,clean_row,AT,AP,DF,CH,GP,CPR,CPD,TTXM,EP
0,0,15.31130123,28.92273903,50.07518005,0.009510436,7.282562256,12.79570866,11.31042004,548.68396,119.1520767
1,1,17.74539375,28.9114666,49.66520691,0.010846647,7.255000114,12.62129307,11.10266972,551.7080078,117.3476639
2,2,14.50733376,28.89104843,50.65373611,0.009296686,7.512161255,12.67389679,11.43926334,539.4581299,120.3194046
3,3,10.47759533,28.87062836,49.76570892,0.007746726,7.577435493,12.83402634,11.36809921,547.8548584,121.7108154
4,4,8.931485176,28.85029984,50.30429459,0.006699379,7.641938686,12.98397636,11.61056614,543.255127,125.3332672
5,5,5.754109383,28.83000374,50.04301834,0.005964261,7.711223125,12.99287987,11.69534588,542.7618408,126.2256546
6,6,5.921294689,28.81102562,49.66090775,0.005251023,7.788251877,13.00178337,11.50946903,544.6455078,125.3588638
7,7,8.669314384,28.80213547,50.23349762,0.008598624,7.659542084,12.85962105,11.54244137,544.4053955,125.3056335
8,8,16.75387573,28.79324722,50.0005455,0.011946225,7.006092548,12.53715897,11.11470985,550.3883057,117.7549744
9,9,20.43641472,28.78730774,50.21123505,0.013065525,7.017014027,12.21469593,11.01291752,551.8991699,115.7978973
10,10,16.84610748,28.78428459,50.42191696,0.010748956,6.995232105,12.34866333,11.23978615,548.4448853,119.2862244
11,11,13.10703373,28.78126144,50.56823349,0.008432387,7.155021667,12.5674324,11.38165188,545.1610718,121.9495392
12,12,10.15736389,28.77307129,50.54294586,0.007827094,7.266582012,12.73528576,11.52559185,543.0491943,124.7709198
13,13,10.57342815,28.76424789,50.03096771,0.007700124,7.388510704,12.73406506,11.4529562,545.6367798,123.6107025
14,14,9.812543869,28.75881958,50.26347733,0.008153736,7.292080879,12.7328434,11.42134666,541.9226685,123.4714813
15,15,21.0159893,28.76543617,49.92848587,0.014726914,7.204689026,12.37187862,10.98532486,553.4003296,114.2684708
16,16,22.09515572,28.77778244,49.97172165,0.014930521,7.153789997,12.1493578,10.80755901,553.8377075,113.3969193
17,17,20.53465462,28.79461098,50.63378906,0.01269949,6.881900787,12.32444954,11.13945198,549.6647339,117.2251511
18,18,16.12464333,28.81135368,50.53333664,0.01046846,7.00897646,12.51755619,11.34113216,547.494873,120.4930344
19,19,12.9403286,28.77795219,49.84078979,0.010099465,7.141395092,12.65502644,11.24214172,548.7640381,120.1103287
20,20,14.29267883,28.74455261,50.25796127,0.009834453,7.292933941,12.68700123,11.22234058,547.9365845,119.9963837
21,21,13.63717175,28.71482468,49.97550583,0.009918309,7.444472313,12.71897507,11.25088024,548.4788208,120.219429
22,22,14.4687624,28.69083595,49.83130264,0.010692687,7.453127384,12.69348431,11.07513046,550.2487793,118.6165009
23,23,16.60261154,28.66684532,50.10864258,0.011467065,7.362012386,12.64715481,11.08736706,550.1872559,117.8538208
24,24,16.30099106,28.66691399,49.93906403,0.011072587,7.268167973,12.60606289,11.06076336,550.6977539,116.8800964
25,25,14.93787003,28.67381477,50.07049942,0.010233331,7.15192318,12.60246563,11.17051029,549.4172363,119.0205917
26,26,13.6516552,28.68157959,50.65820313,0.009472897,7.19600153,12.59886932,11.36635017,545.7271729,122.1182327
27,27,13.40482712,28.6936512,50.11948776,0.009332071,6.966681004,12.62802887,11.17060947,547.2745972,119.5307083
28,28,13.04705524,28.7057209,50.2672348,0.009191244,7.151036263,12.68849659,11.31100941,546.9046021,121.3356171
29,29,12.94203854,28.7109108,50.06168365,0.009590816,7.065880775,12.74896431,11.25170517,547.8428345,120.5991516
30,30,13.30905247,28.7105999,49.92995453,0.010661126,7.066597462,12.61765194,11.19319344,549.2440796,119.5761261
31,31,16.57584953,28.710289,49.72674561,0.011731436,7.101315022,12.46500111,10.97526264,552.1019897,116.0046768
32,32,17.93325424,28.71411514,50.0210228,0.011416227,7.212732792,12.38802242,11.01056385,551.6866455,115.8304596
33,33,16.93585396,28.71818924,49.94662094,0.010825191,7.324150562,12.49806881,11.1082058,550.986145,116.0964203
34,34,14.85646152,28.71775055,50.30204391,0.010183101,7.44192028,12.60811615,11.23345947,548.1160278,119.7809525
35,35,12.19970036,28.70823479,50.56222153,0.009361831,7.551840305,12.64381599,11.38048744,545.7702637,122.901062
36,36,11.16740417,28.69871902,50.31951141,0.008540561,7.171228409,12.64373398,11.36456203,545.5563354,122.9232712
37,37,9.471725464,28.71764183,50.2514534,0.009125391,7.200352192,12.63698196,11.41482162,545.076416,123.8236389
38,38,12.36120892,28.74767113,49.91920471,0.010613821,7.203950405,12.53095245,11.24266911,548.0153198,120.9734344
39,39,18.62406158,28.77682877,50.59947968,0.012102251,7.086791039,12.42492294,11.24304104,548.2789917,118.8127365
41,40,16.68050194,28.82073402,49.90402222,0.010997156,7.306491375,12.48348522,11.08060741,551.4459229,116.8989258
42,41,13.66654682,28.84047318,50.03202438,0.010200359,7.526243687,12.5638876,11.27096462,548.5502319,119.6212387
43,42,11.6759491,28.85796928,50.68928909,0.009019021,7.581752777,12.71387768,11.51316166,537.4404297,121.6568756
44,43,11.0300436,28.87546539,50.50336456,0.007837683,7.356760502,12.87710953,11.5556345,544.0864258,124.5513229
45,44,10.15248203,28.91367149,50.01367569,0.008991779,7.351200104,12.97352791,11.45075321,546.0596313,120.7948456
46,45,11.36056995,28.95456505,49.84526062,0.010826103,7.455713272,12.75155544,11.34640312,547.5275269,122.4243698
47,46,19.21535492,28.98421097,50.02091599,0.012296475,6.943412304,12.52958298,11.085495,552.0219727,117.1716385
48,47,21.61286736,28.9840126,50.09217072,0.011895739,7.257349968,12.46856022,11.05739307,552.1712036,116.029808
49,48,17.87827682,28.98381424,49.97489929,0.011495005,7.390065193,12.53300571,11.05563641,551.5389404,117.4393692
50,49,13.56417561,28.97936058,49.98203278,0.010491161,7.331057549,12.59745026,11.35138702,548.6177979,121.0973129
51,50,11.78698635,28.97273636,50.11907959,0.008996772,7.58555603,12.69199276,11.47104549,546.536438,123.2284012
52,51,10.38123798,28.96699524,50.32223892,0.007502383,7.492826939,12.78809834,11.5473299,544.3882446,124.9833298
53,52,9.805690765,28.97766113,49.71083832,0.008367893,7.69040823,12.80896664,11.37681961,547.2755737,124.1088028
54,53,11.9239397,28.98832512,49.73672867,0.009383679,7.168468952,12.68329144,11.30586815,549.1390991,120.781105
55,54,17.07849312,28.98451424,50.25578308,0.010293189,7.249000549,12.55761719,11.23307419,549.3959961,119.0900803
56,55,22.69971085,28.96224403,50.08169556,0.010985711,7.26804018,12.56204224,10.91621304,553.5171509,114.4110489
57,56,18.82549477,28.93997383,50.07498932,0.011678233,7.240825176,12.61512089,11.06085396,551.8804932,116.789856
58,57,13.86308098,28.91835403,50.12081528,0.010589303,7.332314968,12.67177391,11.3943224,548.2508545,120.9235611
59,58,10.71725559,28.89686966,50.40228271,0.008797802,7.4197855,12.75559998,11.5176878,545.1594849,124.0406647
60,59,10.16530323,28.87880516,50.24285507,0.007352309,7.560358047,12.83942699,11.50192738,545.06073,124.1181946
61,60,11.2621994,28.87309074,50.03852081,0.008830161,7.470662117,12.75695229,11.3830452,546.4561157,122.5933685
62,61,12.43742561,28.86737823,49.84016418,0.010308012,7.327915668,12.5114603,11.19956017,548.899231,120.5046692
63,62,21.13131523,28.84123611,50.30275726,0.011754747,7.255583763,12.26596832,11.03092289,551.3966064,115.9460068
64,63,22.7752037,28.80177689,50.18037415,0.013169652,7.043799877,12.41005039,10.9209404,552.8104248,113.9025726
65,64,20.80657768,28.76231766,50.17536545,0.014584556,7.239401817,12.60055828,10.9743185,552.3613281,114.5026093
66,65,15.86611748,28.7528038,50.32727432,0.012211185,7.280297279,12.65766048,11.21105289,548.5270996,119.8597641
67,66,11.62871647,28.74347115,50.37840271,0.009336066,7.598462105,12.37541389,11.37278748,545.6382446,123.2127075
68,67,9.198314667,28.74672699,50.19470978,0.007493187,7.348325253,12.09316635,11.52953815,544.7148438,123.3235855
69,68,11.27935886,28.77028847,50.08026123,0.008416481,7.361726761,11.85646248,11.35767651,546.824585,122.3170395
70,69,11.72212887,28.79384804,50.41918564,0.009339775,7.426344872,12.79176712,11.46466637,544.8997192,123.1455231
71,70,19.43974686,28.78998947,50.10417175,0.010683419,7.345751286,12.54393959,11.06337929,551.3885498,116.3379745
72,71,22.51052856,28.77799988,50.12823868,0.01224332,7.211823463,12.29611111,10.94446754,553.1337891,114.237236
73,72,18.95078087,28.7670517,50.01732254,0.013636263,7.112670898,12.36654949,10.89824867,552.2493286,115.394516
74,73,13.91684818,28.7616539,50.07406235,0.011674438,7.238478661,12.57784557,11.14542294,549.0187988,119.1335068
75,74,12.38081551,28.7562542,50.62944031,0.009712611,7.302233696,12.77115917,11.42472458,544.4469604,123.288765
76,75,12.72546768,28.75011063,50.69245148,0.008759356,7.441518784,12.76123142,11.49200344,544.8948975,122.6390152
77,76,9.774932861,28.74334717,50.13827133,0.009114581,7.518659115,12.75130367,11.46264076,545.1390381,123.8287354
78,77,12.0270586,28.73658371,49.99306107,0.009469805,7.22710228,12.67255878,11.23530388,548.0165405,120.9089584
79,78,20.5092926,28.71468353,50.11138916,0.011107401,7.131850243,12.51614189,10.91637325,552.2924194,114.9127274
81,79,19.44679832,28.67487717,50.10689926,0.014058983,7.113136292,12.50451946,10.96999168,551.7006836,115.1972198
82,80,14.61750031,28.67092133,50.11830521,0.01184194,7.257311344,12.69915771,11.24308014,548.1813965,120.0454788
83,81,15.52951527,28.66696739,50.6239357,0.009624897,7.401486397,12.8481102,11.32543087,546.2780762,120.7166672
84,82,11.06301022,28.68360901,50.74958038,0.008867285,7.414112091,12.85490513,11.5424118,543.1194458,123.9586258
86,83,13.12755013,28.73250771,50.49786758,0.009328221,7.419905186,12.70399284,11.3365078,546.333313,121.9169388
87,84,21.22660828,28.74197197,50.67673874,0.011875313,6.946047306,12.44893456,11.08455181,537.8049927,113.5544662
88,85,22.81301689,28.75143623,50.50125504,0.014466314,6.893257141,12.19974136,10.93417549,548.7111206,113.6315231
89,86,20.56005096,28.76616478,50.04636383,0.015128627,7.063247681,12.32888985,10.85966015,544.8027344,111.8707047
90,87,14.84102249,28.78659058,50.4782486,0.012500186,7.108736515,12.45803833,11.33540726,546.2622681,121.3043289
91,88,15.34173584,28.80701828,50.25561142,0.009871745,7.506463051,12.55973434,11.2705164,548.8867188,119.6200027
92,89,13.88434982,28.81759834,50.60564804,0.009345651,7.416969299,12.62091446,11.45346451,545.8642578,121.6836548
93,90,13.71911907,28.82669449,50.66372681,0.009489907,7.389136791,12.68209457,11.4402256,545.4179688,122.5603638
94,91,15.05990791,28.82971001,50.35584259,0.010019998,7.455425262,12.57022953,11.2897377,547.5384521,120.2355804
95,92,21.99703026,28.81521225,50.13249588,0.012792302,7.226176262,12.4130621,10.97045231,552.9213867,116.0265274
96,93,23.88698959,28.80071259,50.14213562,0.015564607,7.194996834,12.30406094,10.91728687,553.9086914,113.1368103
97,94,20.84750557,28.78872681,50.01111603,0.015214261,7.194868088,12.41312218,10.90047836,553.5129395,114.3708649
98,95,12.50542641,28.77811813,50.3892746,0.012155089,7.162706852,12.52218246,11.40195847,545.6242676,122.7595215
99,96,9.25048542,28.56815147,49.80452728,0.007358475,7.19404459,12.26690197,11.30211353,546.2981567,121.861412
100,97,12.30379772,28.58730698,50.51979446,0.007759531,7.238265038,12.15148258,11.41789436,544.4581909,122.0230789
101,98,11.85635662,28.62013245,50.07546997,0.007937879,7.096158028,12.33157444,11.31213665,546.8334351,120.4352722
102,99,12.57598972,28.68356514,49.90244675,0.007215078,7.297812462,12.5627327,11.27403069,547.5665283,120.3340302
103,100,8.92762661,28.74699783,50.33033752,0.006492276,7.435987949,12.73926163,11.52950573,543.6722412,124.3920517
104,101,8.446246147,28.78272247,50.14061737,0.006358985,7.574163437,12.76283073,11.48001766,544.951416,124.2578506
105,102,9.335352898,28.8063736,50.60164642,0.006642508,7.620228767,12.78639984,11.54328156,543.5582275,124.8377838
106,103,9.576668739,28.82901382,49.88780975,0.006926032,7.228499889,12.29113674,11.44094563,545.9631958,123.1160431
107,104,10.82752895,28.84072685,49.58454132,0.007754044,7.299338818,12.19706631,11.28609657,548.2391357,121.4467392
108,105,12.09754562,28.85243988,50.0776062,0.008596673,7.460149765,12.23305511,11.47019005,546.4664307,121.3229675
109,106,14.08704853,28.855896,49.9776001,0.008848686,7.458021164,12.43280125,11.27906322,548.2121582,120.7182541
110,107,13.14151382,28.84785652,49.7551651,0.008061958,7.45589304,12.63254738,11.18840694,549.4058228,118.9311066
111,108,9.898243904,28.83981895,50.5655098,0.007275229,7.392578602,12.69257355,11.58599949,543.019104,124.4578476
112,109,9.493787766,28.82949066,49.84636688,0.00699204,7.326324463,12.70404339,11.37489319,546.9165649,123.0172348
113,110,11.57522964,28.81861305,50.0306015,0.006875625,7.300965309,12.72736263,11.42529774,544.0535278,123.6459045
114,111,7.918540955,28.81201744,50.33454895,0.006772911,7.297442436,12.83586407,11.6142683,540.6724854,128.1445465
115,112,7.339140415,28.82306671,50.00381851,0.006754505,7.539545536,12.9443655,11.50500202,534.7126465,125.3097382
116,113,8.446305275,28.83411407,49.94790649,0.006736099,7.335700989,12.50864887,11.50072098,542.7890625,126.6101761
117,114,8.984266281,28.86734772,50.11457062,0.006278023,7.370377064,11.85821438,11.53921795,537.2503662,127.027565
118,115,7.588577271,28.88752365,50.10325241,0.005506555,7.354130745,12.34100056,11.57915211,544.5466919,124.5588837
119,116,6.813025951,28.8891716,50.26811218,0.005012522,7.448580742,12.38575459,11.69126892,542.8205566,126.3179245
120,117,3.509644508,28.89466476,49.59386444,0.005025812,7.715444088,12.37506866,11.60620308,543.9364624,126.8376694
122,118,10.84516144,28.91924286,50.25190353,0.007354249,7.2873559,12.58002186,11.52649212,545.4428101,124.0618668
123,119,12.29018497,28.92499161,50.22491837,0.007360396,7.245630264,12.7677393,11.50955486,545.8088989,122.7227097
124,120,9.865970612,28.92856026,50.63222885,0.006857384,7.42427969,12.05070019,11.6678648,543.1854248,125.1001816
125,121,7.832866192,28.93164253,49.74095917,0.006337709,7.696939468,12.40732956,11.49157333,545.8621216,123.4854126
126,122,4.965742588,28.93169975,50.51377869,0.005634713,7.732319832,12.76395988,11.8181572,540.255127,128.8962097
127,123,3.819775581,28.93175697,50.00419235,0.004931717,7.787097454,12.93138504,11.79177666,541.4682007,128.0701599
128,124,1.290163755,28.93783569,50.01327133,0.00510247,7.837449551,12.95618916,11.88353539,539.6100464,131.4670868
129,125,4.748068333,28.94931221,50.50769806,0.006250645,7.799244881,12.98099422,11.83421707,540.692627,129.3617554
130,126,10.80986691,28.96078873,49.64085007,0.00739882,7.473060608,12.83644772,11.39249992,547.531189,121.496109
131,127,12.59483051,28.95759773,49.85047913,0.007301879,7.505848408,12.68464565,11.36117935,547.8877563,120.9677277
132,128,11.13474464,28.95306206,50.07704926,0.007003448,7.609997272,12.64562511,11.43221569,546.4345093,122.9869919
133,129,8.136498451,28.94437408,50.13435745,0.006533955,7.662725925,12.86746216,11.66831589,543.8421631,125.0171814
134,130,5.897934914,28.92620659,50.6228447,0.005549707,7.684343338,13.0892992,11.77312565,541.0479736,127.1213379
135,131,4.233304501,28.90803719,50.21635437,0.004565459,7.756429672,13.09086514,11.73543358,541.3786011,127.873497
136,132,3.425038099,28.90501785,50.57210922,0.005305198,7.592701435,12.99372959,11.92942047,539.4505005,129.885849
137,133,6.414513588,28.90870857,50.26675797,0.007022518,7.275173664,12.66308403,11.6697216,542.6348267,126.5873337
138,134,13.20771885,28.90987015,49.73989105,0.008739839,7.474124908,12.38604355,11.25689888,548.8632202,120.2829361
139,135,15.25570869,28.88258553,50.58489609,0.008531069,7.118188858,12.52108479,11.37599564,546.3624268,120.8912354
140,136,13.08427238,28.85530281,49.99826431,0.008265752,7.224169731,12.65154457,11.22574902,548.1725464,120.4709625
141,137,10.96186447,28.8245697,49.90937424,0.007674139,7.420799255,12.7696476,11.39906883,547.1081543,121.8259583
142,138,7.853313923,28.78995132,50.42295837,0.006502371,7.596258163,12.88775063,11.46349239,543.6253052,123.7894211
143,139,5.609014988,28.75533485,49.96804428,0.005330605,7.72304821,12.88724136,11.59533119,543.2868652,125.6049728
144,140,4.782098293,28.74225998,50.10817719,0.006819533,7.7399683,12.81551647,11.63336945,541.9105835,127.2251205
145,141,8.612086296,28.73272896,49.7432251,0.009201589,7.424483299,12.74379158,11.39180279,546.5187988,122.7118912
146,142,16.6524086,28.72008896,50.29782867,0.011168828,7.300198078,12.59246731,11.13911629,548.916748,117.726593
147,143,19.78909874,28.69799232,49.84178925,0.010529878,7.095738888,12.44089699,10.85542107,553.7689819,114.0033112
148,144,16.51708603,28.67589569,49.977211,0.009890926,6.964060783,12.37416458,11.06634426,550.7694092,116.5512543
149,145,12.45194721,28.66691589,50.56547546,0.009026875,7.498185635,12.45869446,11.36223793,545.432373,121.6436844
150,146,11.45040035,28.66543961,50.76285172,0.007959996,7.245408535,12.54322433,11.50039482,544.043335,122.7240677
151,147,9.64066124,28.66509056,49.99123383,0.006893118,7.188323021,12.72563076,11.36531067,545.6459351,120.9176025
152,148,8.766811371,28.70935059,49.8050766,0.008562583,7.456689358,12.33864307,11.40330315,546.2446289,122.4631805
153,149,11.68910599,28.7536087,50.28205872,0.010487244,7.512497902,11.94350624,11.39338207,545.7818604,122.4913025
154,150,18.10023499,28.7797699,50.18147659,0.011524365,7.298462868,11.95466805,11.17009354,550.3128052,116.6222763
155,151,19.04896927,28.78023148,50.13141251,0.01052379,7.147274017,12.22975254,11.01027203,551.5901489,115.5003357
156,152,14.70181847,28.78069305,50.25773621,0.009523215,7.220016479,12.50483704,11.22203541,548.1325684,119.5463181
157,153,10.82686901,28.7840786,50.33877945,0.00854067,7.412300587,12.641078,11.45460415,545.2386475,122.7378311
158,154,10.09791946,28.78818703,50.40151596,0.007566147,7.59682703,12.77494049,11.56047821,543.7717285,123.7890625
159,155,8.772644997,28.79383278,50.51820755,0.006795979,7.469583035,12.80978584,11.59669781,543.0983276,124.0497818
160,156,6.104145527,28.80601692,50.46865845,0.008356446,7.614528656,12.67728519,11.72524929,541.8967896,126.1497726
161,157,13.03934669,28.81820107,49.5602684,0.009916913,7.270642281,12.54478455,11.19015789,549.9509888,118.9395828
163,158,18.13803673,28.79563141,50.08958817,0.010636309,6.987131596,12.37880135,11.0564394,550.9212646,116.4378128
164,159,15.81856441,28.77808952,50.01897049,0.01056223,7.069838524,12.33321857,11.05315304,550.079834,117.9034042
165,160,11.46587563,28.76823997,50.15966415,0.009379013,7.104364872,12.53935432,11.32824612,547.1505737,121.4241562
166,161,9.262997627,28.75865364,50.6181488,0.008011073,7.237865448,12.74549007,10.87439632,550.5651855,117.8069077
167,162,9.016115189,28.75458717,50.26350784,0.007329403,7.256995201,12.79313374,11.52515697,544.7111816,123.0439835
169,163,12.3847971,28.76678085,49.70882416,0.01026045,7.222867489,12.56642246,11.24097061,548.8644409,119.4502411
170,164,18.69348717,28.75464821,49.98302078,0.011440233,6.85398674,12.02782726,10.95577431,552.2567749,114.7603378
171,165,20.62220383,28.73601723,49.50175095,0.012450255,6.965991497,11.92055607,10.79129601,555.2036133,112.1315613
172,166,18.15446281,28.71902275,50.28554916,0.013421389,7.157841682,12.29144573,11.01950932,551.0198364,115.697403
173,167,12.61458492,28.71376038,50.31451797,0.011331961,7.349691868,12.66233635,11.30908203,546.1622925,119.973671
174,168,10.95943642,28.70849609,50.53194809,0.009242534,7.469614983,12.75407505,11.44579887,544.7832031,122.7882004
175,169,8.578425407,28.70887375,50.44790268,0.008350742,7.581485748,12.81233692,11.56703186,543.2996216,124.3450089
176,170,8.943556786,28.7147274,50.22724533,0.009273078,7.611505032,12.70464611,11.41937828,544.5400391,123.7997055
177,171,12.69646549,28.72057915,49.92655563,0.010195415,7.392059803,12.16600132,11.25425625,548.3343506,119.7934494
178,172,19.13491058,28.70422935,50.13096237,0.011086657,6.898485184,11.79886055,11.05681705,551.1975098,115.4635086
179,173,20.50288582,28.68520546,49.85560989,0.011969269,7.039181232,12.09526062,10.88689327,553.7792969,113.5556335
180,174,17.48310089,28.67353439,49.9912796,0.012476413,7.179876804,12.39165974,10.97987175,551.3745728,116.3052597
181,175,14.90055847,28.68077087,50.5377121,0.011159766,7.155666828,12.53219032,11.27271938,546.9279175,119.8883743
183,176,11.93336964,28.7020092,50.30106735,0.00923898,7.299969196,12.55618095,11.36763573,546.2807007,120.8679276
185,177,13.25184631,28.73572922,49.95895004,0.009153306,7.282979488,12.64130783,11.21821785,548.4751587,119.4421768
186,178,19.38924408,28.7356987,50.5926857,0.010867196,7.230960369,12.51846695,11.11201382,549.4418335,116.4251633
187,179,20.76774025,28.73566628,50.37842178,0.012677408,6.936323166,12.39562702,11.03264904,551.6168823,115.0398331
188,180,18.78356934,28.74401093,50.18601608,0.013463154,7.022610188,12.49535751,11.02395821,551.4644165,115.5822449
189,181,19.03590775,28.76276588,49.96837616,0.012231003,7.108897209,12.61203766,10.96248817,552.737854,114.228447
190,182,10.91641331,28.78152275,50.09818649,0.010998853,7.362421513,12.68107033,11.43518925,545.866394,122.633522
192,183,13.15511894,28.83395386,49.76012421,0.009736308,7.096244812,12.591856,11.22959805,549.3543701,119.0082016
193,184,14.49224949,28.85198021,50.07778549,0.009524131,7.114432812,12.49648762,11.19732571,549.567688,118.8292007
194,185,19.72846794,28.83905983,49.87666321,0.011823984,7.040618896,12.3715229,10.89798832,553.5220337,114.244339
195,186,21.34977913,28.82613945,50.05813217,0.014123837,7.157013416,12.24655724,10.97523117,553.1437378,113.8991013
196,187,17.16939735,28.8153801,49.90981293,0.014175578,7.225052357,12.44932461,11.06137085,551.9202881,116.270546
197,188,14.77168941,28.8063488,50.55555725,0.012003319,7.275984764,12.65739059,11.29769897,542.7370605,118.5335083
198,189,12.22670364,28.7973156,50.23575592,0.009831061,7.22371769,12.55202484,11.38603687,546.7857056,121.2781525
199,190,11.09912968,28.79974556,50.20056152,0.010062842,7.119661808,11.91923523,11.33756733,546.8045044,121.6011581
200,191,11.40550327,28.80284882,50.42219925,0.010587886,7.396762848,12.14841843,11.42349815,545.4378052,122.7014694
201,192,14.82118988,28.79762268,49.83698273,0.011399926,7.033515453,11.91597176,11.08354473,551.1387329,117.8277283
202,193,19.89889336,28.7757206,49.7775383,0.012950314,7.117590904,12.10181427,10.85860157,555.0166016,113.2402954
203,194,21.91121674,28.75381851,50.2027359,0.014500704,7.19255209,12.28765678,10.98174953,552.8071289,113.3071213
204,195,18.18699455,28.74492455,49.74433899,0.014133175,7.267485142,12.38254261,10.87799263,554.0366211,114.1205444
205,196,15.26982307,28.74104881,50.13144684,0.012814886,7.342417717,12.47342682,11.17109489,549.8688354,118.0954514
206,197,15.60277653,28.73624802,50.57783508,0.011513878,7.369538784,12.55500889,11.20603466,548.0932617,119.0308762
207,198,14.82489872,28.72399902,50.50389099,0.010497742,7.339180946,12.61903858,11.25193501,547.7619019,119.6560745
208,199,12.26088428,28.71175003,50.13479233,0.009481607,7.297363758,12.68306828,11.24729633,547.9171143,120.5028
209,200,17.2552948,28.68150711,50.01392365,0.009913366,7.229097366,12.62654877,10.98123264,551.5579224,116.1161575
210,201,20.897686,28.63319206,49.92217255,0.012144946,7.140049934,12.52658272,10.86081791,553.6309204,112.9472351
211,202,20.19365883,28.58487892,49.95967865,0.014376527,7.051002026,12.17889786,10.80386543,554.0713501,113.5382538
213,203,19.22083855,28.49307632,50.1002655,0.013795943,7.018686295,12.0467205,10.86396694,552.2979126,113.8520126
214,204,17.33974838,28.46995163,49.92710495,0.012883882,7.094422817,11.78320789,10.92303276,551.4047241,115.1943359
215,205,12.87831497,28.50618744,49.89044189,0.010598102,7.227367401,11.90622234,11.12153339,548.7330933,118.295845
217,206,14.2821722,28.59897423,49.68999863,0.008605753,7.392736912,12.62808037,10.98990536,550.8878784,117.2193222
218,207,16.82621193,28.66577721,50.00330734,0.010538029,7.334934235,12.52723408,11.05667686,550.8795776,116.5654297
219,208,18.69893265,28.73217583,50.38655472,0.012469876,7.27246666,12.42638683,11.05225849,550.1455688,117.2898941
220,209,16.41662216,28.79136086,50.43460464,0.011310848,7.301459789,12.51543999,11.2221899,548.644104,118.5087585
222,210,13.85129738,28.88884926,50.6233902,0.009029833,7.458532333,12.7343998,11.38663864,546.4268188,121.1824646
223,211,11.13376236,28.900774,50.4413681,0.007966143,7.556854725,12.84175777,11.43107796,545.5105591,123.0020981
224,212,9.015370369,28.91269875,49.77222824,0.006902454,7.598633289,12.94911575,11.46231461,546.6486206,123.0604706
225,213,12.57166767,28.90265274,50.23989868,0.008511063,7.451185226,12.84858131,10.8247776,547.788208,114.6528778
226,214,17.79825211,28.88812447,50.25413513,0.01088568,7.119941235,12.64684868,11.22828865,549.9019775,117.46772
227,215,19.61834717,28.87305832,50.10695267,0.012608767,6.867334366,12.44115639,11.06033039,551.5513306,116.0563965
229,216,14.97630405,28.83910179,50.16664505,0.009485933,7.106497288,12.18399429,11.26059532,548.5991211,119.0076981
230,217,12.65125751,28.81669235,50.18113708,0.00829092,7.12278986,12.48391056,11.32445526,547.0127563,120.7495728
231,218,11.65052032,28.79077721,50.06719589,0.00739059,7.209067345,12.64601898,11.35022926,547.4935913,120.8192444
232,219,9.283064842,28.76486397,50.22501755,0.00649026,7.168966293,12.51325321,11.47643566,545.1867065,123.2332535
233,220,14.0143652,28.75032997,49.91400146,0.009263983,7.016593456,12.38048744,11.12484932,550.2316895,117.3810883
234,221,19.88689232,28.73583221,50.21727753,0.012260503,6.87624979,12.0390501,10.94743347,545.6463623,112.2453156
236,222,12.34552765,28.65063286,49.86099625,0.008566815,7.276105881,12.5129261,11.18735695,549.3376465,118.8135376
237,223,14.12801743,28.62327957,50.12697601,0.009040987,7.293675423,12.50094986,11.20080948,548.5185547,118.1761169
238,224,13.51714993,28.59573936,49.74098587,0.009861359,7.311244488,12.48897362,11.07338333,550.5018311,117.4248734
239,225,17.31524467,28.56722832,50.00934601,0.013525561,7.20708704,12.28475666,11.01041603,551.2849731,115.6689377
240,226,22.83370209,28.53871727,50.31866455,0.017189763,6.688343525,12.04127407,10.7717905,553.4775391,112.2481995
242,227,20.39642143,28.57720947,49.99530029,0.014680367,6.81987524,11.73226929,10.76480007,553.4778442,113.2901535
243,228,15.92475033,28.61027908,50.06257248,0.011773746,7.299152851,12.00933838,11.0492506,550.2683716,116.7733002
244,229,13.08589649,28.62213707,50.73650742,0.009910656,7.353579998,12.31889057,11.34839058,545.4693604,120.5764771
245,230,11.53559685,28.63263512,50.65011978,0.008181961,7.408007145,12.45072174,11.44856834,544.4106445,122.1779861
246,231,11.16088104,28.64836884,49.67014694,0.007631192,7.266330242,12.17646694,11.15858173,549.1383057,120.0778198
247,232,15.46129704,28.67482758,49.81909943,0.010191793,6.964437962,11.90221214,11.05534649,551.2770386,116.4104233
248,233,19.67965126,28.70128632,49.69142532,0.012752392,6.80118227,11.81366158,10.81366062,554.598877,113.4643478
249,234,21.46654892,28.72008896,49.9901619,0.012950867,6.829517365,11.78958511,10.78715515,552.8670654,112.4605408
250,235,17.12504578,28.73586464,49.90711975,0.011950252,6.99508667,11.92068863,10.96012878,551.8289795,115.4057922
251,236,15.10108566,28.7492485,50.34669495,0.010954781,7.174275875,12.270895,11.26013851,548.1712646,119.0323181
252,237,14.67597771,28.74230194,50.5365715,0.010053278,7.353465557,12.62110043,11.28518772,546.9875488,120.0631332
253,238,13.42248058,28.73535347,50.27767944,0.009151775,7.132894993,12.66311646,11.36426544,547.2820435,118.3728256
254,239,11.13745975,28.74027634,49.83238602,0.009466456,7.52550602,12.62407875,11.2951088,547.881958,120.9271393
255,240,14.85981655,28.75736427,49.61914063,0.011325614,7.317619801,12.5170927,11.01960182,551.4832764,116.6813431
256,241,19.66500854,28.77445221,50.03993988,0.013184771,6.914326668,12.08521366,10.91164112,552.9934082,114.6851883
258,242,19.16511726,28.72504997,50.42366409,0.012102583,6.922822952,12.11802959,10.99355316,551.0664673,115.3689728
259,243,17.23224258,28.68570518,49.67142105,0.011560304,6.923073292,12.38452721,10.8708849,553.7230835,114.1751709
260,244,19.2689476,28.61399651,50.14738846,0.011818491,6.926493168,12.41545868,10.95277691,551.9532471,114.9249802
262,245,18.79613495,28.49396324,49.57532501,0.013807828,6.924964428,11.64017582,10.76501274,554.4614868,111.75383
263,246,22.14034843,28.45770264,50.51025391,0.01649446,6.930552959,11.48210049,10.84532738,552.3623047,111.002037
266,247,24.10482597,28.36182594,50.45297241,0.017228074,6.915180683,11.92354012,10.71740437,553.7811279,110.8155518
267,248,21.99137878,28.3319664,49.95331192,0.015764702,6.643558502,11.63316154,10.63030338,555.093811,110.3593445
268,249,21.33669662,28.30223274,50.62728882,0.013533616,6.713354111,11.94867802,10.90025139,551.0622559,113.5457458
269,250,16.2911129,28.27249908,50.49346542,0.011302529,7.132271767,12.30427551,10.99737358,548.3204346,116.4248123
270,251,15.32388878,28.26522255,50.06041718,0.010867785,6.982829571,12.55979443,10.93494606,550.0775757,115.8980942
271,252,17.57959175,28.26268196,50.25291443,0.010962304,6.833387375,12.60596943,10.8384428,549.6564331,113.2626724
272,253,14.68476486,28.26681328,50.25189209,0.010902968,7.210687637,12.65214443,11.08535957,548.3881836,117.0541534
273,254,13.83437443,28.29540634,50.2243042,0.010041851,7.281654358,12.65733814,11.05867577,548.3672485,118.0827484
274,255,12.36102676,28.3239994,50.22323227,0.009180733,7.352621555,12.64120007,11.12466621,547.5870361,119.2439957
275,256,12.32460213,28.37998962,50.27149582,0.008653793,7.265105724,12.6254034,11.16322327,546.8111572,119.5384216
276,257,10.50939178,28.45402718,50.32158279,0.008400591,7.175897598,12.61666107,11.28471088,545.7745972,120.8179932
277,258,11.00251579,28.52806282,50.15868378,0.008147391,7.10262394,12.60791969,11.31622314,546.2399292,120.6395721
278,259,10.22890377,28.60312462,50.1038208,0.009577206,7.204957962,12.58317375,11.32107735,546.1557007,121.4010162
279,260,13.50879383,28.67819595,50.00476837,0.011117626,7.328892708,12.53565025,11.21898365,547.7630005,119.3270569
280,261,19.35998535,28.72964096,50.23880768,0.012067041,6.960292339,12.4881258,11.10238934,550.5586548,115.7240067
281,262,19.55081177,28.7319622,49.78232574,0.011800627,7.119850636,12.51140022,10.86558914,553.8565063,114.1832123
282,263,17.66428947,28.73428154,49.64377975,0.011534213,7.279408932,12.55409622,10.93126011,553.4742432,114.3117142
283,264,15.14577961,28.73270226,50.28846359,0.010370707,7.389891148,12.61709976,11.22356319,548.7186279,118.7823334
284,265,11.46633148,28.72955322,50.64096451,0.008850903,7.483399868,12.78618145,11.43302441,544.8480835,122.3058395
285,266,9.105565071,28.72681427,50.11322021,0.007634538,7.555915833,12.95526409,11.4658823,545.2208252,122.7180786
286,267,9.658084869,28.72782135,49.59522247,0.009126577,7.435781956,12.90158272,11.25130081,548.1135864,120.8682785
287,268,12.18956852,28.72883034,50.1442337,0.010618615,7.315648556,12.66250801,11.26050186,547.5421143,120.6534576
288,269,19.08942795,28.72104645,50.50588608,0.011429293,7.258185387,12.4234333,11.08498096,549.8583374,116.8288345
289,270,18.53961563,28.70386124,49.97388458,0.011519187,7.273248672,12.4026556,11.00159836,551.8917236,114.5089493
290,271,17.25304985,28.68667603,49.84797668,0.011609081,7.288311481,12.39808655,10.96500015,552.4555054,115.2394028
292,272,13.153759,28.64925385,50.55069733,0.010001962,7.131049156,12.4888916,11.29257393,546.6074829,121.1737289
293,273,11.0447855,28.63880348,50.50589752,0.009690116,7.294300556,12.56318665,11.40666389,545.3088989,122.472641
294,274,12.31465816,28.65297127,50.10421371,0.010985319,7.334661007,12.33666134,11.14423084,548.1230469,119.3502426
295,275,14.45393562,28.66713905,50.63059998,0.01228052,7.095471859,11.9101429,11.23776531,547.3464966,119.9115829
298,276,14.84934998,28.61453819,50.2124176,0.012935053,7.025671482,12.27889252,11.08147335,548.7896729,117.9777145
299,277,14.88024044,28.59672165,50.13656235,0.011610243,7.125851631,12.59554672,11.11849403,549.1204834,118.4037323
300,278,16.92603683,28.59314346,50.4265976,0.011568218,7.285115242,12.61872959,11.0369854,549.0214233,115.7519226
301,279,15.21142673,28.61013031,50.22278214,0.013362014,7.176948547,12.64191246,11.06744862,549.1187744,117.2590256
302,280,19.77915764,28.62711525,49.92634201,0.015155808,7.06878233,11.86872196,10.75671387,554.2854004,113.1517258
303,281,23.73831749,28.61055946,50.58078384,0.017260181,7.02868557,11.39780903,10.88339329,553.081665,112.4808731
304,282,26.02227592,28.5853157,49.85787582,0.019443978,7.033495903,11.77048111,10.50734806,558.1115112,108.0312653
305,283,23.48371315,28.56478691,49.60549164,0.020699952,6.997961998,12.14315319,10.59074402,557.0932617,109.4687576
306,284,17.21910095,28.56581688,50.03398132,0.017767863,7.093570232,12.3347435,10.98965359,551.4508057,115.3204727
307,285,18.48886681,28.56684685,50.38124466,0.014835775,7.11486721,12.42638111,10.98969078,550.0400391,115.6738815
308,286,18.60934639,28.57069778,50.60123825,0.014353421,6.997154713,12.51801968,11.11267376,549.3068237,116.6950531
309,287,18.95456505,28.57672501,49.88127518,0.015745949,7.026474953,12.38160133,10.78479385,553.4720459,113.6682358
310,288,22.92970085,28.58275223,49.84857559,0.017138476,6.896553993,12.24138737,10.66080952,556.1040039,110.2738953
311,289,23.65574455,28.55175018,50.42330551,0.018651739,6.718438625,12.16258812,10.77353287,553.7182617,111.6398468
312,290,26.82866478,28.51878738,50.28878021,0.020171158,6.814250469,12.20801163,10.58008003,556.8408203,108.284729
313,291,24.78074074,28.49746704,50.11391449,0.019951012,6.910062313,12.25343418,10.59098625,555.9798584,108.1674194
314,292,22.08857727,28.49927521,50.06856155,0.016302116,7.042989731,12.31301975,10.73149586,554.6346436,111.1854477
315,293,15.70001507,28.50108337,50.53546906,0.012653219,7.211696148,12.37916851,11.12404633,548.6398926,117.4402161
316,294,14.23943329,28.51538086,50.61674118,0.011057797,7.380402565,12.43626976,11.25065327,546.6365967,118.7373886
317,295,12.21370029,28.53453636,50.1413002,0.010254287,7.214488506,12.3701086,11.20315647,546.5525513,119.049324
318,296,14.4951458,28.5533638,50.32753754,0.009775732,7.002036095,12.3039465,10.96050644,547.6206665,116.5817566
319,297,21.99971581,28.56940079,49.9269371,0.012016449,7.04591465,12.27539349,10.75008774,554.5165405,111.9557495
320,298,22.76872635,28.58543587,49.99087524,0.014257166,7.089793682,12.29475498,10.72077465,554.7055054,111.8735504
321,299,18.50503731,28.60143089,49.44223022,0.013915627,7.150681973,12.31411552,10.78011322,554.473938,113.1112366
322,300,16.58994293,28.61738396,50.28313065,0.01093448,7.241465092,12.44491005,11.16082191,549.3127441,117.5487747
323,301,13.17793179,28.63333702,50.43915939,0.007953333,7.332248211,12.59878445,11.37512302,545.6795044,120.9564514
324,302,10.73563385,28.65371323,50.83363342,0.00812409,7.343318939,12.6851635,11.4308672,543.7299805,122.4246216
325,303,10.27641869,28.67471504,50.52031326,0.008711956,7.323078156,12.52817249,11.44284153,544.1812134,123.5255966
326,304,14.00480747,28.69289207,50.26860046,0.00950152,7.30607605,12.37118244,11.2531395,547.9227295,119.584404
327,305,18.08136368,28.70322609,50.47150803,0.011021168,7.294261932,12.33316231,11.15760422,549.0756836,117.3947067
328,306,18.6933918,28.7135601,50.34071732,0.012540815,7.240245342,12.3725872,11.10813141,550.2160034,116.4988251
329,307,17.72088814,28.72646713,50.09281921,0.011729894,7.258236408,12.4120121,10.95592403,551.7730103,115.666687
330,308,15.24025631,28.74074173,50.65498734,0.009397952,7.113972664,12.56654263,11.27330208,547.0223389,120.1296387
331,309,10.31505871,28.75493431,50.44266891,0.00706601,7.293204308,12.72358036,11.52323151,544.1513062,123.7562103
332,310,11.58651257,28.76731491,50.30880356,0.007700859,7.459998131,12.77230549,11.4466629,546.0322266,121.8085175
333,311,10.31236076,28.77969551,49.66179657,0.008354334,7.580864429,12.59145355,11.26698399,548.5605469,120.6929855
334,312,15.28004932,28.77932167,50.25074387,0.009655298,7.416136265,12.41060162,10.73010445,552.1886597,114.0292282
335,313,21.16602707,28.7620945,49.71039963,0.012002051,7.2514081,12.15038204,10.85931396,555.2036743,112.6142654
336,314,21.4275589,28.74486732,50.47241974,0.014348804,7.033761501,11.84965801,10.97726536,551.2241211,115.378746
337,315,19.20487404,28.72943497,50.19695282,0.013611165,6.794207573,11.58438396,11.00567341,551.9803467,115.2181244
338,316,17.6165123,28.71439934,49.66827774,0.011957928,6.890030384,12.03315926,10.9332819,552.8694458,114.5629578
339,317,14.73342037,28.69936562,50.59017563,0.010602618,7.291582108,12.3646822,11.2303133,547.4063721,119.2408829
340,318,13.23152351,28.68434334,50.68059921,0.010813647,7.289499283,12.69620609,11.39041519,545.5427856,120.727417
341,319,13.3929882,28.66932106,50.04302979,0.011024676,7.287416458,12.65210533,11.18044376,548.4510498,118.7723236
342,320,18.04464912,28.64961624,49.96006775,0.012395057,7.086751938,12.52003193,10.98952293,552.2866821,115.0784378
343,321,22.7028656,28.62674713,50.37161255,0.014719842,7.047331333,12.39551926,10.89760399,553.1519165,112.6979065
344,322,23.67884827,28.60387611,50.55406189,0.017044626,7.007910252,12.31590271,10.84594154,552.5845337,112.3788605
345,323,22.05904007,28.60024261,50.04603958,0.015886454,7.042911053,12.23628712,10.71214581,555.0964966,111.3601227
346,324,16.91681671,28.5968914,50.06954956,0.014261485,7.132258892,12.28178978,10.94535828,551.4533081,116.0024643
347,325,16.36804962,28.59703827,50.46558762,0.01276171,7.221606731,12.43699646,10.81482983,546.4786377,113.0758896
348,326,17.61812782,28.60303688,50.63197708,0.011600122,7.240668297,12.59220409,11.19586182,548.0029297,118.132225
349,327,15.66833687,28.60903549,49.98702621,0.010438533,7.255137444,12.16153908,11.03573036,550.4902344,116.710228
350,328,20.92225647,28.61561394,49.7822876,0.012586487,6.910904408,11.68095779,10.67824841,555.81604,111.5582352
351,329,24.19499016,28.62237167,50.15800476,0.016448159,6.651110172,11.52437592,10.7335577,555.576416,110.9020157
353,330,24.22197342,28.62969589,49.96020508,0.01879802,6.680069923,11.93950462,10.55905342,556.7966309,109.3757477
354,331,22.66021347,28.63107872,49.76956558,0.01753016,6.755599022,11.55346584,10.61612606,556.9754639,110.2188492
355,332,18.56612015,28.85038185,49.96363831,0.014363105,7.059764862,12.15163422,11.00687218,552.4505615,114.1450119
356,333,17.74077797,28.84623146,50.36989594,0.012333637,7.183589935,12.43573666,11.15474606,550.135498,117.4533005
357,334,13.35118008,28.84488106,50.54999924,0.011928082,7.307415485,12.71983814,11.36404037,546.5108032,121.0653763
358,335,15.12670231,28.84352875,50.56862259,0.011522526,7.179388046,12.4836235,11.2931757,547.8939819,119.7260132
359,336,20.05761719,28.83961296,50.20084763,0.012503429,7.027575493,12.22049713,11.01752377,552.239624,114.8282547
360,337,23.35675812,28.83387566,50.35800552,0.015407081,6.920593739,12.07629967,10.84586525,553.7258301,113.2094193
361,338,23.95112991,28.82813835,50.15280914,0.018310733,6.929434776,12.16380692,10.76308727,555.307312,111.8068695
362,339,23.27725601,28.8237381,50.28691101,0.016294602,6.938275814,12.25131512,10.82612228,553.8207397,112.2780991
363,340,19.51692963,28.81937408,50.22472,0.013103357,7.043596745,12.40243435,10.7550087,552.2341919,112.2059631
364,341,14.52277374,28.80993652,50.24774933,0.010500451,7.209291935,12.58081818,11.27964878,548.4083862,119.6346054
366,342,13.39282894,28.77314949,50.25596619,0.010126919,7.055936337,12.1913929,11.20824432,548.3217773,119.7772446
367,343,20.50575638,28.75951195,50.47742081,0.013773494,7.168012619,12.10241699,11.06551552,551.4259033,115.4090805
368,344,29.58707237,28.7474575,50.37572861,0.020144651,6.934111595,12.01344204,10.70883942,557.2575073,108.15168
369,345,30.05553246,28.73578453,50.46339798,0.026515808,6.700211048,12.02015305,10.59995937,557.2967529,107.5892715
370,346,28.49136353,28.72649193,49.98563004,0.022761887,6.45237875,12.0790205,10.46700668,559.1812744,107.0613708
371,347,22.36581421,28.71720123,50.17414856,0.018723454,6.663794518,12.13788795,10.73523521,555.1467285,111.9353256
373,348,19.95216751,28.68062401,50.68078995,0.014663472,7.082669258,11.88451767,10.4603405,553.447876,109.5349197
374,349,17.12943077,28.65954971,50.40148163,0.013575633,6.876700878,11.80393505,10.43723774,553.3167725,110.7121429
375,350,24.88237,28.64158821,50.25008392,0.01836054,6.626563072,11.81579113,10.68945217,555.6343994,110.7098312
376,351,31.31874084,28.62391281,49.7649498,0.025103915,6.373897552,11.82764816,10.20567608,562.5668945,103.6835098
378,352,31.27785301,28.59218216,49.65347672,0.026201701,6.382557392,11.41052723,10.19419861,562.9559326,102.9290466
379,353,23.32439232,28.57728004,50.46065521,0.022064045,6.602741241,11.91110992,10.7901125,553.2887573,112.711441
380,354,26.35145569,28.55386734,50.2795105,0.019118322,6.822925568,12.233881,10.63221264,555.9044189,109.6889038
381,355,19.66426849,28.52668571,50.26704025,0.017241122,6.90210104,12.44606209,10.9101553,552.2225952,113.7726517
382,356,21.4921608,28.50041199,50.5363121,0.015363921,6.974195004,12.12097263,10.93023396,551.5775146,113.5322418
383,357,25.13888741,28.48430061,50.18013,0.022364119,6.849000931,11.79588318,10.60704327,556.1244507,109.2904663
384,358,33.19347763,28.46818733,50.43663406,0.030178301,6.435724258,11.66607285,10.31813431,559.8422852,103.4770432
385,359,34.90488052,28.45483208,50.52212524,0.03384804,6.485772133,11.69011497,10.32961082,560.0924072,103.4816437
386,360,31.32779884,28.44457817,50.42855453,0.028059544,6.535820484,11.71415806,10.33769131,558.7232666,105.5477829
388,361,23.33325768,28.41727829,50.73894882,0.019289818,6.77673912,12.10895348,10.85414314,552.1279297,112.8556824
389,362,22.89905739,28.39912033,50.55508804,0.017550211,6.920403957,12.18694687,10.79780102,552.447876,112.2126236
391,363,26.59926224,28.41655731,50.55722427,0.019602055,6.734540939,11.84527016,10.5845747,555.2750244,109.3627701
392,364,28.84874153,28.44147873,50.50350571,0.022974705,6.670790195,11.90963268,10.51490402,557.1942139,108.0750198
393,365,27.28627968,28.46382904,50.63135529,0.023271626,6.774053574,12.064641,10.62762642,555.6038208,109.4087372
394,366,24.50493431,28.48471069,50.01571274,0.020107752,6.877317429,12.20991135,10.57880116,556.3904419,109.175827
395,367,22.68265724,28.50551605,50.36208344,0.016943879,6.971034527,12.27653217,10.79370689,554.1551514,112.7296143
396,368,20.25223732,28.52340508,50.24991608,0.014334885,7.057440281,12.34315205,10.97000599,551.9485474,114.1033096
397,369,18.12908554,28.5412941,50.2060585,0.011817013,7.143846035,12.40093994,11.01726151,551.0493774,115.3007965
399,370,17.13711929,28.61340141,49.56285095,0.01325109,6.830455303,12.49876213,10.86423016,553.5071411,114.4397583
400,371,21.86498642,28.65698814,50.38834381,0.015919155,6.758991718,11.64343739,11.02936459,552.175293,113.9168091
401,372,23.91650963,28.6876812,50.05973053,0.015715903,6.822877407,11.8332262,10.73568439,555.3825073,111.0392914
402,373,23.46869278,28.71519661,49.68667221,0.013870715,6.886763096,12.02301407,10.6532917,556.6796265,110.4469757
403,374,17.30304337,28.73661995,50.49956131,0.012047597,7.039608955,12.26965427,11.20467567,549.4221802,117.8011475
404,375,14.83149242,28.73222542,50.59621811,0.011091676,7.222011089,12.53423119,11.32109737,546.4994507,120.4162064
405,376,13.45220757,28.72783279,50.59305954,0.010135755,7.362357616,12.73127651,11.4514246,545.6762695,121.2827606
406,377,11.8306694,28.73229408,50.35644913,0.010818349,7.206066608,12.54144669,11.32689476,545.968811,121.59198
407,378,19.94497108,28.74318314,50.1376915,0.013825518,7.0497756,12.35161781,10.93571949,552.7147217,114.8404465
408,379,24.08882713,28.75407028,50.08013535,0.016832687,6.945714951,12.19417763,10.75454235,555.4751587,111.5095139
409,380,25.95689392,28.73687553,49.8607254,0.017295295,6.901305676,12.06463146,10.65080929,557.3116455,108.2657623
410,381,23.67221832,28.71874619,49.73675537,0.017129803,6.856895924,11.9350853,10.60598278,557.6643677,109.9335861
411,382,21.70401192,28.69651222,49.78332901,0.016656304,6.931623459,12.16030884,10.77204895,554.9718018,112.2704163
412,383,13.94334412,28.66687393,50.34925842,0.014875974,6.920608521,12.4382534,11.27455139,547.6278687,120.0989761
413,384,16.32037544,28.63723373,49.53031158,0.013095644,6.856688499,12.61722469,10.88511086,553.0366821,116.3016663
414,385,12.87029076,28.65401077,50.6762619,0.013744956,6.964906216,12.49399281,11.42280006,545.0355225,121.931282
415,386,19.68946648,28.68666077,50.23083878,0.016158247,7.083033085,12.37076187,10.99173737,551.6966553,115.2315826
416,387,25.48295212,28.7134552,50.55315018,0.018571539,7.000637054,12.28598404,10.84348679,553.5344849,112.1696014
417,388,27.04598999,28.70235825,50.11576462,0.01692309,6.918241024,12.22742081,10.66974926,556.7689209,109.0664749
418,389,24.97652817,28.69126129,50.46725464,0.01514012,6.923232555,12.16885853,10.8166523,554.0566406,112.0090408
419,390,19.65686989,28.69747543,50.0606575,0.013359146,7.093588829,12.18903732,10.92821026,552.6558228,114.9846573
420,391,15.94265366,28.71950722,50.35086441,0.011581778,7.263945103,12.21055412,11.22368336,548.4797974,118.3762131
421,392,13.86113262,28.74154091,49.65074158,0.00980441,7.378594875,12.23303699,11.00220203,551.2327881,117.817276
423,393,16.85120392,28.77539635,50.1864357,0.012912977,7.095320225,12.28047657,11.11427212,550.0253906,118.154953
424,394,22.75144577,28.77975273,50.43857574,0.014707729,7.023130417,12.2617588,10.97248459,552.824707,112.4647369
425,395,24.65998459,28.75528145,50.15731049,0.014906552,6.999333382,12.23325253,10.77929306,555.3751221,111.404541
426,396,22.35355949,28.73081017,49.98527145,0.015105375,6.975536346,12.24561882,10.86675072,554.991333,111.9212265
427,397,19.42299652,28.72273445,50.08581543,0.013980631,7.124579906,12.42028999,10.99254799,552.3034058,114.9829712
429,398,13.77016544,28.7230587,49.98968506,0.009309233,7.259764194,12.30463409,11.18676472,548.7503662,118.6991653
430,399,25.8538723,28.73530769,50.01532364,0.018119127,6.862397671,12.07754707,10.62923717,556.640686,109.4391785
431,400,25.1772728,28.70839119,50.0068512,0.019315638,6.939675808,12.09008217,10.60291958,556.9877319,109.5735855
432,401,20.99232292,28.70530128,50.21461487,0.016938504,7.016954422,12.10261726,10.85430145,553.6456299,113.0518646
433,402,17.87812424,28.70628738,49.90631485,0.012942421,7.058546066,12.33710766,11.00586605,551.854248,116.6480942
434,403,16.24112892,28.71429062,49.61605453,0.009570783,7.091620922,12.58208656,10.98920155,552.3201294,115.9335251
435,404,15.1249485,28.74419785,50.58846283,0.013690954,7.046319008,12.60295868,11.30106831,547.8120117,120.2326202
436,405,22.73988914,28.77410698,50.14725494,0.017811125,6.797235489,12.43093681,10.88630676,554.2121582,112.446907
437,406,27.34690285,28.77256012,50.07059097,0.020712409,6.548152447,12.25891495,10.62401867,558.0298462,109.180954
438,407,28.87650108,28.7526474,50.54803848,0.022214521,6.693032742,12.17271328,10.66826153,555.9297485,109.1723938
439,408,27.61148262,28.73293114,50.13055801,0.02371663,6.858896732,12.228158,10.6223917,558.1065063,108.5844421
440,409,24.3616066,28.72285843,50.48475266,0.019837996,6.989243031,12.28360176,10.86782074,554.0183716,113.1417389
441,410,20.92157745,28.71278572,50.26992035,0.015040558,7.045622826,12.42782021,10.91701984,548.1382446,113.2390594
443,411,16.36285782,28.7527504,50.64216995,0.016663345,7.014884949,12.69411278,11.30415344,547.0560303,119.5901718
444,412,23.2785244,28.78535461,50.36268234,0.020892575,6.870040417,12.37072659,10.84822464,554.0275269,112.944809
445,413,29.73396301,28.76483154,49.99847031,0.023325061,6.738805294,12.04734039,10.51888561,559.2647705,105.4675903
446,414,31.56411743,28.73079681,50.19779587,0.024708413,6.72772646,11.88829517,10.48855209,559.4454346,105.8941422
447,415,29.80033302,28.70334244,50.45279312,0.025966622,6.783532143,11.89236736,10.59364796,557.6150513,107.3097687
448,416,26.19669533,28.70471191,50.51501083,0.021083921,6.889989376,11.8964386,10.70430946,555.0075073,110.852478
449,417,22.59122086,28.70608139,50.28401947,0.01620122,6.996446609,11.83883667,10.91717052,553.7142944,112.8731766
450,418,17.68502617,28.71708107,49.98095322,0.014002934,6.939386368,11.77050591,10.89890862,553.5332642,114.2187119
452,419,22.17604065,28.75333977,50.54877472,0.017374353,6.792717457,12.16592026,10.91330338,553.0274658,114.3400497
453,420,28.34132004,28.73463631,50.16754532,0.02136356,6.712889194,11.90251637,10.48181248,558.4950562,108.2713394
454,421,31.54491615,28.71452522,49.62623596,0.025938025,6.696802616,11.8546381,10.18904018,563.7357788,103.151268
455,422,30.89586067,28.7022953,49.78237915,0.028741973,6.765117168,11.89547348,10.23121548,562.5339966,103.8721085
456,423,28.30043983,28.70459938,50.59380722,0.023798799,6.833431721,11.98487186,10.6746645,556.2623901,108.8977356
457,424,24.24866867,28.70690346,50.34529877,0.018855626,6.957588673,12.08827686,10.81452942,554.8353882,111.4937363
458,425,23.37389755,28.71819496,50.14919281,0.01699554,7.082009315,12.16172791,10.69675064,555.3805542,111.4684753
459,426,19.44405174,28.73264122,50.5907135,0.017417142,7.0354352,12.0755825,11.05576515,550.6330566,116.1672821
460,427,23.15523338,28.74127197,50.36684799,0.017838746,6.714514256,11.9894371,10.88599491,553.9540405,112.9946442
461,428,30.58024406,28.71056175,50.59078979,0.02349578,6.414319038,11.33134556,10.55685997,557.732666,108.0337143
462,429,34.07453537,28.67984962,49.93336105,0.029351691,6.224634647,10.84895992,10.18675804,563.3808594,102.3673325
463,430,31.76222992,28.66257286,50.23119736,0.031632327,6.253044605,10.96599388,9.69011116,569.6295166,98.8172226
464,431,29.45886612,28.65788078,49.6711235,0.027300008,6.721087456,11.42447567,10.36978817,561.4970703,104.6789703
465,432,26.90767288,28.65318871,50.40125656,0.022967691,6.876984119,11.88295746,10.6911459,556.0895386,110.1533737
466,433,20.00508499,28.66450691,49.96100616,0.022334445,7.03288126,12.0734539,10.76111126,552.3110352,113.2301254
467,434,23.18701553,28.67757988,50.60572433,0.023027869,6.824614525,11.83333015,10.93931293,552.4785156,113.997963
468,435,28.5312252,28.67732811,49.54640961,0.024380613,6.58853817,11.59320641,10.30597019,562.3001099,104.9963074
469,436,36.65032959,28.64387894,49.68251801,0.0305172,6.370521069,11.47870541,9.991537094,566.5032959,98.82102966
470,437,37.19218445,28.61042976,49.69681168,0.036653787,6.195441246,11.40197372,9.924563408,566.8804321,98.6931076
471,438,37.10942459,28.59771156,50.1590004,0.03519056,6.073023796,11.38114262,10.13646412,564.0263672,99.96272278
472,439,29.51582146,28.59513474,50.40378571,0.026314544,6.559224606,11.66944313,10.53913498,557.6439819,107.916481
473,440,30.15390778,28.59317398,49.8077774,0.017438525,6.852799892,11.9577446,10.30556202,561.8384399,105.0677948
474,441,25.27235603,28.60145569,50.30089569,0.019224454,6.851756573,12.03283215,10.55855083,554.8319092,108.9796295
475,442,23.16436768,28.6097393,50.59899139,0.022311492,6.850713253,11.89881134,10.87831497,552.9401855,112.7222214
476,443,31.8454895,28.61114311,50.09366989,0.025909318,6.720471859,11.76479149,10.35171413,560.7181396,104.6625748
477,444,38.56190491,28.60385704,50.23056412,0.030844158,6.546302795,11.68585491,10.08841228,564.4568481,100.218483
478,445,36.71139526,28.59656906,50.20711517,0.035778999,6.415154934,11.61372852,10.10401344,561.4468994,100.1431885
479,446,35.92281342,28.60162926,49.99951172,0.034482535,6.568361282,11.59908772,10.17411327,563.7099609,101.1329041
480,447,36.02453232,28.60927582,49.75321579,0.029997217,6.412084579,11.73601627,10.01466084,566.1539917,99.73719025
481,448,29.71229935,28.61755562,49.614048,0.025628531,6.450099468,11.87294483,10.27833176,561.9105225,104.6632462
482,449,28.85902977,28.62819099,50.4946785,0.023651499,6.572095394,11.92330933,10.57091713,557.3283081,108.2849579
483,450,27.27807999,28.63882637,50.15862274,0.021674467,6.647525311,11.91804981,10.62106991,557.5900879,108.1923904
484,451,26.6253643,28.64066124,49.90218735,0.022558514,6.591847897,11.91278934,10.57408905,558.7087402,108.3297729
485,452,33.39591599,28.6365509,50.42506027,0.027211847,6.536170006,11.86351109,10.42203426,560.2456665,104.8150711
486,453,34.11306381,28.63244057,49.91294479,0.03186518,6.268826008,11.81396484,10.18263054,563.0209351,102.5968552
487,454,34.63599014,28.64619255,50.49385452,0.028578719,6.487779617,11.84897327,10.31743717,560.7200928,103.7351456
488,455,28.41244125,28.6602726,49.84337616,0.023509212,6.706733704,12.03307438,10.4797039,559.9006348,106.6183319
489,456,23.47397995,28.67383957,50.19102097,0.019051181,6.870612144,12.21717644,10.71703529,554.9432983,111.9656906
490,457,19.91248703,28.68651772,50.03017807,0.017012458,6.973260403,12.20703602,10.83740902,553.1080322,113.6845322
492,458,24.79435539,28.69795609,50.07452393,0.018190084,6.952058792,12.04808617,10.71731949,556.3322144,110.9240417
493,459,31.15662384,28.69212723,50.06921387,0.025105972,6.778647423,11.91829014,10.44330311,560.5093384,106.1872406
494,460,33.31457138,28.6868,50.12732697,0.032021862,6.669921398,11.78849411,10.33142185,561.4890747,103.9909286
495,461,32.83989716,28.68462563,50.24475098,0.026345771,6.811112404,11.85499573,10.40852451,560.0344238,105.3406982
496,462,27.69962883,28.68245125,50.6068306,0.020305792,6.95230341,12.1046772,10.72047234,555.3015137,109.8006439
497,463,22.11233902,28.67126465,49.99404907,0.015811117,7.030636787,12.35435963,10.83079338,554.3479004,112.7052536
498,464,23.07138824,28.65184021,50.45700455,0.01410009,7.064064026,12.29722595,10.90666866,552.3030396,114.1623001
499,465,18.53488541,28.63241768,50.52996826,0.012389062,7.097491264,12.20687008,11.11116982,549.9170532,116.1032104
500,466,26.08001137,28.63262558,50.50021744,0.018160574,6.895715237,12.09440804,10.68426228,555.6880493,110.4982529
501,467,33.44864655,28.63483047,49.91349792,0.026532747,6.672759056,11.92715073,10.31248569,562.269043,103.0285568
502,468,33.94042206,28.63691521,49.75820541,0.033213157,6.54751873,11.75989342,10.16847801,563.9981079,101.6529388
503,469,32.89543915,28.63871765,50.18485641,0.028562119,6.653203487,11.80546188,10.27899837,561.3950806,104.0481186
504,470,30.36081696,28.6405201,50.54361725,0.023911083,6.758887768,11.95731926,10.53558731,557.4466553,107.3314438
505,471,23.61777878,28.63308144,50.2133255,0.0203219,6.63631916,12.10759926,10.75397587,554.593689,112.0577316
506,472,24.39297867,28.62137794,50.40028763,0.01771833,6.621355057,12.08272552,10.82568645,554.1708374,111.667984
507,473,23.45554161,28.61026573,50.5078392,0.015114762,6.693684101,12.05785179,10.90563869,553.1688843,113.1516495
508,474,29.97924995,28.60666847,49.93204498,0.023188166,6.743102551,11.96731472,10.37244034,560.8033447,105.4379654
509,475,36.63398361,28.60307121,49.93307495,0.032352623,6.614438534,11.76093483,10.04877949,565.0026245,100.4805069
510,476,36.03682327,28.59035873,50.14173889,0.037373979,6.485774517,11.55455399,10.15310478,562.9199219,101.6440353
511,477,35.40082169,28.56700897,49.9889183,0.032526739,6.384192467,11.58807182,10.16731739,563.4968262,101.2543488
512,478,29.33558655,28.54365921,50.61658096,0.027679501,6.315701008,11.70140648,10.51006794,557.0843506,107.8687973
513,479,30.54855156,28.51482773,50.14511871,0.026544251,6.579538822,11.79238415,10.31094074,560.012085,105.5327148
514,480,30.42303848,28.48503113,50.41788483,0.027122503,6.584056854,11.7229147,10.38951874,555.3145142,105.163826
515,481,30.42203712,28.46696091,50.60677338,0.027983483,6.588574886,11.65344524,10.49536991,557.2819214,106.8452454
517,482,32.6793251,28.50572395,49.56735611,0.036893111,6.366680622,11.52136612,10.08664036,564.1795044,101.6960144
518,483,36.37170029,28.49716949,50.13671875,0.036670405,6.531916142,11.45655918,10.01764679,563.4761963,100.6292191
519,484,31.57363892,28.47198868,50.3680954,0.030990951,6.648365498,11.51629353,10.35024643,559.5861816,105.6511078
520,485,28.72178078,28.44699097,50.42855835,0.025311494,6.561210155,11.59674549,10.45100689,557.4028931,108.2172699
521,486,29.4835453,28.43359566,49.69384384,0.027028985,6.427165031,11.54150963,10.24198532,561.500061,104.6051788
522,487,29.88055801,28.42019844,49.94299698,0.030050019,6.272819042,11.06584454,10.2606144,560.7887573,104.5612793
523,488,32.41174698,28.42148018,50.49430466,0.032645527,6.607052803,11.05794525,10.37461185,559.7167358,104.5678177
524,489,33.2423439,28.44443321,50.3571701,0.033884969,6.549274921,11.27318668,10.22693157,561.2340088,103.8528442
525,490,34.39427948,28.46738625,49.73791122,0.035124414,6.491496563,11.48341274,9.954339981,565.5272827,100.4466248
526,491,34.92303848,28.48637962,49.89340973,0.032349426,6.558797836,11.59418869,10.08767509,564.359314,101.5856018
527,492,31.1545639,28.5043354,50.23620224,0.02719193,6.666857719,11.70496559,10.30490875,560.590332,104.8936157
528,493,26.8413105,28.52343559,49.9629631,0.022080848,6.746361732,11.86832523,10.53469276,558.3079224,107.7965469
529,494,24.13986778,28.54771042,50.51871872,0.019793143,6.654394627,12.09955311,10.74060726,553.9211426,111.593689
530,495,21.7943306,28.57198334,49.93016052,0.017505439,6.70270443,12.33078194,10.70564747,555.5896606,111.6843567
531,496,19.76095581,28.59698486,50.1810112,0.017806232,6.800899982,12.21472359,11.02045727,551.4990845,114.83638
532,497,28.03515244,28.62253761,50.00028992,0.021917261,6.571200371,12.00401974,10.50107956,558.9161377,107.3706436
533,498,31.81771278,28.64808846,50.525177,0.026028292,6.436089993,11.83912563,10.53547955,558.3287964,106.9283066
534,499,31.07080078,28.65265274,50.14226532,0.026219038,6.552004814,11.89174938,10.39721775,559.5171509,106.4593506
535,500,29.87379265,28.65629578,49.90986252,0.025386883,6.667919636,11.94437313,10.38178635,560.7340698,105.2636261
536,501,27.61058617,28.65874672,50.05747986,0.023815891,6.811680317,12.01493454,10.53107357,558.605835,106.7982254
537,502,22.41127396,28.65894699,49.57388687,0.018920267,6.956321239,12.09943771,10.5744381,557.4026489,110.4324341
539,503,20.14751625,28.67133522,50.50388718,0.016498432,6.527204037,11.21016026,9.940570831,560.2284546,105.0599823
540,504,28.2318573,28.6878376,50.3049469,0.024521453,6.823491573,11.44915295,10.53862476,557.5441895,108.1058807
541,505,33.55934525,28.69769096,50.48469925,0.032544475,6.615166664,11.858675,10.41626263,559.137207,105.8689117
542,506,36.60793686,28.66018486,49.90024948,0.031176947,6.406841278,11.78723812,10.05253983,564.7119141,100.7356796
543,507,34.05366898,28.62267685,50.1615448,0.029404171,6.497671604,11.71580124,10.22289181,562.3247681,103.3383636
544,508,30.80677605,28.59967804,50.23369217,0.026630715,6.664819241,11.81809616,10.41014862,559.8547974,105.9363708
545,509,27.00235176,28.59051323,50.53823471,0.021974357,6.813384533,11.98108864,10.61737728,555.6762695,109.8825531
546,510,23.32936287,28.58135033,50.13222504,0.017318001,6.850720406,12.10384846,10.73375225,555.2123413,110.8174744
547,511,20.66610336,28.59034157,50.59450912,0.020287039,6.888055801,11.95622349,10.9784317,551.0319824,114.8151855
548,512,29.59180641,28.60133743,50.18880844,0.025996175,6.814861774,11.80859852,10.44983101,559.0042725,106.4981918
549,513,33.47409439,28.59753799,50.31390381,0.030944807,6.644379139,11.73468685,10.28038406,561.2733154,103.9040375
550,514,36.42464447,28.55735588,50.15483856,0.030523591,6.473896027,11.72928905,10.14924145,563.1950073,101.4960022
551,515,33.86907959,28.51717567,49.88094711,0.030102376,6.560851097,11.72389126,10.09358501,564.2335815,101.7290421
552,516,31.54649162,28.49856377,50.44404221,0.028114475,6.670087814,11.83858776,10.45588779,558.8816528,106.4492569
554,517,25.14772606,28.48310852,50.47636795,0.021159166,6.572004795,11.92147446,10.63192463,555.1190186,110.367897
555,518,23.14344597,28.49341393,50.24975967,0.021553049,6.561822891,11.4686594,10.10886574,557.4417725,105.1237869
556,519,25.08223152,28.50372124,50.34693909,0.022652114,6.887564182,11.51059246,10.63838291,555.1223145,110.9913177
557,520,28.26837349,28.49788094,50.37230682,0.023621358,6.786254406,11.60335064,10.51964664,557.3493652,108.2392426
559,521,28.92089462,28.44748306,50.43833923,0.02471143,6.685649872,11.82929611,10.46735477,557.579895,107.2871475
560,522,24.92269707,28.4402523,50.62710571,0.022401722,6.838852882,11.95341301,10.64474392,554.590271,110.3957138
561,523,22.52682686,28.43635559,50.36839294,0.018364741,6.992055893,11.82547379,10.79049015,553.9425659,111.8691101
562,524,20.12439346,28.43717766,50.41823959,0.014426934,6.839474678,11.57760715,10.89378071,552.0144653,114.1892548
563,525,21.05571938,28.45361328,50.45054245,0.018833326,6.605317593,11.35990429,10.02231503,555.1165771,103.755867
564,526,28.06446838,28.4700489,50.58531952,0.023239717,6.578011513,11.60924244,10.55826855,556.2406616,109.0948486
565,527,31.63093567,28.47374344,50.54906082,0.025365867,6.679607391,11.85857964,10.42271137,558.1665039,106.2436447
566,528,26.98391724,28.46965218,50.45085907,0.024076909,6.767189503,12.01251793,10.57449436,555.8184204,109.5135117
568,529,25.06510353,28.47935867,50.12015915,0.020628976,6.895691395,12.06756783,10.60149479,556.9434814,109.1751938
569,530,24.28196144,28.49299049,50.02511597,0.018237388,6.908118248,12.09578705,10.53966999,557.3703613,109.1098175
570,531,21.46345711,28.50676346,50.66091919,0.017101977,6.904532909,12.12415981,10.85133553,551.7719727,114.030098
571,532,22.58701324,28.52075577,50.44536591,0.021786356,6.881577492,12.09817123,10.81307125,553.8660889,112.2862778
572,533,28.75022316,28.53474617,50.00271606,0.026470736,6.732377529,11.83827782,10.41040516,559.5484619,106.1234665
573,534,32.33691788,28.51157188,50.28167725,0.029059093,6.583178043,11.5783844,10.33367062,560.3520508,105.3739853
574,535,33.8985939,28.47561073,49.98214722,0.029726198,6.542671204,11.55208874,10.17929077,562.9171143,101.9895325
575,536,32.48065567,28.4462471,49.98176193,0.030393304,6.605796814,11.69683456,10.25432301,561.9517212,102.9182205
576,537,28.17121506,28.46000481,49.8533287,0.027822673,6.668922424,11.84158134,10.3436203,560.3397827,105.6162567
577,538,24.98486137,28.47376251,50.12471008,0.024933292,6.737303734,11.98187351,10.60798359,556.5620728,109.0485382
578,539,25.39995384,28.48934937,50.36840057,0.023875946,6.806264877,12.12200928,10.64258099,555.5010986,109.0671692
579,540,22.77143288,28.50661087,50.77436829,0.02711379,6.814331055,12.13172722,10.90602207,551.5877075,114.0497208
580,541,31.92578316,28.52387428,50.2988739,0.030351633,6.660038948,11.87463856,10.37527084,560.2905884,104.0498962
581,542,34.63785553,28.49108887,49.79784393,0.032654081,6.505747318,11.6175499,10.07470989,564.3052368,100.9794846
582,543,35.24062729,28.4533577,49.81604767,0.034531236,6.490738869,11.60120487,10.06265259,564.3106689,100.3715744
583,544,34.35269928,28.42565155,50.50040436,0.035880707,6.561303616,11.67986679,10.26209736,560.9554443,102.6985397
584,545,32.32059097,28.42147255,50.50462723,0.030816711,6.63172245,11.75329113,10.37648964,559.0487061,105.1705399
585,546,31.16222954,28.41729164,50.56296539,0.025752714,6.68416214,11.78235435,10.3851881,558.1484375,105.7759781
586,547,26.97365761,28.42794609,50.13280106,0.024303138,6.73660183,11.81141758,10.5561676,557.0980835,108.4027176
587,548,30.0211525,28.44535065,50.43427658,0.027019495,6.721023083,11.62989521,10.43277454,558.0254517,106.5100327
588,549,31.11481667,28.46065521,49.77526855,0.029735852,6.589101315,11.21775627,10.24089909,562.076355,103.1238327
589,550,34.22232056,28.45036316,50.27727127,0.031663571,6.205010891,11.03818512,10.2416048,561.6674805,103.3984909
590,551,34.47885513,28.4400692,49.89868164,0.033455621,6.361313343,11.36833954,10.02176189,564.1201172,100.980629
591,552,33.80514908,28.43925285,49.95303726,0.033170745,6.517615795,11.69849491,10.11879444,563.5352173,100.6408234
592,553,30.50900459,28.4493618,50.11429596,0.026375022,6.644466877,11.85351849,10.35611343,560.1251831,105.0384216
593,554,25.79080963,28.45947075,49.9327507,0.019579299,6.75804615,11.92944241,10.54235554,558.1151123,107.7013474
594,555,23.68227005,28.47522926,49.86390305,0.020286852,6.858353138,11.98891735,10.5228014,556.9300537,109.1113815
595,556,25.00662613,28.49196053,50.43670273,0.025390504,6.607048988,11.61262703,10.68671608,554.5633545,110.810463
596,557,31.70882416,28.49725914,50.64688873,0.030475035,5.75660181,11.05510139,9.60326767,559.0311279,95.02158356
597,558,31.21670341,28.43613815,50.24533081,0.03077966,6.41389513,11.69305801,10.36205101,557.0003662,106.1722565
598,559,27.14249229,28.46188927,50.44268799,0.020526774,6.421447754,11.94130135,10.59501457,556.5507813,108.4760513
599,560,25.65185928,28.46410179,50.10216904,0.020763025,6.827699184,11.90907669,10.54996681,557.6279907,108.2429504
600,561,29.82821083,28.453022,50.40556717,0.025534242,6.690485477,11.87685204,10.43724918,558.5537109,106.3985443
601,562,35.81266785,28.44194221,50.2695694,0.03030546,6.55327177,11.85369778,10.1828537,562.4985352,101.9994736
602,563,30.47336578,28.46770287,50.52796936,0.029708562,6.567072392,11.83872032,10.45998859,558.3339233,106.9143753
603,564,25.46777916,28.50640488,50.37630463,0.025106629,6.650114536,11.82374287,10.57903767,556.2808838,109.8322067
604,565,24.7172966,28.54299736,50.01634216,0.020504696,6.738054276,12.0110321,10.56343079,557.1763916,109.0761185
605,566,23.10613823,28.56488991,50.57769775,0.022062581,6.890465736,12.21790981,10.79779243,553.3428345,112.3231735
606,567,21.55197716,28.58678246,50.35270691,0.023892362,6.773684978,12.18250847,10.76863766,553.9666138,113.7075195
607,568,30.11180878,28.58900261,50.03651047,0.026302565,6.537306786,11.41998005,10.35477924,560.5552979,105.1849136
608,569,32.72563171,28.57234764,50.21782303,0.029825388,6.491039753,11.79538059,10.35158157,560.4836426,104.6834335
610,570,32.99307251,28.55820084,50.18889236,0.030879606,6.626745701,11.87853527,10.19988728,561.6490479,104.0014572
611,571,30.15879631,28.56294441,50.11123276,0.026170654,6.704330921,11.99277306,10.30948734,560.4863281,105.5022278
612,572,26.72686768,28.56552887,50.06090927,0.021995772,6.790169716,12.15883732,10.55831909,557.9990234,108.0256348
613,573,22.49927139,28.56256866,50.5959816,0.022015473,6.861716747,12.32490253,10.86681271,552.6826782,113.249054
614,574,21.78704453,28.55961037,50.38520432,0.022035174,6.754099369,12.06260872,10.80311871,553.8793335,112.0701141
615,575,31.109869,28.54338264,50.53010941,0.025276553,6.646481514,11.78254223,10.4151125,555.8033447,108.1053085
616,576,35.86293411,28.52049446,50.20098877,0.031764884,6.534396648,11.47366047,10.19136906,560.0927124,103.6611938
617,577,36.75085831,28.49858093,50.14771271,0.03825321,6.417044163,11.11013603,10.05937004,560.7266846,102.4410782
618,578,35.36750412,28.49489594,50.25726318,0.034941349,6.181984425,10.74661064,10.15041065,559.7660522,103.5242996
619,579,33.19750595,28.44493675,50.28243637,0.032431953,6.576369762,11.65779877,10.28443432,560.9776611,103.0422897
620,580,38.36149216,28.42788696,49.89452362,0.039206922,6.469933987,11.54532433,9.857796669,564.1099854,97.68745422
621,581,39.07120132,28.41838074,50.65058899,0.045413163,6.363498211,11.43284988,10.15703583,562.4898682,101.0555191
622,582,36.98786545,28.43796539,49.5714035,0.037398752,6.318334579,11.52365398,9.853894234,567.3480835,97.47228241
623,583,31.18020821,28.45754814,49.75082397,0.029384345,6.297195435,11.67861366,10.21245384,562.347168,103.4606018
624,584,26.37488556,28.46800423,50.47794342,0.023846222,6.387576103,11.82125664,10.63233185,555.6141968,109.8600693
625,585,18.99935913,28.4721489,50.35603333,0.021676391,6.759686947,11.86213493,10.88683033,551.0812378,114.6130295
626,586,23.93565178,28.47629547,50.40410614,0.019506561,6.738213062,11.90301323,10.7710638,553.6323853,111.5049515
629,587,36.68678284,28.50522232,49.62691879,0.039980408,6.537919521,11.56350994,9.895720482,566.6978149,98.43247223
630,588,36.44625473,28.51255035,49.68648911,0.034042723,6.629479408,11.60461521,9.96167469,566.1870728,98.46308899
631,589,31.1689167,28.51988029,50.03489685,0.028105035,6.721039772,11.6760025,10.33423805,560.6223145,105.3104477
632,590,26.61285973,28.51752472,50.14276886,0.023869373,6.500396252,11.77923393,10.53417873,557.3532104,108.6793518
633,591,21.37369537,28.51188278,50.57870102,0.020871293,6.710402012,11.75943375,10.86382675,551.7262573,113.7318344
634,592,22.50583839,28.50657272,50.13306808,0.017873213,6.628405571,11.65925789,10.76639652,554.6824341,111.794487
635,593,35.66205978,28.50345421,50.39165115,0.027601168,6.456397533,11.56935024,10.05323315,562.0004272,100.6978302
636,594,38.7655983,28.50033569,50.31284714,0.037804186,6.435857773,11.56264973,9.97034359,564.7592163,99.49494171
637,595,37.19605637,28.49952507,49.8233757,0.041887574,6.415318489,11.55594826,9.94435215,565.7096558,98.68130493
638,596,37.60160828,28.50087547,49.92456055,0.034561735,6.423757553,11.6132021,9.912800789,565.8937988,99.35259247
639,597,27.54593658,28.50222397,49.63076019,0.027235897,6.469141483,11.73588848,10.34203911,561.0734863,105.3356171
640,598,30.52012062,28.5032196,50.11724091,0.024357572,6.514525414,11.85857487,10.36926174,560.1295776,105.0923309
641,599,25.70301247,28.50417709,50.22663879,0.023089577,6.536118984,11.84927559,10.58798599,556.1873169,109.7200089
642,600,24.74897003,28.50645447,50.37784958,0.022939082,6.552361965,11.82188988,10.73737526,555.1411743,110.570015
643,601,32.84034348,28.51201057,50.05509949,0.031043533,6.553145885,11.75647831,10.18844795,562.3429565,103.1159668
644,602,38.2783165,28.51756668,49.96118927,0.039147984,6.477089405,11.58544445,9.919939041,566.4406128,99.19947052
645,603,39.61745071,28.51342201,50.30981064,0.040839016,6.401032925,11.41441059,10.08517456,564.2994995,99.28846741
647,604,31.876194,28.49695396,50.34029388,0.031610277,6.509013653,11.55652809,10.3210144,560.6893311,104.2084503
648,605,31.70542526,28.51034927,50.28981018,0.028503429,6.600450993,11.67439079,10.29351139,560.413269,104.9543915
649,606,27.67349052,28.52374268,50.44878006,0.025583889,6.563816071,11.66613579,10.51578999,556.6954346,108.6807938
650,607,26.96813583,28.52972031,50.49388885,0.025644127,6.510848045,11.65788078,10.58431721,556.5962524,108.9202805
651,608,34.285923,28.52635384,49.79007721,0.033576563,6.462416649,11.64172459,10.07424736,564.7862549,101.5129929
652,609,37.86647034,28.52298546,50.32686996,0.041508999,6.426122665,11.61466408,10.14546013,563.4082642,100.620575
653,610,39.23096848,28.51334572,50.30035782,0.040398367,6.389828682,11.58760357,9.984487534,564.5211182,99.45236969
654,611,37.55417252,28.50240135,49.38300705,0.034620818,6.436574459,11.63680553,9.708621979,569.4700317,95.73335266
655,612,31.09783745,28.4940052,50.09526062,0.028980464,6.535741329,11.70804214,10.28083134,560.9586182,104.7267227
656,613,27.03901291,28.49505615,50.05022049,0.026263205,6.634908199,11.76810646,10.34436321,559.4831543,105.9509811
657,614,26.48713875,28.49610519,50.72437286,0.023545945,6.536420822,11.75287151,10.63704109,555.1115112,110.4340363
658,615,25.23717308,28.49787521,50.29021835,0.025376942,6.430152416,11.73763657,10.59268093,556.5509644,109.8258591
659,616,34.09428787,28.50012779,50.22925186,0.033241965,6.458005905,10.67948055,10.2027359,562.2911377,103.302887
660,617,37.13454437,28.50238037,50.24064255,0.041106984,6.161839962,10.86339092,10.09163189,563.6895752,100.5923691
661,618,38.9241066,28.4791317,50.30130005,0.038454425,6.085194588,11.07218075,10.08096409,564.2363892,99.77298737
662,619,37.64006805,28.45543861,50.24639511,0.033412889,6.279090405,11.31166458,10.02874088,564.0722656,100.2387314
663,620,30.12811089,28.44164276,50.05675888,0.028831553,6.472986698,11.55114841,10.28057098,560.7457275,105.222023
665,621,23.85720634,28.44806671,50.19838333,0.023349399,6.628420353,11.84449959,10.55729008,556.2775879,109.204277
666,622,26.5193882,28.45064926,50.2695694,0.026872506,6.66011858,11.91897106,10.48889637,556.7022705,108.7819443
667,623,36.53517532,28.45302582,49.73838425,0.034837496,6.549800396,11.75334072,9.930232048,566.2846069,98.57022095
668,624,38.55482864,28.45201492,49.80807114,0.042802483,6.439481735,11.58770943,9.907446861,566.8093262,97.88204956
669,625,40.21318817,28.42985916,50.04180527,0.041459981,6.407352448,11.55594063,9.888158798,566.6906738,97.42868042
670,626,38.29942322,28.4077034,50.61657333,0.039831251,6.443791866,11.61799812,10.17174339,562.5891113,100.7602844
671,627,34.48874664,28.39807892,50.00202179,0.037359022,6.480231762,11.68005466,10.1363554,563.3486938,101.4361496
673,628,31.4010582,28.40166473,49.78336716,0.029351825,6.657139778,11.91364574,10.17404842,562.4335938,103.1505508
674,629,29.22141647,28.41817856,50.02185059,0.033536442,6.624629974,11.93020821,10.35323906,559.8075562,105.752655
675,630,36.07644653,28.43617821,50.31084824,0.040593855,6.260011673,11.76570511,10.19137096,562.6274414,101.8748779
676,631,39.35334396,28.45175743,50.46617126,0.046313424,6.169372559,11.60120296,9.998139381,564.1373291,99.56285095
677,632,41.21323395,28.4615097,50.04203415,0.042700484,6.286661625,11.65777302,9.874826431,566.9238281,97.17671967
678,633,36.64527893,28.47126198,50.60111618,0.039087545,6.425794601,11.79842091,10.27326298,561.4962158,102.6672287
679,634,30.47383118,28.47863197,50.70629883,0.033845663,6.571737766,11.93992138,10.57683659,556.9016724,108.0617752
680,635,27.49167442,28.48487473,50.54228973,0.027041167,6.738125801,12.08834457,10.52968311,556.9154053,108.4503098
681,636,24.67253494,28.49223137,50.51250839,0.020236671,6.904513836,12.23676682,10.69754505,554.5896606,110.9624481
682,637,22.97544098,28.51600075,50.32844925,0.025624536,6.863335609,12.12964344,10.76122761,554.0479126,111.6408691
683,638,32.14701843,28.53976822,50.16732407,0.03243662,6.676154613,11.76156616,10.36862087,560.4543457,104.5919952
684,639,36.16060638,28.54389572,50.27880478,0.037268739,6.488973618,11.39348793,10.18425941,562.4949341,102.1477127
685,640,37.01028442,28.52389336,50.27401733,0.037024595,6.487699986,11.47556019,10.07795334,563.7693481,101.0520172
686,641,36.60018539,28.50389099,50.50060654,0.036780454,6.48921299,11.62320805,10.25073528,561.647644,102.2352142
688,642,28.09932518,28.50958633,50.4172554,0.02780237,6.658583641,11.97012711,10.57785797,556.7526245,108.4528503
689,643,26.79710197,28.51967239,50.39413834,0.023020741,6.784753323,12.15881348,10.57731628,555.9085083,109.7122574
690,644,24.32005501,28.54818344,50.54789734,0.02864911,6.62178421,12.02754211,10.72684574,553.9699097,112.0014725
691,645,31.94232559,28.57669449,49.98583984,0.03427748,6.347394466,11.71859741,10.2263813,561.9710693,103.0753174
692,646,37.64955902,28.57319832,50.19913483,0.038011201,6.284824371,11.41415596,9.996569633,564.7999268,100.4780273
693,647,37.628685,28.54874611,50.1456337,0.039297502,6.339366913,11.45040894,10.03584099,564.7056885,100.0083771
694,648,38.4794426,28.52429199,50.54094315,0.040583808,6.393909454,11.48666096,10.11107254,563.298584,101.0658035
695,649,34.46014023,28.53605652,50.39871597,0.034943137,6.395072937,11.59714699,10.35596371,560.6923218,103.8911667
696,650,30.80574226,28.54820633,49.92559052,0.027796745,6.395848751,11.81819916,10.32948875,561.2720947,104.31353
698,651,26.28781319,28.58315659,50.04611206,0.030793414,6.532649517,11.7145853,10.51892185,557.5192871,108.5934525
699,652,34.50430298,28.60305595,50.21108627,0.037976764,6.415769577,11.2388134,10.19643497,562.5095215,102.8819351
700,653,38.69417953,28.58734322,49.99892426,0.041918438,6.173987865,10.80915165,9.990480423,566.0267334,99.43055725
701,654,40.80187225,28.5603714,50.09177017,0.043622307,6.057744026,10.68212318,9.940491676,566.2769775,98.02379608
702,655,39.10660934,28.5386982,50.42351913,0.045326181,5.958516598,10.58231544,10.06071949,564.1463013,100.0858459
703,656,33.69827652,28.54825401,50.53805923,0.03638792,6.245854855,11.12194443,10.31857014,560.9639282,103.9989319
704,657,28.26623917,28.55781174,50.06014252,0.027196323,6.526896954,11.66157436,10.47003651,558.4295654,107.9370651
705,658,25.28291512,28.56196785,50.15186691,0.024298673,6.568437576,11.88934326,10.59751987,556.5612183,109.024292
706,659,23.06379318,28.56133652,50.58483887,0.032496348,6.609977722,11.6400013,10.78225517,552.9464111,112.856041
707,660,35.09741211,28.56070328,50.22546005,0.040694017,6.395524979,11.39066029,10.10195065,563.1600952,102.1512451
708,661,41.69996262,28.51143456,50.16285324,0.046752635,6.044438839,10.99779415,9.853298187,567.4328613,97.04624176
709,662,42.70072174,28.45765305,50.20707703,0.052086651,5.960141659,10.76324749,9.819414139,567.2437744,96.07537079
710,663,41.52289963,28.41854477,49.97686386,0.055235952,6.156514168,11.09122753,9.729089737,568.6888428,95.2260437
711,664,34.91612625,28.41363907,50.21952438,0.044038817,6.352886677,11.41920757,10.15428448,562.6871338,101.3861923
712,665,30.42393494,28.40873146,50.1579361,0.032841686,6.404411793,11.59684277,10.28303814,559.8595581,105.1871109
713,666,28.98779678,28.40930367,50.63503265,0.031207109,6.37588501,11.69100094,10.5254097,557.1191406,107.2440643
714,667,29.84861755,28.41239548,49.57081223,0.038492113,6.546417713,11.77921867,10.04852772,563.5314941,102.9415817
715,668,38.23081589,28.41203117,49.62437439,0.045777116,6.340310574,11.64991474,9.723104477,568.6673584,96.68727112
716,669,40.83457184,28.36610413,49.51597977,0.04905976,6.123520374,11.52061176,9.533281326,570.7872314,94.09505463
717,670,42.03093719,28.32017708,50.55169678,0.051910449,6.496576309,11.49396992,9.926907539,564.6646729,97.63059998
718,671,39.88978195,28.30573654,49.84787369,0.05093994,6.261931896,11.62672901,9.663976669,568.6878662,95.51434326
719,672,34.13447571,28.32959747,50.02386093,0.04036035,6.235840797,11.75948906,10.08809376,562.8102417,101.5818863
720,673,30.44960403,28.3534584,49.92240143,0.029780757,6.423184872,11.88548183,10.22608376,561.5761108,104.1468506
721,674,26.71491814,28.3757515,50.09894562,0.02564426,6.545879364,11.89532089,10.48423576,557.7188721,107.5449219
722,675,23.9475708,28.39774513,50.54111099,0.024635626,6.66857338,11.87865829,10.65852928,554.0501099,111.8987808
723,676,28.0409584,28.4126873,49.73144531,0.024075186,6.521513939,11.67867756,10.30913734,560.4839478,106.1399078
724,677,33.10975266,28.40377617,49.79682159,0.030306635,6.545024395,11.25519753,10.15876484,562.9284058,102.1920242
725,678,20.56842995,28.39486504,50.14218521,0.036538083,6.71000576,12.00146675,10.76370811,553.6679688,112.7510529
726,679,19.81685257,28.41724205,50.5596962,0.03713112,6.755459309,12.23719692,10.86005211,551.8718262,114.0788345
727,680,17.70322609,28.45906067,50.5675354,0.030847449,6.856935978,12.43951321,10.99186039,549.9464111,116.3609238
728,681,16.78856659,28.50073051,50.30990601,0.024563776,7.008452892,12.48857975,11.00278091,550.944458,116.0793915
729,682,14.50815201,28.51516151,50.55821228,0.025310215,7.159970284,12.53764534,11.08838367,548.038147,118.9915924
730,683,14.30694962,28.52959061,50.31429291,0.02740331,7.122689247,12.52486515,11.05797672,549.4700928,118.0040131
731,684,18.12190247,28.53733253,49.87417603,0.029263046,7.064665318,12.46498394,10.84614563,553.5213623,114.0359726
732,685,18.85547066,28.53478622,50.41196442,0.030332029,7.030743599,12.40510178,10.91010284,551.5897827,115.5807724
733,686,18.8572216,28.53223801,50.24142075,0.031401012,7.055936813,12.422369,10.90162563,552.6553955,114.615799
734,687,18.41941261,28.52604866,50.30025864,0.028872406,7.081130028,12.44316196,10.8562355,552.621521,115.2739182
735,688,16.6123867,28.5188446,50.42669678,0.024106639,7.114747047,12.45703316,10.946208,550.4064331,116.555191
736,689,15.83227348,28.51050568,50.43996811,0.019372085,7.152359486,12.45774841,11.04721737,549.8790283,117.2913666
737,690,18.19908142,28.49666595,50.38790512,0.020405833,7.183045864,12.45846367,10.95251942,551.3436279,115.9556046
738,691,17.47092819,28.48282433,50.3551445,0.02143958,7.116759777,12.22726631,10.92086887,550.9923096,116.1504211
739,692,18.09008789,28.45061874,50.50112152,0.023908198,7.050474167,11.91173267,10.86982346,551.1504517,115.358345
740,693,20.20081711,28.40396881,50.18609619,0.028584063,6.87097311,11.76448536,10.73337555,553.6173096,112.8925858
741,694,19.91976929,28.35731697,50.48582077,0.033259928,6.652459621,11.98995209,10.7565794,552.6741943,113.8475571
742,695,18.51782417,28.39796638,50.22268295,0.029785236,6.746843815,12.21541882,10.82336617,551.9782104,114.2400513
743,696,17.46383858,28.44337654,50.37375259,0.024046252,6.950317383,12.34702682,10.9077158,551.7421875,116.2366104
744,697,16.48524666,28.4772625,50.43126678,0.019493086,7.153791428,12.4367733,10.95332336,550.2582397,116.1002655
745,698,15.40676594,28.48846436,50.4847641,0.020681947,7.13640976,12.51893997,11.01016426,549.3348389,117.1952972
746,699,15.21094131,28.49966621,50.53331375,0.021870807,7.104276657,12.45150948,11.07204819,549.2520142,118.0912018
749,700,20.58695984,28.49445724,50.49494553,0.038178444,7.079480171,12.38682652,10.8904438,552.2661743,113.71595
751,701,18.75045013,28.49592209,50.38272476,0.025439175,6.735569954,12.44317055,10.92222977,551.6779175,114.975563
752,702,17.8671608,28.49988937,50.44635773,0.02145257,6.807195663,12.32698536,10.86745262,551.2709351,115.5191269
753,703,16.78900146,28.50705719,50.59697723,0.02280093,6.797643661,12.20639515,11.04249763,549.1930542,116.7866898
754,704,25.70917511,28.51422501,50.29233551,0.024149289,6.649207592,12.0204277,10.52547455,556.5539551,109.0979843
755,705,34.91578293,28.51005745,50.29693985,0.030877547,6.500771523,11.69740772,10.17124367,563.0561523,101.6798019
756,706,38.4980545,28.50450516,50.06612396,0.039636999,5.948687077,11.37438774,9.980397224,565.5516357,99.87965393
757,707,40.76588058,28.49759293,50.50827789,0.046498179,6.305888176,11.35461903,10.00999641,564.8011475,98.63897705
758,708,40.34058762,28.48718262,50.64721298,0.038685657,6.428172112,11.47286701,10.05874062,563.9134521,99.31499481
759,709,32.58333969,28.47677231,49.94390488,0.030873137,6.544176579,11.59481812,10.14561081,562.9133301,101.6254807
760,710,28.55671883,28.47167778,50.39459229,0.026368607,6.597304821,11.76189518,10.45928478,557.4299927,108.1125793
761,711,30.42115974,28.46922112,50.68834305,0.025128078,6.607475281,11.92897224,10.47772598,557.3129272,107.062233
762,712,24.97870827,28.46561623,50.54115677,0.02388755,6.531470299,11.6375618,10.67367458,554.6188354,110.6385956
763,713,38.01911163,28.44301987,50.67594528,0.034922201,6.01371479,10.6888752,10.1673851,562.9585571,101.3208923
764,714,41.72291183,28.4204216,49.77791977,0.047444195,6.311707973,11.38885593,9.692749977,570.0402222,94.54138184
765,715,42.16346741,28.4173317,50.57104874,0.053951364,6.35538578,11.47109222,9.910628319,565.2288208,98.01007843
766,716,40.53374481,28.43850708,50.28155136,0.045030739,6.399063587,11.55332851,9.980814934,566.0043335,97.89694977
767,717,34.85277557,28.45968437,50.6008873,0.036110118,6.505646706,11.68098927,10.26441956,560.78302,103.6858368
768,718,29.0350647,28.46575165,49.82460403,0.030216251,6.649856091,11.88143921,10.30062962,560.6873779,105.5472565
769,719,27.81404305,28.46882057,50.18175888,0.025820255,6.794065475,12.08189011,10.51908398,557.7548828,107.2253036
770,720,26.24393463,28.47086525,50.37900543,0.022332074,6.521430016,11.96501732,10.60744953,555.8045654,109.4805908
771,721,36.61981964,28.46933365,50.49097061,0.033777874,6.234457016,11.73951149,10.13857746,562.0552979,101.8260651
772,722,38.69404984,28.46780014,50.22735596,0.045223672,6.069258213,11.48336983,10.01342106,565.6995239,98.74050903
773,723,40.93432236,28.47585106,50.46999741,0.048474863,6.00703764,10.9708662,9.988574982,564.725769,98.14877319
774,724,39.68954086,28.48999977,50.6241188,0.041509278,6.162229538,11.59139061,10.05328751,563.5717773,99.85723114
775,725,34.39673233,28.50415039,50.55638885,0.034543689,6.444691658,11.74843597,10.33334255,560.5998535,104.25457
776,726,28.04357147,28.52638817,50.26570129,0.028185925,6.727153778,11.90548134,10.49580765,558.4169922,107.498848
777,727,27.03444099,28.54862785,50.64823532,0.021949591,6.70494175,11.83467388,10.66863823,555.0698853,110.169487
778,728,23.71743965,28.56593323,49.98347473,0.019095708,6.681739807,11.69725323,10.60100651,556.6973877,109.6886063
779,729,32.44976425,28.57546616,50.65966415,0.028088257,6.527510643,11.50260448,10.4132843,558.8677368,105.779335
780,730,35.98598862,28.58500099,49.81697083,0.037080806,6.144044399,10.96142673,10.0072794,565.6467285,100.0581512
781,731,37.32462692,28.58380318,50.29255295,0.039716482,6.254050255,11.16554928,10.16491699,563.295105,101.0653305
782,732,36.92778015,28.5795269,50.13486862,0.038301948,6.367975235,11.37670422,10.08437061,564.8148804,99.42219543
783,733,35.0705452,28.57566261,50.39981079,0.036887418,6.494522095,11.59283543,10.23481655,562.0123901,102.8167572
784,734,29.2140255,28.57388496,49.91313171,0.029839827,6.645422935,11.81745911,10.41904068,560.4356079,105.402092
785,735,27.44850922,28.57210922,50.1344223,0.02278834,6.796323299,12.04208183,10.49096775,557.767395,107.6366043
786,736,25.86824226,28.5711174,50.3895874,0.021818573,6.621103287,11.94115257,10.08244133,560.368103,103.6713715
787,737,33.26384735,28.57075691,49.95098495,0.030462168,6.309488297,11.70597839,10.22047806,563.083313,102.1839066
788,738,36.64624786,28.57039833,50.38428116,0.039105762,6.288890839,11.41038322,10.17158318,562.2502441,101.9845963
789,739,37.69842148,28.54896927,50.54711914,0.039234381,6.586631298,11.15013885,10.14021587,562.8182983,101.7284927
790,740,20.53431511,28.52625084,50.25954819,0.036907349,6.805113792,12.21353054,10.67568398,554.4124756,113.0301056
791,741,19.47218704,28.50874901,50.22117615,0.034007348,6.774474621,12.11314392,10.8720808,552.722229,113.9542542
792,742,27.84340477,28.50178528,49.9022522,0.028205995,6.547942638,12.0127573,10.33447552,560.0861816,106.0003204
793,743,28.6668396,28.49482346,50.52836609,0.022404639,6.406673908,11.90438271,10.50506687,557.550354,107.4835358
796,744,39.65865326,28.4978447,50.51613235,0.046253413,6.431835175,11.81929016,10.11926365,563.5808716,99.85940552
797,745,22.79656219,28.48801041,50.1160965,0.043422453,6.563283443,12.06988907,10.49612331,552.5771484,108.1719742
798,746,21.57392311,28.47817802,50.09809113,0.039784148,6.615441799,11.94859123,10.67365742,554.8936768,111.8595581
799,747,18.9493885,28.47571945,50.24713135,0.035084408,6.797821522,11.75724602,10.88373184,552.9742432,114.2609482
800,748,16.3482399,28.48073006,50.30041885,0.028236825,7.007565975,12.07650375,10.95474911,550.9155273,116.3061218
801,749,17.17994308,28.48573875,50.17233276,0.021389242,7.136519432,12.29222488,10.89121819,552.0344849,114.9979401
802,750,15.27048779,28.49757957,50.42251205,0.025656149,6.95583725,11.92831135,11.06853008,549.1571655,118.2741394
803,751,19.36450577,28.5103054,49.75557327,0.034259051,6.775155067,11.56439686,10.68196964,555.494812,111.8299561
805,752,22.07789612,28.5080986,49.73838425,0.039732162,6.464895248,11.28879929,10.5902729,557.2993774,110.0736542
806,753,21.33323669,28.49910164,50.60676193,0.03774076,6.645101547,11.61617851,10.77269554,552.6419067,113.7036514
807,754,18.84261894,28.51580429,50.37680817,0.033328339,6.861269474,11.97514534,10.89868927,552.1031494,115.0805893
808,755,16.53820801,28.54566765,50.52261353,0.026445208,7.067619324,12.23252773,11.09797859,549.1939697,117.7444839
809,756,15.50223732,28.5749588,50.04553986,0.019562077,7.233342648,12.26182461,11.03078651,551.2331543,116.0698624
810,757,15.72412014,28.5933094,50.02629471,0.023985608,7.193692684,12.29112244,11.01870155,551.5980225,116.339592
811,758,19.18168068,28.6116581,50.46465302,0.029902723,7.154042721,12.04838848,10.90871239,551.428833,115.4888916
812,759,20.08795929,28.61182022,50.67271042,0.034440089,6.681192398,11.73167419,10.98782444,550.675354,116.1832809
813,760,20.8468399,28.58865356,49.9527359,0.035281837,6.918372154,11.91153049,10.70919418,555.4765015,112.0450668
814,761,19.89721489,28.56548691,50.44775009,0.036123589,6.791703224,12.09138775,10.91038418,552.0805054,114.4115601
815,762,18.66319466,28.5675106,50.28176117,0.032538828,7.180945396,12.39915752,10.94683075,552.0391846,114.7522736
816,763,15.80496216,28.57481384,49.80926514,0.026677163,7.217204094,12.57795048,10.88530636,552.4867554,115.5817108
817,764,14.39271927,28.58302307,50.3599205,0.021365691,7.253463268,12.69578266,11.11796856,548.6720581,118.6683197
818,765,13.13519859,28.59454727,50.2550354,0.026782162,7.221920013,12.68382454,11.11823082,548.7086182,119.2285843
819,766,18.20143127,28.60607147,49.41444016,0.032198634,7.167860031,12.45084953,10.71137047,556.1931763,112.3682251
820,767,19.90529251,28.59155464,49.74987411,0.035858635,7.085781097,12.21787357,10.74304581,555.4815674,112.7536926
822,768,20.28241348,28.52830887,50.50323105,0.038659491,6.868686199,12.21702099,10.81789684,552.2090454,114.5188065
823,769,18.57195854,28.52223778,50.09239197,0.033396617,7.015407562,12.26183224,10.89481831,552.6669922,114.2245483
824,770,16.67662048,28.51638222,50.20726395,0.026722237,6.89646101,12.38457203,10.9481802,551.0639648,115.8445282
825,771,15.19699097,28.50988007,50.53000641,0.022909855,6.962590694,12.50731182,11.13183308,548.2070313,118.1962051
826,772,15.43021011,28.50230789,49.74438477,0.029830219,7.040763855,12.5140934,10.8715992,552.2925415,115.569458
827,773,19.66760254,28.49473763,50.03188705,0.036750585,7.075500011,12.41283035,10.74050999,553.836731,113.1409302
828,774,21.6099968,28.47707176,50.45842361,0.040290974,7.035479069,12.31156635,10.79442978,552.8085938,113.3275299
829,775,22.02110291,28.45624924,50.58771896,0.041535441,6.995458126,11.88753796,10.84051704,552.1218262,113.8899155
830,776,20.98218536,28.4400425,50.06344986,0.042779904,6.668431759,11.54334545,10.70534897,554.687439,112.1508179
831,777,19.56807709,28.45058823,50.30599594,0.035553992,6.749700546,11.94062901,10.83270073,552.4619141,113.8078461
832,778,17.11951828,28.46113205,50.15008545,0.028159704,6.926490307,12.33791161,10.92797375,551.798584,115.3628769
833,779,16.05626678,28.47905922,50.24399948,0.025063394,7.103280544,12.34373188,10.97232628,550.2979126,115.8337784
834,780,15.16227436,28.50347328,50.56758118,0.029421804,6.927317619,11.98287678,11.05480194,548.8144531,118.0406189
835,781,19.17659569,28.52788734,50.199646,0.033780213,6.716089249,11.62202072,10.85468197,552.3324585,114.2064056
836,782,20.26610184,28.518116,50.29376221,0.036802575,6.709097862,11.80306435,10.83290672,552.7521362,114.7575684
837,783,20.91141891,28.50527382,50.57618713,0.039381497,6.82430315,12.0273695,10.86701584,551.979187,114.1980133
838,784,20.83307457,28.5018425,50.55641937,0.040605664,6.939507961,12.23951912,10.84967613,552.5895996,114.4283829
839,785,18.66267967,28.5200901,50.49993515,0.033216517,7.051645279,12.41841125,10.96011734,550.7251587,116.0997238
840,786,16.34465027,28.53833771,50.59149551,0.025827372,7.162849903,12.59730339,10.90517139,543.4662476,114.272438
841,787,14.56899452,28.55418015,50.47911453,0.023759015,7.241531849,12.58296585,11.19796085,547.7702026,118.9917068
842,788,14.02449322,28.56893349,49.95798874,0.026577901,7.142836571,12.46580315,10.98392296,550.4632568,116.6155624
843,789,18.37800598,28.5813942,49.96450043,0.029396785,7.044141769,12.35327339,10.82630348,553.6228638,114.1448822
844,790,20.09707451,28.56482124,50.01530838,0.032727465,6.993145943,12.35896969,10.78129578,554.0237427,113.096962
845,791,20.06362534,28.54824829,50.36284637,0.03611109,6.982781887,12.36466599,10.90560818,552.069397,114.7772217
846,792,19.28166008,28.54261398,50.31007385,0.036665335,6.972417831,12.4038887,10.87926197,552.1875,114.5025482
847,793,18.25067329,28.54990387,50.07549286,0.030337898,7.064728737,12.48886204,10.85732079,552.5373535,114.6010132
848,794,15.57468033,28.55719566,50.17735672,0.024010461,7.166646004,12.57383633,10.99501801,550.4226685,117.3267136
849,795,12.58823395,28.56294632,50.44744873,0.024253942,7.189511299,12.51831436,11.22040844,547.5818481,119.9241562
850,796,14.50330639,28.56841278,50.30449295,0.027641466,7.008739948,12.42938709,11.08624172,549.1505737,118.3689499
851,797,18.35744095,28.56471443,50.20367813,0.031077588,6.827968121,12.34424973,10.82282066,552.8053589,114.9010925
852,798,19.94472504,28.53010178,50.43500137,0.035256743,6.816980839,12.27639294,10.86962795,552.2935791,115.02771
853,799,20.19442368,28.49548721,49.71957779,0.039435897,6.911336899,12.2085371,10.66930199,555.5377808,112.0457916
854,800,20.2355423,28.48103714,50.03432465,0.038844038,7.005693436,12.23914337,10.76841164,554.3643799,112.456871
855,801,19.86153221,28.47927475,49.53899384,0.032341883,7.062560558,12.35185909,10.52239799,557.0922852,111.2458267
856,802,17.88206482,28.47751236,50.21222305,0.025839727,7.120988846,12.46457577,10.83076668,552.0999756,115.0116043
857,803,15.91010284,28.47859192,49.87537766,0.027212845,7.180402756,12.35419846,10.92500687,552.0389404,115.4686356
858,804,15.1840744,28.47967339,50.38608932,0.030179251,7.037918568,12.22710514,11.0233202,549.2009277,117.5518112
859,805,19.36079025,28.47204971,49.81216049,0.033619978,6.817848206,12.06081581,10.71547318,554.9557495,112.3571854
860,806,36.86053467,28.45046043,50.59355164,0.038775206,6.464838505,11.79421902,10.22228146,562.2634277,101.868866
861,807,38.60967255,28.42887115,50.27141571,0.04393043,6.470182419,11.52762222,9.95450592,564.9133301,99.57446289
862,808,38.67351913,28.43501282,50.56782532,0.041540958,6.47552681,11.5141325,10.09899139,562.8682251,100.376236
863,809,33.64679718,28.44947052,50.48213577,0.034160346,6.54664278,11.62749004,10.29827023,560.305603,103.679245
864,810,30.16495895,28.46252823,50.04822159,0.02677973,6.652403355,11.72004604,10.32408905,560.5245972,105.069519
867,811,29.39328766,28.47195816,50.11131668,0.026004806,6.519589424,11.62947845,10.29088879,560.3960571,105.630928
868,812,33.68005753,28.46487999,50.57440186,0.032369144,6.44685936,11.52912903,10.28974915,559.8118896,104.6522369
869,813,36.19303894,28.45779991,50.36260986,0.038733486,6.374129295,11.42877865,10.17584991,562.9042358,101.501503
870,814,21.32995415,28.45930481,49.76873016,0.035748657,6.57640934,11.69845772,10.56800079,556.3609619,111.0810394
871,815,19.42540359,28.46151161,50.42686462,0.02976317,6.866761684,12.08764362,10.91017151,551.5539551,114.6944962
872,816,17.24814606,28.46455956,49.82065201,0.024484251,7.109880447,12.41688347,10.79050255,553.1590576,114.2041473
873,817,15.91679764,28.46949005,50.04584503,0.023471611,7.101784229,12.38044643,10.97151947,551.3637695,116.1941223
874,818,15.24312019,28.47441864,50.61111832,0.022458969,7.093688011,12.34401035,11.07812595,547.9902954,118.58004
875,819,18.88401222,28.46726227,49.66037369,0.025670549,7.044817448,12.27954292,10.70797825,554.9233398,112.5906296
876,820,21.15270042,28.4547863,49.94087219,0.032672618,6.961668015,12.18982601,10.65096664,555.1883545,111.5090637
877,821,22.25562668,28.44416428,50.15994644,0.039674688,6.878519058,12.1001091,10.67689323,554.3909302,111.7044449
878,822,21.57710838,28.45497322,50.2970314,0.035283405,6.912849426,12.16871262,10.68503475,554.0605469,112.3529892
879,823,18.61853027,28.46578026,50.42648697,0.029794378,6.961569309,12.25277328,10.88319683,551.2090454,114.9521255
880,824,17.26114845,28.47707367,50.04733658,0.025469854,6.992292881,12.29234791,10.89165688,552.1469727,114.9069672
881,825,16.6537056,28.48892403,50.33898926,0.023899991,6.975814342,12.22619915,10.95150757,550.6282349,116.2541275
882,826,18.09550285,28.50077438,50.02127075,0.022330126,6.959335327,12.16005039,10.82333565,553.1314087,114.4793472
883,827,20.74076843,28.49276161,50.14139175,0.026663462,6.93327713,12.16357517,10.69183159,554.8511353,111.8555527
884,828,20.67986679,28.4812355,49.8990593,0.033747453,6.90190649,12.19969177,10.70941734,555.1942749,111.552475
885,829,21.6169014,28.47567749,50.01322174,0.04001008,6.870535851,12.01652718,10.6571846,554.9375,111.9570007
886,830,20.57637405,28.48956871,50.33420181,0.034928739,6.955594063,12.33354855,10.74646378,553.3954468,113.5231781
887,831,19.935812,28.50345802,50.429245,0.029847398,7.048141956,12.2496624,10.79815674,552.3756714,114.2927399
888,832,18.52908325,28.50774765,49.63903809,0.026061276,7.114776134,12.16577721,10.67375946,554.8837891,113.1308136
889,833,16.9313755,28.50615311,50.17963409,0.023842104,7.135576248,12.15886307,10.85203266,546.7841187,113.2914734
891,834,19.97999573,28.50339699,50.07661438,0.026956594,6.987661362,12.1572485,10.67818737,554.7131348,112.5569611
892,835,21.34252739,28.50223541,49.85300827,0.033755239,6.767393589,12.16382504,10.55827332,556.4209595,111.0490952
893,836,21.52846718,28.50490761,50.43117905,0.038613461,6.759391785,12.17040157,10.74598694,552.5789185,113.4524231
894,837,21.29832458,28.5135746,49.99235535,0.036695167,6.889469624,12.20154476,10.67423344,555.3272095,111.4052353
895,838,19.93141937,28.52224159,50.65303421,0.034776874,7.017355919,12.24279785,10.87296486,551.3989868,113.5034027
896,839,17.6449585,28.50923347,50.1751976,0.031026203,7.091648102,12.27946377,10.79644299,552.3731689,114.4838791
897,840,16.06633568,28.48995018,49.93470764,0.026093554,7.165940285,12.27161598,10.86188793,552.0499878,115.9157944
898,841,16.30525208,28.47476387,50.35191727,0.021160904,7.017659664,12.26376915,10.91784477,550.2822266,116.3670502
899,842,20.28270721,28.48101807,49.97792435,0.030715149,6.86117506,12.22358131,10.62388897,555.1157837,112.3841324
900,843,22.14680862,28.48727226,50.53779221,0.040373653,6.859343529,12.14822865,10.75984573,553.7634888,113.0646515
901,844,22.64947891,28.4743042,49.86691284,0.044654071,6.857591152,12.07287598,10.56017494,556.9161987,109.9804916
902,845,22.10018921,28.44533157,49.89777374,0.040084947,6.909114838,12.07308769,10.56959724,556.7272339,110.2212219
904,846,17.58013725,28.40117645,50.43288422,0.030902555,6.881270409,11.98376942,10.89581776,548.2591553,116.3370743
905,847,27.12445831,28.37721825,49.87963867,0.02412069,5.708303452,11.01949692,10.02151871,501.7947083,95.33231354
906,848,36.29525757,28.37685394,49.61711502,0.036173381,6.344170094,10.5221777,9.822426796,564.0010986,100.5626526
907,849,40.66445923,28.35536003,49.94508743,0.045847435,5.707445621,10.30774117,9.671096802,570.0183716,96.09744263
908,850,21.85475159,28.34469604,50.05696487,0.040626705,6.71150589,11.78772163,10.62335968,555.6347656,110.9390945
909,851,19.14920998,28.35198593,49.57071304,0.033446278,6.922840118,12.13045692,10.62886429,555.9817505,111.0411072
910,852,17.62546158,28.35927582,49.66720963,0.026091659,7.064451694,12.36849594,10.69901657,555.1060791,112.4234314
911,853,17.99837303,28.36640549,50.31084824,0.023701597,7.014350414,12.31701851,10.8456192,552.0906372,114.4489059
912,854,20.47473145,28.37335587,49.41100311,0.032710988,6.964249134,12.26554108,10.45014763,558.2731323,109.3419876
913,855,22.10154533,28.38030624,50.35123062,0.041720379,6.590706348,12.06626129,10.69099903,554.362915,111.7404022
914,856,23.10905075,28.38737869,49.90123749,0.041468944,6.692797184,12.07666874,10.49379635,557.1955566,109.8323822
915,857,22.24323273,28.39447021,50.08921432,0.037025612,6.79488802,12.08707523,10.66531658,555.3365479,110.631546
916,858,18.85152626,28.4063549,49.49205399,0.032520682,6.889868259,12.15035152,10.60143757,556.171936,111.5509567
917,859,19.40645027,28.43329239,50.36777496,0.027238229,6.97563982,12.28076553,10.85554123,552.2633667,113.9721756
918,860,18.11268806,28.46022987,50.05957794,0.021955777,7.061411381,12.41117954,10.81166077,553.2311401,113.7599106
919,861,17.72694397,28.47481537,50.30424118,0.021986719,6.839318275,12.33693504,10.92397404,551.4968262,115.2247238
921,862,20.88841057,28.48900604,50.63031006,0.034593847,7.050780773,12.14290619,10.83939648,552.3340454,114.1233749
922,863,20.92985535,28.47470093,50.66627502,0.034521904,7.05390358,12.26573467,10.84353924,551.9975586,114.5501938
923,864,21.00761414,28.46039391,50.57877731,0.033269729,7.055273056,12.3885622,10.85310555,551.9872437,114.163559
924,865,18.60269356,28.44480515,50.53786087,0.031106522,7.070666313,12.44151974,10.92430878,550.9666138,115.4280548
925,866,16.97012711,28.42727089,50.5733757,0.025872711,7.115695477,12.43228531,10.98730278,549.6068115,116.466095
926,867,16.62185097,28.40973473,50.36091614,0.0206389,7.160725117,12.42305088,10.92347145,550.2523193,116.4758453
927,868,15.60689735,28.40354538,50.56907272,0.024222774,7.092333794,12.32102776,11.08396816,548.588562,117.690033
928,869,19.79341316,28.40051651,49.93711853,0.033353094,6.977323532,12.210289,10.52881145,555.7932129,111.8162689
929,870,21.906353,28.39434242,50.00001144,0.042483412,6.870528221,12.1401844,10.60019112,556.1526489,111.2859192
930,871,22.73211098,28.37250519,49.86222839,0.04299238,6.89806366,12.17457008,10.52674389,556.4717407,110.1623383
931,872,22.48509216,28.35066795,49.77910614,0.043492105,6.925599575,12.20895576,10.50822353,557.0344238,109.2195511
932,873,20.2703495,28.33595276,50.41916656,0.040690839,6.957167625,12.26963043,10.75171471,552.7575684,113.608017
933,874,19.30264664,28.32700729,50.40149307,0.032592934,6.994013786,12.3435421,10.79030418,552.0970459,114.1069641
934,875,17.14681816,28.31806374,50.25479126,0.02449503,7.03085947,12.40580177,10.89672565,550.8353882,115.3684235
935,876,16.46673393,28.32939529,50.35271835,0.030072087,6.954912186,12.24761868,10.8908596,550.4972534,115.9593201
936,877,19.99444962,28.34207916,49.73682022,0.039754882,6.853736877,12.08943653,10.54380131,556.4463501,110.8212509
937,878,24.17242622,28.34956741,50.55134201,0.047910608,6.774782181,11.98971653,10.57944775,554.9779053,110.9687576
939,879,24.2181282,28.34274673,50.44491196,0.047457717,6.793106079,11.94201374,10.66076374,555.0012207,109.9448929
940,880,21.77141953,28.35690498,50.22494507,0.042906802,6.796336174,11.99306011,10.68350315,554.8122559,111.711525
941,881,20.51374626,28.37831497,50.05610275,0.034658305,6.794865608,12.06051731,10.69120502,554.4800415,111.9387894
942,882,18.66980171,28.4002285,50.00929642,0.026409809,6.780360699,12.07931519,10.72636414,554.0726318,112.9120941
943,883,18.34998894,28.42706108,50.51233673,0.030460168,6.70571804,11.85459232,10.87496853,551.0480957,115.0978241
944,884,21.65018272,28.45389175,50.16916656,0.03551897,6.631074905,11.62986946,10.58919811,555.8911133,111.0807037
945,885,23.30045891,28.45758247,50.4611969,0.040106364,6.639045238,11.61921978,10.58309269,555.4294434,110.906868
946,886,23.99432182,28.43602562,50.43550873,0.043641988,6.711613178,11.77632236,10.62278557,555.0212402,110.4715347
947,887,23.39065361,28.41446877,50.30647659,0.047177609,6.784181118,11.93342495,10.59555054,555.9458618,110.8779221
948,888,20.92001724,28.42486572,50.29736328,0.042346541,6.81896162,12.09808064,10.72828579,554.0265503,113.062294
949,889,17.95196342,28.4401989,50.36039352,0.033885151,6.850922585,12.26329803,10.89813232,551.1456299,115.6309128
950,890,16.19910812,28.45599747,49.8757515,0.026718128,6.837450981,12.3521986,10.8017416,552.1623535,114.9674606
951,891,15.97489357,28.47315598,50.56219101,0.033296086,6.836362839,12.27582645,10.99121284,549.3546753,117.0373764
952,892,20.58270073,28.49031639,49.91155243,0.039874043,6.849609852,12.19945335,10.64906788,556.31427,111.6343536
953,893,22.67631531,28.4832325,50.57020187,0.045301639,6.837206364,12.12379646,10.78182316,553.1252441,112.8251266
955,894,24.45301628,28.44317055,50.4513092,0.053610772,6.743062019,12.04891014,10.61218834,553.1851807,109.8167038
956,895,22.04985619,28.45214081,49.87152863,0.046515763,6.906024933,12.15910816,10.64061546,555.9414063,110.7745819
957,896,19.31005669,28.46111298,50.58847809,0.037640978,7.068987846,12.26930618,10.88432884,551.3150024,114.5339966
958,897,18.86666298,28.47049522,50.1513176,0.032403238,6.707380295,12.2655859,10.7387619,553.5487061,113.709465
959,898,16.9889431,28.48044395,49.94051743,0.037959773,6.789800644,12.23083115,10.86758327,552.5400391,114.4962234
960,899,21.64524841,28.49039268,49.82034683,0.043516308,6.872220993,11.69877625,10.53285122,556.6644287,110.3351364
962,900,25.00092506,28.44847679,49.73704529,0.056227375,6.772258759,11.90027618,10.39549637,558.5498657,107.7317734
963,901,24.84675789,28.43478203,49.93423843,0.062164973,6.844513416,11.70466232,10.49021149,557.7653809,109.019577
964,902,22.40891647,28.46368027,50.50486374,0.048501726,6.927085876,11.92281151,10.72927284,554.2659912,112.3865128
965,903,20.28147316,28.49258041,50.2862854,0.034838475,7.010900021,12.18764782,10.76250267,552.984436,113.7384186
966,904,19.20960236,28.51320267,49.97627258,0.028274991,7.054871559,12.35278416,10.71780968,554.9552002,112.0360641
967,905,19.19049263,28.52799225,50.74686813,0.031599306,6.967722416,12.19030285,10.91364002,550.538208,115.9122238
969,906,24.05097389,28.51343727,50.56395721,0.039935373,6.855717659,12.00563431,10.70499611,554.7105713,111.5407715
970,907,23.54698563,28.4829731,50.56987381,0.045352399,6.87168932,12.07555389,10.72809124,554.1173096,111.7982178
971,908,23.38301086,28.46871567,50.34107971,0.047905628,6.887661457,12.14547348,10.68732738,555.0211792,110.7721176
972,909,21.66939354,28.48279572,50.23406982,0.038623594,6.956641197,12.09776306,10.71010399,554.5928955,111.7065811
973,910,19.50339508,28.49687576,50.1394577,0.029341564,7.026013851,12.04914379,10.80940723,554.0424194,113.1952057
974,911,19.07421684,28.49969482,50.45307922,0.028369788,6.78664732,11.96945477,10.85375118,551.9807739,114.3245468
975,912,18.19309044,28.49881172,50.54301071,0.033336446,6.807346821,11.83632851,10.93512249,551.5386353,115.4428253
976,913,22.23488617,28.49523163,50.29401398,0.038303103,6.82889986,11.88651943,10.64914608,555.0465088,111.658905
977,914,23.31898499,28.47522736,50.07259369,0.043557957,6.842165947,11.96357536,10.52396393,556.9215698,110.2078094
978,915,23.66379929,28.45522118,50.38031387,0.048821125,6.60396719,11.51216412,10.63392448,555.3191528,111.1723709
979,916,23.54344177,28.44697952,50.240345,0.04872391,6.600765705,11.47507572,10.63065529,555.5806885,110.6962357
980,917,21.74389839,28.4491806,50.67766571,0.03911864,6.708433628,11.76445961,10.76199532,552.9663696,113.0495377
981,918,20.17547989,28.45138359,50.11507416,0.029513368,6.821903229,12.05384445,10.77882481,554.144043,112.4601746
982,919,18.17552757,28.45075226,50.45182037,0.030101847,6.939248085,12.20120811,10.8576107,552.1459961,114.3106918
983,920,18.36559105,28.44987106,50.53931808,0.034103781,7.056593418,12.15761948,10.92112541,551.3341064,115.0557632
984,921,22.48248482,28.44217491,50.19120789,0.038562205,6.981463909,12.11402988,10.61744595,555.6999512,109.8791199
985,922,24.00121689,28.4190979,49.75964737,0.045877587,6.899863243,12.11559486,10.42782021,558.6414185,108.6047897
986,923,24.43555069,28.3960228,50.30284882,0.053192969,6.855003834,12.12740803,10.54474545,556.0848999,109.8036804
987,924,23.64284134,28.38948441,49.96305466,0.052419156,6.880212784,12.14669895,10.50973606,557.3538208,108.9352493
988,925,21.71325684,28.39018631,50.32178116,0.044360772,6.905421257,12.20071507,10.71038151,554.2271729,111.9439697
989,926,19.78237343,28.3904705,50.22655106,0.036302388,6.951087475,12.25473022,10.70815086,553.9943848,112.9146271
990,927,18.07686615,28.38621902,50.38411713,0.036896996,7.005933285,12.2252512,10.78565788,552.1998291,114.2801437
991,928,17.84139824,28.38196754,50.36725616,0.038297594,7.048508167,12.11948872,10.85613441,551.1656494,115.1255112
992,929,22.72089386,28.36778641,49.94738007,0.041303135,6.94799757,12.01372528,10.51099014,557.229126,109.1959229
993,930,23.73484802,28.34253693,50.58196259,0.047994889,6.84748745,11.9863863,10.63940144,554.4776001,110.8546295
994,931,24.14476776,28.31728745,49.86704636,0.054686647,6.662799358,11.96669102,10.43864155,557.8100586,108.4543991
995,932,23.97799683,28.32122231,50.28705215,0.04961564,6.410998821,11.98135948,10.54078865,555.5630493,109.9714279
996,933,22.5193615,28.32984924,50.37854767,0.039307918,6.583755016,12.078269,10.56755924,554.6432495,111.2036819
997,934,18.97228813,28.33969498,50.43863297,0.030039459,6.756511211,12.17517757,10.83909702,551.7589111,113.3018875
998,935,18.27902412,28.35319138,50.5761795,0.03261622,6.840981483,12.17975998,10.87922192,550.6784058,114.9258347
999,936,17.83035469,28.36668968,50.03743362,0.035192985,6.811550617,12.13118267,10.72225761,553.5234375,113.8854599
1000,937,22.9411068,28.36168289,50.04868317,0.042127777,6.782119751,12.08341026,10.54790783,556.4769287,109.8280716
1001,938,24.46912766,28.34620667,50.35042953,0.053990215,6.786006927,12.06950283,10.59039307,555.6498413,109.7456131
1002,939,25.71752739,28.33145523,49.97974777,0.06585265,6.796952724,12.05559635,10.35911846,558.8790283,108.1422806
1003,940,24.82981873,28.34261894,50.36584091,0.056242011,6.812430382,12.07129288,10.49176216,556.6515503,109.5599976
1004,941,22.1021347,28.35378265,50.08027267,0.043076165,6.851899147,12.12930298,10.53196526,555.578064,110.4284592
1005,942,20.66106796,28.36114693,50.31344604,0.033083487,6.891368389,12.18731308,10.75428391,553.5776978,112.2026978
1006,943,19.16727066,28.36316872,49.8705368,0.0327821,6.887693405,12.08864689,10.63184547,554.5896606,111.9588699
1007,944,18.56360054,28.36519051,50.25447464,0.032480713,6.845993996,11.94224548,10.71279049,552.9112549,113.6409912
1008,945,23.60796928,28.35575294,49.97901535,0.04190075,6.804294586,11.82064152,10.47082901,557.2922363,108.9804382
1009,946,24.85565567,28.34352875,50.34186935,0.056899652,6.801243305,11.83407307,10.47547817,556.7301025,109.4671021
1010,947,25.8278656,28.33607483,50.05664063,0.071265399,6.803115368,11.84750557,10.41348934,558.8646851,107.3285675
1011,948,24.80237007,28.34858704,50.21725464,0.059931435,6.813786507,11.89833355,10.48257542,556.7946777,108.7667694
1012,949,23.70378494,28.36109734,50.3913269,0.048597462,6.85470295,11.98625565,10.59228039,555.5410156,110.0257721
1013,950,21.42033768,28.37705231,50.4024086,0.040464126,6.895619869,12.07417679,10.644907,554.2701416,112.3591766
1014,951,20.82343292,28.39548683,50.50339508,0.03688366,6.881520271,12.05746651,10.74274445,552.809021,112.9427948
1015,952,19.47815132,28.41392136,50.3799057,0.033303197,6.742438316,12.02616787,10.82201958,552.6685791,113.6941681
1016,953,24.29359245,28.40574646,50.11922455,0.042627413,6.580682755,11.95581913,10.46331882,557.1272583,109.0025253
1017,954,27.4786377,28.39149284,50.64719391,0.063683681,6.389455795,11.6646843,10.56699944,555.5067749,109.7189713
1018,955,26.71072197,28.39291763,49.76576233,0.055216435,6.815158367,11.85294724,10.27966118,560.3604126,106.1603088
1019,956,24.70285797,28.39434242,50.58045197,0.046749186,6.878279686,12.04121017,10.63681221,554.8911133,110.8147964
1020,957,20.44210243,28.40435791,50.23441696,0.040100999,6.941400528,12.14919758,10.73724556,553.6843872,111.9763947
1021,958,20.90055656,28.41727448,50.52884293,0.034776568,6.961045265,12.21644211,10.72529316,553.3259277,113.1552048
1022,959,19.71714783,28.42601395,50.60296249,0.02945214,6.924006462,12.27223206,10.86252594,551.5579834,114.4326401
1023,960,23.7583847,28.40823555,49.89950943,0.043640587,6.886967182,12.11845779,10.39598846,558.3997803,108.9180222
1024,961,25.51688194,28.39045525,50.67239761,0.058487061,6.843683243,11.96468353,10.58738136,555.1479492,110.4227982
1025,962,26.60073662,28.37809181,50.21110153,0.064782679,6.798542976,11.77459526,10.4328928,557.7507935,107.8466644
1027,963,23.74190712,28.36317825,49.87417603,0.04643736,6.822684765,11.54122353,10.41763783,558.2560425,108.3957062
1028,964,21.49985886,28.36958313,50.45959473,0.040697236,6.855407715,11.78954411,10.71493721,553.2782593,111.9007111
1029,965,20.35707855,28.37730217,49.90713501,0.036134899,6.887353897,12.03786469,10.6316185,555.4614868,111.2954254
1030,966,20.35995102,28.3819046,50.66227341,0.033709306,6.893667698,12.06447697,10.76424408,552.4854736,113.43396
1031,967,22.82562828,28.37929535,49.90626907,0.045188446,6.852796078,12.05273056,10.42992973,558.0653687,109.1177063
1032,968,25.03021812,28.376688,50.56029892,0.056667585,6.811924458,12.03363419,10.55052948,555.0595093,110.4680328
1033,969,25.45245934,28.37283897,49.84330368,0.058683794,6.809037685,11.99060822,10.42094803,558.578064,107.3520355
1034,970,25.53565407,28.368433,50.41669083,0.052019302,6.819847584,11.9475832,10.50571823,556.2341309,108.9811478
1035,971,23.00331688,28.36378288,50.42943954,0.045354806,6.833147526,11.69486809,10.62344551,554.6837769,111.0979919
1036,972,20.78125191,28.35627937,50.37622452,0.039946374,6.863664627,11.67932701,10.69685364,553.6307983,112.0914764
1037,973,18.55367279,28.34877586,50.25032425,0.0346619,6.890550613,11.89175701,10.79670811,552.0696411,113.89048
1038,974,20.27650642,28.34468269,50.11000443,0.034488678,6.9173069,12.09841728,10.60277271,554.2112427,111.6566467
1039,975,23.81634903,28.34447479,50.07374573,0.046322785,6.650925159,11.72352982,10.44334126,557.7028809,108.8144608
1040,976,25.32683182,28.3442688,50.50286102,0.058156893,6.384543419,11.34864235,10.48678875,551.4765625,107.2580872
1042,977,24.76405907,28.32190323,50.50938797,0.052636463,6.546440601,11.33200741,10.52274132,555.9274902,109.849762
1043,978,23.08296394,28.31483841,50.51968765,0.047109652,6.49082613,11.56667423,10.65498829,554.4782715,110.8864899
1044,979,21.03486824,28.32310677,50.65789795,0.040844243,6.560161591,11.95102596,10.71633625,552.6029663,113.2842865
1045,980,19.97224617,28.33137512,49.93035507,0.034578834,6.62605238,12.33537865,10.58839989,555.1931763,110.9780731
1046,981,19.88842583,28.33382797,50.33046341,0.035843734,6.681038857,12.19151974,10.74574852,553.4629517,113.6506805
1047,982,23.49730492,28.33291245,49.80068207,0.045799594,6.736025333,11.94957542,10.39883709,558.9065552,108.2766495
1048,983,25.26465607,28.33170509,50.69886398,0.055755455,6.564368725,11.42088699,10.53643131,555.2029419,110.314827
1049,984,25.76427269,28.30862999,50.25195694,0.055797402,6.643511772,11.70588112,10.44991493,557.0621338,108.4355545
1050,985,25.06278419,28.28555298,50.60634995,0.054040857,6.446470737,11.33376408,10.56968021,554.71698,109.98172
1051,986,23.54921913,28.27434731,50.5973587,0.05068576,6.872368336,11.56734657,10.66168594,553.9230347,111.6328812
1052,987,21.37651634,28.28082085,50.34870529,0.042126279,6.948647976,11.89125061,10.61033249,554.041748,111.991478
1053,988,19.47935677,28.2872963,50.31055832,0.033566799,6.977900982,12.16901016,10.66192818,553.111145,112.9465561
1054,989,18.64492416,28.2943573,50.58246231,0.035579167,6.979430676,12.15846443,10.79480457,551.670166,114.2791138
1055,990,22.03556824,28.3015728,50.20328522,0.043972578,6.863178253,12.14791775,10.54976177,555.1090088,110.8353882
1056,991,24.79268456,28.30485153,50.10841751,0.052365992,6.746925354,12.07649899,10.50011349,556.649353,108.809082
1057,992,25.15782356,28.29003716,50.41102219,0.049197108,6.714066505,11.95035648,10.4354763,555.2747192,108.6266785
1059,993,22.3792057,28.27855873,50.39868164,0.040808354,6.798541069,11.95827675,10.66886425,554.1692505,111.4313965
1060,994,19.46757126,28.29825401,50.37598801,0.03352727,6.879755497,12.11655617,10.84050465,552.3920288,113.3769913
1062,995,19.9927063,28.33766174,50.41948318,0.02914515,7.00792551,12.12454414,10.77087688,552.7367554,113.2451935
1063,996,23.22123146,28.35737801,49.78186417,0.035544511,6.91310358,12.04555798,10.39312267,558.711853,108.1196976
1064,997,24.08143044,28.36506271,50.6265831,0.041283205,6.818281174,12.03016472,10.6499815,554.7556152,110.6292038
1065,998,24.31903267,28.34416199,50.19029617,0.042572137,6.810467243,12.04392147,10.4362421,557.2007446,108.8621216
1066,999,23.6716423,28.32325935,50.36663055,0.043861073,6.851938725,12.06049824,10.56459141,555.5384521,109.6034851
1067,1000,21.9744854,28.32928085,50.31670761,0.041027926,6.8939147,12.11410236,10.68735695,554.6873779,111.145546
1068,1001,20.28077316,28.34789276,50.1253891,0.034303147,6.960825443,12.16770649,10.67332077,554.8981934,112.0630798
1069,1002,18.20764923,28.36615181,50.60213852,0.027578371,7.027736187,12.18346882,10.83068657,551.4989624,114.9518356
1070,1003,17.13618088,28.37946892,49.83821487,0.03300593,7.033300877,12.15409756,10.73387051,553.9073486,112.7851028
1071,1004,21.9764595,28.39278603,50.09485626,0.039788213,6.947105408,12.1247263,10.52687836,552.5834961,108.814621
1072,1005,22.43565941,28.39183044,50.3014679,0.044986516,6.860910416,12.14603519,10.65309811,555.2210083,110.8356705
1073,1006,24.42400742,28.37355232,50.45061111,0.046207208,6.678793907,12.17867279,10.58205509,554.4157104,110.164978
1074,1007,23.62292671,28.3552742,50.54691315,0.047427904,6.612320423,12.20691967,10.59170151,555.055542,110.4523621
1075,1008,22.24965477,28.34914398,50.56158829,0.043629106,6.75629425,12.21526718,10.67963409,554.4901733,111.9800415
1076,1009,19.1661644,28.3453846,50.22574234,0.037357997,6.900267601,12.22361469,10.70407581,553.7732544,112.6011353
1077,1010,19.91044998,28.34678841,50.00629044,0.031876013,6.523140907,11.53661251,10.6367445,554.9851074,111.9471741
1078,1011,18.13703728,28.36628532,50.42728424,0.039937239,6.888278008,11.7100153,10.8494854,551.0690308,114.9637833
1079,1012,23.16250038,28.38578415,49.91365051,0.047998469,6.795190334,11.88341808,10.48897648,557.5661621,109.2527542
1080,1013,24.90342903,28.38041306,50.38470078,0.053375278,6.72389698,11.98584175,10.5493784,556.3828125,109.8606262
1081,1014,25.38132668,28.35895157,50.24612427,0.055338461,6.726070404,11.99210072,10.49733829,557.56073,108.5923691
1082,1015,25.54259109,28.33749008,50.52854919,0.057301644,6.728244305,11.99835968,10.5280695,555.6812744,109.7911911
1083,1016,23.26431274,28.37047768,50.31467819,0.048915125,6.680623531,11.57518005,10.62707901,555.2747803,110.9761353
1084,1017,20.73291397,28.40390015,50.38902664,0.038336616,6.750388145,11.4388628,10.76673222,553.328186,113.0313187
1085,1018,19.02619171,28.43082428,50.50304413,0.031114282,6.634195805,11.59007835,10.79239559,552.0375977,114.0023117
1086,1019,18.46826744,28.4470253,50.31379318,0.036492743,6.649484158,11.69207859,10.8178978,552.2377319,113.8921432
1087,1020,22.89845657,28.46322632,49.70956421,0.041871205,6.662340641,11.79407883,10.39642811,559.2027588,108.5201187
1088,1021,24.46744156,28.44587326,49.73822403,0.046680175,6.673557758,11.84219456,10.4131918,559.0,107.9880447
1089,1022,24.58976746,28.41806221,50.15063858,0.051102206,6.684775352,11.88974762,10.50024891,556.958313,109.5816879
1091,1023,22.78263474,28.4022007,49.96944809,0.045888264,6.677068233,11.50575447,10.55368423,557.1293945,109.5183945
1092,1024,22.43162537,28.40903854,49.93157959,0.035975121,6.756266117,11.73617744,10.51233387,557.1610107,109.8387299
1095,1025,23.18531609,28.39612007,49.91758728,0.05027217,6.638240337,11.98490143,10.3936348,557.6258545,108.5478745
1096,1026,24.74661827,28.35148621,49.91513824,0.054383673,6.706998825,11.92086697,10.3707695,558.2741699,107.9018707
1097,1027,24.95905495,28.30342865,50.20275879,0.0569732,6.775756836,11.85683155,10.43646622,557.3230591,108.1732941
1098,1028,24.69639206,28.26900291,50.53035736,0.058009814,6.82221365,11.91161728,10.523139,556.0177002,109.6377029
1099,1029,22.45957756,28.26595879,50.37882233,0.049178462,6.857377052,12.04516506,10.61273766,554.5627441,110.1961746
1100,1030,21.64545631,28.26291275,50.02819061,0.040347107,6.89115572,12.1787138,10.53055096,555.9380493,110.1793594
1101,1031,20.39785004,28.26033974,50.06769562,0.037534494,6.895767212,12.09813023,10.61179352,555.1434937,111.017952
1102,1032,20.01343155,28.25797844,50.00818253,0.040255811,6.900379181,12.01173496,10.59418869,554.6652222,111.4715195
1104,1033,25.03508186,28.23230171,50.5521698,0.04949259,6.691957951,12.07894802,10.58050346,555.2429199,109.3456955
1105,1034,24.85972595,28.21041298,50.04171753,0.056401521,6.634016037,12.08763313,10.36138535,557.4519043,108.2024918
1106,1035,24.83006287,28.21249199,50.3215332,0.057997651,6.590326309,12.10887146,10.49911118,555.9110107,109.2636108
1107,1036,23.69774628,28.24293137,50.42842484,0.046655588,6.55283308,12.16758442,10.54615116,554.7278442,110.266716
1108,1037,21.2639904,28.27337265,50.6413269,0.035313524,6.52212286,12.22629642,10.70194817,552.6838989,112.5270538
1109,1038,19.81957245,28.2943058,50.22876358,0.034137629,6.579946041,12.18419361,10.58324432,553.7442627,112.3155594
1110,1039,18.70633888,28.31347466,50.32202911,0.037828881,6.637769699,12.08001614,10.75662804,552.6225586,113.4734268
1111,1040,23.19131851,28.32584953,50.07644272,0.041657358,6.579235077,11.97583961,10.44748497,557.5713501,108.7046661
1112,1041,24.76728821,28.31527901,50.57236481,0.047585439,6.535207272,12.01520824,10.60410309,555.0690918,110.0192032
1113,1042,25.17694283,28.30470848,50.22113419,0.053513519,6.667736053,12.0616045,10.44845867,557.7380981,108.7494812
1114,1043,24.63554955,28.31842613,50.63465881,0.052903753,6.800264835,12.07637501,10.55601215,555.5831909,109.6305008
1115,1044,23.96367073,28.34744644,50.33205414,0.044187676,6.846405983,12.02160454,10.56405735,555.7330322,109.8185196
1116,1045,21.95533943,28.37646675,49.81486511,0.0354716,6.876300812,11.96683311,10.51135349,556.9277344,109.7623978
1117,1046,20.62334251,28.38048744,50.3536377,0.035304509,6.881120682,11.93256283,10.63429642,554.8718872,111.5169373
1119,1047,23.62131119,28.37991714,50.20608139,0.039763253,6.680573463,11.88691711,10.46304512,557.2098999,109.5791931
1120,1048,24.57063293,28.36164284,50.46666336,0.047455736,6.591195583,11.92345524,10.52301502,555.8656006,109.967926
1121,1049,25.26156044,28.34336853,50.21321869,0.055148218,6.510972977,11.95999336,10.47847462,557.1303711,108.500885
1122,1050,24.6540432,28.34148216,50.48559189,0.05312125,6.5787673,12.02920628,10.51187325,555.6848145,109.8124313
1123,1051,22.98765373,28.34453583,49.83903122,0.044658188,6.762512207,12.14026833,10.45211792,557.8269043,108.7950363
1124,1052,21.19321632,28.34538078,50.42856216,0.036195129,6.946256638,12.25132942,10.65524197,554.3739014,111.9898453
1125,1053,19.83480835,28.33404732,49.79304886,0.034780197,6.902739525,12.20346546,10.54618931,556.1478271,110.3859253
1126,1054,19.05753326,28.32271194,50.62316895,0.033460457,6.84168911,12.11697769,10.82067394,551.7803345,114.1802673
1127,1055,22.41448784,28.29380226,49.6619873,0.036848746,6.676860809,11.85065365,10.41760731,558.321106,108.3644562
1128,1056,25.44034195,28.2029953,50.57997894,0.053553127,6.552433491,11.53386116,10.42240047,553.7310181,108.2052078
1130,1057,20.16646194,28.20468521,50.39019012,0.032382265,6.812076092,12.14112854,10.66468239,553.6070557,112.1576614
1131,1058,19.12963486,28.2072525,49.9722023,0.034536406,6.823140621,12.31734943,10.58084774,554.2485962,111.7626877
1132,1059,19.21369362,28.2098217,50.30131531,0.036690552,6.790648937,12.22300053,10.71176434,553.0421143,112.5069733
1133,1060,25.84994698,28.1956501,50.09877396,0.044263076,6.709717751,11.99122143,10.07781792,552.680603,102.5364151
1135,1061,25.58143806,28.15582466,50.06789017,0.069136545,6.348968983,11.84297752,10.37560272,557.4396362,108.748848
1136,1062,25.45867538,28.17567253,49.96297073,0.060411341,6.567564487,11.91197109,10.35311127,558.2351685,107.1690063
1137,1063,22.8678894,28.1955204,50.31696701,0.049643166,6.693539619,11.98628426,10.59501839,554.3937378,110.638588
1138,1064,21.87375641,28.20796394,50.44384384,0.041848157,6.800783634,12.06861305,10.57698536,554.0374756,111.0579147
1139,1065,18.65523911,28.21186256,50.06290436,0.041087106,6.86092186,12.1509428,10.66770363,553.1836548,112.55867
1140,1066,21.8400631,28.21576309,50.09516144,0.040326059,6.751731396,12.16814327,10.57455444,555.9181519,109.9562759
1141,1067,24.5240097,28.21193504,50.06845474,0.044182271,6.642541409,12.16740417,10.31822205,558.0947266,107.8271255
1142,1068,23.79632187,28.20673752,50.56767654,0.050190218,6.64127636,12.16566944,10.61851406,554.7133179,110.7613678
1143,1069,24.36349678,28.20926857,49.69073486,0.055388357,6.717952251,12.1587429,10.29398155,558.8658447,106.5578384
1144,1070,23.97244072,28.23703957,50.29872131,0.049325474,6.794628143,12.15181541,10.53058147,555.852417,109.4182281
1145,1071,22.53156471,28.26481056,50.10045242,0.04326259,6.845211506,12.11733627,10.54520035,555.777832,109.6575851
1146,1072,19.8646946,28.28486633,50.06390762,0.039296407,6.894757748,12.05641079,10.64997005,554.1878662,111.4719315
1147,1073,20.51304436,28.30018425,49.91326904,0.037870768,6.902018547,11.99548531,10.56903267,555.6591187,110.5802765
1148,1074,22.30382347,28.31540489,50.38834763,0.036445133,6.827464581,12.00203228,10.62102795,554.8626099,111.2369843
1149,1075,23.83176613,28.30971909,50.26251602,0.043308035,6.752910614,12.01646614,10.4338007,556.7537231,108.867218
1150,1076,23.42670441,28.30403328,50.03852081,0.051783737,6.759940624,12.03236294,10.3856926,557.2841187,109.0617981
1151,1077,24.09023285,28.30721092,50.32819748,0.056786779,6.802265644,12.05200958,10.55381489,555.8181152,109.5890503
1152,1078,23.35152817,28.3242588,49.87569046,0.049638085,6.844175816,12.07165623,10.44185638,557.7247314,108.5678711
1153,1079,22.01029587,28.34130669,50.60458755,0.042489391,6.874544144,12.04213047,10.70484161,553.1658936,112.2971115
1154,1080,22.5503273,28.35016632,50.38968277,0.038232878,6.904912472,11.98791885,10.61059666,555.0961914,110.7359314
1155,1081,21.56511307,28.35664558,49.76947403,0.035846774,6.918796539,11.93384361,10.49103546,557.0240479,108.9956436
1156,1082,21.46796227,28.36022568,50.32632065,0.033460669,6.907323837,11.91478443,10.59259319,554.7982788,111.580162
1157,1083,23.72159195,28.34857368,50.08332443,0.043447729,6.895850658,11.89572525,10.41366196,557.9619141,108.6082306
1158,1084,24.03055,28.33691978,50.10946655,0.053529322,6.865338326,11.90295124,10.43352509,557.602417,109.7164993
1159,1085,24.79957008,28.33144188,50.48749924,0.0570601,6.82891798,11.95145702,10.54831219,555.5773315,110.042099
1160,1086,24.20356369,28.33111763,50.45965576,0.049795609,6.810021877,11.99996281,10.51954269,555.3113403,110.113327
1161,1087,22.22727585,28.33079338,50.5736618,0.042531122,6.894368649,12.13717747,10.61545563,554.4073486,111.4459839
1162,1088,21.19695282,28.3237133,50.41363144,0.037403904,6.97871542,12.30690575,10.72670364,553.7120972,111.9338455
1163,1089,20.03207016,28.32583618,50.43331909,0.035737365,6.949948311,12.21597767,10.69132614,553.0473633,113.1790314
1164,1090,18.53199577,28.34334373,50.34673691,0.036014352,6.95372057,11.89761353,10.79628944,552.2161865,114.4844208
1165,1091,23.68953514,28.35963631,50.01307297,0.050024174,6.927483559,12.12647629,10.441926,557.6669922,108.580368
1166,1092,24.22807503,28.36196136,50.58655167,0.062221322,6.879150867,12.08819866,10.57928276,554.9972534,110.1362076
1167,1093,24.68030357,28.34033775,50.53891373,0.059983891,6.692711353,12.05034447,10.51241398,555.6049194,109.9035416
1168,1094,24.07237625,28.31871605,50.5532074,0.057746459,6.569626331,12.06325054,10.56376553,555.1160889,110.6099472
1169,1095,23.11903572,28.32471085,50.1501236,0.052795943,6.608314514,12.07615566,10.51210308,556.4120483,110.1428757
1170,1096,21.99647331,28.33974648,50.00786591,0.04509538,6.585335255,12.16103458,10.55810642,556.126709,110.4493713
1171,1097,19.40120506,28.35458755,49.94506836,0.037394818,6.711092949,12.15613174,10.57263374,555.7088013,111.3550873
1173,1098,22.70129967,28.38183594,49.65784836,0.052412927,6.866278172,12.07859039,10.35474014,559.2164307,108.4812698
1174,1099,25.0290432,28.37143707,50.71652222,0.058808796,6.784702301,11.93293476,10.60216236,555.1863403,110.5844803
1175,1100,25.89499664,28.33498001,50.51026154,0.059293699,6.773729324,11.78727913,10.49056339,556.2950439,109.0882111
1176,1101,24.80701065,28.29852486,50.36323166,0.059778597,6.800575256,11.86035728,10.41952229,557.1842041,108.6170883
1177,1102,23.65271568,28.30195808,50.21124649,0.053075381,6.828912258,11.97671127,10.43630981,556.5723877,109.9771423
1178,1103,21.90433884,28.31163216,50.11371231,0.042370863,6.895908356,12.06892872,10.49380875,555.6818848,110.6285095
1179,1104,20.12094498,28.32187653,50.03121567,0.032216597,6.96290493,12.07573509,10.61568451,554.9362793,110.9040756
1180,1105,18.74137878,28.33384132,50.54983139,0.041584086,6.898836136,12.08254147,10.7770853,551.8042603,113.511673
1181,1106,23.30565262,28.34580803,50.49452972,0.050951578,6.64864397,11.68924618,10.5530014,555.2634277,110.3815308
1182,1107,25.79833031,28.32559586,50.36323929,0.057861034,6.781795502,11.33112335,10.44300175,557.2981567,107.9426422
1183,1108,26.47130966,28.28687286,50.57791138,0.061273053,6.770304203,11.6252737,10.38868618,556.7540894,108.5221024
1184,1109,25.64611626,28.24944687,50.15929031,0.064685069,6.811285019,11.88627911,10.38388348,558.0570679,107.1551361
1185,1110,23.71992683,28.27544594,50.34072495,0.056601468,6.846200466,12.07794762,10.5614109,555.9255981,109.3878326
1186,1111,21.49823189,28.30144501,50.55659103,0.045602538,6.861374855,12.09883785,10.6353817,553.6950684,112.552948
1187,1112,21.36224747,28.32151794,49.88142776,0.037572253,6.876549721,12.11972904,10.49501228,557.3634033,109.412529
1188,1113,20.86503601,28.33288765,49.79162216,0.042809304,6.744941711,11.88152981,10.48250866,556.9711304,110.1726151
1189,1114,23.11042786,28.34425545,50.10796356,0.048046358,6.523424625,11.51791286,10.51553154,556.5952148,109.5305939
1190,1115,24.72257996,28.3211174,50.58725357,0.053423084,6.613593578,11.70237923,10.57767582,554.9890747,109.7277756
1191,1116,25.78254318,28.28880501,50.59664536,0.058906108,6.704467773,11.88832855,10.44647312,555.8081665,109.325592
1192,1117,25.92690468,28.26474762,50.46333313,0.064389132,6.37082243,12.03847885,10.41054535,557.0900879,108.2793198
1193,1118,23.3867588,28.2795887,50.61188889,0.052774258,6.637481213,12.12777615,10.53513241,555.008728,110.5781174
1194,1119,20.70661926,28.29442787,50.33086014,0.040312812,6.760927677,12.21707439,10.60332394,554.0714111,111.7930679
1195,1120,19.75154495,28.30188751,50.20983124,0.033374216,6.884374619,12.18236065,10.60338306,554.354126,111.9964447
1196,1121,18.78291321,28.30355263,50.32273102,0.03725848,6.843990326,12.09592724,10.69770432,552.8842773,113.1473083
1197,1122,22.19765091,28.30521774,49.83146286,0.041142743,6.799176693,12.02136707,10.45509243,557.8706055,108.9157639
1198,1123,23.46925926,28.26435852,50.60358429,0.044611726,6.775932789,12.06572056,10.575387,554.5335693,110.5680542
1199,1124,24.14071465,28.22103882,50.00217438,0.04792152,6.796066284,12.11007309,10.40750885,557.9243774,107.8425446
1200,1125,23.89918518,28.19198608,50.31658554,0.050318476,6.81619978,12.06511307,10.42232418,556.777771,108.6996384
1201,1126,23.01761246,28.19184875,50.09990692,0.045161378,6.843893528,11.92179012,10.36305046,557.4816895,108.2977829
1202,1127,21.46169662,28.19171333,50.32326126,0.040004283,6.875177383,11.77846813,10.61658287,554.2374268,111.35923
1203,1128,20.80963135,28.19639015,50.22133255,0.038445536,6.901988983,11.80477142,10.54757118,555.3171997,110.5925369
1204,1129,20.72013855,28.20298004,50.60589218,0.04058731,6.815904617,11.8581686,10.62252045,553.1530151,111.9861374
1205,1130,23.75250053,28.20630264,49.49929428,0.042729087,6.729819775,11.91471577,10.2235651,560.6315918,105.693367
1206,1131,25.5517025,28.18041039,50.29642868,0.048887588,6.670444489,11.98084736,10.32074547,558.0438232,107.6300659
1207,1132,25.26938248,28.15451622,50.1234436,0.055603914,6.648047447,12.04697895,10.31898117,558.3510742,107.0935059
1208,1133,24.88136292,28.15563774,50.52679825,0.0577229,6.625649929,12.08915901,10.43042088,556.3024902,108.3296204
1209,1134,23.21347427,28.18537903,50.12714005,0.046969358,6.730287552,12.11425114,10.44523335,556.848938,108.8830338
1210,1135,20.0464859,28.21512032,50.5633049,0.036215819,6.869971275,12.13934422,10.73096943,552.3411865,112.7435455
1211,1136,18.82299232,28.24164391,50.36838531,0.033971906,6.979607105,12.14128304,10.68008423,553.4834595,112.7438202
1212,1137,18.4722023,28.26769066,50.46608734,0.036347087,6.888611317,12.14247417,10.7982626,551.6754761,114.0433884
1213,1138,21.42253876,28.28479958,50.06426239,0.038873222,6.797616005,12.1270895,10.54357529,555.9619751,110.6518478
1214,1139,22.60808754,28.27592278,50.64143753,0.045773502,6.76789999,12.08142281,10.61198997,554.2393188,111.623024
1215,1140,23.99764824,28.26704597,50.51791,0.052673783,6.796043873,12.03575611,10.48794842,555.7490234,108.7040176
1216,1141,23.3382473,28.28243637,50.5483551,0.053291641,6.824187279,12.06981373,10.51538277,555.5254517,110.1714783
1217,1142,23.36797142,28.31236649,50.62973404,0.044596832,6.840737343,12.13240051,10.60916138,554.3280029,111.0084534
1218,1143,21.20844269,28.34205055,50.15294647,0.035902023,6.855757236,12.1759634,10.57181072,556.1027222,110.3816986
1219,1144,20.1289959,28.35442162,49.87289047,0.039165713,6.863090038,12.0865612,10.4982605,556.8129272,110.1559448
1220,1145,19.48181343,28.36679077,49.95101547,0.045581877,6.844749451,11.997159,10.55984688,555.3689575,111.2797241
1221,1146,23.78343773,28.37172699,49.97634888,0.051680218,6.826408863,11.95870972,10.32430744,559.0120239,108.1082611
1222,1147,25.38996124,28.36563683,50.2997818,0.056331571,6.821504116,11.96847916,10.46329498,557.6981812,108.6424332
1223,1148,25.52209282,28.35954666,49.70198822,0.060982924,6.824863911,11.97824764,10.2828598,560.4667969,106.0146027
1224,1149,25.00768089,28.36829376,50.64983749,0.059486423,6.827895164,11.33664894,10.52888489,556.1166382,109.5060425
1225,1150,23.72436714,28.38095284,50.14451218,0.053325079,6.57750988,11.08812714,10.43336487,557.4627686,108.6017532
1226,1151,23.03439903,28.39430428,49.81779099,0.047163736,6.68066597,11.49436378,10.41289043,558.5228882,108.1867905
1227,1152,20.75739098,28.41080666,50.41276932,0.044146467,6.737863064,11.83070469,10.65755844,554.5974121,113.6893311
1228,1153,20.08791924,28.42730904,50.20793915,0.041270711,6.795060158,12.07760143,10.69076633,555.1553345,111.5279694
1230,1154,25.72677422,28.40579987,50.25832367,0.053898498,6.82293272,11.96544552,10.45626831,557.6307373,108.4326706
1231,1155,24.9098835,28.387537,50.241642,0.064681575,6.820553303,11.95727062,10.40968418,557.6954346,108.3167267
1234,1156,21.99804878,28.38681984,50.02603912,0.041066937,6.822116852,12.04886436,10.54103088,556.637207,110.1847
1235,1157,20.34593964,28.37341881,49.60757828,0.038723134,6.804361343,12.09819603,10.44207668,557.781311,109.4002609
1236,1158,19.18595505,28.36001968,50.33321381,0.03637933,6.770800591,12.09522152,10.71555996,553.5408325,112.6692657
1237,1159,23.38118744,28.33217049,50.15308762,0.041912589,6.739543438,11.996912,10.20914173,554.0210571,105.1888657
1238,1160,25.38750076,28.29907417,50.38625336,0.054969847,6.714938164,11.89860153,10.49882126,556.8251343,108.359436
1239,1161,26.08697891,28.26913452,50.35512161,0.068027101,6.690332413,11.88674831,10.36086941,557.8605957,107.8173599
1240,1162,25.83400536,28.26185226,50.29578018,0.059350859,6.714047432,11.90480804,10.41603661,557.3676758,107.5070114
1241,1163,23.87815475,28.25457001,50.34836197,0.048262026,6.771224976,11.93159962,10.48388863,556.0968628,109.5161209
1242,1164,21.79801369,28.24907303,50.50283051,0.039263956,6.828402519,12.01607132,10.65749073,554.4942017,110.9618073
1243,1165,19.60884857,28.24528313,49.77871323,0.035420377,6.720672131,12.10054398,10.45331097,556.7175903,110.3132324
1244,1166,18.87910652,28.24149513,49.69928741,0.031576801,6.609177589,12.09069157,10.55099964,556.1025391,110.791069
1245,1167,21.29507446,28.22315979,49.82033539,0.038922101,6.756459236,11.97238636,10.34812546,557.4623413,108.8317261
1246,1168,23.50289726,28.20319557,50.54930496,0.051605318,6.792592049,11.85408115,10.55835629,555.3116455,109.6931076
1247,1169,24.08276367,28.1902523,50.06590652,0.062846661,6.828724861,11.93143463,10.41586876,557.6958008,108.0525589
1248,1170,23.79577446,28.19465446,50.69609451,0.053562131,6.559064388,12.05452347,10.53114891,554.5024414,109.2127075
1249,1171,21.56560707,28.19905853,50.48767471,0.044277601,6.755987644,12.15488338,10.59706879,553.9539795,111.0431366
1250,1172,19.16327667,28.20630455,50.46831894,0.038269565,6.9529109,12.15901852,10.7399435,552.8170776,113.0467911
1251,1173,18.10770226,28.2149086,50.65838623,0.036196496,6.890608788,12.1631546,10.79232407,550.4311523,114.2224426
1252,1174,21.22200203,28.22213745,50.51356506,0.034123428,6.786428928,12.13198948,10.54499722,554.9241333,110.7642441
1253,1175,23.87697029,28.20965385,49.72761917,0.041474946,6.682340622,12.07522869,10.2687521,559.9979248,106.2890167
1254,1176,24.70234299,28.19716835,50.50150681,0.050581582,6.578528881,12.01846886,10.4727602,556.1132813,108.603569
1255,1177,24.93453789,28.1924572,49.94747543,0.056066755,6.47471714,11.99468899,10.18069935,559.3998413,106.3014526
1256,1178,24.20311165,28.19711113,50.63781357,0.049536061,6.431675911,11.97199154,10.5235548,555.0119629,109.5170517
1257,1179,24.03464127,28.20176315,50.75168991,0.043005366,6.431061745,11.65892315,10.53116798,554.7891846,109.8686905
1258,1180,23.30778503,28.207304,50.70914459,0.039049294,6.517361164,11.49974442,10.56536484,554.3204956,109.988266
1259,1181,22.42832375,28.2130127,50.43462753,0.036668908,6.657831192,11.77007389,10.52372837,555.3768921,109.8179703
1260,1182,22.50287819,28.21731758,50.01961899,0.034389317,6.79830122,12.04040337,10.39443779,557.6323242,108.8693085
1261,1183,24.49707985,28.21695137,50.13723373,0.043250564,6.779179573,12.00740051,10.34117413,557.9746704,107.4683075
1262,1184,24.83056641,28.21658707,50.1024971,0.052111812,6.752361298,11.95972443,10.32513237,558.3425293,106.6709518
1263,1185,25.3868351,28.2164669,50.33020401,0.055444442,6.745373726,11.93139076,10.35992241,557.9663086,107.5515823
1264,1186,24.67378616,28.21649933,50.61061096,0.050403424,6.777476788,11.94138908,10.42936134,556.1431885,108.6987305
1265,1187,23.38515472,28.21655464,49.9955101,0.045362409,6.809579849,11.95138741,10.33942795,557.9338989,107.6766052
1266,1188,21.42318535,28.21938515,50.404953,0.04028368,6.830248833,12.04004669,10.51233292,555.0860596,110.5247498
1267,1189,22.11046219,28.22221565,50.12470245,0.03519471,6.845903873,12.15868092,10.45578289,556.0801392,109.5644836
1268,1190,21.63747597,28.22725677,50.48330688,0.032892559,6.82362175,12.19919586,10.64326286,554.1477051,111.0766373
1269,1191,38.46181107,28.23566246,49.57811356,0.043715209,6.260682106,11.62495613,9.591452599,569.8428955,94.97103119
1270,1192,42.98217392,28.24406624,50.31175995,0.054537855,6.278895855,11.05071545,9.7420578,567.7581177,95.33177185
1271,1193,43.73210526,28.24908829,50.77403259,0.056466758,6.297110081,11.01945019,9.775515556,566.3533936,96.46226501
1272,1194,25.21681213,28.25318527,50.39017487,0.05151378,6.366775036,11.5280056,10.33514214,557.6668701,107.6315765
1274,1195,23.2623024,28.2683506,50.22604752,0.042452436,6.506158829,11.48859882,10.49740219,556.699646,109.1604233
1275,1196,22.15903854,28.27838898,50.00481796,0.038386378,6.498295307,11.51128578,10.45713425,556.9468994,109.1977234
1276,1197,21.81992722,28.28709984,50.22018814,0.037724014,6.728766441,11.493577,10.55597496,555.9580688,110.0822372
1277,1198,23.78588104,28.29478073,50.47402573,0.043641802,6.731053352,11.42552757,10.47091293,556.3493042,109.3318939
1278,1199,25.21467781,28.30245972,50.2050209,0.049559589,6.577475071,11.35747719,10.44569397,557.8468628,107.343605
1279,1200,24.93928719,28.28954506,50.20309067,0.049308985,6.813904762,11.32324123,10.39984512,557.677124,107.5480042
1280,1201,24.43402863,28.27557373,50.35252762,0.046770602,6.813519001,11.59263897,10.44657421,556.7526245,108.447876
1281,1202,22.84271049,28.26901817,50.42768478,0.044125218,6.81313324,11.86203575,10.58438206,555.0704956,109.7828064
1282,1203,23.0270195,28.2768631,50.42385101,0.040680997,6.613189697,11.64657879,10.58245277,555.3084717,109.550293
1284,1204,22.44127655,28.29403305,50.27096558,0.039816726,6.614280224,11.39323616,10.55330563,555.9332275,109.9535065
1285,1205,23.65693474,28.3039093,49.69013214,0.048265744,6.680470467,11.6382494,10.25156403,560.2845459,106.4669571
1286,1206,24.38960457,28.3119812,50.12564468,0.056714762,6.746660233,11.84981728,10.36339951,558.3968506,107.7381592
1287,1207,24.09177017,28.30647278,50.00589371,0.051531773,6.760082722,11.88367558,10.31331825,558.6530151,107.6094513
1288,1208,24.09002876,28.30096245,50.6251564,0.044751946,6.773096085,11.91753483,10.55375481,555.1672363,109.5464249
1289,1209,22.26041794,28.29960632,49.92034531,0.039807264,6.789846897,11.96169472,10.46867657,557.6173096,108.7636871
1290,1210,22.62874794,28.30231094,50.62470245,0.039497595,6.812762737,12.01438713,10.61149788,554.6604004,110.7324524
1291,1211,22.62392235,28.30501556,50.46076584,0.039187923,6.835678577,12.06707859,10.5212698,555.4573975,110.4282455
1292,1212,22.052248,28.32483864,50.13484573,0.042289022,6.836640835,12.07584667,10.5208683,555.8349609,109.9445343
1293,1213,23.64953232,28.34668732,49.88938522,0.047052618,6.828676701,12.08064461,10.31416607,559.3635864,107.3451843
1294,1214,24.54831505,28.35820961,50.7885437,0.051501591,6.807872772,12.06636238,10.62283134,554.4902344,110.366684
1295,1215,24.7185421,28.34353828,50.23189926,0.051097009,6.656239986,12.00873184,10.3856039,557.8324585,108.9994812
1296,1216,24.53390694,28.32886696,50.77769852,0.050692432,6.504607201,11.9511013,10.52313328,555.130249,108.8961792
1297,1217,22.99425125,28.34018898,50.67684555,0.048156369,6.624001026,11.98506451,10.57232666,550.626709,109.1025772
1298,1218,22.25995827,28.36423111,50.0407486,0.043009888,6.778067589,12.06722069,10.50262165,557.4075928,108.9594116
1299,1219,21.8194294,28.38782692,50.32448959,0.037863407,6.881087303,12.13898087,10.64443874,555.2084961,110.5870132
1300,1220,21.95020866,28.40441704,50.00580215,0.043194614,6.822024822,11.98462296,10.54991627,556.7600708,109.8677979
1301,1221,23.60180283,28.42100716,49.65453339,0.050549522,6.762962341,11.830266,10.31834221,560.0183716,106.8572159
1302,1222,24.85967445,28.41768265,50.24471283,0.055982366,6.759447098,11.76675224,10.41477203,558.1885376,108.184021
1303,1223,24.68569183,28.38989639,50.42380905,0.054860577,6.794724941,11.82248783,10.43264484,556.8468018,109.0648346
1304,1224,24.18886757,28.36211014,50.20180511,0.053738784,6.830002308,11.87822437,10.44018555,557.4451294,108.2824783
1305,1225,22.74229813,28.36504555,50.64316177,0.050345998,6.848775864,11.94628048,10.58859062,554.7799683,110.8433609
1306,1226,22.4672184,28.37395096,50.48200607,0.045533467,6.866354465,12.01784134,10.62539577,554.7158813,111.2393265
1307,1227,22.39129829,28.38173866,50.66424942,0.040764783,6.713695526,11.84570408,10.48967361,554.6747437,109.5333252
1308,1228,21.76381302,28.38569832,50.39871597,0.047447052,6.604239464,11.63171291,10.61344528,555.2124634,110.8989639
1309,1229,24.1009922,28.38965797,49.91599655,0.054129317,6.679854393,11.76965809,10.39024353,558.6380005,107.9012909
1310,1230,24.65887833,28.36286163,50.56609344,0.058643598,6.750147343,11.8915205,10.5264349,555.864624,109.7396088
1311,1231,24.57571602,28.31677818,49.93876648,0.059802011,6.614810944,11.92156982,10.33024406,559.3192139,107.0294724
1312,1232,23.96924782,28.27088737,50.9008255,0.060960427,6.479475021,11.9516201,10.56484222,552.734375,109.8357239
1313,1233,23.50590706,28.28969383,50.70766449,0.055797767,6.632534981,11.44710922,10.55041599,554.5388184,110.4209824
1314,1234,22.84474945,28.30850029,50.33831787,0.048862271,6.845081806,11.59815884,10.48560429,556.5018921,110.1351395
1315,1235,22.29734802,28.3197422,50.54188538,0.044078555,6.852278709,11.74920845,10.59506702,554.895752,110.8540497
1316,1236,21.70820236,28.31923485,50.66035843,0.049837869,6.825088978,11.85622406,10.65452385,553.8309326,111.8996735
1317,1237,24.09486389,28.31872559,50.13566971,0.055597186,6.772209644,11.94586658,10.37403107,557.9217529,107.3802414
1318,1238,25.156744,28.28809738,49.87659454,0.059482053,6.719330788,11.83975029,10.25148487,559.9749146,106.8210907
1319,1239,24.71358299,28.24897957,49.73088455,0.061882883,6.678009987,11.82898903,10.25320911,560.4144287,105.1492004
1320,1240,24.790802,28.22119522,50.23286819,0.064283714,6.526211739,11.59510899,10.44354916,557.3885498,107.7005157
1321,1241,24.09722519,28.24942207,50.14310837,0.055529773,6.37441349,11.36122894,10.45768738,557.5603027,108.2522354
1322,1242,22.67449379,28.27764702,50.45858383,0.046135895,6.817592621,11.9199791,10.55358791,555.3582764,109.9263992
1323,1243,22.08852386,28.29587555,49.71846008,0.042266086,6.866483212,12.05784607,10.30792141,558.7807007,107.6641159
1324,1244,21.42416382,28.30602837,50.68157959,0.049573638,6.883341789,12.11004829,10.66038036,553.9031372,112.2264557
1325,1245,24.61053658,28.31618309,50.02048874,0.056881189,6.829985619,11.974123,10.30088615,559.1339111,107.6898499
1326,1246,24.96095848,28.29749489,50.56337738,0.059569281,6.776629448,11.83819771,10.48341465,556.0023193,108.8877182
1327,1247,24.17276001,28.27691269,50.14685822,0.06042375,6.710991383,11.8289423,10.37713623,557.7459106,108.0163422
1328,1248,23.26949692,28.27592468,50.77564621,0.060247585,6.63913393,11.8744297,10.62268543,553.862854,111.1567917
1329,1249,22.15818024,28.315588,50.55805588,0.051101156,6.663256168,11.92307949,10.60486889,554.447937,110.7434311
1330,1250,20.02577972,28.35525131,50.39015579,0.041954722,6.784397602,12.03847122,10.7246294,553.1828003,112.3656387
1332,1251,20.51991081,28.40565109,50.55576706,0.043635111,6.66019249,12.17919254,10.69356251,553.3751221,113.3563004
1333,1252,23.42952919,28.42497253,49.78686905,0.047878921,6.675106525,12.08705711,10.33059978,559.6313477,107.6782608
1334,1253,23.8759594,28.41368675,50.01228714,0.051787566,6.732061386,11.99492073,10.41551304,558.2427979,107.9476166
1335,1254,24.33592606,28.40240097,50.53654861,0.055650346,6.655757427,11.53382206,10.53495121,556.2086182,109.9500046
1336,1255,23.93981934,28.40486145,50.41408157,0.055966049,6.597650528,11.49542427,10.5228405,556.6586914,109.3101349
1337,1256,23.00992393,28.42161751,49.77202606,0.046590731,6.538805008,11.85241604,10.37744999,558.5557861,107.4366302
1338,1257,21.91976738,28.43837357,50.45848083,0.037215412,6.563782692,12.20940781,10.58275318,553.7868042,111.2249985
1339,1258,20.10829926,28.44303894,50.20883942,0.036252469,6.71051836,12.10246372,10.6611433,554.3951416,111.9666901
1340,1259,19.88043976,28.44603729,50.57912827,0.039691672,6.857254505,11.97492886,10.73722744,552.6168213,113.3077698
1341,1260,22.8880024,28.44324684,50.14697647,0.043295309,6.838315964,11.81314468,10.41829777,557.7278442,109.0635223
1342,1261,24.79689217,28.42459869,50.36006165,0.050382085,6.804290295,11.58454323,10.46599483,557.0499878,108.7135925
1343,1262,24.55387688,28.40594864,50.1603241,0.057468858,6.668093204,11.38640213,10.49176979,557.7384644,108.2446823
1344,1263,23.54172134,28.41292763,50.63974762,0.056298338,6.620838642,11.38784981,10.61366081,554.9460449,110.6152496
1345,1264,21.97266388,28.43337059,50.50741577,0.044329207,6.57358408,11.38929653,10.71392727,554.3093872,111.6225739
1346,1265,32.37987518,28.45290947,49.91065216,0.032360077,6.49325037,11.47930527,10.07557106,563.6555786,101.5438461
1347,1266,29.98186874,28.45282555,50.68762589,0.030753246,6.539007664,11.66880894,10.40659809,558.1439209,106.8981628
1349,1267,33.82271194,28.43884087,50.13815308,0.033334453,6.374705315,11.66059589,10.09981728,563.0231934,101.8966446
1352,1268,39.97400284,28.38028336,50.87680817,0.045688104,6.067783833,10.71178246,10.05801773,562.9257813,99.89500427
1353,1269,37.36491394,28.39390182,50.32558823,0.038953483,6.42458868,10.84427452,9.959764481,564.2333374,100.1474991
1354,1270,33.00624466,28.40594482,50.11632538,0.032218859,6.493433475,11.24958706,10.15341187,562.449585,102.4951859
1355,1271,31.27151299,28.4120636,49.81868744,0.03286412,6.569665432,11.6548996,10.1337862,563.133728,102.2169571
1356,1272,30.25681114,28.41818428,50.35926819,0.033600118,6.597760201,11.58208084,10.29353714,559.3675537,105.7533798
1357,1273,29.05784416,28.41389847,49.97793198,0.036875959,6.478530407,11.38383961,10.1836195,561.4038086,105.368248
1358,1274,40.38145828,28.4026413,50.61331558,0.044358291,6.359300613,11.0328064,9.973143578,565.1056519,98.99839783
1359,1275,40.43530273,28.39138412,50.1099205,0.051840622,6.216067314,11.74267292,9.817036629,567.5024414,97.50330353
1360,1276,40.64306259,28.39357567,50.71638107,0.048422303,6.265181541,11.72564983,9.878312111,565.0109253,99.26706696
1361,1277,38.40559387,28.39593506,50.24074554,0.041658085,6.314295769,11.70862675,9.884186745,566.0553589,98.55164337
1362,1278,33.02326202,28.40418053,49.98575592,0.03617752,6.375155926,11.69571114,10.13378811,562.880188,101.8926773
1363,1279,36.83903503,28.42219162,49.97341156,0.037766133,6.453534126,11.68522072,9.939186096,566.2545166,99.47115326
1364,1280,33.15788651,28.44020081,50.53878784,0.039354745,6.531912804,11.65587616,10.23756599,560.3138428,104.0427475
1365,1281,38.6752243,28.42888069,50.55284119,0.043715857,6.071446896,10.8143034,10.07634068,563.6105347,100.0955124
1366,1282,40.98409653,28.408535,50.60212708,0.050419424,6.08053112,10.96310234,9.551864624,569.2042236,94.60806274
1367,1283,42.75072861,28.39360237,50.32804108,0.057122994,5.956106663,11.39356709,9.807312012,567.5098877,96.02322388
1368,1284,40.90908432,28.40860939,49.82483673,0.050349135,6.156758785,11.48792648,9.630377769,570.2427368,94.74684143
1369,1285,35.31383514,28.42361832,50.54948807,0.042571768,6.357410908,11.58228683,10.11835575,562.0715332,102.7471848
1370,1286,34.28029251,28.43313408,50.42171478,0.036005408,6.452656269,11.65157604,10.18775272,562.0830688,103.0074921
1371,1287,31.7154808,28.43800545,49.9458313,0.032021001,6.547551632,11.72463036,10.04049873,563.8259888,102.32267
1372,1288,32.48553467,28.44287491,50.27435303,0.028036591,6.642447472,11.79768372,10.2688961,561.326355,103.4988556
1373,1289,38.93671036,28.44233322,50.20113373,0.035169553,6.432160378,11.04103565,9.964258194,565.5119019,98.73694611
1374,1290,42.63584137,28.44138527,50.46345139,0.046892866,5.943392754,10.98673916,9.845448494,566.2825928,97.35820007
1375,1291,43.29948807,28.43628693,49.90081787,0.056561571,6.229193687,11.27258873,9.642049789,570.5730591,94.02378845
1376,1292,41.7148056,28.42231178,50.20355606,0.046988692,6.302590847,11.35754013,9.794983864,568.0775757,95.8237381
1377,1293,37.85779953,28.40833855,50.00937271,0.037415814,6.413627148,11.38965702,9.875602722,566.744873,97.66680145
1378,1294,37.28334045,28.39978218,50.31617737,0.032867569,6.435534477,11.30083847,10.02235126,564.5974121,99.95075989
1379,1295,32.10552979,28.39346695,49.95608521,0.033654645,6.22010088,11.21201992,10.11316776,562.7171631,104.3834381
1380,1296,34.28356171,28.38617325,50.51271057,0.034441721,6.283789158,11.00434303,10.15921879,561.340332,102.9049301
1381,1297,38.86954498,28.36960602,50.12889481,0.042721454,6.117741585,10.77662277,9.788169861,566.5621338,97.81546021
1382,1298,42.83110046,28.3530407,50.39185333,0.052085459,6.09258461,11.11612511,9.881390572,566.9907227,96.042099
1383,1299,44.00787354,28.34667206,50.23771286,0.056799095,5.989041805,11.07045364,9.725578308,568.5786743,95.2906189
1384,1300,41.11248398,28.35118484,50.21166229,0.048421621,5.920410156,10.85301495,9.788433075,567.1306152,95.67701721
1385,1301,36.94212341,28.35569954,50.37505722,0.040044151,6.040425777,10.87905979,10.01728058,564.1593018,100.5238647
1386,1302,32.10378647,28.35215187,49.97784042,0.034320883,6.219360352,11.02924728,10.16521072,562.8458862,102.099617
1387,1303,30.56505966,28.34742737,50.10774612,0.030022185,6.261931419,10.92457581,10.23083496,561.1641846,103.4337006
1388,1304,31.00130653,28.34248924,49.92448807,0.026260773,6.354012489,11.34866619,10.14976025,562.0344849,103.0529251
1389,1305,35.12245941,28.33695412,49.66387177,0.035627566,6.289773941,11.50724506,9.813865662,567.6995239,98.36877441
1390,1306,40.64928818,28.33141899,49.88073349,0.044994362,6.243531704,11.21599007,9.726172447,569.2544556,95.63793182
1392,1307,40.752388,28.33452797,50.25496292,0.041346073,6.038428783,10.87471771,9.810506821,566.9549561,97.14854431
1393,1308,34.68785858,28.33766174,50.52199936,0.035036668,6.280797482,11.40896416,10.1757412,561.5449829,103.1297302
1394,1309,32.44709778,28.34265518,50.26628113,0.030865677,6.500264645,11.86160183,10.16688347,561.5448608,103.6406631
1395,1310,31.73396301,28.34764862,50.07141495,0.027175924,6.543173313,11.83110332,10.18147087,562.3409424,102.8270416
1396,1311,28.28835297,28.35146904,50.04089737,0.026433414,6.586082458,11.80060387,10.27242184,559.8487549,105.9398575
1397,1312,33.28622437,28.35370827,50.16522598,0.037123248,6.522215366,11.62059307,10.11573124,562.6315918,102.9000015
1398,1313,40.91600418,28.35594749,50.66335297,0.04781308,6.352940083,11.30965328,9.969732285,564.7490845,99.16056824
1399,1314,42.63301468,28.3551445,50.25793457,0.049500044,6.183665276,10.99871445,9.716510773,568.0119019,95.96714783
1400,1315,42.09695435,28.35365105,50.34906387,0.045016181,6.202161789,11.20247078,9.781319618,567.4781494,96.56166077
1401,1316,37.76062775,28.35291672,50.51755142,0.040532321,6.256940842,11.44989204,10.0265646,562.9910278,100.8820953
1402,1317,35.52044678,28.3551445,50.5990181,0.034959458,6.333298683,11.6483469,10.17330742,561.4772949,102.4538956
1403,1318,30.76404762,28.35737228,50.61048126,0.02936656,6.495677471,11.737957,10.33935833,558.5849609,106.3866425
1404,1319,26.8984108,28.36193085,50.36638641,0.029529644,6.658056736,11.82756615,10.43957424,557.1245728,108.07444
1406,1320,40.92861176,28.37425995,50.70259094,0.049403079,6.300902843,11.47563934,9.994544029,564.1498413,98.73725891
1407,1321,42.38674164,28.3605957,50.62951279,0.049526013,6.29827261,11.2656641,9.870925903,565.6082764,97.7926712
1408,1322,40.79390717,28.34654999,50.46212387,0.046538137,6.313586712,11.41840744,9.855236053,565.9316406,97.85539246
1410,1323,32.09045029,28.33014488,50.48711395,0.034498923,6.560524464,11.70801544,10.25550842,560.2105103,104.5404205
1411,1324,30.05490685,28.32462883,50.4936409,0.026228752,6.541272163,11.81971931,10.35984516,558.4782715,106.401268
1412,1325,27.18780518,28.32518196,50.55004501,0.02886283,6.372461796,11.93142414,10.52703381,555.9678345,108.7904663
1413,1326,36.48971939,28.32766724,49.69281006,0.040918875,6.203830719,11.64299011,9.815261841,567.767334,97.28065491
1414,1327,42.65203476,28.32700729,50.09745026,0.052974917,6.150372028,11.23879337,9.648527145,569.1542969,94.98554993
1415,1328,38.8028717,28.28456497,50.68735504,0.043393169,6.075685501,11.26034546,10.06299973,562.8989868,100.5447083
1416,1329,36.61201477,28.29240227,50.73295212,0.037188523,6.120097637,10.9680233,10.1751318,561.4407959,102.2528
1417,1330,31.95573807,28.30023956,50.03355789,0.030983876,6.265683174,11.302001,10.07017422,562.3674927,102.1899567
1418,1331,31.10587502,28.31393433,50.43600082,0.035089578,6.411268711,11.6359787,10.2341671,560.1657715,104.4536057
1419,1332,36.29362488,28.32811165,49.94326401,0.043568928,6.613545895,11.335536,9.886681557,565.4949951,98.75071716
1420,1333,41.52476883,28.33229637,50.37754822,0.051075328,6.435439587,10.66554928,9.859857559,565.9609985,97.15356445
1421,1334,42.76633835,28.31446075,49.99991989,0.048830785,6.133952141,10.88528061,9.630450249,569.8894653,94.54705811
1422,1335,41.65340424,28.29662514,50.44769287,0.046586242,5.90427351,11.23931503,9.717650414,564.5559692,95.35486603
1423,1336,37.00445557,28.30781937,50.56848145,0.042077169,6.21566391,10.84481716,10.05098438,562.6293945,101.5964355
1424,1337,32.51333237,28.3314209,50.57668304,0.035107099,6.282226563,11.09145546,10.21665573,560.5159302,104.0341949
1425,1338,30.87663651,28.35536194,50.35259628,0.02813703,6.349720955,11.33809376,10.20989895,560.4467163,104.6983643
1426,1339,26.94300461,28.38277435,50.20823669,0.033990547,6.351155758,11.45356846,10.40398216,557.8664551,108.078064
1427,1340,37.3191185,28.41018677,50.14601135,0.041799996,6.270405293,11.38988972,9.944145203,565.2630005,99.08666992
1428,1341,40.53126526,28.41661835,50.32378387,0.047339395,6.189654827,11.32621098,9.909208298,566.1428223,97.60695648
1429,1342,42.1007576,28.40009499,50.56693649,0.046281978,6.243673801,11.37658501,9.843254089,562.2470703,97.03923035
1430,1343,40.21886826,28.38356972,50.49149704,0.045224562,6.330128193,11.4534626,9.958130836,565.491394,98.78350067
1431,1344,34.98371887,28.38945389,50.54394913,0.040473685,6.385138512,11.5321722,10.18431282,561.5149536,102.4776611
1432,1345,33.69567108,28.39883614,50.19871902,0.033672772,6.309165478,11.61830997,10.13095284,563.0748291,102.218399
1433,1346,29.74526024,28.41022491,50.40777969,0.027284043,6.290382385,11.70444775,10.32731533,559.1663208,106.5003662
1434,1347,26.85171509,28.42763138,50.31411362,0.035069883,6.317073345,11.65701675,10.4920435,556.9345093,108.6032715
1435,1348,35.7398262,28.44503593,50.23019409,0.042855721,6.335593224,11.49817848,9.969902039,558.2075806,99.2023468
1436,1349,42.0954628,28.4402256,50.16071701,0.047785927,5.932163715,11.33933926,9.817336082,567.7984619,96.04341888
1437,1350,41.9800415,28.42264938,50.59851837,0.048665646,6.212480068,10.91334915,9.935031891,565.4564819,97.63085175
1438,1351,41.02271652,28.40572929,50.11860275,0.049545363,5.986508846,11.00649357,9.77337265,567.8074341,96.55773926
1440,1352,33.47091293,28.43562889,50.0134964,0.035163097,6.328948021,11.39924145,10.03915119,563.7622681,101.4991989
1441,1353,30.82110023,28.45189667,50.04758072,0.030119246,6.474759102,11.63243484,10.26087189,561.3182373,103.840271
1442,1354,28.62795448,28.4701004,50.44927216,0.038720973,6.381140232,11.47921085,10.47412968,557.6309814,107.4973907
1443,1355,36.28996658,28.48830414,49.9241333,0.047322698,6.247351646,11.26064301,9.969362259,565.5686646,99.55371857
1444,1356,43.14648438,28.46544266,50.11996078,0.051534705,6.103968143,11.0806036,9.702816963,569.5570679,94.99892426
1445,1357,43.16270065,28.43165016,49.85777283,0.052410491,5.930292606,11.02220631,9.617545128,570.6240234,94.18655396
1446,1358,41.51110458,28.40539932,50.38905334,0.05328628,5.861588001,10.96380901,9.870163918,566.5643311,96.87512207
1447,1359,37.67237854,28.41473389,50.40347672,0.04537509,6.201379776,11.14284325,10.01473331,564.7546997,100.2755127
1448,1360,33.2999649,28.42406845,50.45923996,0.03703196,6.395846844,11.47099781,10.271842,561.3599243,103.7857895
1449,1361,31.453125,28.4344368,50.23854065,0.033581395,6.590314388,11.79915237,10.26913548,560.8683472,103.5054626
1450,1362,27.17042923,28.44561577,50.46510315,0.039702713,6.469961166,11.58036518,10.43360424,557.8262329,107.70504
1451,1363,37.203022,28.45679474,50.03130722,0.045824032,6.283171654,11.34835911,9.917051315,565.8086548,98.80771637
1452,1364,43.64801788,28.42606544,50.61682892,0.052235626,6.226940155,11.16387749,9.826997757,566.8060913,96.6155777
1453,1365,45.90098572,28.39290237,50.45877838,0.058758263,6.170708656,11.08335114,9.685824394,568.6506348,94.20697021
1454,1366,35.94212723,28.38852882,50.35713196,0.053900089,6.202699184,11.0166111,10.11335373,562.7659912,100.9336472
1455,1367,32.93716812,28.40193748,50.33675003,0.044270307,6.418977737,11.29713249,10.1940279,561.3250122,103.6165771
1456,1368,30.75919342,28.41457558,50.32195663,0.042442285,6.643139362,11.59343719,10.37274742,559.5663452,105.1905441
1457,1369,29.25384521,28.42690849,50.34378815,0.048618369,6.296256542,11.54149723,10.29736233,554.9387817,103.7383347
1458,1370,40.78351593,28.43583107,49.87671661,0.054794453,5.925555706,10.61036491,9.607413292,570.0383301,95.25151062
1459,1371,45.59305954,28.41432571,50.65631104,0.058944188,5.889644623,10.56250191,9.777471542,568.0374756,95.17428589
1460,1372,44.71945572,28.40122986,50.62337112,0.062470332,6.033731461,10.99826622,9.772981644,567.5463867,95.82711029
1461,1373,38.38403702,28.44130707,50.32223892,0.050366133,6.234402657,11.27599239,9.943937302,564.9025269,99.53964233
1462,1374,33.22039795,28.48138618,50.21416855,0.038261939,6.435073376,11.55371761,10.18118,562.6257935,103.0852432
1463,1375,30.31508827,28.49706078,50.38205719,0.035437942,6.500859737,11.50023365,10.32606316,560.3555908,105.5406418
1464,1376,28.65435791,28.50911903,50.63466644,0.037636034,6.431064129,11.13800526,10.5063076,556.9462891,108.4182968
1465,1377,36.50223923,28.51328468,50.47238922,0.039966676,6.05699873,10.80687237,10.09110832,563.1459351,101.7591248
1467,1378,24.62672043,28.47576714,50.52977753,0.052147713,6.670254707,11.16657448,10.56111717,552.6587524,108.8791275
1469,1379,21.01450348,28.47573471,50.41534424,0.043188162,6.689669609,11.7203598,10.66668606,554.0516357,112.9058609
1470,1380,19.15542603,28.47986221,50.56473923,0.034382064,6.949401379,11.70476437,10.75716782,552.7941284,114.1246719
1471,1381,17.59944534,28.48548317,50.59984207,0.034064505,6.719637871,11.95582485,10.80985737,551.4332275,115.57724
1472,1382,17.87896538,28.49110603,50.4480629,0.035812907,6.803520203,12.20688534,10.76433372,550.2960205,113.7744827
1473,1383,20.59033585,28.48756981,50.27558899,0.038650904,6.887402534,12.07498741,10.68263912,554.8630981,112.6684113
1474,1384,22.5597496,28.47092438,50.25958633,0.046156,6.771692276,11.90801239,10.66382122,555.571167,111.1150055
1475,1385,23.64946175,28.45427704,50.26206207,0.053661097,6.502681732,11.69963455,10.60734367,556.4765015,110.4112549
1476,1386,22.68538666,28.45559502,50.61861038,0.052020214,6.553997517,11.37352943,10.69830418,554.2390747,111.5980988
1477,1387,21.12632942,28.46151161,50.47533035,0.043599531,6.698440075,11.58631897,10.75263882,553.2982788,112.8400421
1478,1388,19.18278503,28.46773338,50.5602417,0.035178848,6.888157845,11.92813969,10.77418613,552.6428833,113.9335175
1479,1389,17.30278587,28.47533035,50.30410004,0.032894678,7.059871197,12.21940613,10.76731873,552.1845703,114.4636841
1480,1390,16.85601234,28.48292542,50.3423233,0.030869685,6.992166996,12.20357132,10.80429649,552.1137695,115.0914154
1481,1391,19.69434738,28.47594261,50.33774185,0.03331631,6.924462318,12.18773746,10.75747871,553.6946411,113.413353
1482,1392,21.65998459,28.45780563,50.50536728,0.044264983,6.671794415,12.1892252,10.67001247,554.2744751,112.5105515
1484,1393,21.13575935,28.43592453,50.51689148,0.051593691,6.901255608,12.22821617,10.71462154,553.1783447,112.932991
1485,1394,18.85832977,28.43290901,50.56344604,0.042579051,7.003845215,11.89360619,10.80808449,551.9946289,114.2383423
1487,1395,16.48810005,28.42845535,50.6639595,0.031272475,6.990696907,12.10367012,10.95607948,550.0951538,116.6863022
1488,1396,15.28793812,28.42662048,50.78686905,0.028287128,6.971290112,12.1325264,11.02124977,548.5665894,117.7860641
1489,1397,19.60243416,28.40152359,50.11122894,0.03487248,6.951584339,12.15429306,10.60760307,554.6329956,112.459343
1490,1398,22.92128181,28.36747551,50.39578629,0.05102928,6.928814888,12.10324001,10.58546066,555.3449707,110.1550751
1491,1399,23.45222092,28.33735847,50.16809464,0.06718608,6.906045437,12.05218792,10.50603962,556.6199951,109.2490082
1493,1400,20.95536804,28.3426342,50.49215698,0.048389833,6.766589642,12.13022518,10.69026375,553.9664917,112.3949203
1494,1401,19.24094391,28.34498978,50.54159546,0.04042609,6.939809799,12.20487595,10.74436951,552.8012695,113.4598541
1496,1402,19.47193718,28.34911537,50.54325485,0.040667105,6.827006817,11.94687557,10.72252464,552.9689941,113.6333313
1497,1403,22.41250992,28.33105659,50.53960419,0.047694094,6.734628677,11.82971001,10.59417057,554.9946289,110.8799744
1498,1404,23.37739182,28.31018448,50.46976471,0.058353569,6.760651588,11.90007305,10.53590584,554.9865112,110.1832733
1499,1405,22.69512558,28.29848862,50.39015961,0.068079196,6.7866745,11.97043514,10.51758289,555.8251343,110.1013336
1500,1406,22.11058807,28.31258202,50.66317749,0.05566486,6.846743584,12.08298779,10.60515785,554.0527954,111.257225
1501,1407,19.82081795,28.32667351,50.56697464,0.043250524,6.951618195,12.23121262,10.74302673,552.5665283,113.9265213
1503,1408,17.53971481,28.36631393,50.37796783,0.032484673,7.048792362,12.2761879,10.7821722,552.3218994,114.4444733
1504,1409,17.09320831,28.3866539,50.62758636,0.029935641,7.007827282,12.14696121,10.88655853,550.628418,115.1743393
1505,1410,20.37108231,28.38600731,50.18494034,0.041004289,6.898242474,12.06427193,10.63330173,554.9954834,112.0110779
1506,1411,22.9204464,28.38536072,50.52376556,0.055256858,6.667471409,12.09475613,10.6115284,554.9830322,111.3941193
1507,1412,22.78487778,28.39081955,50.24720383,0.064721763,6.603550911,12.12523937,10.60998631,555.6864014,110.4857712
1508,1413,22.27879333,28.40478706,50.59119415,0.054481067,6.573598385,11.58683014,10.63975525,554.0663452,111.743187
1509,1414,20.10358238,28.41875458,50.62252045,0.04424037,6.810050011,11.59539604,10.72871113,552.8824463,113.4203186
1510,1415,19.01731873,28.43431854,50.39022064,0.036572572,6.759690762,11.82990456,10.72476959,552.2991333,113.1065216
1511,1416,19.01475525,28.45027542,50.17121887,0.030764252,6.737770557,12.03686714,10.74193478,554.0349121,113.3178787
1512,1417,18.89450264,28.46384621,50.55324554,0.024955932,6.773743629,12.04861927,10.80595779,552.2849731,114.3197861
1514,1418,22.99472618,28.47039986,50.53548813,0.052415662,6.946353912,12.07687569,10.60769272,555.4423218,110.8826904
1515,1419,23.29831123,28.47478104,50.63657379,0.058532655,6.965345383,12.09790421,10.62694836,554.616394,111.692131
1516,1420,22.53350639,28.47998619,50.5044632,0.049921431,6.976910591,12.11893177,10.61294365,554.4458618,111.091217
1517,1421,21.08078003,28.48518944,50.29343033,0.041310202,6.984017372,12.13842869,10.59196281,554.9669189,111.8290024
1518,1422,18.86143494,28.4951725,50.21619415,0.034653265,6.978697777,12.15774918,10.72227287,554.2697144,112.7306519
1519,1423,17.88850403,28.50536537,50.16661835,0.028698094,6.973378181,12.18020725,10.70282269,553.6380005,113.763092
1520,1424,16.3903389,28.51112366,50.36613846,0.024852965,6.984688282,12.21063137,10.93386364,551.5501099,115.9135208
1521,1425,19.65792847,28.50841331,49.89373779,0.036358446,7.006956577,12.24105549,10.58142376,555.56604,112.1516037
1522,1426,20.65254784,28.50570107,50.6981163,0.047863927,7.029224873,12.23398209,10.79691029,552.3620605,113.6797638
1523,1427,22.39886665,28.49459839,50.51330185,0.050336014,6.979371548,12.20822906,10.59838676,553.7022705,111.5760422
1524,1428,21.5174942,28.48037529,50.57080841,0.04399024,6.928451538,12.14089584,10.62149525,554.2606812,111.7984772
1525,1429,19.90851021,28.46567535,50.19224167,0.037644461,6.869677067,11.5511837,10.67999935,555.1293335,111.6633377
1526,1430,18.29583359,28.44727325,50.57768631,0.03471747,6.869732857,11.74516487,10.8664875,551.5842896,114.0952911
1527,1431,18.34624863,28.42887306,50.33940506,0.032208126,6.869789124,11.939147,10.70134735,553.3777466,113.4015045
1528,1432,16.9226532,28.41419601,50.49023056,0.033488531,6.853375435,12.05648708,10.86487389,551.0770874,114.9849396
1529,1433,21.45178032,28.40325546,50.13639832,0.044696126,6.823967934,12.11705399,10.61863804,555.7495728,110.620018
1530,1434,22.86712456,28.39231491,50.52909851,0.055903722,6.794560432,12.17762089,10.62408066,554.9317017,110.7061539
1531,1435,23.93963051,28.3820858,50.35329056,0.054759908,6.558441639,11.98295784,10.51408958,556.5913696,109.4923859
1532,1436,22.77711296,28.37194824,50.60645676,0.047289886,6.755527496,12.1131506,10.56393433,554.8307495,111.0329666
1533,1437,20.12759781,28.3664875,50.51426697,0.039830882,6.884871483,12.24334335,10.37814617,554.9074707,108.8515244
1534,1438,17.13809967,28.37371254,50.30606461,0.032598846,6.995343208,12.29323578,10.81166935,552.460144,114.5275116
1535,1439,16.07791519,28.38093948,50.26946259,0.025366811,7.045629025,12.30259418,10.78770161,551.928894,114.7130356
1536,1440,15.83627701,28.38912582,50.40465164,0.025003558,7.095914841,12.30966854,10.88450813,550.5884399,115.9236298
1537,1441,20.10388756,28.39782143,50.18034363,0.033691522,7.032206535,12.27288437,10.62802887,554.6133423,111.857605
1538,1442,21.84814453,28.4055481,49.9914856,0.042379484,6.898563862,12.2361002,10.47086525,557.1437378,109.4567184
1539,1443,22.43624115,28.38971138,50.13397217,0.041705571,6.894006252,12.22952843,10.52075768,556.104187,109.8184814
1540,1444,21.23130226,28.37387466,50.2324028,0.038926665,6.943352699,12.26330853,10.62745476,554.7230835,111.0669174
1541,1445,20.0706749,28.37077141,50.56685257,0.035758179,6.993916512,12.29708958,10.72163963,552.7064819,113.2953262
1542,1446,18.89969444,28.38493347,50.596035,0.031046145,7.058899403,12.3757267,10.79258347,552.3163452,113.8275757
1543,1447,16.90345573,28.39909554,50.6059494,0.026334111,7.123882294,12.46465492,10.9085331,550.6068115,115.2328796
1544,1448,17.01460457,28.41849327,50.50421524,0.028416624,7.124811172,12.49751949,10.93000126,550.463562,115.335701
1545,1449,19.49608231,28.43912125,50.37880325,0.035286061,7.051464558,12.283638,10.71743107,553.5996704,113.0807724
1546,1450,21.21448326,28.45415115,49.90019608,0.042155501,6.978117943,12.06975746,10.53726006,555.9031372,110.7297363
1547,1451,21.34375954,28.44602966,50.16013718,0.039882563,6.694188595,12.07835388,10.62065125,555.2959595,111.6154938
1548,1452,19.52570915,28.43791008,50.68725204,0.03734326,6.689316273,12.25467396,10.77570248,552.0701904,114.2928314
1549,1453,17.68465233,28.44286728,50.55781174,0.033177465,6.805391312,12.43099499,10.89130306,550.6661377,115.5671005
1550,1454,15.35595036,28.45729637,50.49371338,0.026078971,6.91640234,12.47704792,11.02732563,549.9472046,117.1313019
1551,1455,14.68954945,28.47172737,50.66409302,0.018980475,6.960580826,12.51493359,11.03641605,548.5658569,117.868866
1552,1456,14.14013767,28.49425697,50.4440918,0.023453772,7.004758835,12.4892149,11.03098202,549.019043,117.6515961
1553,1457,18.06123161,28.51708031,49.58492661,0.0319556,7.028258324,12.33205986,10.62427044,556.5168457,111.2452393
1554,1458,20.94425964,28.52272987,50.5909462,0.03925807,7.036606789,12.17490387,10.78418255,552.9544067,113.5103912
1555,1459,20.62921143,28.49647141,50.29914474,0.038313147,7.043430805,12.136693,10.66656971,554.583252,111.883873
1556,1460,19.72711945,28.47021103,50.12767792,0.037368227,7.050255299,12.15556812,10.66216087,554.8500366,111.8483963
1558,1461,16.00957298,28.4625206,49.6727562,0.027999524,7.088720798,12.34403133,10.70462227,554.3458862,113.2453613
1559,1462,14.97104263,28.46505928,50.17794418,0.022108333,7.113765717,12.5049448,10.88475513,551.4474487,115.7199631
1560,1463,15.70175934,28.48926544,50.38246536,0.028096652,7.051225662,12.48914719,10.98537159,550.3843994,116.3616867
1561,1464,18.76406479,28.5134716,50.00153732,0.035448465,6.953877926,12.25393486,10.64710236,555.1596069,112.8512573
1562,1465,20.83122253,28.51823425,50.08422089,0.040743645,6.867712975,12.01872253,10.62948227,555.8302612,111.6797714
1563,1466,21.06637001,28.50396919,50.06939697,0.040806238,6.897433281,12.03787422,10.60130978,555.7254028,111.315239
1564,1467,20.7631321,28.48970222,49.94777298,0.04086883,6.927153111,12.10866356,10.60396194,555.8132935,111.1144867
1565,1468,18.40168571,28.49512291,50.55398941,0.036748257,6.924992085,12.18095398,10.77227497,552.1213989,115.2979355
1566,1469,16.09908676,28.50296783,50.45764542,0.030540755,6.887325287,12.25868416,10.87653446,550.7752075,116.1253052
1567,1470,16.60449791,28.51537895,50.25248718,0.025009342,6.888036251,12.33641434,10.83782291,552.1472168,114.945961
1568,1471,15.21258259,28.53980064,49.91405869,0.03171498,6.927705288,12.31236649,10.88034344,552.380249,115.5589447
1569,1472,18.79873657,28.56422424,50.04711533,0.038420621,6.967374802,12.21891785,10.68709469,554.8078613,113.1004028
1570,1473,21.76433182,28.55523491,50.39466476,0.042386051,6.947710037,12.12546825,10.6727953,554.5628662,112.3374481
1572,1474,21.14409065,28.50437164,49.82870483,0.043273438,6.863993645,12.21425724,10.45173073,557.079895,110.0526047
1573,1475,18.80657959,28.51003265,50.21863556,0.037953623,6.706721306,11.73301697,10.67227554,554.1096191,112.9532776
1574,1476,18.28740311,28.51569557,50.47557068,0.031392109,6.69243288,11.4882021,10.83348274,552.5534668,114.8218307
1575,1477,16.45546532,28.52305031,50.06842041,0.026965301,6.706482887,11.81609631,10.76256084,553.5115967,114.837677
1576,1478,16.44620705,28.53264427,49.85269928,0.030674048,6.738843441,12.14399052,10.72597027,553.9025269,114.1686401
1577,1479,19.25041771,28.54223824,50.01517105,0.034382794,6.81328392,12.25369072,10.66583443,555.3629761,112.4096375
1578,1480,21.58389664,28.52004623,50.47074509,0.037681669,6.8877244,12.21320438,10.63760567,554.6103516,112.4247284
1579,1481,21.75458145,28.49068451,50.5359993,0.040699396,6.717821598,12.17271805,10.65247917,554.2156372,112.3548355
1580,1482,20.96325493,28.46694183,50.58282471,0.043717124,6.421947002,11.7113266,10.71022892,553.1918945,113.2199707
1581,1483,18.49996376,28.46553993,50.53712463,0.036619715,6.678842545,11.68010426,10.82223034,552.2567749,114.5818405
1582,1484,16.97927094,28.46413803,50.80364227,0.029296823,6.878835201,11.90039635,10.96768665,550.1613159,116.3412628
1583,1485,17.9979496,28.46740913,50.30210495,0.025531095,6.841984272,12.09845543,10.73400116,553.0019531,114.3540573
1584,1486,16.96120834,28.47397614,50.49412918,0.02799944,6.99389267,11.74479294,10.82193756,551.2224731,114.3351517
1586,1487,22.05508041,28.45875549,50.33771896,0.034877192,6.954349041,11.99129963,10.57976627,555.7906494,111.0078583
1587,1488,21.778162,28.43612671,50.24184036,0.03993959,6.804644585,12.08656597,10.63354874,554.9777222,111.0926666
1588,1489,20.42529869,28.42615128,50.48506927,0.043400891,6.71538496,12.18025112,10.62431908,554.1850586,112.6389999
1589,1490,18.1321888,28.43901825,50.43194962,0.03646313,6.870548248,12.27702236,10.79771233,552.4884033,114.1962051
1590,1491,17.80838776,28.45188522,50.66246033,0.029525368,7.025711536,12.38027573,10.86888599,550.9290771,115.3270416
1591,1492,16.12225914,28.46629715,50.1912117,0.026609089,7.084597588,12.48352909,10.86419392,552.1506958,115.1773911
1592,1493,15.65916824,28.48124504,50.39183807,0.027428856,7.089260578,12.39547825,10.92078018,550.5016479,116.465683
1593,1494,17.39526558,28.49120903,50.57016373,0.028248625,7.09266758,12.22302723,10.89571953,551.265625,115.6083298
1594,1495,21.3339119,28.46683311,49.98593521,0.034126788,7.046571255,12.07065201,10.54258919,556.2714233,111.0945053
1595,1496,21.79861641,28.4424572,50.14891052,0.040544916,7.00047493,12.15281296,10.56266689,556.1313477,110.5233994
1596,1497,21.09247208,28.43463135,49.8282814,0.042965759,6.998750687,12.23497295,10.46753597,557.5645752,109.6148911
1597,1498,19.71471214,28.44258881,50.05796432,0.035531465,7.027401447,12.29215431,10.62627411,554.847168,112.2759018
1598,1499,17.78813553,28.45054817,49.85687256,0.028097169,7.056052208,12.31879425,10.68995667,554.890625,112.9137115
1599,1500,17.39957428,28.4605217,50.61867142,0.025657289,7.016780853,12.34543324,10.88123989,551.5529785,115.5150909
1600,1501,17.04964066,28.47072601,50.69597244,0.025636759,6.974847794,11.9253006,10.84906483,551.0090332,115.721077
1601,1502,20.61493301,28.47097778,49.72493362,0.025996497,6.697621346,11.41697693,10.44460964,558.3264771,109.9526062
1602,1503,21.93920898,28.44587898,50.5239296,0.032455776,6.645056248,11.47228241,10.62748241,555.2818604,111.529808
1604,1504,20.16911316,28.42121506,50.29199219,0.039219707,6.590953827,11.51062202,10.65080643,554.1397705,111.8627777
1605,1505,19.01930046,28.43439293,49.99838638,0.031812076,6.661598206,11.67493153,10.65645409,554.9675293,112.0641937
1606,1506,17.63384056,28.44722366,49.62952805,0.024404448,6.80786562,12.0024786,10.60808086,556.0587769,112.1152267
1607,1507,17.87880516,28.45371056,50.53923035,0.022950828,6.866123199,12.33002472,10.80342674,551.9206543,114.4484558
1608,1508,17.62262154,28.46019745,50.21985245,0.022725858,6.923438549,12.04796124,10.79037094,553.1074829,113.976944
1609,1509,20.08639145,28.4583931,50.1028862,0.023988536,6.851632595,11.71619034,10.58504581,555.5652466,111.4016113
1610,1510,35.04402924,28.44591713,50.15983963,0.030713622,6.512262344,11.39570332,10.0774641,563.506897,101.2801437
1612,1511,34.63468552,28.43951416,50.14745331,0.035432216,6.081341743,10.80504322,10.02535629,563.7252197,101.4563217
1613,1512,30.86316872,28.44959259,50.47809982,0.027584095,6.304487228,11.3914957,10.27707767,559.9425659,105.5380783
1614,1513,18.3843956,28.45699883,50.23176575,0.019735973,6.865961075,12.02616501,10.81083775,552.8428345,114.0731049
1615,1514,18.25444603,28.45420265,50.38578033,0.021469589,6.911058903,12.41811562,10.75033188,552.7659302,113.9220963
1616,1515,16.35353661,28.45140839,50.08942032,0.023356441,6.956156731,12.33006382,10.82875156,552.4437256,115.5483093
1617,1516,19.55862808,28.44714165,50.25859451,0.026626287,6.961557388,12.24201202,10.66263103,555.0168457,112.4420547
1618,1517,21.09920692,28.44186592,50.6724472,0.032258283,6.916375637,12.16315937,10.7220335,553.361084,113.0996628
1619,1518,20.70458984,28.43658829,50.21707153,0.037890282,6.871193886,12.08786964,10.68039608,554.5161133,111.9265442
1621,1519,20.15455818,28.47231293,50.1954689,0.029831424,6.756256104,11.72418118,10.66300869,554.758606,112.1830444
1623,1520,17.50925827,28.49486542,50.18796921,0.023891257,6.992796421,12.23291969,10.81161404,552.8047485,113.9862595
1624,1521,16.63764191,28.50294304,50.17025375,0.022743171,6.96284914,12.13593483,10.84932804,552.3342896,114.5042801
1625,1522,19.40008545,28.50026512,49.97258759,0.026146378,6.932901859,12.03894901,10.62115192,555.7206421,111.9892044
1627,1523,19.84702301,28.50258446,50.57335663,0.036353268,6.943899155,12.20139694,10.66890526,553.5049438,113.7605515
1628,1524,18.27361679,28.51500893,50.3856163,0.030275991,6.996468067,12.23444653,10.78029633,552.7751465,114.5548019
1629,1525,17.27692223,28.5214901,50.28639984,0.025422193,7.04903698,12.26585865,10.85924435,552.5484009,115.2573395
1630,1526,16.38755226,28.52244568,50.66395569,0.023495084,7.023547173,12.29086304,10.92645836,550.3692017,116.6879196
1631,1527,15.26713371,28.52340317,50.53849792,0.021567972,6.9920187,12.31586742,10.92902565,550.1759033,116.9921036
1632,1528,18.42956543,28.5175724,50.29324722,0.026038626,6.974128246,12.2572813,10.74096203,553.6503296,113.844368
1633,1529,19.8025341,28.51101875,50.47175217,0.033522483,6.986140728,12.14028072,10.71619129,553.3025513,113.6152649
1634,1530,20.03892899,28.50782394,50.1098671,0.040227018,6.99815321,12.02328014,10.61050415,555.2781982,112.2814255
1635,1531,18.86860657,28.51291466,50.29106903,0.035691228,7.016974449,12.1540451,10.70324993,553.7410889,113.4067764
1636,1532,17.58271599,28.51800537,50.40100861,0.031155434,7.038824558,12.29552555,10.85313511,552.1064453,114.7865372
1637,1533,15.74905586,28.52326393,50.52894592,0.02682291,7.055939674,12.37787056,10.97303867,549.9690552,116.6283646
1638,1534,16.22585297,28.52860451,50.47540665,0.02273888,7.016498566,12.34729481,10.89590931,551.7417603,115.5291138
1639,1535,16.44481659,28.5332756,49.89923096,0.018654848,6.977057934,12.31671906,10.79346752,553.4788818,114.2702026
1640,1536,19.7716465,28.52722168,50.2378006,0.024329476,6.947844505,12.30441761,10.70503426,554.5373535,112.0390778
1641,1537,19.53636932,28.52116585,50.24360657,0.031929854,6.930527687,12.29892063,10.76912212,554.0198975,113.2457199
1642,1538,19.88229179,28.5194149,50.56231689,0.036843333,6.913211346,12.28811264,10.69189739,553.4354858,113.6568069
1643,1539,19.47793007,28.52305984,49.7994957,0.032239389,6.943526268,12.23590279,10.58090973,556.6383667,110.5829315
1644,1540,18.3564167,28.52670479,50.39899826,0.027635448,6.982662678,12.18369293,10.76738644,552.8238525,114.2341995
1645,1541,17.03864861,28.52088165,50.05931854,0.02408449,7.025762558,12.21331024,10.7105484,553.9112549,112.9173126
1646,1542,15.9537735,28.51310158,50.33892822,0.021220122,7.082221508,12.32517719,10.90462303,551.6469116,115.7036438
1648,1543,18.11775017,28.50596046,50.20519257,0.02525479,7.108427525,12.30855083,10.7246933,553.8461914,114.0617142
1649,1544,19.05730247,28.5051136,50.19051361,0.032249175,7.02366066,12.14850044,10.70991516,553.7766113,113.465744
1650,1545,20.52686882,28.50934601,50.31637192,0.035232138,6.938992977,12.04486084,10.66697407,554.4877319,112.1726379
1651,1546,19.50749588,28.51698303,49.97567368,0.03153801,6.973398685,12.0943985,10.5402689,556.1737671,111.3970337
1652,1547,18.55275536,28.52461815,50.37478256,0.027843881,7.007803917,12.14393711,10.73625374,553.1087646,114.0838699
1653,1548,17.71028328,28.52095222,50.57936096,0.024124525,7.041998386,12.25161743,10.9023838,551.713623,115.5021515
1654,1549,16.62154007,28.51710701,50.3967514,0.020397225,7.07584095,12.39002228,10.91577625,551.2285767,115.6415863
1655,1550,14.61305618,28.51910973,50.09578323,0.018411931,7.109683037,12.50874901,10.87232876,552.0361938,115.6424942
1656,1551,18.35908699,28.53110695,50.22854614,0.026652092,6.9347682,12.11667252,10.73654366,553.5420532,113.7810745
1657,1552,20.64260101,28.54310226,49.89643097,0.034892254,6.693956852,11.72459602,10.6368742,556.1687622,111.5173874
1658,1553,20.71403885,28.55175972,50.21655273,0.036620721,6.69457531,11.71510315,10.59922791,555.1412354,112.3343658
1659,1554,19.36574554,28.55932999,49.75232315,0.032592177,6.843703747,11.94157124,10.53706169,556.9504395,111.4463806
1660,1555,17.48132896,28.56611443,50.31039047,0.028563632,6.992832661,12.16803837,10.81604862,552.4987183,115.1258011
1661,1556,14.54498386,28.56804848,49.72268677,0.024169097,7.081466675,12.30125427,10.80133057,552.9440308,115.7144928
1663,1557,14.59544945,28.57412148,49.93582535,0.018794175,7.185627937,12.45811176,10.85669613,552.5852661,116.0174637
1664,1558,17.26841354,28.58025932,50.10401917,0.025930008,7.07340765,12.29095364,10.77411175,553.3097534,114.7108078
1665,1559,20.02855682,28.58639717,50.21154022,0.033065841,6.961187363,12.12379551,10.76257324,554.1730347,113.0461655
1666,1560,19.77406311,28.58363724,50.43814468,0.033332709,6.960947037,12.13856125,10.77356243,552.8226929,112.3520966
1668,1561,18.03304291,28.57594681,50.25323105,0.027587369,7.04636097,12.30364227,10.77131176,553.3535767,114.6164398
1669,1562,16.47346115,28.5709362,50.30101776,0.024792511,7.109257698,12.37209129,10.90976143,551.4338379,115.6496124
1670,1563,15.08482742,28.56592369,50.46762848,0.021997653,7.172154903,12.44053936,10.99985409,550.0408936,117.5002365
1671,1564,14.60319424,28.56770325,50.19384003,0.023571812,7.172315121,12.40485382,10.94807434,550.5494995,117.0958252
1672,1565,17.78700256,28.57267761,50.01778793,0.030354107,7.097016335,12.26350975,10.82799625,553.8309326,113.9365158
1673,1566,20.39727592,28.57660294,50.54760742,0.037136402,7.021717548,12.12216473,10.81840038,552.9450073,113.527626
1674,1567,20.64120674,28.56543922,50.15966034,0.037145048,7.020505428,12.14617348,10.69072819,554.9949951,112.2337646
1675,1568,19.56406212,28.55427551,50.26578903,0.035877187,7.034209251,12.1958046,10.66329956,554.3419189,113.0404587
1676,1569,19.20969009,28.54820061,50.27581406,0.033506308,7.057237148,12.25944328,10.74278736,554.0515137,113.5874329
1677,1570,17.53359985,28.54833603,50.51040268,0.027369371,7.116746902,12.36488628,10.86251926,551.9596558,115.341217
1678,1571,15.20963573,28.54847145,50.49448013,0.021232432,7.176257133,12.47032928,10.97080803,550.6705933,116.9822159
1680,1572,18.23327637,28.55827904,50.04943466,0.030790731,7.057180882,12.27440643,10.75285721,554.1981201,113.434082
1681,1573,20.01983452,28.55491257,50.49503326,0.038200714,6.966819763,12.13513947,10.71467018,553.6008911,113.7087555
1682,1574,20.51263809,28.52083397,49.76662827,0.037166968,6.96904707,12.17871761,10.53859901,557.0437012,110.4556961
1683,1575,19.14188194,28.48675537,49.86259842,0.036104538,6.973767281,12.22229481,10.52433681,553.8270264,110.5175247
1684,1576,18.14163971,28.46245003,49.54017639,0.033487327,6.945233822,12.27534771,10.54539299,556.34375,111.3440018
1685,1577,15.68475819,28.44449615,50.4067688,0.028350858,6.857273102,12.34224987,10.90496159,550.9485474,116.3413239
1686,1578,15.59843159,28.42654419,50.48190689,0.023214391,6.812601089,12.40915203,10.91825294,550.2908325,116.2921066
1687,1579,15.06699753,28.42835426,50.12733841,0.026519224,6.862744808,12.35909939,10.87004852,551.5535278,115.1528244
1688,1580,17.80794144,28.43034554,49.96458435,0.032391485,6.91288805,12.26975346,10.68558693,554.7332153,112.7159882
1689,1581,20.12430763,28.42373276,50.20607376,0.037212819,6.936157227,12.19592094,10.6787672,554.3811035,112.2122421
1690,1582,20.10871506,28.40284157,49.96175766,0.036161982,6.947345734,12.22274303,10.55853271,556.0245361,110.9932785
1691,1583,19.07637215,28.38195229,49.82159424,0.03511114,6.959596634,12.24956417,10.54851532,556.1468506,111.1577148
1692,1584,18.35726738,28.38313675,50.07720566,0.031425104,7.006812572,12.31744099,10.70601082,553.9105835,113.0745697
1693,1585,16.59057236,28.39125443,50.00676727,0.025466129,7.054028034,12.4232502,10.7220192,553.5145264,113.7423325
1694,1586,15.1466217,28.40142441,50.08402634,0.019507153,7.052267075,12.52906036,10.86287498,551.6757813,114.9408112
1695,1587,14.64350891,28.42360687,50.6111145,0.021353692,6.647479534,11.51648712,9.888628006,555.9372559,106.867897
1696,1588,21.36598778,28.4824028,50.11951447,0.031844918,6.598481655,11.037817,10.54061794,556.5350342,110.0115356
1697,1589,21.68594551,28.48238945,50.41820908,0.030898815,6.876067162,11.61263943,10.64773273,554.9282227,111.0824814
1698,1590,19.84880257,28.48566628,49.68728638,0.029952714,6.896972179,12.11250687,10.4971981,557.4643555,110.2889938
1699,1591,18.81861305,28.5315361,50.33248901,0.026686428,6.939548016,12.1763649,10.74550915,553.7595825,113.3297958
1700,1592,16.99862099,28.57740593,50.16824341,0.023002492,7.047195435,12.24022388,10.84326744,552.9683228,114.4493866
1701,1593,16.38171387,28.61583519,50.75265503,0.020552909,7.15484333,12.26140881,11.00538445,549.6390991,116.9492493
1702,1594,16.36587715,28.64541626,50.10051727,0.022176662,7.155858994,12.24504471,10.79506874,553.300354,114.8786163
1703,1595,18.61048317,28.67499542,50.05149078,0.023800418,7.095528603,12.22867966,10.79649639,554.6906128,113.5654297
1704,1596,19.63028145,28.66534042,50.38425064,0.024600783,7.035197735,11.62103367,10.79886341,553.729248,113.7127609
1706,1597,28.81995964,28.63359833,49.49496841,0.025026122,6.660917759,12.23929214,10.16080475,563.1153564,103.8675003
1707,1598,17.79172325,28.64773178,50.27432632,0.021588076,6.765270233,12.1538372,10.8782835,552.2859497,115.694313
1708,1599,22.79805756,28.66186523,50.10493851,0.018045746,6.87177515,12.11386299,10.61764526,555.7713013,110.7619095
1709,1600,20.99015045,28.6722641,50.10190582,0.016693249,7.042986393,12.24546146,10.76436138,554.6237793,112.2144318
1710,1601,19.352314,28.67999649,50.34984207,0.019223133,7.214197636,12.37705898,10.86726665,552.2009277,115.1248779
1711,1602,14.23194313,28.68772888,50.05715942,0.021753019,7.280390263,12.39805317,10.96408176,551.583374,116.2996063
1712,1603,17.10506439,28.65255547,50.1919136,0.02423133,7.185467243,12.34470367,10.92963886,552.0784302,115.859436
1713,1604,17.55789948,28.61612701,50.10015488,0.026692385,7.090543747,12.29135513,10.85463905,552.7870483,114.5480423
1714,1605,16.14428329,28.58686447,50.15545273,0.028200068,7.117418289,12.15902996,10.81902695,552.8442383,115.3526077
1715,1606,13.77766132,28.57032967,50.08237839,0.023748981,7.183465004,12.0256443,10.88153934,551.5493164,116.6081314
1716,1607,13.00371647,28.55379486,50.16891479,0.019297896,7.239951611,11.99952984,11.04149628,549.5358276,117.9774628
1717,1608,11.61862087,28.53921127,50.59258652,0.018530084,7.202522755,12.19841957,11.20773602,547.2258301,119.9474564
1718,1609,10.36358929,28.52528191,50.56173706,0.021074077,7.165093899,12.39730835,11.18034935,546.7211304,120.8297348
1719,1610,14.83362961,28.50895119,50.38235855,0.023618069,7.11615181,12.38586426,10.93710232,550.5565186,117.0438766
1720,1611,17.97410393,28.47754288,50.27484131,0.028384674,7.052866936,12.26941776,10.80068874,552.5626221,114.5430298
1721,1612,17.93655014,28.44613457,50.31699371,0.033357151,6.989581585,12.16428661,10.74214172,552.5527344,114.1374741
1722,1613,17.19471741,28.43577576,50.0238266,0.034934815,6.952716827,12.25132942,10.7667799,553.9238281,113.5589523
1723,1614,15.0854969,28.44438553,50.37970352,0.028736355,6.921112537,12.33837318,10.92947483,550.1168823,116.6556091
1724,1615,13.85627174,28.4529953,50.4263649,0.022537896,6.990399837,12.44288158,10.98728085,549.239624,117.5262375
1725,1616,12.07406425,28.47144699,50.74332428,0.021390932,7.136086941,12.56980324,11.16182232,547.0947266,119.9212418
1726,1617,11.55367947,28.49082184,50.64757156,0.022488225,7.281773567,12.69672489,11.14497185,547.1732788,119.9161148
1727,1618,15.04814625,28.50556755,50.05465698,0.023874903,7.212245464,12.60978889,10.80777168,552.0982666,116.0270615
1728,1619,17.42428398,28.50966454,50.21261597,0.02855585,7.128298283,12.47798824,10.79776478,552.8745117,114.3307266
1729,1620,18.27805138,28.51376152,50.20843887,0.033236794,7.080644608,12.38180256,10.84727669,553.0230713,114.137764
1730,1621,17.66318893,28.52117538,49.82552719,0.032986701,7.117205143,12.43876743,10.71060085,554.7750244,112.745697
1731,1622,15.65440178,28.53006744,50.05461884,0.027163129,7.153765202,12.49573135,10.85628986,552.3439941,115.9752731
1732,1623,14.34120464,28.53859901,50.66122437,0.021339558,7.187461376,12.54089069,11.01971531,549.043457,117.813591
1733,1624,13.80387211,28.54297447,50.49042511,0.020829592,7.219723225,12.57659531,11.07988644,549.1119385,117.93396
1734,1625,12.88005543,28.54734993,50.26150894,0.021199357,7.244307995,12.61229992,11.03072548,549.1832275,117.863884
1735,1626,16.44130325,28.53905296,50.02869797,0.023280967,7.089313507,12.454813,10.75190735,553.527832,114.2773209
1736,1627,19.81482697,28.51637268,50.05723572,0.030591764,6.934318542,12.28271866,10.62786961,555.3244629,114.012085
1737,1628,19.9371109,28.4936924,49.85460663,0.03790256,6.79385519,12.07567501,10.56414509,556.2172852,111.4598007
1738,1629,19.11813736,28.49526405,50.37730789,0.035827804,6.672687531,11.79381943,10.41400909,551.1483765,108.8296356
1741,1630,20.22793579,28.51165199,50.22209549,0.035753287,6.697205067,11.55447102,10.70309734,554.2131348,112.5113297
1742,1631,18.4829483,28.53750038,50.27824402,0.032571591,6.845145702,11.94807625,10.70764065,553.2455444,114.0836639
1743,1632,17.95504189,28.56334686,49.78464127,0.026699785,6.993085861,12.34168243,10.67383575,555.5874023,112.8144531
1744,1633,16.29916954,28.58243561,50.57196426,0.021738281,7.082091808,12.46691322,10.97474861,550.6274414,116.5543137
1745,1634,15.56785011,28.59186745,50.55392075,0.020667134,7.106895447,12.51606941,11.04615116,550.1312256,117.171051
1746,1635,14.90551376,28.60130119,50.40043259,0.019595984,7.131698608,12.53861427,10.93729305,550.4255981,116.9314728
1748,1636,19.12817764,28.59582901,50.45534515,0.027936736,7.047047615,12.31984329,10.82733822,552.6481323,114.3552246
1749,1637,19.23485947,28.59440613,50.54268265,0.033507809,6.862620831,11.78610516,10.80304623,552.5379639,114.9601746
1751,1638,17.68104362,28.61444473,50.35041809,0.022076303,7.057594299,12.24291134,10.80466366,552.8672485,114.7005234
1752,1639,14.4734211,28.61258507,50.4510994,0.018016577,7.172989845,12.36242867,11.039958,549.4421997,117.5010071
1753,1640,14.29852867,28.60202408,50.52658844,0.017302761,7.2252388,12.41605759,11.02057934,548.8846436,117.819252
1754,1641,13.52694225,28.591465,50.51978683,0.016588947,7.140277386,12.31966972,11.05939388,548.8763428,118.8029633
1755,1642,17.57745171,28.58280563,50.17304611,0.022876177,7.055315971,12.22328091,10.75579166,553.1651611,114.6252975
1756,1643,18.99808693,28.57421303,50.03269577,0.031570837,7.005890369,12.18395233,10.74995232,554.1355591,113.7832565
1757,1644,19.22314644,28.56946182,50.35614395,0.038322162,6.971436024,12.16981792,10.71259308,553.4314575,113.743866
1758,1645,18.59272385,28.57170868,50.33962631,0.032377325,6.932733059,12.15541077,10.7394352,553.5869141,114.3287125
1759,1646,16.34935188,28.57395554,50.60385513,0.026432486,6.851974964,12.13376045,10.8848362,550.7722778,116.19487
1760,1647,26.40440559,28.56245804,50.33707047,0.02434873,6.771184444,12.11210918,10.51734543,558.241272,107.9612808
1761,1648,27.16484451,28.54620552,50.65414047,0.025810786,6.682636738,11.98550892,10.52358818,556.0148315,108.5899353
1762,1649,30.21348572,28.52959251,49.94131851,0.027272841,6.594089031,11.69480228,10.26375866,561.8898315,103.9928284
1763,1650,19.33585739,28.51060104,49.91920471,0.034372721,6.817070484,11.60773468,10.62523079,555.5974121,112.6370926
1764,1651,20.74572182,28.49160957,50.5739975,0.042031128,6.873354435,11.88082409,10.731884,553.5587158,113.2964554
1765,1652,20.40144348,28.4909687,50.05162048,0.04493073,6.929638386,12.1539135,10.54172134,555.4701538,112.2735138
1766,1653,19.68002701,28.50724792,50.03646469,0.036650807,6.919900894,12.27353954,10.51564789,550.230957,109.7695313
1768,1654,25.24081802,28.53574371,50.03439713,0.023796804,6.797828674,12.38169098,10.49905872,558.2017212,108.3503952
1769,1655,24.82084084,28.5475502,49.85043335,0.020910248,6.884031296,12.28357887,10.44516182,559.2451782,107.6934204
1770,1656,23.43975639,28.55710602,50.34379196,0.018546196,6.98115921,12.18546581,10.6390419,555.0566406,111.283783
1771,1657,17.89932251,28.56133842,50.55075836,0.022566592,7.05572319,12.12565041,10.85420418,551.6567383,115.665657
1772,1658,18.17873001,28.56557274,50.60174179,0.026586989,7.070407391,12.10492325,10.87351418,551.4445801,115.2092896
1773,1659,19.17566872,28.57045174,50.02088547,0.027559115,7.085091591,12.08419704,10.71844196,554.7307739,113.1095734
1774,1660,17.21575737,28.57562828,49.99970627,0.025014473,7.088707447,12.28663921,10.69548702,554.2952881,113.9749451
1775,1661,14.06520271,28.57999039,50.29298401,0.022469832,7.086682796,12.51850605,10.99823189,550.0723267,118.9992294
1776,1662,18.06557465,28.57422256,50.44060516,0.019198028,7.084658146,12.63656998,10.92480469,551.4779053,115.6942291
1777,1663,19.61117554,28.56845474,50.54139709,0.015800809,7.029445171,12.45018482,10.84574795,551.3032837,114.7766647
1778,1664,18.94431496,28.57474518,50.22963333,0.014434565,6.974137783,12.26380062,10.85995388,552.6674194,113.7070618
1779,1665,24.02773857,28.5950222,50.20925522,0.01945415,6.979399204,12.08086205,10.55687046,556.2706299,110.2455673
1780,1666,15.94823551,28.61529922,50.32943726,0.024473736,7.05542326,11.89969444,10.99209595,549.8425293,117.9893951
1781,1667,29.95356178,28.61261559,49.99181747,0.023968728,6.68629837,11.71852684,10.37235832,560.7286377,105.7831497
1782,1668,27.64353752,28.60592842,49.68969345,0.020216217,6.745433331,11.88465309,10.24013901,561.8546143,105.6350861
1783,1669,22.5206604,28.60078812,50.10668945,0.016518952,6.848492622,12.05217075,10.64065838,555.8753662,111.8071594
1784,1670,20.0476017,28.60054207,50.43898773,0.015751794,6.941428185,11.98121834,10.8616457,552.4057007,113.7946014
1786,1671,19.63386345,28.60809517,50.1679306,0.016323058,6.705031872,11.51947975,10.86483097,552.786438,113.9200745
1788,1672,16.74863243,28.63279533,50.23168182,0.025132202,6.990412712,12.18247223,10.86075115,552.1746216,116.2178421
1789,1673,16.75478554,28.62255669,50.25698853,0.024282176,7.087788105,12.29990673,10.82807827,552.3810425,115.9525299
1791,1674,13.04733086,28.60544586,50.347332,0.019693555,7.054435253,12.26940918,11.07883549,549.1020508,118.427742
1792,1675,20.72879219,28.60350037,50.28359222,0.016467709,7.003091812,12.21972275,10.87328148,552.7688599,113.8860626
1794,1676,16.97754669,28.6235981,49.95001221,0.015033933,7.107752323,11.81810474,10.90644073,552.7840576,115.0126801
1796,1677,17.09884644,28.67486382,50.35935974,0.026097875,7.068917751,12.19631958,10.92404556,551.5420532,116.6008987
1797,1678,17.41844177,28.67461967,50.29262161,0.024325391,7.077934742,12.30101681,10.96313667,551.7989502,116.2827072
1799,1679,13.40037537,28.67464256,50.27256012,0.019873431,7.294852257,12.40954781,11.05226326,549.7380981,118.7004318
1800,1680,14.54721546,28.67529488,50.60040283,0.016883358,7.002835274,11.66972733,11.15200901,548.3835449,119.84758
1801,1681,20.90880013,28.67594719,50.53567123,0.013893287,6.305026531,10.68761635,9.533738136,565.8560791,99.97148895
1802,1682,16.06620598,28.68836594,50.26334,0.016837573,6.104361057,10.52357674,9.519094467,565.0360718,100.889946
1803,1683,24.68445969,28.70126915,49.95315933,0.021881398,6.896140099,11.74350262,10.53944778,558.0012817,109.6404419
1804,1684,30.80295563,28.70316315,50.33779144,0.026063131,6.949367046,12.10530186,10.42190266,559.5396118,106.1243896
1805,1685,30.54166412,28.68454552,50.39255142,0.024320163,6.975967884,12.42777443,10.50486565,558.6834717,107.1666718
1806,1686,28.68864441,28.66592789,49.97714233,0.022577196,6.998921394,12.4746542,10.3922472,560.7114868,106.2911453
1807,1687,18.02482605,28.66393089,50.57437134,0.02016692,6.929595947,12.52153397,11.03671551,549.517395,117.0456696
1808,1688,22.68055534,28.66786957,50.22702408,0.017126333,6.819450855,12.37295914,10.75734329,554.616394,111.5625
1809,1689,19.84481621,28.67471123,50.87657928,0.014085746,6.71155262,12.02112103,9.867225647,561.2901001,104.4909821
1810,1690,19.08665848,28.70247078,49.9849968,0.017995847,6.798363209,11.3188591,10.0129528,557.8492432,106.382843
1811,1691,19.72375298,28.73023033,50.03029251,0.022684503,6.850741863,11.66646957,10.80904102,553.7089233,114.4582977
1813,1692,17.65753365,28.7154026,49.8979187,0.024751484,6.717468739,11.55011177,10.8903141,553.3720093,114.5495148
1814,1693,16.20900345,28.69651604,49.67154312,0.023753481,7.142617702,11.74267483,10.79147339,553.9047852,114.6687317
1815,1694,13.24215031,28.69448662,49.65655136,0.02113153,6.851547718,11.93523788,10.8967371,552.7724609,116.7485428
1816,1695,21.90525055,28.69439697,50.61924362,0.017724782,6.769255161,11.84505177,10.86652565,553.0777588,113.3866653
1818,1696,19.25856018,28.70615578,50.50557709,0.019214999,6.978523254,11.51514721,10.98058891,551.2213135,115.9230118
1819,1697,14.62008095,28.71535301,49.98588943,0.023621539,7.115059853,11.83499241,11.01520061,551.2971191,117.3573227
1821,1698,17.37746429,28.67545319,50.51745605,0.026862221,7.14517355,12.39927673,10.92898369,551.2717896,116.3555527
1822,1699,15.80129242,28.65098572,49.77928925,0.027429555,7.221242905,12.54471874,10.8583498,553.3684692,115.1958847
1823,1700,12.42793083,28.64378357,50.62828827,0.023506233,7.297312737,12.69016171,11.1848135,547.256897,120.2118454
1824,1701,11.08298874,28.63658142,50.21038818,0.018726276,7.11030817,12.23696804,11.17377663,548.5023193,119.5528641
1825,1702,21.58890915,28.635149,50.67182541,0.016132388,6.451542377,11.33590317,9.997268677,560.28302,104.7686386
1826,1703,19.5568943,28.64074135,50.47270203,0.020922624,6.371083736,11.12233162,9.619029045,567.6167603,102.077507
1827,1704,14.40479279,28.64633179,50.24187851,0.025712859,6.911633015,12.21806908,10.97963047,550.8664551,117.6353836
1828,1705,17.95435143,28.62375641,49.79033661,0.028167438,7.048091888,12.20803165,10.7193222,554.8340454,113.382431
1829,1706,18.34144211,28.59581184,50.07135773,0.029173313,7.068092346,12.19799328,10.78560352,553.6678467,113.8671417
1830,1707,16.95440674,28.57344627,50.20851517,0.030139923,7.086704254,12.14277649,10.84477043,552.277832,114.5612793
1831,1708,14.52868652,28.56990623,50.1493187,0.024486307,6.944662094,12.08504295,11.01874828,550.8512573,117.0601883
1833,1709,22.25336266,28.57397079,50.05774307,0.016759977,6.70920229,11.19705582,9.651535034,564.1587524,100.8761597
1834,1710,22.22968292,28.58848953,50.17323685,0.02018296,6.626288891,11.29806995,9.761945724,563.826355,102.2280502
1835,1711,26.45752335,28.60300636,49.62689972,0.023605943,6.543375969,11.39908409,9.967861176,561.5803833,102.7297516
1836,1712,35.28843689,28.59093475,49.91383362,0.026992092,6.557068825,11.49232197,10.04467773,564.9273071,100.7033234
1837,1713,36.84564209,28.5774765,50.49578857,0.030368045,6.585175037,11.57217503,10.14333439,562.6711426,102.6039124
1838,1714,31.338871,28.57551575,50.27339172,0.032492775,6.549494743,11.65202808,9.91805172,565.2401123,101.0322952
1839,1715,27.55435944,28.59596443,49.6870575,0.028595774,6.192209721,10.57330704,9.749550819,562.9182739,100.7868958
1840,1716,27.94364357,28.61641121,49.90226746,0.024698768,6.743927002,11.36533546,10.33562088,561.0442505,105.6644821
1842,1717,24.76592445,28.70128059,49.61448669,0.021707315,6.53055048,11.04291916,9.675350189,565.1096802,100.8265686
1843,1718,25.48255348,28.73976135,50.19316101,0.020887826,6.31182766,11.29817963,9.598263741,567.006897,99.56552887
1845,1719,29.50400734,28.7039547,50.60069275,0.024246242,6.589948177,11.77307892,10.52746487,558.5045776,107.9913559
1846,1720,27.76662827,28.70098114,49.83346176,0.024072694,6.502371788,12.00287247,10.29970455,561.1203613,105.9171524
1847,1721,15.67416763,28.71265602,49.66936111,0.020138687,6.984801292,12.05032444,10.76320744,554.6329956,114.6884766
1849,1722,20.87559128,28.7415123,50.44799423,0.016629685,7.014314175,12.02621555,10.74142075,554.2783203,112.4770355
1850,1723,20.40813637,28.75935364,50.12182236,0.01869683,7.064374924,12.08712959,10.72325706,554.866394,113.4493637
1852,1724,19.46704102,28.74762726,50.03281021,0.027189231,6.803236961,12.04361629,10.74608994,554.8686523,113.8007813
1853,1725,19.85538483,28.72847939,50.61991119,0.033164725,6.758423805,11.77543736,10.86174297,548.9263916,114.3930664
1854,1726,18.52193451,28.72087288,49.68459702,0.033121634,6.741005898,11.50725746,10.61076164,556.6637573,112.1407623
1855,1727,16.92391205,28.71895218,50.13986969,0.027136842,6.933177471,11.7351675,10.90862083,552.93396,115.6778259
1856,1728,16.1524868,28.71722603,50.46344376,0.021152047,7.125972748,11.96493149,10.99549484,550.5582275,117.1416016
1857,1729,26.70559692,28.7186203,50.81463242,0.021382593,6.952583313,12.12234116,10.69397545,555.3825684,110.7236328
1858,1730,24.91176224,28.72001266,50.74599457,0.022369005,7.024439812,12.15179539,10.70868874,554.7962646,111.9054871
1859,1731,18.19766808,28.71064758,50.1853981,0.024959872,7.005391598,12.18124962,10.86008263,553.0245972,115.3268127
1860,1732,38.04696655,28.68798447,50.55984879,0.031670611,6.203704834,10.79444695,10.17978954,563.1400146,101.6641312
1861,1733,37.59127426,28.66532326,50.1685791,0.038381349,6.405831814,11.07114315,10.04583359,564.9768066,100.5270844
1862,1734,33.71714783,28.66130829,50.37602234,0.035385367,6.613046169,11.50226593,10.17631435,562.3625488,103.9768372
1863,1735,17.32801247,28.66095543,50.42156601,0.027585836,6.898252487,11.60346031,10.56744099,550.2128906,111.332489
1864,1736,26.04751015,28.65621185,50.31383896,0.020284262,7.073970795,11.70465374,10.50434589,557.7985229,108.2477951
1865,1737,25.66763496,28.6362648,50.17101669,0.021119447,6.958724499,11.81277657,10.57131958,557.9855957,108.8056717
1866,1738,26.81305313,28.61631966,50.24291992,0.021954633,6.960094452,11.93246174,10.46884823,558.5814819,108.6721954
1867,1739,18.14391518,28.59877396,49.92007065,0.02504486,7.00052309,12.05214787,10.69301701,555.010437,113.8778305
1868,1740,36.35512924,28.5827446,50.15032196,0.030933861,6.586868763,11.91131306,10.08735847,564.8434448,101.1091995
1869,1741,35.50068283,28.56674576,50.33124924,0.036822863,6.341959,11.68735504,9.971886635,561.3424683,99.62755585
1870,1742,33.69234848,28.57457924,49.9826355,0.032023061,6.170828342,10.60187435,10.02248192,564.5888672,102.5332642
1871,1743,29.03787804,28.58241272,50.38185501,0.025109204,6.302735329,10.99158001,10.40528393,559.0479126,107.6989899
1872,1744,24.40086174,28.58757973,49.72275162,0.019204082,6.806852341,11.49993515,10.38750362,559.5211792,108.6412582
1873,1745,24.1011219,28.58857346,50.49499512,0.016808972,6.939523697,12.00828934,10.42943192,551.2553711,107.3319473
1875,1746,16.13792419,28.58990097,50.36174774,0.016952431,6.896277428,12.32189751,10.98433018,550.7619629,117.1256638
1876,1747,17.71810341,28.59004402,50.44220352,0.022620158,6.93302393,12.34932232,10.89945507,551.0783691,116.071312
1878,1748,28.36504936,28.61899757,50.25250626,0.024308018,6.756993771,11.90069485,10.37693882,559.6420898,107.1594467
1879,1749,25.02769852,28.64369965,50.30722809,0.020334119,6.868341923,12.04019547,10.63727951,556.4284668,110.2650146
1880,1750,22.32390022,28.65863037,50.65066147,0.017292108,6.983498573,12.17120457,10.78241062,553.4916382,113.8405685
1881,1751,22.06521606,28.66575432,50.42198181,0.015713403,7.030547142,12.12943745,10.78355885,554.0383301,113.0968704
1882,1752,18.89954758,28.67287636,49.98595047,0.014134697,6.966822624,12.08767033,10.78318691,554.7202759,113.6977081
1883,1753,19.33414268,28.67176437,49.73581696,0.017327262,6.90309763,12.03327465,10.71718788,555.6409302,113.0965958
1884,1754,27.91471481,28.67017174,50.06243515,0.021883022,6.839643002,11.9625082,10.41353893,559.6104126,107.3634949
1885,1755,29.37016869,28.67391014,50.24356461,0.025199341,6.776296616,11.89174271,10.45182705,559.5116577,107.1751633
1886,1756,26.7907753,28.68833351,50.05600739,0.022306785,6.725090981,11.94924641,10.445261,559.2741089,107.9344101
1887,1757,26.8045826,28.70275879,49.93466187,0.019414229,6.844482899,12.03413773,10.47041607,559.2037354,108.431572
1888,1758,21.65389633,28.70844078,50.53792953,0.017344795,6.96387434,12.10095024,10.83853817,553.5146484,113.8503647
1889,1759,21.15161705,28.71074867,50.04895401,0.015935376,7.054373264,12.07353973,10.68182564,556.206665,111.8622971
1891,1760,16.64708138,28.70088577,50.02371979,0.018211655,7.161489964,11.9890213,10.84688187,553.4675903,115.8953705
1892,1761,17.66210556,28.69014931,50.24735641,0.022202328,6.966327667,11.90758801,10.86512756,552.4428711,115.7813492
1893,1762,27.4333725,28.69128036,50.395298,0.024115067,6.767255783,11.82615471,10.51060677,557.8097534,108.9168091
1894,1763,25.89613533,28.70434189,50.09542847,0.021850571,6.6277318,11.95990562,10.46393585,557.9440918,109.100769
1895,1764,24.01302338,28.71740341,50.32555389,0.019586073,6.530731201,12.10777855,10.57416153,550.4284668,108.443634
1896,1765,22.064394,28.72060585,50.40245056,0.017477985,6.757978439,12.21095943,10.77513218,553.8881836,113.8977966
1897,1766,21.30963135,28.72255707,50.61582565,0.015430541,6.985225677,12.19479656,10.87141609,553.0921021,114.3759537
1898,1767,18.40919113,28.72455978,50.08231354,0.013979779,7.113841534,12.17863464,10.85252857,554.244873,114.2410202
1899,1768,15.66235828,28.72670555,50.30121994,0.017395249,7.137375355,12.06930733,10.99759674,551.3745117,117.0657272
1900,1769,18.10163879,28.72885132,50.23600388,0.020810718,7.160908699,11.9098959,10.90940952,552.8049927,115.7464066
1901,1770,28.36455917,28.73979187,50.22592163,0.02163033,6.785128117,11.74503994,10.22851658,555.4155884,103.6280365
1902,1771,25.2701149,28.75517273,49.81907654,0.019830743,6.615016937,11.44617653,10.50968933,559.1348267,108.8084564
1903,1772,24.18483734,28.77001953,50.08106232,0.018031154,6.696557045,11.43961143,10.62966061,556.8251343,110.8923035
1904,1773,21.71017647,28.77536011,49.93982697,0.016060226,6.872922897,11.70507622,10.70955753,555.6881104,112.5103302
1906,1774,17.62633896,28.79025269,50.11915588,0.013774867,6.547450066,10.80603409,10.34306908,562.2987671,111.7434082
1908,1775,28.41992569,28.8200016,50.55374146,0.022148971,6.584805012,11.89797211,10.60723019,557.1746216,109.5858231
1909,1776,28.64393806,28.82283401,50.38524628,0.02260506,6.468076229,11.98107529,10.56087685,557.9929199,109.1435852
1910,1777,25.60430717,28.82320976,50.3225441,0.021172015,6.630819321,11.98622036,10.66790295,557.0146484,110.9025269
1911,1778,23.85201263,28.82036781,50.09671402,0.019656328,6.648496151,11.99136543,10.64776134,557.3907471,110.5811768
1912,1779,20.1179924,28.8060627,50.20220947,0.016651409,6.854719639,11.91074944,10.80605125,554.0910034,113.9077606
1913,1780,18.99538612,28.79175758,50.40322495,0.01364649,6.835904121,11.75455284,10.91034222,553.2485352,114.909668
1914,1781,17.9474411,28.78782082,49.808815,0.014307012,6.883561611,11.58881187,10.83088398,553.8410645,115.0546036
1915,1782,23.42968178,28.79057503,49.92854309,0.019613301,6.881052971,12.15414047,10.59886169,557.3925171,110.8140411
1916,1783,29.68761063,28.79333115,50.5707016,0.02491959,6.700561047,12.00848675,10.56385612,557.2819214,108.737381
1918,1784,27.05532265,28.76611328,50.39154053,0.020144878,6.630959034,11.92034817,10.66571999,556.7169189,109.9181595
1919,1785,22.77182007,28.7520504,50.06019211,0.017121632,6.817090034,12.10755062,10.63993073,556.928894,110.925705
1920,1786,21.26915932,28.73730469,50.59967422,0.014392667,7.003220558,12.29475307,10.94317055,551.8720703,115.1236725
1921,1787,18.54913521,28.72255707,50.52507401,0.011663702,6.447449207,11.36090469,9.656493187,567.2443237,102.357048
1922,1788,17.27490616,28.72878075,50.27020645,0.013398946,6.76328373,11.39637184,10.92417431,550.1181641,116.0399857
1923,1789,21.32228088,28.74136734,50.12696457,0.018107206,7.048164845,12.27742672,10.71351814,555.1018066,112.9619217
1924,1790,28.63742065,28.75165749,50.02505493,0.022815464,6.694647789,12.00771999,10.44960499,559.520874,107.8215408
1925,1791,29.54389,28.74916267,49.90383911,0.020770308,6.525895119,11.80757523,10.31624603,561.2510376,105.9769669
1926,1792,26.25934792,28.74666786,49.89295959,0.018624797,6.635944843,11.97399998,10.43612385,559.5065308,108.9953613
1927,1793,21.7801857,28.73884773,49.6755867,0.016402716,6.895689011,12.14042377,10.62430668,557.2411499,111.0037308
1928,1794,20.03503036,28.72644424,50.6803093,0.014050464,6.985328197,12.13316822,10.96510792,551.3054199,116.6887054
1929,1795,15.99839401,28.71404266,50.53916931,0.011698213,6.964232922,11.96177483,11.09528542,549.3716431,118.420845
1930,1796,17.19512749,28.72093582,50.15430069,0.014346354,6.895554066,11.48591423,10.51419926,563.0229492,114.7412796
1932,1797,28.18151093,28.7330513,50.21805191,0.02207767,6.884333134,11.79677105,10.52331161,558.50354,108.8594894
1933,1798,31.15773201,28.7256031,50.55926514,0.020641193,6.660346031,11.67659855,10.51567078,558.2194214,108.0162354
1934,1799,26.3178997,28.71815681,49.56005859,0.019204713,6.832340717,11.55270481,10.39881134,560.5940552,106.9776611
1935,1800,22.65543938,28.70962334,49.9059906,0.016924936,6.829618931,11.62209892,10.65312767,555.9893188,111.5957031
1936,1801,21.87165451,28.70060921,50.57797623,0.013884028,6.850192547,11.86635017,10.92001438,552.5126343,114.4501114
1937,1802,15.36262226,28.6932888,50.14812469,0.010843121,6.562490463,11.46022415,9.923041344,561.2563477,107.7384796
1938,1803,14.89048195,28.70597649,49.93600845,0.014809986,6.372324467,11.1867485,10.45086384,553.213562,112.5156021
1940,1804,28.79331779,28.72351456,50.47144318,0.022504508,6.870117188,11.99777412,10.51262188,557.8926392,108.9348297
1941,1805,27.89226723,28.71927452,49.72318649,0.021704109,6.68941164,11.84477329,10.38146687,560.4649658,107.0858612
1942,1806,24.20086479,28.71503448,50.03725815,0.020903708,6.722550392,11.41636658,10.58784962,557.5149536,109.891449
1943,1807,22.10237503,28.71242332,50.25971985,0.018803474,7.006047249,11.74504757,10.73759747,554.1881104,112.4366074
1944,1808,19.85146332,28.71010208,50.58748627,0.016093671,6.813084602,12.08099174,10.93707275,551.8115234,115.3159027
1945,1809,17.49606514,28.71218109,50.0878067,0.01376908,6.936991692,11.87626457,10.90250969,552.132019,116.0037766
1946,1810,15.33465958,28.72872162,49.97612381,0.016911941,6.890413284,11.89238358,10.99688625,551.3624268,117.5587463
1947,1811,21.92212868,28.74526024,50.39162827,0.020054802,6.972791672,12.09980488,10.77630043,553.9560547,113.5403214
1948,1812,27.89959717,28.74712181,49.99744797,0.021345824,6.84785223,12.30722618,10.50335789,559.0759888,108.6503677
1949,1813,28.93415451,28.73992538,49.84774399,0.020380704,6.790808678,12.1910162,10.36451912,560.348938,106.3603821
1950,1814,25.39021111,28.73279572,50.65550613,0.019415583,6.771323681,11.83755207,10.6632843,551.9959717,109.1676865
1951,1815,26.57332039,28.74486542,50.28842163,0.018554097,6.425763607,11.14042187,10.48910332,558.467041,109.5914764
1952,1816,23.60805321,28.75693321,50.72480392,0.017712966,6.932043552,11.65473175,10.83592415,553.5652466,113.7085953
1953,1817,22.14673805,28.77311325,50.54164124,0.017435052,6.967721462,12.16904259,10.85327053,553.3655396,113.8427887
1954,1818,22.57963562,28.79575539,49.80588913,0.0191424,7.003399372,12.11220455,10.6290369,557.4945679,111.0525055
1955,1819,15.7501421,28.81839561,50.18722916,0.020849749,6.975667477,11.93206692,10.99735832,551.050293,118.4353943
1956,1820,28.03668594,28.80631638,50.44552994,0.021323714,6.884346008,11.81811047,10.6241188,557.1089478,109.7585526
1957,1821,27.07621193,28.7840786,50.07063675,0.020996138,6.793025017,11.95662403,10.43172932,559.5183716,108.2339706
1958,1822,25.36560059,28.76480103,50.17992401,0.020668563,6.783621311,12.09513855,10.62367153,557.6429443,109.8136444
1959,1823,22.22815323,28.76120758,50.22439575,0.017407836,6.790006161,12.06422234,10.74451733,555.0232544,112.6200943
1960,1824,20.960886,28.75761414,50.66857529,0.014120851,6.826638699,11.91448116,10.95859718,551.9179688,114.7167358
1961,1825,18.78909874,28.76155663,50.49217987,0.013133507,6.671459675,11.74666023,9.846370697,563.274292,103.525116
1962,1826,19.13605118,28.77182198,50.29268265,0.015960261,6.859313965,11.46519947,10.92289162,552.619812,115.4215546
1963,1827,22.76863289,28.78208733,50.26096344,0.018787015,7.002715588,11.95026016,10.77790356,554.9586182,113.1374588
1964,1828,29.94822121,28.76195717,50.27471161,0.020266997,6.860655308,11.75543499,10.41977787,559.9767456,107.1748352
1965,1829,28.75318146,28.73950386,50.10988617,0.02132459,6.718594551,11.39724445,10.41845036,560.0355225,106.5904007
1966,1830,25.28517723,28.72627068,49.8941803,0.021852436,6.643690109,11.36856842,10.42282104,559.4805908,108.0686417
1967,1831,23.82665253,28.73315811,49.88304138,0.019293707,6.626769066,11.4710722,10.61914921,557.5335693,110.7703094
1968,1832,26.48117638,28.74004745,50.44800568,0.01673498,6.603868008,11.35757256,10.61955738,556.357666,110.414238
1970,1833,22.13793373,28.75886154,49.6794548,0.018772451,6.654237747,11.45697594,10.5933857,558.0787354,110.6025848
1971,1834,25.46188927,28.76623154,49.93394852,0.020885555,6.673914433,11.61297321,10.50972462,559.0280151,109.4439545
1972,1835,29.88457108,28.74663734,50.11698151,0.021569382,6.693591595,11.76897049,10.32480049,561.2630615,105.8605957
1973,1836,29.3409214,28.72704124,50.54660034,0.022123022,6.6930933,11.76218796,10.50604248,558.1100464,108.550972
1974,1837,25.76891136,28.72582626,49.49784088,0.021770569,6.682641506,11.674963,10.33058262,561.5599976,106.3439865
1975,1838,24.16063881,28.74538803,50.45510483,0.019318333,6.669527531,12.02291203,10.73462963,555.0214844,111.9465942
1976,1839,21.62142944,28.7649498,50.37382507,0.016866095,6.746520519,11.80990887,10.84490871,553.9650879,113.6317749
1977,1840,21.78426743,28.80083656,50.52908707,0.01728479,6.823513031,11.59690666,10.84110928,553.4672852,114.1960754
1978,1841,22.58037376,28.83949852,50.35590363,0.01901456,6.927767754,11.61070442,10.71050167,555.5049438,112.821434
1979,1842,25.68664169,28.86817169,49.52188492,0.020558136,6.848381519,11.66406059,10.41702652,561.5145264,107.2966995
1980,1843,29.6631546,28.86515999,49.85562515,0.019685702,6.768995285,11.59796524,10.35444736,562.7814331,105.8053055
1981,1844,24.46839142,28.86214638,49.90155411,0.018813269,6.495271683,11.2982254,10.57643986,558.6710205,110.6443481
1982,1845,23.16718483,28.85482025,50.01475906,0.018554043,6.578095436,11.62304688,10.66599369,557.3811646,111.0556717
1983,1846,22.80532455,28.84491539,49.81103134,0.019016752,6.685647964,11.94786835,10.58347511,558.5023193,110.466011
1984,1847,23.47323799,28.83522415,50.4210701,0.019479463,6.78569603,11.73682117,10.78193569,554.958313,112.6515732
1985,1848,20.32591629,28.84010124,50.1848259,0.018988717,6.426386833,11.20970154,10.11905575,565.8444824,109.8237228
1986,1849,21.95918465,28.84498024,50.30018616,0.018326882,6.560034752,10.91239929,9.668375969,566.3999023,101.7480621
1987,1850,25.14756584,28.8532753,50.14220047,0.018148713,6.682147026,11.16296577,10.51020241,558.4083862,110.3149185
1988,1851,27.63563156,28.86663246,49.96983719,0.019531334,6.891144753,11.43332767,10.43242931,560.8856201,107.3897705
1989,1852,21.94513321,28.87999153,49.97356796,0.020913955,6.94436121,11.59098911,10.66395187,557.2766724,111.9760132
1990,1853,24.09187317,28.8914566,50.6831398,0.020070514,6.997577667,11.4110527,10.6785202,555.0050659,111.4386597
1991,1854,22.55437088,28.90242386,50.19139862,0.01789281,6.910888672,11.52869511,10.69103146,556.3070068,112.9247208
1992,1855,21.39226913,28.91388321,50.20321655,0.015742013,6.826209545,11.80717754,10.83292484,555.2763062,113.9596329
1994,1856,20.72920227,28.94127655,49.96730423,0.015242685,6.951340199,11.996521,10.76339149,556.0653687,113.5137863
1995,1857,21.10495949,28.9171524,50.18535233,0.016566334,6.912522793,11.91270638,10.80022907,555.5713501,113.9701233
1996,1858,25.50468063,28.86438179,50.10474396,0.020224744,6.789905548,11.86411953,10.51179123,558.2982178,110.5328598
1997,1859,28.50070572,28.81161118,49.72307587,0.023883155,6.66728878,11.86764622,10.35326004,562.0172729,106.098114
1998,1860,26.70516396,28.80353928,49.61796951,0.021876661,6.838732719,11.87117386,10.41088295,561.243042,107.1251755
1999,1861,20.86808205,28.7974472,50.15384674,0.018375205,7.030191422,12.02603436,10.74613953,555.1438599,113.2815781
2000,1862,22.74511909,28.78992271,49.94604874,0.015248367,6.795165062,12.22063065,10.6801815,556.8018188,111.8663101
2002,1863,18.70162392,28.76789665,50.13023758,0.01241193,7.031829357,12.11432362,10.81040287,553.7613525,115.2449417
2003,1864,22.2021904,28.75629234,50.3119278,0.014499635,7.056337833,11.8774147,10.68436527,555.3648682,113.2010727
2004,1865,28.60540581,28.74440956,50.73474884,0.019248443,6.775010586,11.78714752,10.59578228,556.8363037,109.8078613
2005,1866,28.51940536,28.73300934,49.88700485,0.023997251,6.612964153,11.82339859,10.3167057,561.6467285,106.5058289
2006,1867,25.00160789,28.72820282,50.09199142,0.021295002,6.837505341,11.85964966,10.49655437,557.9671021,109.9440002
2007,1868,23.39106941,28.7233963,50.39897919,0.018259639,6.647242546,11.95849228,10.73727798,555.3874512,112.4487686
2008,1869,23.09873199,28.72255135,50.84741592,0.016310932,6.796154499,12.06477356,10.85872555,553.2994385,114.354744
2009,1870,23.46362877,28.72642136,50.61769104,0.016416958,6.945066452,11.90793705,10.77968979,554.4641113,113.2571259
2010,1871,24.63743401,28.73028946,50.09096146,0.016522983,6.505856991,11.03060818,10.57957935,558.2194824,109.8487091
2011,1872,24.23758507,28.72339439,49.63036346,0.019174593,6.945755959,12.10024071,10.45360851,560.0162964,108.9641418
2012,1873,29.4985466,28.71452904,50.46869659,0.022745945,6.829104424,11.85128212,10.48753738,558.8370972,108.2490387
2014,1874,27.80764008,28.71982574,50.23257065,0.021294814,6.4028368,11.77543068,10.48502445,558.5594482,109.4057007
2015,1875,22.67614174,28.72962189,50.25917435,0.01721473,6.668584824,12.01341534,10.72072697,553.6921997,113.0421448
2016,1876,22.59825897,28.72903442,50.31932068,0.014761099,6.961107254,11.81979179,10.73246574,555.6682129,110.9925003
2017,1877,18.62492943,28.72215271,50.77857208,0.013859258,7.161776543,11.80530357,10.96324062,550.7354126,117.4191895
2018,1878,17.61125183,28.71525574,50.12737274,0.012957418,7.106859207,12.29098415,10.8788538,552.9956055,115.5147705
2019,1879,16.55315018,28.70709229,49.62337112,0.017487263,7.043683529,12.1045208,10.77105713,554.9387817,114.9029083
2020,1880,27.85165787,28.69892883,50.69504166,0.022617538,6.858309746,11.91805649,10.63306427,556.5601196,110.0328064
2021,1881,27.7617569,28.70088768,50.04095459,0.025442734,7.021145821,11.88245583,10.48364925,559.3035889,107.8185883
2022,1882,25.74302292,28.71804428,50.28150177,0.02259079,6.814366341,12.04128456,10.58483696,557.1833496,109.8377304
2023,1883,22.89907455,28.73520088,50.56221771,0.019738847,6.931735516,12.2001133,10.8132925,553.8458862,113.0810928
2024,1884,19.77493095,28.74010658,50.45767975,0.018012822,7.049104214,12.08419704,10.94754791,552.7891846,116.1803818
2025,1885,20.17452621,28.74172401,50.78199387,0.016822785,6.708391666,11.88880157,10.986063,550.9460449,115.6768951
2026,1886,19.33370018,28.74280167,50.12330627,0.015951326,6.852267742,11.81926632,10.76507854,554.3104248,114.4468689
2027,1887,19.6729393,28.74136734,50.63726807,0.019580102,7.015738964,11.54443264,11.01144695,551.600769,116.755188
2028,1888,29.01437378,28.73993492,50.32062531,0.023208875,6.466897488,11.3446579,10.51444817,559.1419678,108.2259369
2029,1889,28.67201996,28.74297142,50.4379158,0.023430364,6.785084724,11.60309601,10.4393177,558.2194214,108.8364334
2030,1890,25.20121384,28.74944115,50.02836609,0.019566981,6.762619972,11.84872055,10.62014675,558.0734863,110.0711441
2031,1891,21.21262169,28.75591087,50.52572632,0.015703598,6.807483673,12.07526207,10.81942844,553.7607422,114.3660278
2032,1892,20.47668266,28.74837494,50.4271965,0.014545031,6.831190586,12.30180359,10.88276196,553.1376953,114.7136536
2033,1893,19.13148117,28.74016953,50.27954865,0.013888843,6.795408249,11.31259632,10.4225502,553.9879761,110.9819717
2034,1894,17.68154526,28.73269844,50.0082283,0.014180124,6.822814941,11.86684036,9.836905479,562.5415649,105.2886353
2035,1895,13.09808636,28.72663116,50.04115677,0.017608926,6.966144085,12.01870632,11.09210205,550.5783081,119.2612305
2036,1896,15.74130726,28.72056389,50.1067009,0.021037728,7.100383759,11.96256638,11.05395508,551.0206909,117.9061966
2038,1897,15.70834064,28.70929146,50.36969757,0.01749292,6.988231182,12.07516003,11.06560326,549.9597168,119.5
2039,1898,19.92141724,28.70300674,50.00564575,0.014517979,6.843738079,12.23364353,10.7646246,554.4754028,114.2537613
2040,1899,17.44246864,28.69145775,50.0777626,0.013162492,6.964614391,12.36557579,10.88778782,552.4274292,115.9097977
2041,1900,16.64796448,28.67990875,50.0572052,0.011807006,7.164029121,12.46222687,10.96668911,552.114502,116.143837
2042,1901,12.74617767,28.67731094,50.36267853,0.012397046,7.301461697,12.55887794,11.15254402,548.3076782,120.642189
2043,1902,18.37687111,28.68337822,49.84529495,0.01593267,7.055922508,12.33501625,10.83595181,554.2175293,114.7907181
2044,1903,24.84944153,28.6894455,50.60398102,0.019468294,6.965293407,12.15126133,10.74205303,554.3582764,112.504982
2045,1904,13.85181999,28.70128059,50.18924332,0.018308295,6.920958519,12.3102417,11.03909588,550.2186279,119.3308411
2046,1905,21.15548134,28.71378136,50.4502182,0.015872838,6.973804474,11.93573856,10.70225716,547.49823,111.0424347
2047,1906,17.9960022,28.72545242,50.1622467,0.01356469,6.896105766,11.81339931,10.95983315,552.7297974,116.364151
2048,1907,15.54369068,28.7350502,50.55128098,0.011856464,6.949021339,12.09942913,11.12808418,549.5479736,118.7188644
2049,1908,15.41433907,28.74464798,50.37579346,0.010148237,7.145386696,12.38545799,11.13115692,550.0639648,118.303772
2050,1909,13.62418175,28.76233673,49.98821259,0.011271948,7.341752529,12.4769001,11.08903599,550.0401611,118.5296478
2051,1910,17.57473373,28.78394318,49.87166214,0.014590075,7.216091156,12.27005386,10.91883373,553.703064,115.6806183
2052,1911,24.30148506,28.80434036,50.40893555,0.017908202,7.084611416,12.06320667,10.78779888,554.6948242,113.25103
2053,1912,25.34656525,28.80630302,50.02009201,0.016135087,7.062069416,12.15584564,10.5840435,557.7943726,110.524971
2054,1913,21.83276558,28.80826759,50.28799438,0.014100811,7.039527416,12.33181477,10.54581833,558.2802124,111.4002151
2055,1914,17.26351166,28.8104763,49.80904007,0.012911481,6.851541042,12.48537159,10.90569687,553.6109009,115.6987686
2056,1915,18.41378021,28.81299019,50.0647583,0.013372104,7.005274296,12.48001957,10.97496414,552.4714966,116.3479996
2057,1916,14.1889286,28.81550217,50.2492485,0.013832727,7.159007549,12.4746666,11.17136574,549.1073608,120.3158951
2058,1917,13.99259186,28.83366394,50.20359421,0.015637591,7.177351952,12.16256809,11.2203474,549.1096191,120.0148392
2059,1918,17.01451683,28.85486603,49.80726242,0.017946718,7.033346176,11.8723526,11.00133801,553.0478516,116.7442627
2060,1919,26.50891685,28.86966705,50.55123138,0.019740939,6.959234238,11.89142132,10.78919792,555.4795532,111.5519562
2061,1920,27.13541794,28.8625412,50.36491394,0.01760466,6.885122299,11.91049099,10.64764023,557.1171875,110.5297775
2062,1921,22.96542358,28.85541725,49.69707489,0.01546838,6.78070879,12.05340672,10.63613415,557.6205444,111.3701172
2063,1922,16.58921051,28.83727837,49.99388123,0.013334199,6.958491325,12.20784473,10.99096203,552.0549927,117.3279877
2064,1923,17.70635414,28.81223488,50.72783279,0.011202076,7.136273861,12.33963299,11.1284523,549.9404907,118.2087631
2065,1924,13.55560875,28.78723717,50.38549423,0.009069955,7.208728313,12.40558815,11.30964565,547.6702881,121.0979538
2066,1925,15.19299412,28.77688599,50.36493683,0.011457717,7.247462749,12.47154427,11.13382244,549.2281494,119.563179
2067,1926,16.61814308,28.76653481,50.2432785,0.014388399,7.266033173,12.32633305,10.99031258,551.1191406,117.9695053
2068,1927,26.207201,28.74814415,50.01821899,0.016162813,7.116633892,12.06470394,10.63530064,557.6951904,109.8271713
2069,1928,26.01384544,28.71724701,49.97372437,0.014981201,6.967235088,11.81989765,10.46341038,558.2097778,109.5473175
2070,1929,22.56742096,28.68634796,50.20225906,0.013799588,6.9135499,12.06853199,10.45962143,555.4067993,108.7695389
2071,1930,15.97255039,28.66471672,49.85272217,0.0126387,6.957440853,12.31716633,10.92696095,552.3531494,116.2761612
2072,1931,14.17212391,28.64569855,50.68146515,0.011488037,7.319061756,12.1772213,11.08655262,540.293335,116.6942291
2073,1932,16.99861717,28.63218689,50.15549088,0.010541313,7.027328491,11.93458843,11.00197124,551.5946655,115.8351746
2074,1933,14.05836964,28.64580536,50.42248917,0.012890152,7.10232687,12.02075672,11.13858986,548.8427124,119.7556915
2075,1934,19.60358047,28.65942574,49.73997498,0.015238989,7.008051395,12.10692406,10.71419048,555.4290771,113.252861
2076,1935,24.73227882,28.66679382,50.42884445,0.016278865,6.913775921,11.56113243,10.55031204,553.1270752,108.8318863
2077,1936,24.96152878,28.66919327,50.59888077,0.01569844,6.766573906,11.03948212,10.76398182,554.7171631,112.1682663
2078,1937,19.95918274,28.67159462,50.44102859,0.015118016,6.787685871,11.99012661,10.81507492,553.3594971,114.8821335
2079,1938,18.25333405,28.66240501,49.75920486,0.014184437,7.11874342,11.86678028,10.77201462,554.7978516,114.1931534
2080,1939,18.15070343,28.65255165,50.36606598,0.013181338,7.185629845,12.22315121,10.94855118,550.9315796,116.454071
2082,1940,16.19723701,28.67268181,50.60393524,0.01234015,7.11092186,12.52223969,11.04736805,549.4422607,118.6243057
2083,1941,16.0556469,28.69267845,50.41191864,0.012289017,7.107426167,11.69731045,11.03853035,549.8995361,118.2850571
2086,1942,17.76911736,28.76998329,50.39196396,0.01252243,7.089614868,12.17773342,11.07022381,550.6019897,117.0498352
2087,1943,15.87543201,28.80799103,50.1296196,0.011626973,7.172531128,12.33309555,11.07926464,550.6570435,117.8106689
2088,1944,15.65439987,28.84599876,50.14497757,0.010731516,7.25747633,12.24969864,11.14881706,550.7525635,118.6465836
2089,1945,15.07369709,28.87988853,49.86789322,0.010335661,7.345076084,12.11456871,11.08758354,551.6986084,118.3806686
2091,1946,15.01131725,28.9394455,50.37889862,0.011108726,7.325532436,12.09153652,11.1357975,549.9569702,119.3579254
2092,1947,20.62310219,28.91969109,50.45510101,0.012164682,7.172865868,12.1703701,11.03322792,552.0002441,116.4704208
2093,1948,22.07283783,28.89373779,50.08343506,0.013411189,7.0064044,12.08821201,10.80723953,555.34375,113.0526962
2094,1949,19.49800682,28.87404442,50.14097214,0.01413934,6.82927084,11.85787392,10.82008648,553.6192627,115.1603699
2095,1950,14.64156246,28.87065697,49.50617981,0.012282778,6.600255489,11.04388618,9.900309563,558.3961182,105.1695938
2096,1951,12.24563313,28.80114174,49.7179184,0.009426113,7.427343369,12.06196022,11.05325127,550.8157349,121.1922073
2097,1952,14.67291451,28.81025887,49.94787598,0.011672761,7.299195766,12.26156807,11.10119343,551.1700439,119.9678497
2098,1953,20.96326065,28.81735039,50.21066284,0.013919408,7.196815491,12.24470997,10.96763039,553.4713135,116.6318817
2099,1954,20.6633873,28.80485344,50.24542618,0.012767761,7.036208153,11.4531765,10.88569355,553.2336426,115.6900864
2100,1955,18.21117592,28.79235649,50.69447327,0.011563632,7.046617985,11.7777586,11.05202007,550.6311035,119.1324539
2101,1956,14.45254707,28.78276062,50.53752899,0.010209679,7.030100822,12.0562315,11.21833324,548.4019165,121.6212387
2102,1957,13.79046059,28.77632523,49.78891754,0.008600509,7.093325615,12.33470535,11.05223179,550.7474976,119.6708908
2103,1958,12.15450096,28.76988983,50.58422852,0.006991338,7.183987617,12.43104935,11.29241371,546.784729,123.9272232
2104,1959,9.501774788,28.77893639,49.78638458,0.00844084,7.13129425,12.39948654,11.18754196,548.5460205,123.8342972
2105,1960,13.68531418,28.79042244,50.26588821,0.010883122,7.197399139,12.36792278,11.12604904,549.2582397,121.0926285
2106,1961,20.43167877,28.79942513,50.14372635,0.01293181,7.21774435,12.36813545,10.92501354,553.696167,115.6501923
2107,1962,22.09020615,28.80094528,50.20471191,0.012566678,7.210651875,12.33842182,10.7305088,554.8189087,114.5056229
2109,1963,15.81456947,28.80517387,50.48387146,0.011166469,7.045296669,12.40929031,11.16484547,549.2006226,120.6647339
2110,1964,12.90289307,28.80856705,50.1621933,0.009525765,7.338701725,12.57361221,11.16561985,549.4805908,121.6580734
2111,1965,12.3046093,28.81213188,50.56196594,0.007885059,7.410558224,12.72763634,11.37390518,546.6602783,123.8720322
2112,1966,13.18782902,28.82440567,50.76603317,0.009824315,7.476041317,12.53915405,11.35760403,546.8681641,123.9629288
2113,1967,13.67466831,28.83668137,50.09703445,0.012116648,7.431926727,12.35067177,11.09402084,550.1763306,120.4762192
2114,1968,21.13551521,28.84399414,50.66653824,0.013700674,7.173885345,12.24881554,10.98893452,551.7243652,117.8117142
2115,1969,22.6676445,28.84399986,50.27248764,0.013595412,6.952663422,12.28726673,10.81251907,554.5652466,114.8917007
2116,1970,19.93057442,28.84400368,49.49080276,0.013490148,7.108318806,12.32571888,10.71900749,556.6646118,113.9781036
2117,1971,16.45647621,28.84398079,50.66852188,0.01247649,7.26397419,12.38452435,11.13315678,549.3592529,120.4213409
2118,1972,14.49980259,28.84395027,50.06941605,0.011036651,7.228153706,12.44949055,11.10042572,550.682373,119.7569504
2119,1973,13.3201828,28.8478241,50.15652466,0.009765889,7.158706665,12.49474049,11.18375015,549.4299927,121.2674408
2120,1974,13.63990307,28.87017059,50.58323288,0.010891726,7.090548515,12.41768169,11.28806782,547.4127808,124.177002
2121,1975,14.23082924,28.89251709,50.19915009,0.012017563,7.008111477,12.34062386,11.1292038,549.8821411,122.1679688
2123,1976,21.46569252,28.87984085,50.48080444,0.012829151,7.167911053,12.34443665,10.90135479,552.9890137,116.3703613
2124,1977,19.25643539,28.86540031,50.14120483,0.012962606,7.277816296,12.34709072,10.82886791,548.1553955,113.6636124
2125,1978,15.64353466,28.85513496,49.98578644,0.012077224,7.333873749,12.37704086,10.98481178,552.2767944,119.4000473
2126,1979,14.93893719,28.84511757,50.33543777,0.01099233,7.38636446,12.47853756,11.19304085,549.4373169,121.1081619
2127,1980,13.97003937,28.84174347,50.5932579,0.010310318,7.407793045,12.5800333,11.24588585,547.8983154,122.1647415
2128,1981,12.08811092,28.85188866,49.90715408,0.011045579,7.350602627,12.53274632,11.10951138,549.9414673,121.5619659
2129,1982,14.81887722,28.86203384,50.56837082,0.01178084,7.293411732,12.39788914,11.17721272,548.6339722,122.026474
2130,1983,19.88812256,28.84922981,49.56056213,0.012342916,7.206289291,12.25379944,10.71738052,556.8215332,114.2251816
2131,1984,20.69071007,28.82726097,50.58049011,0.012792566,7.240134239,11.53847408,10.97117424,552.2761841,117.4802246
2132,1985,18.39676476,28.80739975,50.07797623,0.013242215,6.900972366,11.78635216,10.90798283,553.1603394,116.6331329
2133,1986,14.75735664,28.80589676,50.48657608,0.011904658,7.080645084,12.12849712,11.18566895,549.1261597,121.6789474
2134,1987,13.8861618,28.80439377,50.09330368,0.010557578,7.11485815,12.47064114,11.11892414,550.4755859,120.4166412
2135,1988,13.68707752,28.81241608,50.3263588,0.009913269,7.196572781,12.50787544,11.18116283,549.0783691,121.7886276
2136,1989,12.56220913,28.83029938,50.17937088,0.010399128,7.291689396,12.51097965,11.20462799,549.899231,123.1900635
2137,1990,14.3863802,28.84818077,50.08464432,0.010884987,7.356086254,12.48215866,11.09426498,550.4203491,121.2644501
2139,1991,22.84092522,28.84524918,50.0884819,0.013049739,7.113529205,12.21482658,10.67668724,556.3403931,114.0795822
2141,1992,15.67641354,28.82107735,49.92155075,0.012177301,7.058138847,11.51796722,11.00134468,551.8481445,118.591507
2142,1993,14.58072758,28.80358124,50.46971512,0.010587278,7.089812279,11.74126339,11.1137104,548.9872437,121.6211243
2143,1994,14.48757362,28.7979393,50.11367035,0.009921975,7.224533558,12.11104107,11.10774326,550.0968018,121.0190659
2144,1995,13.27673817,28.79849434,50.04359818,0.010015588,7.358794689,12.39363289,11.11664295,549.756958,121.5396118
2145,1996,14.10033894,28.79752731,50.38735199,0.010109201,7.223903179,12.25710678,11.17800522,549.1166992,122.3854675
2146,1997,21.71676826,28.76456451,50.50648499,0.011976802,7.089011669,12.12058067,10.8312521,553.5618286,115.7097549
2147,1998,25.55821609,28.73159981,50.65649414,0.013961755,6.860296249,11.89904118,10.78259277,554.6189575,113.4490128
2148,1999,19.33694649,28.69869423,49.75688553,0.015405821,7.084069729,11.66638947,10.66043758,555.8651733,113.3333282
2149,2000,16.05019951,28.66586304,49.77122879,0.015732966,6.992738724,11.7040863,10.85506344,553.2600708,117.5462112
2150,2001,19.38830757,28.63303185,50.03087234,0.01606011,6.657734394,11.54472733,10.81229782,554.1194458,115.3985138
2151,2002,21.86743927,28.60434723,50.25341797,0.015916271,6.755942345,11.4311924,10.75954914,554.2637329,114.3084183
2153,2003,20.91578293,28.55231857,50.22076035,0.015241181,6.817750454,11.90221024,10.73507595,554.138916,114.7422562
2154,2004,21.36313438,28.5413723,50.38087845,0.014794608,6.91832304,12.2079258,10.75204086,553.8132324,114.8307037
2155,2005,20.93426132,28.53042412,50.44408798,0.014348034,6.847583294,11.81455994,10.77581596,552.6950073,115.1248932
2157,2006,19.18218613,28.56760979,50.53464508,0.011586498,6.868396759,11.7362299,10.74264526,547.3083496,113.5194016
2158,2007,13.40637779,28.59431648,50.62426758,0.009858295,7.162920952,11.73894691,11.09837341,548.6619873,121.2346344
2159,2008,13.75445843,28.59281921,50.32211304,0.009545943,7.308968544,12.07964611,11.10035324,549.600708,120.5689087
2160,2009,13.29402542,28.59006882,49.85938644,0.009490785,7.284032822,12.34643745,10.90545082,551.5668945,119.3401871
2161,2010,13.55425453,28.59851456,50.51852417,0.009531761,7.212984562,12.6132288,11.15282631,548.5579224,121.8949203
2162,2011,15.1262598,28.62812805,50.2003212,0.009886326,7.165589333,12.60645962,10.96270752,551.1188354,119.3328705
2163,2012,15.52369118,28.65774345,50.40933609,0.010240892,7.173315048,12.57805824,11.07587719,549.6462402,120.5568008
2165,2013,11.10403728,28.73209572,50.39530563,0.008124485,7.29920578,12.2319994,11.29576588,546.8163452,124.0690765
2166,2014,7.407557011,28.77002907,50.11171722,0.006677008,7.424660683,12.67872429,11.40927887,545.3119507,126.1589966
2167,2015,6.087393761,28.79849243,50.13486862,0.006335608,7.46958828,12.80661392,11.47706509,544.8074951,128.5534515
2168,2016,6.804501057,28.8269558,49.68847275,0.006044564,7.401899338,12.69029903,11.39034748,546.770813,126.5247192
2169,2017,8.530320168,28.84509277,49.49761581,0.006682811,7.284931183,12.5739851,11.25028801,549.140564,123.3556671
2170,2018,16.28244019,28.84781075,50.65878677,0.009084021,7.413622379,12.44811153,11.24980927,548.3118896,122.2888794
2171,2019,17.72356224,28.85053062,49.88277054,0.011485229,7.305300713,12.49366283,10.97014999,552.6419067,117.8837051
2172,2020,14.1801548,28.85601997,50.35665894,0.010597043,7.251631737,12.53921509,11.14275646,549.5756836,121.6568909
2173,2021,11.04034233,28.86224747,50.45785522,0.0085161,7.402827263,12.65111065,11.34447956,546.4462891,124.6397171
2174,2022,9.160951614,28.86610031,50.70529938,0.006629541,7.554022312,12.7764349,11.53985023,544.5595093,126.46492
2175,2023,7.731380939,28.85899544,50.1537056,0.006134664,7.514719486,12.85400009,11.48534203,545.6003418,126.4813309
2177,2024,9.140849113,28.83778,50.22180939,0.006639603,7.292198181,12.67102718,11.34945202,543.2225342,125.0785217
2178,2025,14.51867676,28.81831551,50.23242188,0.00906872,7.284454823,12.56756783,11.13193703,549.8787231,121.0641251
2179,2026,16.88544464,28.79885101,50.21183014,0.011497837,7.253129482,12.45540714,11.10499954,550.6779175,119.1370621
2181,2027,11.0605154,28.79734993,50.17344666,0.008402038,7.385422707,12.46896362,11.34552765,547.4578857,123.7231216
2182,2028,9.463319778,28.7916584,50.71287918,0.007055756,7.253819942,12.61086845,11.45116329,545.1100464,126.0575638
2183,2029,11.03907299,28.77573395,50.447155,0.006724309,7.186839104,12.693717,11.30287647,546.5578613,124.5950775
2184,2030,8.280656815,28.75980949,50.09453583,0.006392861,7.173979759,12.64999676,11.32506561,546.7687988,125.2255173
2185,2031,10.21686554,28.73731995,49.81159973,0.007691606,7.173665524,12.60627651,11.20192623,549.0189209,123.8070679
2187,2032,16.80079269,28.69321442,50.11048508,0.011717199,7.042127132,12.54156971,10.97918701,551.8272095,118.6603851
2188,2033,13.44719028,28.71514511,50.0603447,0.011864911,7.022197247,12.37534142,10.98648453,550.7890625,120.4310837
2189,2034,15.28108597,28.73707581,49.60641861,0.012012622,7.072273731,11.76618195,10.91910076,553.0860596,117.5800781
2190,2035,12.8326931,28.75091743,50.40498734,0.011261086,7.333527088,11.89609909,11.22233105,547.9916992,122.9454193
2191,2036,11.91497231,28.75697136,49.74297714,0.009427881,7.265518188,12.20157337,11.09435558,550.7723999,121.1971741
2192,2037,10.36032391,28.76302338,49.82084656,0.007594677,7.195279121,12.5070467,11.22012615,548.463623,123.6081085
2194,2038,17.5411396,28.81205559,50.24749756,0.011631322,7.197816849,12.43957233,11.04371166,550.8414307,119.2564087
2195,2039,19.19779587,28.83725166,50.47498703,0.013002926,6.903508186,12.31917191,11.02283573,551.0134277,118.1698761
2196,2040,16.28233528,28.86167526,50.26678085,0.011128249,7.172684669,11.94013596,11.12221622,550.9103394,119.7352066
2197,2041,13.03325176,28.88609886,50.04957199,0.009253571,7.329795361,12.25569057,11.12765503,550.000061,121.8894348
2198,2042,10.2907486,28.8854599,50.16181564,0.008294106,7.136431694,11.95890045,11.33745384,547.2479248,124.6693726
2199,2043,8.791222572,28.87277412,49.8275795,0.007896094,7.307398796,12.21377468,11.34952164,547.65448,125.23246
2200,2044,10.54844093,28.86045456,49.95744324,0.007528205,7.366400242,12.46864891,11.23739529,548.7816162,124.3887329
2201,2045,12.19781971,28.85352516,50.05124283,0.010656824,7.425401211,12.4505167,11.15699482,549.3862305,123.6115265
2202,2046,22.30685043,28.84659576,50.06795883,0.013785443,7.231138706,12.27250957,10.83568192,554.9158325,115.5692291
2203,2047,21.08034897,28.84064865,49.92617798,0.015209895,7.034912586,12.0945015,10.78616428,555.1784058,114.5668182
2204,2048,18.06765366,28.83588982,50.34958649,0.014048196,7.101512909,12.19980049,10.96388245,552.2341919,118.0075607
2205,2049,15.67933273,28.83113098,50.65675354,0.012886499,7.1904006,12.31203747,11.20191574,548.7277832,121.8926544
2206,2050,15.0018959,28.81560898,50.1394577,0.011819138,7.286914825,12.29317379,11.16438389,550.4530029,119.6472702
2207,2051,14.97165871,28.79805565,50.11981583,0.010777488,7.072863102,12.04582691,11.08516598,550.7792969,119.8891907
2208,2052,15.00732136,28.77906036,50.30393219,0.010363454,7.314727783,11.79848003,11.12206936,549.7112427,120.8572083
2209,2053,15.62085342,28.75523758,50.63291931,0.012921073,7.26250267,11.91328621,11.10069466,549.3463135,121.1173859
2210,2054,22.36803246,28.73141289,50.20950317,0.015478692,7.094532013,12.04450798,10.81741619,554.6928711,114.3677063
2211,2055,22.42790604,28.71818733,50.50754166,0.016305206,6.909591198,11.85489464,10.78221416,554.0153809,115.0044785
2212,2056,22.61188126,28.71149635,50.48923111,0.015788762,6.674033642,11.08418846,10.79849148,554.2648315,114.7261734
2213,2057,20.8662281,28.70492363,50.58588409,0.015272317,7.041546822,11.5174017,10.83628464,552.7612305,116.7016449
2214,2058,17.61092377,28.71456909,50.80901718,0.013483902,7.031310558,12.18327713,11.1105957,549.3809204,119.8835754
2215,2059,15.95312977,28.72421265,49.97888565,0.011631015,7.294466019,12.31935787,10.93829727,552.1347046,118.5734024
2216,2060,14.29714394,28.74217796,50.32664871,0.010743964,7.373256683,12.42619801,11.08671761,549.9439697,121.1603622
2217,2061,15.72438145,28.77284813,50.24029541,0.011727849,7.404361725,12.42678356,11.03071976,550.7078247,120.8070831
2219,2062,19.80103302,28.83985329,50.50759506,0.012035314,7.103342056,12.47089577,10.95758915,552.0426636,117.6404343
2220,2063,15.52774143,28.87774658,50.3282814,0.010741859,7.222642422,12.54302788,11.20064163,549.2476807,121.2371445
2221,2064,13.35892582,28.91019058,50.67603302,0.009437328,7.34194231,12.61516094,11.27862835,547.8466187,123.3357925
2222,2065,11.35625648,28.91661072,50.52670288,0.008049755,7.459729671,12.64579296,11.39903164,546.2739868,125.7434921
2223,2066,9.959157944,28.92303085,50.73435211,0.006662183,7.575321198,12.67442322,11.51319504,545.0178833,126.4745178
2224,2067,7.736027718,28.93226433,49.94090271,0.006912841,7.690912724,12.65171146,11.33107662,547.2543335,125.954216
2225,2068,9.863184929,28.94369698,49.79063416,0.008762375,7.576517105,12.53051186,11.26888275,548.2585449,124.1072845
2226,2069,15.45117283,28.95512962,50.00028992,0.01061191,7.403448105,12.40931129,11.06844902,551.2811279,120.1601334
2227,2070,17.45179367,28.9535656,50.22837448,0.010192466,7.275209904,12.43362713,11.07186031,551.2516479,119.0754852
2228,2071,14.43979263,28.95131683,50.23119354,0.009505986,7.343997955,12.51141548,11.14806175,549.921875,121.1654892
2229,2072,12.22432041,28.9434967,50.06796265,0.008730742,7.412786007,12.58903503,11.24374199,549.281311,122.7214432
2230,2073,9.323708534,28.92479897,50.45568466,0.00773107,7.388875008,12.66541481,11.4038763,546.0142822,125.4685822
2231,2074,6.970179081,28.90610123,50.42165756,0.006731398,7.296174049,12.74179459,11.51835728,545.0204468,127.7629547
2233,2075,7.567980289,28.91302681,49.80262375,0.009122546,7.406258583,12.44699764,11.39010239,546.8244019,126.7726517
2234,2076,16.13480949,28.91966248,50.33344269,0.010627384,7.391640663,12.62908268,11.18874836,549.7767944,120.570488
2235,2077,18.78017426,28.92376518,49.88176346,0.010251431,7.37702322,12.54538155,10.87615395,554.0151978,117.0760117
2237,2078,11.64931297,28.92438316,50.17360306,0.009099631,7.374116898,12.66404533,11.29119396,548.1913452,123.3234482
2238,2079,8.930171013,28.91343117,49.97818375,0.007833171,7.220702648,12.79838085,11.33695984,547.7021484,124.5447845
2239,2080,8.55022049,28.90247917,50.07432175,0.006566711,7.422600746,12.85314655,11.34810734,543.3955688,124.1558304
2240,2081,6.652890205,28.91096115,49.90411377,0.007634787,7.624498367,12.86481762,11.47015858,546.0213623,126.9660492
2241,2082,7.781754494,28.92178726,50.26167297,0.009155208,7.57347393,12.86811447,11.48970509,544.897583,127.4948044
2242,2083,16.35509682,28.92687225,50.1001358,0.010393491,7.378626823,12.65531349,11.11194992,550.8392944,120.5803375
2243,2084,19.59825516,28.9172802,50.37475967,0.010265045,7.19204998,12.44251251,11.03852272,551.2220459,118.2472687
2244,2085,15.51009369,28.90768814,49.95124054,0.0101366,7.313854694,12.39593029,11.09679985,551.6937866,119.223053
2245,2086,12.91964054,28.88899803,50.07694244,0.00934556,7.435659409,12.5735817,11.15984058,549.5893555,121.1306381
2246,2087,11.59798527,28.86581802,50.35001373,0.008032882,7.51300621,12.75123215,11.28974056,547.8936157,125.4184494
2247,2088,8.945366859,28.84398842,50.21394348,0.006720203,7.526350021,12.81550407,11.44725323,545.7478027,125.7205276
2248,2089,7.000466347,28.84408379,49.88047791,0.007936709,7.539694309,12.85149765,11.36820221,546.2780151,126.4000778
2249,2090,9.887830734,28.84418106,50.42655563,0.009291308,7.449934006,12.84775829,11.35974693,545.6144409,126.1155396
2250,2091,18.83616829,28.83963776,50.07408142,0.010085487,7.331697941,12.65384674,10.99736881,552.3950195,117.8777161
2251,2092,17.73544312,28.82934952,50.04384232,0.009776819,7.249866009,12.45993423,10.93034363,552.9019165,118.0363464
2252,2093,14.46061611,28.81906319,50.07867432,0.009468152,7.343017578,12.43955612,11.08097649,551.1460571,120.1091461
2253,2094,12.27445793,28.80286026,50.6348381,0.008405962,7.436168671,12.55470371,11.35524654,546.4706421,124.235054
2254,2095,8.92615509,28.78549194,50.21713257,0.007058822,7.501935482,12.6698513,11.43409634,545.5203857,125.3336563
2255,2096,8.276125908,28.77272987,50.58744812,0.006068842,7.544197559,12.75183773,11.45232773,543.8212891,127.3862152
2256,2097,8.558717728,28.77591705,50.29771805,0.007848374,7.586459637,12.83168507,11.35016823,545.9019775,126.0324249
2257,2098,14.06200123,28.77910423,50.14180374,0.009627905,7.420127869,12.78697681,11.08565235,549.9500732,120.8986053
2258,2099,17.0414753,28.77192497,50.24468231,0.010263872,7.230799675,12.48700809,11.00153828,551.3705444,118.7219009
2259,2100,21.64276314,28.75819397,50.21333694,0.009769659,7.127943993,12.18704033,10.81348038,554.4088135,114.820549
2260,2101,15.64797115,28.74448395,49.72440338,0.009275447,7.274580956,12.22682571,10.95088863,553.2607422,117.4335098
2261,2102,16.21467018,28.74683189,50.51250839,0.009204749,7.369402409,12.41210747,11.11000824,549.5658569,120.0747604
2262,2103,12.23921967,28.74917984,50.40929031,0.009185559,7.464223385,12.58732986,11.2804966,547.1349487,123.5969696
2263,2104,11.70682335,28.75716019,50.54203033,0.009576102,7.394775867,12.60385132,11.30530167,546.9043579,124.0023117
2264,2105,14.92134762,28.77400398,50.3146019,0.011027236,7.14747715,12.62037277,11.14003944,549.671936,120.7270737
2266,2106,21.38653183,28.78387833,50.51689911,0.012533897,7.020197868,12.28421211,10.89054394,553.1966553,116.2585526
2267,2107,22.60932732,28.76994514,50.45496368,0.011882351,6.941301823,12.04415321,10.78417969,553.7236328,114.3144226
2268,2108,16.36654854,28.75998306,50.58967209,0.011216273,7.094170094,12.08020401,11.05271626,549.9672241,119.1957474
2269,2109,13.16961956,28.77105713,49.87919998,0.010267404,7.239123344,12.18453884,11.07497692,550.5348511,119.978096
2270,2110,17.84302139,28.7821331,50.2115097,0.009318535,7.010215759,12.28337002,10.98317432,551.5108032,117.8128128
2271,2111,13.77499008,28.79062271,49.93968964,0.009068455,6.982925892,12.35195637,11.08380795,550.8366699,119.9676971
2272,2112,10.46073055,28.79694557,50.54347229,0.009729948,7.309617996,12.42054272,11.32810211,545.8947754,125.3352356
2273,2113,13.68819427,28.80326843,50.3753891,0.01039144,7.054069042,12.40189838,11.19794083,548.8041992,122.1822205
2274,2114,22.56403923,28.78606987,50.01569366,0.012349496,6.950436115,12.29388618,10.6898365,556.6078491,112.9391403
2275,2115,22.95835686,28.76707077,49.92269516,0.014593851,6.988358498,12.18587399,10.72277069,556.3584595,112.7953186
2276,2116,19.04898262,28.74967003,49.6995697,0.01583528,6.824632168,12.03838062,10.77067089,555.6072388,114.856369
2279,2117,12.61167431,28.70724106,50.58385849,0.009803964,7.342007637,12.45259857,11.2016077,548.3026123,121.913765
2281,2118,15.62446308,28.67609596,50.55656052,0.011122104,6.926871777,11.74503803,10.59031487,551.5421143,113.5188141
2282,2119,18.26818085,28.64571381,50.61013794,0.011500019,6.88209486,11.93362045,10.84937477,552.2283936,116.6525497
2284,2120,18.02649117,28.59355545,50.52951813,0.011659097,6.968030453,12.28520966,10.91439629,552.0453491,117.3072891
2285,2121,14.952878,28.58150482,50.43390656,0.010411784,7.201129913,12.41618061,10.95732212,546.3190308,117.7547607
2286,2122,12.51442623,28.56945419,50.63076401,0.009164471,7.433363438,12.54715157,11.09811878,548.4692993,123.6005554
2287,2123,11.4507246,28.59261703,49.91257477,0.008694323,7.389066219,11.75783348,11.06706238,550.1965942,120.4341354
2288,2124,11.00385094,28.62176895,49.7625885,0.008490194,7.317303181,12.06785965,10.99936867,550.5927124,120.1057434
2289,2125,11.95986557,28.6459198,50.20933533,0.008411126,7.245540619,12.37788582,11.0061512,550.3047485,120.5594254
2290,2126,14.06562328,28.6542263,50.53378296,0.009168956,7.235687256,12.41734409,11.01935482,550.2990112,119.6100998
2291,2127,15.70580959,28.66253281,50.60378265,0.009926787,7.268995762,12.37151814,10.97553635,550.4475708,119.9424133
2292,2128,13.50981712,28.67708397,50.45424271,0.009882525,7.302304745,12.335639,11.06450176,550.7036133,120.7950821
2293,2129,14.09635448,28.6953373,50.29926682,0.009090916,7.303297043,12.35659027,10.96445274,551.4932861,119.5589752
2294,2130,12.27864456,28.71357346,50.03347015,0.008299307,7.301704884,12.37754154,11.01614094,551.1954346,119.9970703
2295,2131,11.63691139,28.73078346,50.54742432,0.008063751,7.243075371,12.34013557,11.1867218,548.6873779,122.5662842
2296,2132,10.63659954,28.74799347,49.99738312,0.007885721,7.046162128,12.25247765,11.05288982,550.2477417,121.3820648
2297,2133,11.83782673,28.75928116,49.89825821,0.008172458,7.050537586,12.16481876,10.99598026,551.993042,120.5656662
2298,2134,16.36266899,28.76187134,50.53557968,0.009570671,7.14846468,12.12779236,10.97987938,551.8411865,119.0803299
2299,2135,17.75274467,28.76445961,50.04514694,0.010968884,7.238592148,12.09667206,10.85090351,554.4938965,116.0204697
2301,2136,11.8519001,28.78221512,50.01277542,0.009948355,7.407364368,12.29922962,11.10551548,551.032959,120.6285095
2303,2137,12.23405457,28.76083946,50.05950546,0.008488078,7.442985535,12.48979855,11.06280422,550.8858032,120.5668411
2304,2138,10.51306248,28.73610878,49.99007416,0.007878551,7.385441303,12.40642071,11.08623695,549.9245605,121.8398361
2305,2139,11.84606743,28.68728256,49.78613663,0.008589203,7.223935127,12.32281113,10.89531994,552.6226196,119.9098892
2306,2140,18.90691757,28.620327,50.18238449,0.010845817,7.062428474,12.20162773,10.69931698,554.8461914,114.9942551
2307,2141,18.58730698,28.55336952,49.9023056,0.013102429,6.962640762,12.08044434,10.68106747,555.7123413,114.358139
2308,2142,18.89440346,28.54234314,50.35763931,0.011923688,6.931371212,12.07219028,10.76189041,554.2124023,114.2685928
2309,2143,11.46119404,28.53370857,50.5638237,0.010135081,7.102999687,12.26755905,11.13539219,548.5009155,121.9712906
2310,2144,12.86112499,28.54860878,50.37613297,0.008614174,7.274628162,12.46292877,11.05270958,549.7991333,120.476593
2311,2145,9.979387283,28.60767555,50.18159103,0.007951024,7.361568451,12.47072506,11.12806702,549.2713623,120.5764923
2312,2146,9.826582909,28.66674232,49.77914429,0.007287874,7.381688118,12.40878105,11.06858158,550.565918,121.2730865
2313,2147,10.21708965,28.69704056,50.15158844,0.007525495,7.401808262,12.32666016,11.19301605,548.8596802,121.4351196
2314,2148,12.32994556,28.71702003,50.60032654,0.008299852,7.240028858,12.0930624,11.18229961,548.4354248,122.2873764
2315,2149,12.86595821,28.73420906,50.4336586,0.009061524,7.068188667,11.8594656,11.10352802,549.3111572,121.4950638
2317,2150,12.94431019,28.7293663,50.56701279,0.008945903,7.126338482,12.19752121,11.13372612,549.883667,121.2371521
2318,2151,11.73393059,28.740448,50.54808426,0.008750213,7.121685028,12.53195095,11.16425896,547.3641968,121.9854889
2319,2152,10.33718491,28.76433563,50.50168991,0.008351008,7.256429195,12.59703064,11.25991726,547.4486084,123.4501648
2320,2153,10.05347252,28.78822327,50.03354645,0.007951803,7.39117384,12.47630119,11.14423466,549.8670044,122.3047333
2321,2154,11.08323479,28.79081535,49.87594223,0.007737704,7.448832989,12.35557079,11.00396252,551.647583,120.8584976
2322,2155,9.737157822,28.7910881,49.88528824,0.007589591,7.490355492,12.38285255,11.23684311,549.8132935,122.1230698
2323,2156,9.853960037,28.79081345,50.2159462,0.007422874,7.509031773,12.41707802,11.19902992,548.8120117,123.0215836
2324,2157,10.54765511,28.78920174,49.59040833,0.007126659,7.432080746,12.48244953,11.02842045,552.0778198,120.5310822
2325,2158,9.629741669,28.78759003,50.38031769,0.006830444,7.443194389,12.60761642,11.3261404,547.6572876,123.8319092
2326,2159,8.320029259,28.77795792,50.62478256,0.006676205,7.478102684,12.73278332,11.32948589,546.5847778,125.1829453
2327,2160,7.916684628,28.76453018,50.28451538,0.006656176,7.504788876,12.73022079,11.33283901,547.2064209,124.7972031
2328,2161,8.679990768,28.7505703,50.5657692,0.006636147,7.488564014,12.66840458,11.30427074,546.8424072,125.1689224
2329,2162,8.947995186,28.72923088,49.75382614,0.00723616,7.47233963,12.60289192,11.05205822,550.819458,122.2605133
2330,2163,11.27240944,28.70789146,49.76268005,0.007902952,7.445604324,12.48961067,10.98872566,551.675354,119.8782043
2331,2164,12.16160393,28.69768715,49.84410858,0.008137099,7.453805447,12.37632942,10.95698166,552.4912109,120.0597305
2332,2165,9.871260643,28.70077324,50.46395111,0.007317109,7.271829605,12.38252258,11.24351978,547.9874878,123.2391968
2333,2166,7.823198795,28.70385933,49.96831131,0.006497118,7.274407387,12.52986908,11.18657398,548.4960938,124.0220261
2334,2167,7.420928955,28.69039917,49.98225784,0.00649889,7.387235165,12.67721558,11.24986172,547.6350098,124.8240891
2335,2168,8.478219032,28.67388344,49.97065735,0.006888206,7.493727684,12.72002602,11.17318058,549.0986328,123.4850311
2336,2169,10.19362164,28.66420746,50.00275421,0.007253888,7.466807842,12.73874092,11.05592155,550.322998,121.6993027
2337,2170,8.606085777,28.67711067,50.43173599,0.007296868,7.439888477,12.74578762,11.33922291,546.430603,124.9449768
2338,2171,9.950160027,28.69001198,50.46917343,0.007339848,7.44387579,12.70646095,11.23176289,547.5632324,123.5705795
2339,2172,9.740918159,28.71288681,50.24348831,0.007171801,7.488193035,12.66713428,11.20798111,548.5380859,123.48349
2340,2173,8.83210659,28.74185371,50.56186295,0.006752394,7.532509804,12.63240528,11.27973557,546.8880005,124.3885651
2341,2174,7.723032951,28.77065659,49.95497513,0.006332986,7.556330681,12.60154152,11.16150475,548.9442749,123.7087479
2342,2175,6.52437973,28.7809639,50.56929779,0.00570746,7.575585842,12.57067871,11.39155102,545.3208618,126.8939056
2343,2176,6.049136639,28.79127312,50.40400696,0.005044037,7.582875729,12.72725391,11.44894314,545.3953247,127.0727997
2345,2177,1.931713223,28.83810043,50.29315186,0.005369942,7.485355854,12.55708027,11.65092754,542.6954956,129.4224396
2347,2178,10.01426601,28.88371658,50.5809021,0.006222578,7.227509499,12.01456547,11.31809139,546.7218628,125.2231216
2348,2179,8.942225456,28.89682961,50.16689301,0.006093229,7.222777367,12.10196877,11.28303242,547.9824219,124.7482529
2349,2180,6.884428024,28.90556335,49.70019913,0.005961397,7.259324551,12.44818401,11.26647949,548.8549194,124.2672882
2350,2181,5.763428211,28.89321709,50.65019226,0.005536485,7.480365276,12.79439831,11.48713207,544.7062378,127.6913528
2351,2182,4.362205982,28.88087273,50.4295845,0.005111573,7.598297596,12.90002537,11.58230114,543.8753662,129.0732269
2352,2183,3.58859396,28.87578011,50.10591125,0.005254019,7.674930573,12.93254852,11.52824879,545.2310181,128.5978851
2353,2184,2.98419714,28.87638474,49.68979263,0.006260559,7.472211361,12.85693645,11.47660542,546.1919556,128.2470093
2354,2185,9.474791527,28.87698936,50.55925369,0.0072671,7.269492149,12.1934166,11.36540127,546.2380371,125.2873993
2356,2186,10.43776703,28.88256073,50.2213974,0.006797309,7.126434326,12.42479515,11.2304163,549.3965454,123.0353317
2357,2187,7.472467422,28.88119125,50.32207489,0.00637821,7.124602318,12.69585896,11.32058239,546.5078125,124.735466
2359,2188,4.493095875,28.86187172,50.20386505,0.005209876,7.413292885,12.87249088,11.44889832,545.651001,127.5236588
2360,2189,3.758691072,28.85923386,50.20157242,0.005519527,7.253690243,12.5195694,11.41377735,539.7607422,126.1505585
2361,2190,4.313584805,28.85925102,50.10796356,0.006526019,7.564963818,11.89977646,11.40740967,546.0428467,126.5913696
2362,2191,10.54396152,28.85841942,50.09590149,0.007532512,7.440059185,12.45345211,11.12670803,549.6724243,121.9493942
2363,2192,13.78669357,28.85099602,50.36362076,0.007425922,7.285333633,12.23415375,11.12411404,550.87854,119.4685211
2364,2193,11.46181202,28.84357452,50.22172165,0.007261307,7.28157568,12.38072205,11.13571835,549.9029541,121.1723709
2365,2194,8.896651268,28.83465767,50.24987793,0.006927392,7.367555618,12.447649,11.09046459,541.7035522,119.9303665
2366,2195,8.301754951,28.82426262,50.0222168,0.006263483,7.324658394,12.51457596,11.28209496,548.1273804,123.0643616
2367,2196,6.073192596,28.81386757,50.37910843,0.005599573,7.317968369,12.35448551,11.41077137,545.4951782,125.9534149
2368,2197,4.262527466,28.81650543,50.40013504,0.006047317,7.33494854,12.08736134,11.45512676,544.8775635,127.2297516
2369,2198,4.74327898,28.82073212,49.80488205,0.006910841,7.317749023,12.2271843,11.29175663,547.6105957,125.2362823
2370,2199,11.97100449,28.8209877,49.72413635,0.007670427,7.300549507,12.36700726,10.98851967,552.2140503,119.1711426
2371,2200,14.41015434,28.81101036,50.01353836,0.007640809,7.177195549,12.14524555,10.93153572,553.1713867,117.4025421
2373,2201,9.250818253,28.786026,50.23215866,0.00730849,7.192083836,11.9212122,11.2339201,548.7971191,122.8739624
2374,2202,8.043386459,28.76852226,50.30134201,0.00673821,7.152906895,12.02401066,11.18347931,548.2267456,124.1678467
2375,2203,7.763171673,28.75246048,50.38106155,0.006167931,7.142136574,11.8541441,11.21905994,547.7453003,124.9358826
2376,2204,6.987925529,28.76031303,50.6688652,0.006986565,7.305111408,12.00830173,11.37728596,545.8590698,126.044838
2377,2205,7.025424004,28.7681675,50.11590576,0.007970374,7.262803555,11.83731747,11.17806053,548.6153564,124.5629349
2378,2206,13.57512093,28.77205467,50.51921463,0.008613505,7.019111156,11.64684296,11.06457615,550.6680908,120.9951477
2380,2207,12.06655502,28.76995087,50.59869385,0.008168262,7.16468811,11.7302494,11.13502407,549.3374023,122.0428391
2381,2208,8.247654915,28.76157951,50.36337662,0.007428709,7.143494606,11.84900188,11.19154453,544.31073,122.7780457
2383,2209,5.060345173,28.74743271,50.43425751,0.005543626,7.250480175,12.47706604,11.35359478,545.8633423,126.9013824
2384,2210,6.260553837,28.76235199,49.46697235,0.00623568,7.29340744,12.59899426,11.12350178,549.8375854,122.5680542
2385,2211,6.99811697,28.77726936,50.04194641,0.006927733,7.138816357,12.08319664,11.28607941,547.8105469,123.6893997
2387,2212,15.29277515,28.76701927,50.09926605,0.007834409,6.972275257,12.04587078,10.87078857,553.5474854,116.4085464
2388,2213,12.99220276,28.75706291,50.39730453,0.008196834,7.082226753,12.02315521,11.0365448,550.6726074,120.4309006
2389,2214,9.942238808,28.7522583,50.13225555,0.007439341,7.229657173,11.88538074,11.15441513,550.0261841,121.8597183
2390,2215,7.342400074,28.7474575,50.22436142,0.006463365,7.222892284,12.10382652,11.31022263,547.2594604,124.266304
2392,2216,5.743361473,28.78019142,50.24357224,0.006234447,7.49078846,12.60126686,11.2722187,547.2353516,124.8192444
2393,2217,6.401086807,28.80589676,49.70306778,0.006665152,7.229744911,12.19498062,11.20786285,548.7946777,122.8862686
2394,2218,13.00313663,28.80979347,50.60467148,0.007290273,6.968701839,11.78869534,11.10026073,549.6307983,120.8970337
2395,2219,15.87111282,28.80740929,50.41602325,0.008037868,7.24544239,12.24996662,10.92885494,552.1981812,118.3366699
2396,2220,12.73757458,28.80581856,50.52610397,0.008783038,7.091975689,11.86318398,11.18243027,549.8210449,120.7280273
2397,2221,10.90515804,28.80827141,50.68633652,0.008050757,7.139430046,12.00550842,11.24957752,548.3197632,123.2168198
2398,2222,8.859420776,28.81072235,50.6444664,0.007318478,7.467346191,12.36586189,11.28514671,546.8601685,124.7825241
2399,2223,7.329478264,28.81312943,50.66496658,0.006799579,7.481652737,12.69494724,11.30220127,546.7194214,126.0746307
2401,2224,8.024122238,28.81786919,49.64596939,0.00643849,7.446882248,12.5284996,11.12693596,550.5476685,122.3845901
2402,2225,12.80622101,28.80117416,50.6633606,0.006794884,7.360198021,12.50012684,11.11086082,549.3015747,121.2309036
2403,2226,13.19227982,28.78314781,50.14921188,0.007309909,7.273513794,12.53732204,11.02977943,551.8243408,119.497139
2404,2227,10.74312019,28.76613045,50.0361557,0.007593069,7.101425648,12.5745163,11.11889458,550.508728,121.115715
2405,2228,8.323857307,28.75125885,49.49643326,0.006630839,7.335234165,12.67951393,11.01070023,551.3082886,120.6030884
2406,2229,6.767412663,28.73638725,50.37877274,0.005668609,7.265695572,12.80142021,11.2907362,544.1536865,123.5933533
2408,2230,3.529150724,28.67917061,49.90668869,0.005205235,7.268945217,12.82930374,11.30830574,546.2373657,125.5761871
2409,2231,5.053204536,28.64871979,50.18447113,0.005190468,7.24216938,12.76777554,11.30217648,546.0634766,126.4493256
2410,2232,11.23757553,28.62364197,50.20460129,0.006347268,7.208043098,12.67132854,11.07973194,550.1594238,120.1686554
2411,2233,13.79459858,28.59856415,50.18576431,0.007599061,7.15666914,12.54145813,10.98296833,551.354248,118.4471512
2412,2234,11.00148201,28.57901955,50.15249634,0.008326441,7.025613785,12.41158676,11.04892159,550.3887939,120.1429443
2413,2235,10.44388103,28.56552315,49.88909531,0.007903001,7.294729233,12.44237709,10.95225334,551.5078735,119.1495972
2414,2236,10.34908772,28.55202675,50.21690369,0.007479562,6.912070751,12.49575996,11.0599823,550.1362915,120.3355331
2415,2237,8.723788261,28.55514336,50.30847549,0.007113128,7.252933025,12.54914188,11.1980114,548.1160889,122.4575653
2416,2238,7.878618717,28.56082153,50.65493011,0.006770932,7.167729378,12.10606384,11.18253231,546.4315186,123.8153915
2417,2239,8.38723278,28.57121086,49.69301224,0.006487388,7.104493141,12.23858929,10.94475555,550.7863159,120.430275
2418,2240,10.39517593,28.59535789,50.54301453,0.006794516,7.077184677,12.46606731,11.06694412,548.9032593,121.4818344
2419,2241,9.992753983,28.61950684,49.79823685,0.007101644,7.032351971,12.35168552,10.86555195,551.9332275,119.8889999
2420,2242,8.976830482,28.64905357,49.97292709,0.007001238,7.350158691,11.88366127,11.0408802,550.1051025,121.212265
2421,2243,8.529781342,28.68158722,50.66704178,0.006457478,7.101924896,12.0565033,11.26171303,547.2026978,123.6823502
2422,2244,6.698322296,28.71360207,50.1657753,0.005913719,7.31703043,12.3870182,11.25309181,547.456543,123.5825195
2423,2245,6.235472679,28.73008728,50.18212128,0.005389019,7.532135963,12.71753311,11.2928524,546.7522583,124.9568176
2424,2246,4.731985092,28.7465744,50.12103653,0.004867229,7.606896877,12.82028389,11.38881683,546.3626099,125.9652328
2425,2247,5.09961462,28.75803375,49.88606644,0.004868554,7.504511833,12.64817905,11.28748131,547.3016968,125.8626022
2426,2248,9.982061386,28.76257896,50.20030212,0.006388591,7.402127266,12.47607517,11.05374336,550.1906738,122.0012665
2427,2249,12.37273216,28.76712608,50.31131363,0.007908627,7.298715591,11.89779663,11.06054115,550.687561,120.5200043
2429,2250,9.664113045,28.77878761,50.35691071,0.007892794,7.266243458,12.13276196,11.16621399,549.5887451,121.9452209
2430,2251,10.76268387,28.78586006,50.58779144,0.007553336,7.419272423,12.43737316,11.14313126,549.0620728,121.8304291
2431,2252,9.684645653,28.79740334,50.08525848,0.007168903,7.482432365,12.37717247,11.0858202,550.5114136,121.3938065
2433,2253,8.74133873,28.82206154,50.21193695,0.006856126,7.406051636,12.11091614,11.14949894,549.5255737,122.3218613
2434,2254,10.81917953,28.83627892,50.47883224,0.007552624,7.141286373,11.86015892,11.19544888,549.2297974,122.6631546
2435,2255,11.99467278,28.85049629,50.23666763,0.008249121,7.081215382,11.98739529,11.08160591,551.1137695,120.104393
2436,2256,10.60364914,28.86879921,50.42080688,0.007732969,7.087320328,12.23703861,11.17589092,549.2059326,122.0093765
2437,2257,8.762807846,28.88720512,50.28862381,0.006933318,7.133580208,12.46893597,11.29304981,548.5884399,123.0456619
2438,2258,6.677590847,28.89790535,50.21588516,0.006197901,7.309639931,12.56836224,11.32456398,547.9389648,124.2753677
2439,2259,5.789964199,28.89511681,50.37646103,0.00572095,7.485699654,12.66778755,11.36869335,546.7254028,125.707901
2440,2260,5.384961605,28.89232635,49.93608093,0.005243999,7.52951479,12.62819099,11.21705151,549.1526489,124.4169464
2441,2261,5.046112061,28.87569046,49.97061539,0.00611374,7.491541862,12.44443989,11.23102379,548.2973633,126.221199
2442,2262,10.95434666,28.85449219,50.60957718,0.007928696,7.453568935,12.26068783,11.21025753,549.0175781,122.9238586
2445,2263,8.48772049,28.83432007,50.54939651,0.007193248,7.385529518,12.48174477,11.18404579,548.8287964,122.6537399
2446,2264,7.833918571,28.82933617,50.09090424,0.006290247,7.425084591,12.51609516,11.17018604,549.5686646,122.8348541
2447,2265,7.110646725,28.82073975,50.06449127,0.006100012,7.450127125,12.5504446,11.09674644,549.6885376,123.6538467
2449,2266,7.857603073,28.81242943,50.0655098,0.007017386,7.34229517,12.42511749,11.08758831,550.2317505,122.4040451
2451,2267,15.23927307,28.81595612,49.90633011,0.00969705,6.98903513,12.401371,10.81919861,554.7212524,116.1479874
2453,2268,10.58810997,28.82697868,49.99317551,0.007301826,7.231575966,12.52574825,11.03384686,551.8900146,119.6041794
2454,2269,9.309205055,28.82791328,49.94226456,0.006460073,7.422600269,12.55035591,11.09038639,551.1248779,121.1952133
2455,2270,7.03851366,28.82683563,50.19898224,0.005934174,7.326254845,12.57496452,11.16662979,548.4849854,123.5168533
2456,2271,7.033998966,28.82567215,49.80207062,0.005408275,7.333568096,12.50869846,11.14400196,550.0478516,122.7749634
2457,2272,7.492546082,28.8235302,50.32577896,0.007155701,7.340880871,12.39927673,11.21657753,547.8151855,124.0185623
2458,2273,14.29134369,28.82139015,50.15958405,0.009105118,7.320893764,12.29128933,10.96392345,552.9885864,118.7050323
2459,2274,16.22053337,28.82128525,50.09868622,0.010081203,7.268194199,12.24291611,10.85840797,554.9126587,116.3100357
2460,2275,13.85284424,28.82345772,50.18293762,0.008860403,7.215888977,12.19454288,10.87656689,553.5643921,117.988327
2461,2276,10.30151749,28.82563019,50.32124329,0.007639602,7.178623199,12.07262611,11.1142416,550.4498901,121.1980896
2463,2277,6.908210278,28.80406189,50.49278259,0.006292743,7.301560402,12.21539307,11.26842022,547.4786377,124.6001968
2464,2278,7.182164192,28.79322052,50.55801773,0.005965556,7.205141068,12.4648447,11.3148756,546.5544434,125.2558212
2465,2279,9.096702576,28.78513527,49.78398514,0.008331615,7.147498608,12.46674061,10.99260521,552.1949463,120.8232574
2466,2280,16.18755722,28.77705002,49.78131866,0.010697675,7.089856148,12.3067522,10.73675251,556.2319946,115.6182404
2467,2281,17.89633369,28.76740837,50.2493248,0.011102655,7.15073967,12.1467638,10.72104454,555.111145,115.0442886
2468,2282,16.47146606,28.75688553,50.61602402,0.009322147,7.228391171,11.98324394,10.9032011,553.0510254,116.5194931
2469,2283,9.921771049,28.74623871,50.25407791,0.007541639,7.133041382,11.81969929,11.10542774,550.1845703,120.9710388
2470,2284,12.81987953,28.73102951,50.35940933,0.007904239,7.334421158,12.00746918,10.9834547,551.4246826,119.1620789
2471,2285,11.84130287,28.71582031,50.09312057,0.008611955,7.333763123,12.45726585,10.95241833,551.6400757,119.4009476
2472,2286,11.2118082,28.70061874,49.87614059,0.009281969,7.333105087,12.46086979,10.90384293,552.977478,118.5991287
2473,2287,10.33968163,28.68542671,49.72112656,0.009838643,7.203683853,12.43771935,10.92694473,553.0857544,119.6266861
2474,2288,14.75958443,28.67023659,50.3110199,0.010395315,6.930512905,12.13479614,10.79720592,553.3681641,117.1370621
2476,2289,11.27792168,28.70965004,50.2040062,0.00885877,6.931794167,11.80044556,11.01189041,551.0562134,119.9324646
2477,2290,11.03739071,28.73080444,50.34008789,0.007838658,7.136016369,12.01649952,11.11152554,550.2321777,120.9815292
2478,2291,12.70833874,28.74199295,50.58292389,0.008295036,7.217605591,12.23255348,11.0349741,550.8380127,120.0003967
2479,2292,12.67543316,28.75317955,50.07214355,0.008751414,7.29919529,12.30011272,10.98797607,552.3409424,119.116333
2480,2293,13.33131409,28.76656914,49.82884979,0.009225547,7.239200592,12.25411129,10.7153759,553.2931519,115.3569336
2481,2294,14.91794109,28.78156281,50.1072197,0.009724798,7.177593708,12.2081089,10.85179615,554.3471069,116.4563141
2482,2295,15.14850235,28.79655838,49.87717056,0.010224048,7.134159565,12.2251215,10.71651936,556.0452271,115.6241608
2483,2296,14.37141991,28.8048439,50.03488541,0.009970348,7.049042702,12.24527168,10.83259296,554.1208496,116.7962723
2484,2297,13.44639587,28.81290054,50.45475006,0.009530678,6.937108994,12.18918324,10.98495674,551.675293,119.5062943
2486,2298,13.11639786,28.82132339,49.76885986,0.009124281,6.957796574,12.3739996,10.8449173,554.3297729,117.1337891
2487,2299,13.42128563,28.82370186,49.99686432,0.00908205,6.926532745,12.26699924,10.84543991,554.0547485,117.2189178
2488,2300,13.1669817,28.82479668,49.94132614,0.009783161,7.048639297,12.17966175,10.85680676,553.8797607,117.7043304
2489,2301,14.55850887,28.82544708,50.33980179,0.011026346,7.142158985,12.17226696,10.89789009,552.9274292,118.173172
2490,2302,17.78599167,28.82351875,50.3404007,0.012269531,7.157423973,12.16487312,10.74662876,555.696106,115.6671906
2493,2303,14.00367832,28.76653671,49.68444443,0.00922615,7.128553867,12.25941658,10.67807961,555.5641479,116.0480042
2494,2304,14.34081554,28.74724388,50.18439102,0.00947486,7.177569866,12.2205143,10.85452938,553.4970703,117.7905579
2495,2305,12.7617321,28.72795296,50.57040405,0.009723569,7.226585865,12.17425346,11.02566051,551.0419312,119.5005341
2496,2306,12.40142632,28.69505501,50.37897491,0.010539506,7.157603264,12.01391315,10.91285133,551.3475952,119.4556885
2498,2307,17.37679863,28.605196,49.78425598,0.011523745,7.009981155,11.7937727,10.50397015,555.0127563,113.9818039
2499,2308,15.90215492,28.58089256,50.48339844,0.010726156,6.882761002,11.78896713,10.76403332,550.9931641,117.8478775
2500,2309,12.82914162,28.53993416,50.82955933,0.009376191,6.916165352,11.80511189,11.00358677,550.1092529,119.0760574
2501,2310,12.11231422,28.52051353,50.00489426,0.008739767,6.86012125,11.70248222,10.74081326,553.3815308,116.4786224
2502,2311,11.2486763,28.505476,49.84927368,0.008983836,6.804076672,11.59985161,10.79530621,553.2017212,117.1104431
2503,2312,12.65667725,28.49043655,49.99443817,0.009316079,7.016588211,11.56349659,10.74371624,553.3346558,116.2932434
2504,2313,14.19264603,28.39411736,50.15446854,0.009453442,6.949612141,11.54640198,10.64487553,551.9855347,114.4761124
2505,2314,12.32550335,28.39122772,50.56636429,0.009009164,6.873967171,11.58686066,10.84642982,549.9995728,117.7577667
2506,2315,12.38082218,28.39413834,50.58238983,0.008380145,7.285275459,11.76844978,10.86637592,550.519043,119.0007324
2507,2316,10.28921413,28.40247536,50.0387764,0.007778612,7.270019054,12.08130169,10.77749062,552.2106934,118.6280594
2508,2317,8.358018875,28.42809296,49.89015198,0.00752172,7.25476265,12.39415455,10.92716789,551.2001953,119.8377457
2509,2318,8.152064323,28.45371056,49.66817474,0.007264829,7.245205879,12.42747021,10.92690563,552.1199951,119.5385208
2510,2319,10.8792944,28.46058273,50.34580231,0.00734952,7.236611843,12.43124676,10.97096443,549.8956299,120.7397842
2511,2320,13.09866428,28.45632362,49.98392487,0.007831349,6.834934711,12.20917797,10.80771065,552.6022949,117.5759811
2512,2321,11.72935963,28.45195389,50.36004639,0.008313178,6.924280643,11.78461456,10.91976738,551.2155151,118.3972855
2513,2322,11.10761642,28.43969727,50.4901123,0.00849772,7.079052448,12.27193737,10.96830273,550.182251,119.6885452
2514,2323,11.7310791,28.42744064,50.2829361,0.008629209,7.153437614,12.32692242,10.86609936,551.5456543,118.5932617
2515,2324,11.36440563,28.42497444,49.81103516,0.008579168,7.227822781,12.38190746,10.78733253,553.3435669,116.7085648
2516,2325,10.68318462,28.43725395,50.18196106,0.007933804,7.022041321,12.36889553,10.87077045,551.0809937,119.1673126
2517,2326,9.837810516,28.44953537,50.08870697,0.007288439,6.937684536,12.39644051,10.98885345,550.5582275,119.6367188
2518,2327,8.140884399,28.46121788,50.44031143,0.006995422,7.026749611,12.4936552,11.11413383,548.1853027,121.9787598
2519,2328,8.380066872,28.47273636,50.02392578,0.00691936,7.115814686,12.5908699,10.94888687,550.2182617,120.7113953
2520,2329,8.693072319,28.48619652,49.93889618,0.006842605,7.114099503,12.59443665,10.99054241,550.7683105,119.4672089
2521,2330,7.446636677,28.50918007,50.18730927,0.006590182,7.106875896,12.57781315,11.08059311,548.9613647,121.5098267
2522,2331,7.377771378,28.53216362,50.46437836,0.00633776,7.178247452,12.56512451,11.18305969,547.4713135,122.4382935
2523,2332,6.800682068,28.56210136,50.72454834,0.006142184,7.297602654,12.57366562,11.28936672,546.2630615,123.8108444
2524,2333,5.894262791,28.59763336,50.32834625,0.006035917,7.416958332,12.58220577,11.16284561,547.7478638,123.1787491
2525,2334,6.027882576,28.63316345,50.18661499,0.005929649,7.428118229,12.59522629,11.19468689,547.7647095,123.4596558
2526,2335,8.146004677,28.65512085,50.10974884,0.00569104,7.435143471,12.61204243,11.13032055,549.3577271,121.7592773
2527,2336,8.327925682,28.67620277,50.28612518,0.00541379,7.462005138,12.62885761,11.15557766,548.8151855,122.4351044
2528,2337,4.230530262,28.70291519,50.33318329,0.005146559,7.52599144,12.64450359,11.40205002,545.4100952,125.905304
2529,2338,3.538175106,28.74134636,50.22216415,0.00493226,7.589977264,12.66005707,11.33813667,546.276001,126.9274063
2530,2339,3.740248442,28.77977943,50.13274384,0.004717962,7.642092228,12.68996334,11.43084526,545.9130859,126.334198
2531,2340,2.725470543,28.82375145,49.90042496,0.004570946,7.689647198,12.75675106,11.41250801,546.2126465,127.0331497
2532,2341,1.606550455,28.8699913,49.77627945,0.004480267,7.726955414,12.82353878,11.39875889,546.5026855,128.1347351
2533,2342,2.325568676,28.91073418,50.40781403,0.00438959,7.64166832,12.78669834,11.54303074,544.2565308,128.2835083
2534,2343,6.781882286,28.89888191,50.54285812,0.005158557,7.556380749,12.68964672,11.36965656,546.7200317,125.083313
2535,2344,7.410449982,28.88703156,49.94138718,0.005992854,7.449037552,12.59259605,11.19992161,549.2185059,122.6387253
2536,2345,7.633878231,28.87487602,49.48246002,0.00636569,7.269785404,11.95800877,11.036026,551.7733765,120.3916092
2537,2346,3.345130444,28.86239243,50.11853409,0.005733021,7.437152386,12.09986115,11.37409973,546.3934326,126.3048325
2538,2347,3.084751368,28.84991074,50.27935791,0.005100351,7.375069618,12.40686417,11.47968292,545.1404419,125.9708405
2539,2348,3.766451597,28.82936478,50.20026398,0.004825267,7.340345383,12.62713432,11.35429192,546.2288818,126.2425919
2540,2349,2.62243104,28.80755997,50.27895737,0.004703738,7.451622009,12.4971447,11.45830154,545.0609131,126.8315964
2541,2350,1.569146872,28.90854263,50.9091835,0.004202415,7.392247677,12.93182468,11.6422596,540.5165405,131.750412
2542,2351,0.230277494,28.94788933,50.47857666,0.003912741,7.877268314,12.97463322,11.62160683,540.2805786,132.489975
2543,2352,-0.692438185,28.98723602,50.43563843,0.003623067,7.90883255,13.00914192,11.69491768,540.2402954,133.0516052
2544,2353,0.068710141,29.00838661,50.57913971,0.003728972,7.896270275,12.98746014,11.65792179,540.4089966,132.8439484
2545,2354,4.45941782,29.01530647,50.66185379,0.004439777,7.751513004,12.79788399,11.60733032,542.5129395,130.024826
2546,2355,6.026680946,29.02222443,49.99765778,0.005150582,7.606755257,12.60830688,11.38112354,545.4127808,127.0856476
2547,2356,4.324640274,29.01929474,50.00671387,0.004877111,7.603831291,12.61859894,11.4068079,544.7355347,127.9377289
2549,2357,0.64227432,29.00446892,50.07683182,0.003827967,7.793073654,12.8673296,11.56217003,542.5640259,131.008728
2550,2358,-0.047684547,28.97729683,50.39764404,0.00358625,7.850686073,12.95178032,11.61122894,541.2421875,132.089386
2551,2359,-1.051166534,28.95012474,50.31278229,0.003344532,7.907456398,13.03623199,11.63209915,540.7835693,132.6792755
2552,2360,0.16503337,28.91900826,50.18769073,0.00382196,7.876836777,13.02234077,11.53758144,542.086731,131.3599854
2553,2361,5.801217556,28.88633156,50.42044449,0.004886206,7.692781925,12.86453342,11.38312149,543.6420288,127.6356506
2555,2362,6.229171276,28.84675598,50.4512825,0.005455178,7.693025112,12.6785078,11.34674931,544.2003174,126.9992218
2556,2363,3.270155191,28.83748055,50.16307449,0.004852709,7.713827133,12.72325706,11.33738708,544.0973511,128.128006
2557,2364,2.074777842,28.8210907,50.43215942,0.004382979,7.734629154,12.76800728,11.46184063,542.7941895,129.1658478
2558,2365,1.469863057,28.79720116,50.08798218,0.004194412,7.739950657,12.76038456,11.3668108,543.4969482,128.5362854
2559,2366,1.288385153,28.77331352,50.30548477,0.004005845,7.726807117,12.67488861,11.42855549,542.5897217,130.2116394
2560,2367,2.797412872,28.7636795,50.54207611,0.005051007,7.713663578,12.58939362,11.45275784,542.0567627,129.6124573
2562,2368,12.54166794,28.75070953,50.53464127,0.007927173,7.411282539,12.46530247,11.03952312,550.3193359,119.6899567
2563,2369,8.548814774,28.75137138,50.21495438,0.006823009,7.466162205,12.54117489,11.13761997,549.8875122,120.4610138
2564,2370,7.272953033,28.75203514,50.28775787,0.005718846,7.52104187,12.61704826,11.23971367,548.4578857,122.2106247
2565,2371,4.791969776,28.74826431,50.42540359,0.005154222,7.553430557,12.66656876,11.29876137,546.8145752,124.585289
2566,2372,5.060391426,28.74202156,50.35174179,0.005183375,7.564852715,12.69130707,11.29023647,547.0409546,124.1732864
2568,2373,6.611575127,28.74674225,50.33470154,0.006839402,7.223694324,12.60062122,11.18205547,548.6553345,122.1953278
2569,2374,13.50406456,28.75724983,50.55503845,0.008723542,7.198082924,12.46968842,10.98373222,551.3076782,118.5051956
2570,2375,15.35302544,28.77206421,50.13866043,0.00975047,7.172471046,12.31565094,10.79451942,554.3842163,115.9595413
2571,2376,13.66020203,28.79302216,50.63635254,0.008157163,7.17070055,12.1023531,10.97156525,551.3479614,118.1548462
2572,2377,6.29880476,28.8139782,50.59700775,0.006563857,7.21121788,11.90870857,11.3310051,547.6338501,123.5233536
2573,2378,8.752447128,28.82305336,49.91591263,0.005992518,7.312698364,12.14083004,11.04309845,551.3626099,119.9854507
2574,2379,9.248214722,28.82910728,50.45255661,0.006017243,7.414179325,12.37295055,11.14196587,549.5077515,121.8140182
2575,2380,6.301944733,28.83279037,50.22191238,0.006066458,7.355319977,12.37982368,11.22084713,548.2834473,122.66996
2576,2381,7.550801277,28.82583809,50.11288834,0.007563964,7.057979107,12.05493736,11.129076,549.7267456,122.157547
2577,2382,14.2249918,28.8188858,50.37615585,0.00906147,7.053852558,11.73005104,11.0120163,552.3654175,117.9500351
2578,2383,15.87779331,28.80959511,50.46963882,0.009547895,6.998670101,11.55380058,10.94743061,552.7244873,117.2343826
2579,2384,13.4271431,28.79852486,49.92358017,0.008528887,6.934190273,11.98924446,10.81785107,554.6473389,116.3540802
2580,2385,10.03552055,28.7874527,50.54057693,0.00750988,7.215234756,11.77104187,11.09667492,549.2809448,120.6085281
2581,2386,6.461498737,28.76015091,50.3310051,0.006734357,7.426180363,12.55220509,11.27031994,548.0202637,122.4365082
2582,2387,4.805459976,28.73204422,50.41041946,0.006024742,7.45797205,12.57485962,11.28027153,546.2164917,125.0170441
2583,2388,5.645458221,28.70090103,50.17106628,0.005851814,7.489763737,12.5975132,11.18733215,548.0908203,123.4395599
2584,2389,8.824481964,28.66381264,50.18551254,0.008259466,7.350153446,12.45279408,11.08110046,549.7296753,120.8876495
2585,2390,15.89003944,28.62672234,50.27248383,0.010667118,7.207413673,12.29549122,10.24152184,554.9050903,109.3358078
2586,2391,18.67041206,28.58989334,50.04418182,0.011497089,6.806193352,11.90273952,10.608922,556.2734375,112.4530334
2587,2392,13.60893631,28.55316353,50.00234985,0.011074332,6.783656597,11.76574612,10.75414562,554.5229492,115.373291
2588,2393,14.37202358,28.51740265,50.47949982,0.010651574,7.048155785,12.04407787,10.83803749,552.4822998,116.3301773
2589,2394,12.84008026,28.48964119,50.48243713,0.009489435,7.150066376,12.31596184,10.88443375,551.3468018,117.4954758
2590,2395,11.68017864,28.46187973,50.53565598,0.008282158,7.251976967,12.36616707,10.93984318,550.9810181,118.1583405
2591,2396,9.788531303,28.46406555,50.06458664,0.007445567,7.299161911,12.4163723,10.93599129,551.3936768,118.6492462
2592,2397,9.698541641,28.49704742,49.42078018,0.007370232,7.300585747,12.43261623,10.76765442,554.2943726,116.7088394
2593,2398,8.566226006,28.5300293,50.24086761,0.007294896,7.302009106,12.40069294,11.00371075,550.0466309,119.9993668
2595,2399,9.114267349,28.64151192,50.59646225,0.007122707,7.274177074,12.11539173,11.10285187,548.8496704,121.5053711
2596,2400,8.995577812,28.69115257,50.57946777,0.007020572,7.307598114,12.54423332,11.1200037,548.7680054,121.805336
2597,2401,9.210386276,28.71959686,50.59784317,0.006786959,7.341019154,12.60352516,11.14852715,548.6624146,122.030365
2598,2402,7.336314201,28.74803925,50.61397934,0.006553345,7.485693932,12.60753727,11.22893333,547.5008545,123.5063553
2599,2403,8.06560421,28.7881546,50.62905884,0.00657354,7.496936798,12.58594513,11.26143074,547.9761353,123.0776901
2600,2404,7.923640728,28.83459663,49.42433548,0.006865488,7.50530529,12.55905151,10.99475384,552.6036987,119.2935638
2601,2405,9.446249962,28.87952995,50.36695099,0.007157437,7.455376625,12.46002007,11.2045908,549.6361084,121.5032501
2602,2406,11.88150311,28.8809967,50.2878685,0.0072747,7.40544796,12.36098766,11.02306843,551.0994873,120.0349808
2603,2407,10.78719997,28.88246536,50.30097961,0.007365395,7.404666424,12.39081001,11.12274075,550.5305176,120.5138702
2604,2408,9.690078735,28.87672806,50.44816589,0.007210101,7.472624779,12.5759306,11.12473011,549.7962036,121.5565033
2605,2409,7.309736252,28.86099434,50.58455276,0.006329359,7.540582657,12.76105022,11.27887249,547.6762085,123.904747
2606,2410,3.431404114,28.84525871,50.33394241,0.005448617,7.565011501,12.74606705,11.3212595,546.2825317,125.6749191
2607,2411,5.965725422,28.8561573,50.3497467,0.005628433,7.575791359,12.68632317,11.26306248,547.3966675,124.423317
2608,2412,6.676268101,28.87355042,50.12332153,0.00640904,7.58098793,12.61525345,11.19538975,549.1032715,122.788826
2609,2413,9.650710106,28.88807106,50.22177124,0.007162116,7.534386158,12.49949265,11.05596256,550.6893921,121.2525482
2610,2414,7.112693787,28.89027405,50.55432129,0.006776629,7.487784863,12.38373089,11.25939846,547.7327271,123.7526169
2611,2415,6.503206253,28.89247704,50.01470566,0.006391141,7.380380154,12.2013588,11.19039249,549.4550171,122.1839676
2612,2416,6.291092873,28.88581657,50.08120728,0.006037078,7.200764656,11.97216702,11.23489761,549.3149414,122.9646912
2613,2417,6.464230537,28.87258148,49.8220787,0.005728503,7.193721294,11.89918518,11.15311146,550.2353516,122.0838699
2614,2418,4.739206791,28.85934639,50.08127975,0.005419928,7.405104637,12.21060562,11.27079487,548.4399414,124.5978546
2615,2419,4.402853966,28.86030769,49.96281815,0.005900329,7.481099129,12.52202511,11.31016922,548.1846924,124.3581848
2616,2420,5.902532578,28.86187553,49.82010651,0.006585597,7.557093143,12.54536152,11.14792442,550.1859741,122.7046509
2617,2421,11.23361015,28.85887146,50.39321136,0.007120764,7.466304779,12.42726803,11.08705139,550.5719604,120.7851868
2618,2422,14.42342472,28.84715843,50.05321884,0.00696713,7.319747925,12.3204155,10.85919094,553.9786377,116.7650757
2619,2423,9.681027412,28.8354435,49.82957458,0.006813496,7.343090534,12.48079967,10.97737789,552.6297607,119.3924561
2620,2424,8.291233063,28.82526207,50.66152191,0.006425911,7.409202576,12.64118385,11.25915909,548.255249,123.0680923
2621,2425,5.526060581,28.81564903,50.46559525,0.005857589,7.47121048,12.73288822,11.33660793,546.7168579,125.1371307
2622,2426,5.471827984,28.8066082,50.0975647,0.005289268,7.511118412,12.71642876,11.23801613,548.1912231,124.3054504
2624,2427,5.408251286,28.7973938,49.9330864,0.007483546,7.498622894,12.57010937,11.20722961,548.8494873,123.2706223
2625,2428,12.7754879,28.76997757,50.36660004,0.008197491,7.354041576,12.39659786,10.95626163,551.7070313,118.2967377
2626,2429,14.34174252,28.7197113,49.99570465,0.008061513,7.209460258,12.25144958,10.87406635,553.7873535,116.5516129
2627,2430,11.26078129,28.66944695,50.24865723,0.007925536,7.212705135,12.34260273,10.90239429,551.9624023,117.7809982
2628,2431,8.638995171,28.65677261,50.28769302,0.007743353,7.254990101,12.43375587,11.05211926,549.9762573,120.6010056
2629,2432,7.60188961,28.64900208,50.02088165,0.007543127,7.297275543,12.43062496,11.03485298,550.6120605,120.5811539
2630,2433,10.13425541,28.65541458,50.07340622,0.00737078,7.330444813,12.32279491,11.02478123,551.6152954,119.1502151
2631,2434,9.198596954,28.70020676,49.72558975,0.007438033,7.36336422,12.21496391,10.94634342,552.5509033,119.1844101
2632,2435,9.419222832,28.74499702,50.13911438,0.007505286,7.365098,12.24083233,10.98503685,551.3581543,120.3282089
2633,2436,12.13928509,28.78166962,50.25273895,0.007764067,7.31161356,12.2886343,10.97869873,551.7615356,118.7561035
2634,2437,14.11474037,28.81406403,50.62331772,0.008222831,7.258128643,12.35358143,10.96672916,551.3800659,118.4446869
2635,2438,12.60449982,28.84605408,50.05529022,0.008681596,7.331191063,12.47156429,10.90646839,553.3631592,117.1347961
2636,2439,9.7213974,28.86826515,50.04026794,0.007966716,7.447343349,12.58954716,11.05717373,551.8812866,119.7235489
2637,2440,7.646137238,28.89047813,50.04917526,0.007083178,7.556571007,12.65581131,11.17049408,550.2215576,122.2725754
2638,2441,7.732757568,28.91009712,50.09085083,0.006495147,7.586094379,12.69160557,11.17671585,549.6693726,122.5901718
2639,2442,5.382610798,28.9262104,50.50237274,0.006750162,7.488541126,12.72739983,11.33499241,546.8108521,125.0336304
2640,2443,6.787069321,28.94232368,49.64181137,0.007005177,7.39098835,12.57549667,11.06212521,551.5652466,121.5586853
2641,2444,14.30161381,28.92420197,50.16149902,0.007901467,7.239070892,12.42071915,10.94356823,553.4644165,117.6826401
2642,2445,16.84933853,28.89807129,50.39827728,0.009151381,7.043411732,12.33744621,10.86852551,554.506958,116.3669052
2643,2446,14.96947193,28.87462234,50.61841202,0.010320415,6.919056416,12.39947319,10.99357986,552.7993164,117.8294601
2644,2447,10.32263088,28.86222649,50.49674225,0.008844201,7.124674797,12.46150112,11.10788727,550.477417,120.7643204
2645,2448,7.573143482,28.84982872,49.98882675,0.007367985,7.330292702,12.49711514,11.11387348,550.3088989,121.9040451
2646,2449,9.619738579,28.83635902,50.75616837,0.006790453,7.406232834,12.53140068,11.21059608,548.5685425,122.3870468
2647,2450,7.165950775,28.82211304,50.26482773,0.007480924,7.36610508,12.50368214,11.03123474,546.8581543,119.1611557
2648,2451,10.75253582,28.80786896,49.71988678,0.008171395,7.325976849,12.3358593,10.89547729,553.6143799,118.092804
2649,2452,17.6131382,28.75277328,50.55364227,0.009181858,7.178619862,12.16803741,10.86318588,553.812439,114.8461533
2650,2453,19.20829964,28.69622231,49.74965286,0.010272358,7.014071465,12.16190147,10.40820789,558.8386841,111.3236008
2651,2454,18.02036285,28.65003204,49.94709015,0.01103416,6.856617928,12.22776794,10.60103798,557.1349487,111.2051315
2652,2455,13.81821918,28.62302971,50.57540512,0.01034903,6.880977154,12.28773689,10.96798038,551.2477417,118.1182785
2653,2456,13.58320522,28.59602737,50.45681,0.009663899,7.124219418,12.244977,10.8270359,552.6691895,117.4422684
2654,2457,17.51930428,28.56393051,50.09189606,0.009572159,7.115983009,12.20221615,10.68752098,555.6981201,113.4811935
2655,2458,15.38640976,28.5300045,49.57133102,0.009927501,7.107746124,12.03363132,10.57934093,557.3039551,112.5836868
2657,2459,15.91573143,28.47675705,50.45692444,0.009480622,7.117002964,12.23283577,10.74874592,553.4580688,114.7998199
2658,2460,12.18102741,28.45586014,50.40648651,0.008624266,7.201045513,12.33579826,10.81144428,551.8818359,117.471817
2659,2461,11.00270939,28.45165253,50.44189072,0.008074358,7.281677723,12.43161488,10.91520882,550.7539673,118.4235229
2660,2462,11.69787788,28.46372414,50.34619904,0.008117953,7.289651871,12.45034504,10.92171001,551.7060547,118.4561005
2661,2463,11.38434792,28.47579575,50.57686996,0.008161548,7.297626495,12.4690752,10.9150877,550.319458,118.6822739
2663,2464,8.348733902,28.54971313,49.74644852,0.007436925,7.275108814,12.4090004,10.86030102,552.118103,118.5541458
2664,2465,9.205086708,28.58361626,49.46175766,0.007128278,7.256108284,12.36138058,10.77826214,554.0442505,117.1154785
2665,2466,12.08165646,28.60577774,49.77968979,0.007770034,7.267398357,12.33577442,10.81777477,554.1036377,116.716713
2666,2467,14.29747772,28.62794113,50.38594055,0.008411791,7.28576088,12.31389904,10.7800436,553.0248413,117.17099
2667,2468,12.7565794,28.65773392,50.40658569,0.008461014,7.201737881,12.31883144,10.98976898,551.4204102,118.5912094
2668,2469,10.10952854,28.69142723,50.29948425,0.007907308,7.203070164,12.42719269,11.07255077,550.414917,120.3607635
2669,2470,9.993544579,28.72467422,50.553936,0.007353601,7.299755573,12.53555393,11.10017681,549.9096069,120.5766525
2670,2471,8.432765961,28.74880409,50.67744827,0.006586885,7.391200542,12.51980114,11.17964935,547.8204956,122.4392624
2671,2472,7.811329842,28.77293205,50.59780884,0.005791355,7.348240376,12.41816616,11.19140244,548.5,122.6363678
2672,2473,6.979520321,28.7890358,49.67451859,0.005552394,7.305279732,12.31653023,10.9750576,551.52771,120.5213852
2673,2474,13.7308445,28.79457855,50.29795837,0.006849629,7.307557106,12.24623871,10.9476862,552.5339966,118.240448
2674,2475,13.98380184,28.80012131,50.22268295,0.008146864,7.371613979,12.17671299,10.94530296,552.6029053,118.1314774
2675,2476,11.1403656,28.81424904,50.58478546,0.007880864,7.435670376,12.19349575,11.13936138,550.2883911,120.800354
2676,2477,9.135380745,28.83030128,50.6518631,0.006777176,7.460846901,12.36283302,11.16892624,548.4847412,122.345314
2677,2478,7.152668476,28.84257507,50.20552063,0.005707151,7.475060463,12.5321703,11.23325157,548.6207886,123.3042679
2678,2479,7.152324677,28.83989906,50.36595535,0.005535589,7.470829487,12.55267239,11.30286217,547.949585,123.1002197
2680,2480,7.716475964,28.83701324,49.80691528,0.006011297,7.24743557,12.46276283,11.0756731,551.0412598,120.7984772
2681,2481,14.15490913,28.83854103,50.19939804,0.007784109,7.220860004,12.35692787,10.93375015,552.9436035,118.2546463
2682,2482,14.92985821,28.84007072,50.60912704,0.009556921,7.272190094,12.25109291,10.98798084,551.5994263,118.7477188
2683,2483,13.14990997,28.8579464,50.53971481,0.008598259,7.323520184,12.25418949,11.06722736,551.2941284,119.4898834
2685,2484,7.002388954,28.88738441,50.4741478,0.005670312,7.433576584,12.51582909,11.27283955,547.4683228,123.962059
2686,2485,7.496761322,28.88542175,50.45710373,0.005637634,7.461420536,12.54936314,11.24562263,548.4365845,123.1835327
2687,2486,3.722063065,28.883461,50.38631058,0.005604956,7.408320427,12.5581255,11.38490486,545.994751,126.3551788
2689,2487,13.95945358,28.87531853,50.35364151,0.00804924,7.328513622,12.33108044,10.98589993,552.5751953,118.1731186
2691,2488,12.44288349,28.8613987,50.44190216,0.008848988,7.305353165,12.13811398,11.01281452,551.3583374,119.3660889
2692,2489,10.34817028,28.8524456,50.59093475,0.007996785,7.336150646,12.29830551,11.1556654,550.0180054,121.1588211
2693,2490,10.1482935,28.84296799,50.07606506,0.007453512,7.368171692,12.45849609,11.01076508,551.6395264,119.9886093
2694,2491,8.80738163,28.83298874,50.14437866,0.007492261,7.370345592,12.48786259,11.11640549,550.1116943,121.4209595
2695,2492,9.938158035,28.8230114,50.45314407,0.007531011,7.260276794,12.50491524,11.11598969,549.7793579,121.1637268
2696,2493,12.71982193,28.79630852,49.85321045,0.009574002,7.150208473,12.45157814,10.84007645,554.0201416,116.7566528
2697,2494,20.12095833,28.7677002,50.19987488,0.01235053,7.072157383,12.19516468,10.64585686,557.6404419,112.4625931
2698,2495,20.97212219,28.73877144,50.03396225,0.014527178,7.025867462,11.93875027,10.5375061,558.4272461,111.5896378
2699,2496,20.60514259,28.70903015,49.5116806,0.012185983,6.979577065,11.9830265,10.35665321,561.2932129,109.3325958
2700,2497,14.64181614,28.67929077,50.04234695,0.009844789,7.023503304,12.19467831,10.74280262,554.6852417,115.4483032
2701,2498,13.70678043,28.64918327,50.58315277,0.008593175,7.074266434,12.39796543,10.94599342,551.7791138,117.5476837
2702,2499,11.89738846,28.61889458,50.11317825,0.008421468,7.053554058,12.30603027,10.68679905,545.2628784,114.1917191
2704,2500,19.12659836,28.58420944,49.78779602,0.013018608,7.053622246,11.71806145,10.48616409,558.1793213,111.3534241
2705,2501,15.7510128,28.62934494,49.87200546,0.010870195,7.142601013,12.06711197,10.66446018,555.9522095,113.7459106
2706,2502,14.35441208,28.67448235,50.28406906,0.008721782,7.231579781,12.28950214,10.82206821,553.2819824,116.2873306
2707,2503,9.255002975,28.68301392,50.1018486,0.007567648,7.311849117,12.4519577,11.02482796,551.0131226,119.7164841
2708,2504,7.482617378,28.68369102,49.9540329,0.006931862,7.385115623,12.4337225,11.01282883,550.4088135,121.0784073
2709,2505,7.662904263,28.68864632,50.11497879,0.006409832,7.458382607,12.41548729,11.04083347,549.8900146,121.1696777
2710,2506,10.16366005,28.70981979,49.74467468,0.00845554,7.351344585,12.35836601,10.8614912,553.2768555,118.4078979
2711,2507,16.29660988,28.73099518,50.23143005,0.010501249,7.232670307,12.27880669,10.79794312,554.6898193,115.1327515
2712,2508,17.39569664,28.74728966,50.07262802,0.011059177,7.169283867,12.20246124,10.68949223,555.6628418,114.0776291
2713,2509,14.0455637,28.76024818,50.37701416,0.009624183,7.244317532,12.29073048,10.91353798,552.8549194,117.2442093
2714,2510,11.30845737,28.7732048,50.17750931,0.008189189,7.319351673,12.37899971,11.05453968,551.5842896,119.0027084
2715,2511,9.591367722,28.77199936,50.59064484,0.007243931,7.379822731,12.43185806,11.14498997,549.2623901,121.4567947
2716,2512,8.030282974,28.77048874,50.39356613,0.006411627,7.432862759,12.43252277,11.11460018,549.2012939,122.4632645
2717,2513,6.183864117,28.77721405,50.03120041,0.006235004,7.475691319,12.43318653,11.2022028,548.7603149,122.4769516
2718,2514,9.571126938,28.79832077,49.80294037,0.008719482,7.327822208,12.33477402,10.9510355,552.3292847,118.9750671
2719,2515,16.47729683,28.81942749,50.49090576,0.01120396,7.179952621,12.20991516,10.89937878,553.4867554,117.1706085
2720,2516,19.53032494,28.83226013,50.18397903,0.011579923,7.127270222,12.11628151,10.616745,556.9155884,114.0396042
2721,2517,17.27198792,28.84232712,50.24133301,0.010447533,7.203207016,12.17053986,10.68724155,555.4087524,114.5433731
2722,2518,13.47339153,28.84762192,50.10998917,0.009315142,7.279144287,12.2247982,10.87635326,553.6001587,117.3324051
2723,2519,10.57918167,28.82220268,50.41144562,0.007929617,7.121804714,12.27924919,11.15722752,550.3017578,120.8394318
2724,2520,9.595319748,28.79678154,50.30280304,0.006535776,7.28548336,12.3338728,11.12970734,549.4846802,121.8880692
2725,2521,8.171668053,28.7827034,49.93521881,0.006656235,7.420872688,12.38849545,11.09908676,550.1876221,120.745163
2726,2522,10.31149864,28.77911377,49.73585892,0.009547955,7.234523773,12.1900835,10.8904953,553.6262207,118.4784698
2727,2523,17.81249619,28.77552223,50.44258118,0.012439676,7.048174381,11.96611691,10.82407475,554.4797363,115.0858078
2728,2524,21.12261963,28.75728035,50.06468582,0.012309195,6.904818058,11.75994587,10.62288666,557.7159424,111.3759918
2729,2525,17.81035423,28.73749733,50.31697083,0.0111083,6.812794209,11.60372925,10.74055576,555.1486816,114.0945282
2730,2526,13.62069511,28.71502686,50.37369537,0.009921824,6.96739769,11.8339653,10.89907265,552.9056396,117.4732208
2731,2527,9.92623806,28.68597794,50.31230164,0.00883767,7.20301199,12.20197487,10.97089577,550.0663452,120.3587875
2733,2528,11.15005302,28.65498543,50.16515732,0.008993503,7.10013485,11.84664536,10.95369625,551.6975098,118.8595352
2734,2529,13.51068306,28.66609955,49.87976456,0.012478925,7.290353775,11.91326523,10.75187874,554.5577393,116.5548477
2735,2530,22.75942612,28.67701149,50.17044067,0.015964348,7.026502609,11.63127804,10.49799442,558.9251099,110.1007462
2736,2531,23.24974251,28.68480301,50.0871315,0.013972472,6.581962585,11.34928989,10.40127468,559.3169556,109.5570297
2737,2532,20.73321342,28.69259453,49.87381363,0.011330426,6.876833916,11.46645737,10.42512035,559.2144775,110.8634109
2738,2533,14.35340023,28.6971817,50.62818527,0.009177857,6.811631203,11.82275772,10.92122078,551.6123657,117.9224701
2739,2534,12.09507751,28.69777107,49.80027771,0.008290254,7.322949886,12.17905903,10.86091328,552.887085,117.6209106
2740,2535,11.695611,28.69836044,50.1867218,0.00740265,7.4217453,12.23619175,10.97584915,551.7601318,118.6071167
2743,2536,18.44593048,28.76696205,50.12466049,0.01183866,6.773979664,11.23776913,10.71170044,555.6824951,114.0346603
2744,2537,19.71651077,28.75878143,50.14743805,0.011072746,6.741292953,11.4931345,10.6138134,557.3884888,112.7293777
2745,2538,16.42170334,28.75059891,49.7258873,0.010306834,6.809572697,11.90443707,10.63182163,556.8322754,114.2764435
2746,2539,13.51128578,28.73819923,50.47933578,0.009298042,6.923711777,12.08154678,10.9318924,552.1997681,118.5140839
2747,2540,10.12593651,28.72299004,50.51551437,0.007973061,7.041366577,12.25073433,11.11068344,548.9748535,121.2875443
2749,2541,7.230592728,28.71413803,50.47097778,0.00792316,7.147743702,12.29109764,11.17470074,547.8787231,123.0318604
2750,2542,10.61865616,28.72081947,50.09941864,0.009770949,7.169182301,12.23843765,10.95343399,551.6672974,119.3723907
2751,2543,18.10725594,28.71460533,50.49581528,0.011188387,7.113639832,12.19650936,10.7972784,554.7285156,114.5634689
2752,2544,19.4113369,28.68648148,50.36406326,0.010932325,7.028183937,12.15858173,10.64826393,555.4363403,113.4865417
2753,2545,17.2436161,28.65835571,49.80546188,0.010676264,6.959945679,12.13155746,10.64298725,556.6638184,112.8875427
2754,2546,14.79912472,28.64833641,50.20664215,0.009715221,7.090979576,12.20496082,10.81730843,553.5355835,115.9128799
2755,2547,12.6720047,28.64417458,50.33041763,0.008263217,7.222012997,12.27836418,10.99804783,550.9824219,118.8662109
2756,2548,9.037480354,28.64307404,49.87470245,0.006811214,7.282463074,12.31204033,10.95913601,551.2709351,119.3987885
2757,2549,9.426497459,28.66068077,50.10268021,0.008735491,7.252320766,12.29469109,11.04532528,550.6400757,120.2192612
2758,2550,12.10719204,28.67828751,49.63789749,0.010748145,7.222178459,12.27734089,10.74124718,555.1856079,114.8098984
2759,2551,18.54694176,28.67027283,50.23078156,0.011890313,7.063782215,12.25784683,10.72112179,555.5948486,113.7317352
2761,2552,16.95506096,28.60802841,50.00293732,0.011074159,6.946802616,12.23763943,10.64251328,556.7359009,113.2982559
2763,2553,14.76988983,28.59146118,49.60155106,0.009906298,7.123261929,12.38738441,10.62822914,556.6005249,113.8004074
2764,2554,13.42850208,28.59515762,50.08917236,0.009418165,7.21753931,12.37819481,10.82342148,553.1691895,116.0514755
2765,2555,13.21535778,28.62482071,50.38355637,0.009745185,7.311816216,12.31113148,10.90795135,552.0625,117.254364
2767,2556,17.15118027,28.64891815,50.06903076,0.010374564,7.128299236,12.18772411,10.72188282,555.5487671,114.0922165
2770,2557,14.56448555,28.6219902,49.71261215,0.010350066,7.182164192,12.17982578,10.71520329,555.4121704,114.6848679
2771,2558,14.66325569,28.63673973,49.93453598,0.009671606,7.198806763,12.24896622,10.76630116,554.3668213,115.4423218
2772,2559,13.89066315,28.64774132,49.88394547,0.009723437,7.189530849,12.18823814,10.75182152,554.9813843,115.1027222
2773,2560,14.03047276,28.65418625,49.82528305,0.011606829,7.086603642,12.06102562,10.67755127,555.0679932,115.242691
2774,2561,16.33070946,28.66063118,49.5617981,0.013490221,6.983676434,11.93801594,10.51103973,558.4100342,111.1981964
2775,2562,20.97966957,28.64809418,50.03816986,0.014384996,6.676168442,11.96670532,10.46997547,558.8754883,111.5108643
2776,2563,22.2293129,28.63184929,49.9438324,0.014793208,6.594028473,11.99539471,10.3781538,560.1798096,109.2663956
2777,2564,20.89804459,28.61501122,50.18470383,0.015083593,6.758649826,12.0465889,10.45551109,551.5984497,109.212532
2778,2565,13.68157005,28.59600449,50.50480652,0.013082912,7.004390717,12.13084793,10.92230034,552.0037231,117.6178818
2779,2566,14.03597832,28.57699966,50.28289795,0.011082231,7.244786739,12.21510792,10.83140945,553.1094971,117.122345
2780,2567,14.56439972,28.5661335,50.43414688,0.009784374,7.260972023,12.26099968,10.80382061,552.8243408,116.2776642
2781,2568,14.61956978,28.560606,50.46030807,0.00939018,7.277157307,12.29689693,10.78278732,553.4741211,116.5679398
2783,2569,12.94214535,28.56856155,49.83546066,0.009380679,7.232779026,12.21017456,10.7628231,554.8162231,115.4890366
2784,2570,13.15081024,28.58218575,50.17053223,0.009929319,7.245048523,12.11192608,10.79212189,553.2592163,116.6259155
2785,2571,13.76314926,28.60120392,50.11799622,0.010126514,7.26469183,12.11866188,10.70279598,554.3930664,115.6335831
2786,2572,11.92761803,28.62897873,50.4958725,0.009038851,7.244124889,12.21594334,10.93434906,551.3630981,118.45047
2787,2573,11.00934982,28.65675545,50.55910492,0.007951187,7.089021206,12.31322479,10.98301125,550.4872437,120.1563644
2788,2574,10.16462517,28.67244339,50.49653244,0.007651255,7.001255035,11.71676445,10.98524666,550.3358765,119.7301636
2789,2575,8.697388649,28.68451691,50.53710938,0.007869069,7.124278069,11.89195442,11.12204075,548.8682251,121.8911438
2790,2576,11.24026775,28.69460297,49.97029877,0.008086883,7.247300625,12.06714344,10.88125992,552.982605,118.0256195
2791,2577,16.99319267,28.69412613,49.75734711,0.00981116,7.181039333,12.09297848,10.64879036,557.0472412,113.1014557
2792,2578,18.81230736,28.6936512,49.94391632,0.011547408,7.113879204,12.02829933,10.52442455,557.6855469,112.1935654
2793,2579,16.96944237,28.69806099,50.00530624,0.012008883,7.069689274,11.96512222,10.63305283,556.6290894,113.4574127
2794,2580,15.01190567,28.70651436,49.7873497,0.01039541,7.065048695,12.11363316,10.6576376,556.885437,114.4771576
2795,2581,12.73024178,28.71496964,50.26938248,0.008781936,7.131243229,12.26214409,10.92233944,552.4230347,117.4910507
2796,2582,10.10220146,28.71833801,50.16634369,0.008670136,7.232390404,12.32606506,10.93224907,551.8618164,119.3281631
2797,2583,10.96928406,28.72135735,50.39508438,0.009009411,7.322181225,12.25727081,10.9462328,551.0296631,119.6700287
2798,2584,14.20816517,28.72219849,49.5485611,0.00957238,7.20382452,12.18847656,10.63969231,556.4469604,114.6976089
2799,2585,19.10448265,28.71849251,50.45883942,0.011330388,7.085467339,12.1342659,10.68470192,555.4005127,114.0669022
2800,2586,19.33119774,28.71478653,50.60920715,0.013088396,7.049853802,12.08432293,10.6765461,555.4985352,114.3949585
2801,2587,17.89317703,28.72110748,50.04705429,0.013025324,7.122646332,12.05782795,10.62251568,556.8742676,112.8301086
2802,2588,15.548666,28.73148155,49.45688248,0.011446831,7.173243523,12.16185284,10.64000225,557.880249,113.2782745
2803,2589,13.83181858,28.74180984,50.63695145,0.009868338,7.223840714,12.26587868,10.97348309,552.1326294,117.0009308
2804,2590,11.80729103,28.75174141,50.01964569,0.009149403,7.241799831,12.28314018,10.9243412,552.5854492,118.0938797
2805,2591,12.13771152,28.76167297,50.24475098,0.00849079,7.213488579,12.21055412,10.88693428,552.6778564,118.0415421
2806,2592,13.4947958,28.76193047,49.89722824,0.008936768,7.185177803,12.13796806,10.79413795,555.4472656,116.1606598
2807,2593,19.33793831,28.75209427,50.53158951,0.011698345,6.62631321,11.45352745,10.72097492,555.2122803,114.442215
2808,2594,21.39647293,28.74225807,50.47322083,0.014459921,6.995093822,11.53281021,10.60385132,556.8189697,112.2933273
2809,2595,19.45236969,28.75255775,49.83648682,0.013992934,7.075739861,11.89447498,10.48678684,559.4046631,110.8767395
2810,2596,15.96834469,28.76565933,50.15044022,0.012217366,7.156385422,12.2162714,10.74885368,555.8405151,113.7380905
2812,2597,11.53976059,28.76216698,50.13635254,0.009583963,7.225562572,12.30724907,11.00704288,552.4212646,118.5958328
2813,2598,11.96406651,28.75181961,50.19879532,0.008642576,7.236608028,12.21648693,10.91997051,552.3467407,118.0726318
2814,2599,15.69423294,28.7362709,49.68558502,0.010423785,7.071130753,11.99712849,10.67459393,557.380127,113.9864044
2815,2600,24.18326569,28.71798325,49.74522781,0.015052518,6.905653477,11.77777004,10.29187489,562.1918945,107.8672791
2816,2601,25.78626442,28.69916725,49.59777451,0.019681249,6.840312004,11.81995583,10.13518906,563.9472046,105.8646164
2817,2602,21.00802231,28.66842842,50.00323105,0.017891005,6.913837433,11.89050102,10.39513397,559.4694214,110.1436081
2818,2603,22.0012722,28.6376915,50.39562988,0.015192064,6.987362862,11.95328903,10.53239727,557.3725586,111.3532257
2819,2604,18.35547829,28.6040535,50.0978775,0.013175971,7.01342535,11.99419498,10.59826565,556.583374,112.4330444
2820,2605,21.77755547,28.56658745,50.34568787,0.013058534,7.024611473,12.03510094,10.48665333,557.7312622,110.5939178
2821,2606,18.4496212,28.5291214,50.08449936,0.012941096,7.027905941,11.99746609,10.55644131,557.0066528,112.1258926
2823,2607,21.02914047,28.54479027,50.38930511,0.015029318,6.917709827,11.84588242,10.50692654,557.6495972,111.4681625
2824,2608,22.32348633,28.55917358,50.40076065,0.016167663,6.926771641,11.97520351,10.42477512,558.1555786,110.5846024
2825,2609,19.52254295,28.58136749,50.18783188,0.013864586,7.001811504,12.10452366,10.49009705,557.4541626,111.5770416
2826,2610,17.03973961,28.6035614,50.00353622,0.011561509,7.076851368,12.23193073,10.69575787,555.9284668,114.0193176
2827,2611,14.05986309,28.61018562,49.77127838,0.010062429,7.119769096,12.35613632,10.6882391,554.9195557,115.7178268
2829,2612,12.50315571,28.60237312,49.8427124,0.009193639,7.12839222,12.08051395,10.83540344,553.8848877,116.6717606
2830,2613,14.65596771,28.62730217,50.00253677,0.010038176,6.906718731,11.66610527,10.69240379,554.8446655,116.1624451
2831,2614,15.95643616,28.65267181,49.77384186,0.011165773,6.990019321,11.73184109,10.6391964,556.7848511,113.924057
2832,2615,18.70409584,28.68089676,50.47499847,0.011871909,7.073319912,11.79757595,10.76580334,554.3181152,115.1045227
2833,2616,16.35707283,28.71390915,50.45218277,0.010967433,7.130119801,11.90684414,10.77322483,554.5735474,114.8069839
2834,2617,15.14568329,28.74692154,50.2681427,0.010062956,7.167808056,12.04368973,10.76089573,554.2006226,116.6033096
2835,2618,14.42502213,28.76383591,50.11217499,0.009094753,7.205496311,12.18053436,10.77587986,554.3754883,116.028595
2836,2619,10.22763538,28.77572441,50.0836525,0.008083374,7.337660313,12.25794983,10.94517136,552.2304077,119.1039352
2837,2620,10.02305031,28.78808212,49.88780594,0.007071994,7.294696808,12.33267021,10.9508009,552.4176636,119.5322342
2838,2621,12.07262421,28.80309677,50.22080994,0.009198003,7.25173378,12.34960842,10.88167858,552.6174927,119.1441879
2839,2622,17.65800095,28.81810951,49.99485016,0.011372775,7.096123219,12.25078297,10.67970562,557.0428467,113.8139496
2840,2623,19.33711815,28.82842636,49.53661728,0.01235838,6.918072224,12.15195656,10.51151466,559.6810913,111.0722122
2841,2624,17.6508522,28.83473206,50.52298737,0.011348498,6.989038467,12.16890335,10.74875355,554.7947998,115.4379425
2842,2625,15.02376747,28.84103584,49.76916885,0.010338617,7.091826439,12.23093605,10.71138477,556.3408813,115.2967834
2843,2626,14.41168785,28.82162857,50.13473892,0.009270224,7.175444126,12.27983093,10.87842274,553.7665405,116.3620377
2844,2627,12.74353695,28.80021858,49.99354172,0.008183558,7.194972038,12.21866131,10.89292908,553.651001,117.4842682
2845,2628,11.24963665,28.78720856,50.08525467,0.007664819,7.21449995,12.15749168,10.92465782,552.1809082,118.9674301
2846,2629,13.78031349,28.7923584,50.15385437,0.010349116,7.167626858,12.09724903,10.83738613,554.4402466,117.0098724
2847,2630,19.12670326,28.79750824,50.15021896,0.013033413,7.072446346,12.03796959,10.69859791,557.0703125,113.9431305
2848,2631,20.96007729,28.80471611,50.57933044,0.013766212,6.977265835,11.97868919,10.66728878,556.4265137,113.7579803
2849,2632,18.80801964,28.8127861,50.31973267,0.012831759,7.070115089,12.10626507,10.68044186,556.0982056,113.9502029
2850,2633,17.17410278,28.81854439,49.79682159,0.011897305,7.17586422,12.25957394,10.60638523,557.6638794,113.3412247
2851,2634,11.78747082,28.80185318,49.82222366,0.010425368,7.177212238,12.36920357,10.8344965,553.8737793,117.9873428
2852,2635,13.60481262,28.78516197,50.08012772,0.008911693,7.229122162,12.34002399,10.84687328,553.7376709,117.3366547
2853,2636,10.68531704,28.78837395,50.60396576,0.008613904,7.294094563,12.31084538,11.03335285,550.3738403,120.4641037
2854,2637,13.15730667,28.8129673,49.81451035,0.01094114,7.191139221,11.94069767,10.78247643,555.0158081,116.7194824
2855,2638,19.04014397,28.83756256,50.15415192,0.013268376,6.705197334,11.32644463,10.57002068,557.5116577,112.7229309
2856,2639,20.8496666,28.81867599,50.29866028,0.014104025,6.942958832,11.54999161,10.57132721,558.1567993,112.0576401
2857,2640,21.70663261,28.79332924,50.38630295,0.014316358,6.991377354,11.79913998,10.63005161,557.1746216,111.9769669
2858,2641,19.53570557,28.77249718,50.14219284,0.014351706,7.041124344,11.99243927,10.62455082,557.5652466,112.3778458
2859,2642,16.73538399,28.76456451,50.17424011,0.01268009,7.095759392,12.06112003,10.78341866,555.446167,115.1978607
2860,2643,14.78107738,28.75663376,50.17355347,0.011008474,7.150393963,12.12979984,10.77145576,554.5136719,116.1278687
2861,2644,14.22035694,28.75656891,50.26998901,0.011359449,7.079909325,12.08648109,10.8210144,553.71698,116.5913467
2862,2645,16.84553337,28.76078033,49.79389191,0.013879539,6.926594734,11.99470425,10.57910919,557.8292236,113.4870224
2863,2646,22.24943733,28.76498222,49.87228012,0.016399628,6.773280621,11.91207504,10.43270874,560.8370361,109.2422791
2864,2647,21.7619133,28.76885414,50.56904602,0.014577349,6.905370712,11.94743347,10.57726002,556.8852539,111.7232819
2865,2648,18.83972359,28.77272797,50.05318069,0.012110487,7.046234608,11.9827919,10.52807236,558.2380981,111.9287491
2866,2649,15.16262627,28.74032784,50.25023651,0.010630079,7.071166515,12.02889252,10.79192352,554.1260376,115.9715347
2867,2650,15.22655296,28.65855408,50.2955513,0.011980181,6.836222172,12.08762836,10.72371101,554.6639404,115.7558823
2868,2651,18.1308918,28.57677841,50.37708664,0.013330284,6.737926483,12.14636517,10.59424686,555.6970825,113.4174805
2869,2652,17.70027733,28.52562523,50.6001091,0.014429638,6.731149673,12.0625248,10.66392612,554.7160645,114.4713516
2870,2653,21.4058857,28.48155594,49.90422058,0.015392302,6.729137897,11.95139217,9.92959404,558.7125854,104.4213257
2871,2654,21.445755,28.44193649,50.24716187,0.016275076,6.613059998,11.7542572,10.4518919,557.5901489,110.3281326
2872,2655,22.10084534,28.42003822,50.26099396,0.015007327,6.280896664,11.21533394,9.392132759,568.3199463,99.67934418
2874,2656,16.6932888,28.41711044,50.22543335,0.012137731,6.865725517,11.67175674,10.6866293,554.4486694,114.7730789
2875,2657,12.88650131,28.46455765,50.07125473,0.010082668,7.227109909,12.06530476,10.77172184,552.9864502,116.7171555
2876,2658,9.952593803,28.51200676,49.73573303,0.008027604,7.358055592,12.23340225,10.85950279,552.7025757,117.9736633
2877,2659,10.04410553,28.55287933,50.49226379,0.008259138,7.280020237,12.23834515,10.96476555,550.217041,119.7718506
2879,2660,14.26621723,28.62998199,50.41189194,0.009574629,7.153002262,12.21425152,10.86173916,552.432312,117.3511658
2880,2661,16.60191727,28.65884781,50.46295929,0.009339483,7.107145786,12.1832962,10.72772408,554.1122437,115.6464615
2881,2662,14.33887959,28.68771362,50.28514099,0.009104338,6.882790565,11.49937916,10.90116882,552.5108032,116.6551666
2882,2663,12.13332367,28.6961174,50.28051758,0.00865208,7.371678352,12.39889622,10.95131493,551.8905029,118.7526474
2884,2664,9.552061081,28.70449829,49.77943802,0.007443867,7.407696724,12.48292065,10.90067196,551.9822388,119.8896637
2885,2665,10.08477116,28.74195671,50.00147629,0.008032865,7.364899158,12.42475986,10.96758652,551.7352295,119.8527756
2886,2666,12.18134499,28.77941513,49.89104843,0.008654281,7.322101116,12.36659908,10.85621929,553.4061279,117.4843216
2887,2667,12.93668556,28.78664398,50.06584167,0.008971619,7.138552189,12.35922813,10.98682117,552.3776855,118.3685074
2888,2668,13.56096935,28.7663784,50.23010254,0.008745407,6.872900963,12.37970829,10.87320137,552.4331055,117.8530121
2889,2669,12.51444721,28.74611473,50.34470749,0.008519193,7.186237335,12.40104771,11.00744915,551.7651367,118.6713333
2890,2670,8.884438515,28.73106003,50.01224899,0.007684595,6.970031261,12.46723175,11.02815342,550.8401489,120.3489532
2891,2671,7.110944748,28.71652985,49.96671677,0.00664034,7.410449028,12.53341484,11.13301754,549.7420044,121.6592026
2892,2672,6.420025826,28.70612907,49.90533829,0.005856365,7.447693825,12.5594883,11.04895782,550.1959229,121.8287277
2893,2673,5.284959316,28.70564651,49.72483826,0.006834099,7.458160877,12.52276039,11.11478424,549.6453247,122.3274612
2894,2674,8.8861866,28.70516205,49.74072266,0.007811833,7.326780796,12.48603344,10.95224094,552.4819336,119.6838455
2895,2675,13.68708897,28.67791748,50.63190079,0.008489019,7.195400715,12.42315674,10.93203163,551.4689331,118.8340607
2896,2676,15.19963741,28.63803482,50.46941757,0.008881988,6.851614952,12.35268116,10.87769318,552.5139771,116.7947769
2897,2677,13.53518867,28.60007095,49.97879791,0.009274957,6.950009823,12.30163383,10.82294941,553.7219849,116.3181381
2898,2678,13.00095558,28.5900116,50.17458344,0.008621398,7.087584019,12.37000656,10.83849525,552.5306396,117.2709732
2899,2679,11.48221207,28.57995415,50.12731934,0.007850467,7.105004787,12.43837929,10.83943844,552.9104614,117.9972
2900,2680,9.642271996,28.56654358,50.15372086,0.007483053,7.122425556,12.4430933,10.99474239,550.5875854,119.1878281
2901,2681,8.845693588,28.54902458,50.22826385,0.008131892,7.1164608,12.38923454,10.97945023,550.1000977,119.9376678
2902,2682,10.22651577,28.53150558,50.05095291,0.008780732,7.079715252,12.33537483,10.92630196,552.1453247,118.9364395
2903,2683,16.8537426,28.51523781,50.30925369,0.009571781,7.042969704,12.20879078,10.68199825,555.1975708,114.9874115
2904,2684,16.25597382,28.49921799,50.32764435,0.010433119,6.757510185,12.07328606,10.72344208,554.6520386,114.5558472
2905,2685,15.85250378,28.48812485,49.93484879,0.011171754,6.958146572,11.99506378,10.65600014,555.8474121,114.1240997
2907,2686,11.60617161,28.50092888,49.91306686,0.008370181,6.978626251,12.21636677,10.74782753,553.9422607,116.8179474
2908,2687,10.74700642,28.52567673,49.85443115,0.007711106,7.115531921,12.23553085,10.791399,553.104187,117.5344849
2910,2688,11.19018459,28.59913826,49.73358917,0.00828665,7.271797657,12.14396667,10.72977924,554.4223633,117.1850357
2911,2689,16.35495377,28.59358978,50.05786896,0.009528386,7.141660213,12.09804249,10.73310089,555.8704224,114.0997314
2912,2690,17.94394112,28.58760643,50.54489136,0.010973374,7.011523247,12.05211067,10.72132301,550.4462891,114.0134811
2913,2691,16.78234673,28.58238602,49.92739868,0.011860042,7.05873251,12.04619789,10.57402039,556.6699829,114.3991013
2914,2692,14.91687298,28.57843208,50.37043762,0.010638988,7.148619652,12.11689186,10.80051708,553.3374023,116.4957428
2915,2693,10.80255032,28.57448006,50.65225601,0.009417933,7.19503212,12.18758678,11.02685738,549.8978882,120.4576111
2916,2694,12.54036427,28.54854774,49.76753616,0.009173903,6.990722656,11.84526348,10.76245594,554.6610107,115.701355
2917,2695,11.50725842,28.5156765,50.21208954,0.009596471,6.895057201,11.67607784,10.81755733,552.0695801,118.204895
2918,2696,14.1705265,28.48460007,49.80796432,0.010019038,6.79939127,11.50689316,10.60800076,555.8475952,114.8955994
2919,2697,16.05905533,28.46412086,50.04471588,0.010646385,6.920969963,11.43668365,10.65201855,555.5745239,113.7043076
2920,2698,17.12766266,28.44364166,50.17163849,0.011278029,6.713949203,11.42982388,10.54533482,555.4063721,113.2563095
2921,2699,15.17877674,28.43509674,50.15629196,0.011349138,6.806585312,11.64555168,10.63121414,554.6524048,114.5582504
2922,2700,12.99234486,28.43712425,50.58172989,0.010443178,6.952625275,11.90115452,10.8224411,552.1470947,117.6501236
2923,2701,14.05260181,28.43915367,50.61144257,0.009537218,7.070903778,12.12288857,10.79793072,552.022583,117.4843216
2924,2702,11.846982,28.44529915,50.05173111,0.00914713,7.089273453,12.21074009,10.73499775,553.4814453,117.3607254
2925,2703,10.99639511,28.4518261,49.84841919,0.008929314,7.107643127,12.29859161,10.74659538,553.8018799,117.0699615
2926,2704,13.03927898,28.45236015,50.09985733,0.008978957,6.993628025,12.20642376,10.77149868,554.0874634,116.527359
2927,2705,18.24214935,28.43893623,50.06523132,0.010745859,6.775700092,11.98755264,10.46812534,557.2398682,112.2978058
2928,2706,19.04734039,28.42551422,50.25896835,0.012512761,6.55777216,11.76868057,10.53623295,555.8205566,112.635231
2929,2707,18.004282,28.41054916,50.20351028,0.012698689,6.821971416,11.97049522,10.57452869,555.9738159,112.7739639
2930,2708,15.29480648,28.39487839,50.21228409,0.011423926,6.89214325,12.19250488,10.69559288,555.0201416,113.9207077
2931,2709,14.4228754,28.38171387,49.90478134,0.010149162,6.87739563,12.19179344,10.55468655,555.6724854,114.5930328
2932,2710,14.38839626,28.40143585,50.08256912,0.009448042,6.854273319,11.82568932,10.58600712,554.973938,114.1234818
2933,2711,12.90539169,28.42115784,49.69203568,0.008807289,6.905047894,11.92506599,10.61191368,555.7348633,115.0907211
2934,2712,11.9368391,28.4336319,49.95808029,0.008729183,7.007441521,12.02444267,10.72949123,553.4371338,116.8366776
2935,2713,16.42320824,28.43745804,50.17728424,0.01002993,7.110218048,12.13479424,10.66399574,554.828125,114.6977081
2936,2714,17.29654503,28.44128227,50.27880859,0.011330676,7.21480608,12.25424099,10.56023502,555.3301392,113.6498718
2937,2715,14.36283684,28.49680519,50.39443588,0.010479026,7.319394588,12.37368679,10.8109827,552.6135864,116.2880249
2938,2716,7.515524864,28.56210899,50.31891632,0.008590159,7.379818916,12.40965462,11.05389214,549.1409302,121.9140625
2939,2717,8.269217491,28.62068748,50.52488708,0.006813677,7.397689819,12.4395237,11.09811306,548.7848511,121.9126282
2941,2718,8.481578827,28.69177628,50.49737549,0.006792852,7.35747242,12.48416424,11.09501076,548.9823608,121.8513947
2942,2719,9.447697639,28.70644951,50.26117706,0.007160783,7.288375854,12.50257015,11.01432991,550.5359497,121.1860733
2943,2720,12.22304726,28.70783997,50.56670761,0.008000877,7.208137035,12.45783806,11.03693104,551.0272827,120.0487061
2944,2721,12.38069916,28.70923042,50.77171707,0.008840972,7.09614706,12.38632011,11.04294968,549.9432983,119.9300766
2945,2722,11.96356678,28.70642853,50.31561279,0.008277712,6.984157085,12.18955421,10.93459225,552.1551514,118.6942673
2946,2723,9.486848831,28.70360947,50.18954468,0.007427095,7.251716137,11.91167831,11.05560303,550.9442139,120.1761398
2948,2724,11.92154026,28.70038986,50.12281036,0.007216532,7.241885185,12.31970692,10.87698746,552.0131836,118.3277664
2949,2725,10.54009342,28.69932175,49.77101898,0.00759262,7.094769001,11.86449242,10.84422874,553.4625244,118.4452744
2950,2726,12.1510849,28.70027351,50.09896088,0.008417999,6.974750996,11.74518776,10.91171265,552.4109497,118.326683
2951,2727,14.45987129,28.70183945,50.51481247,0.009542547,6.949969292,11.91860867,10.87703037,552.7267456,117.9253311
2952,2728,16.0587368,28.70576668,50.63189316,0.010667096,6.897162914,12.09202862,10.84279919,553.0256958,117.0969543
2953,2729,15.18244362,28.72286034,50.13869095,0.009598693,7.027275562,12.16717625,10.80259323,554.2936401,117.1332779
2954,2730,12.87857246,28.73995399,49.95156097,0.00849788,7.226066113,12.23357964,10.85146523,553.9976196,117.1625519
2955,2731,10.58452415,28.74583626,50.65619659,0.007632245,7.402256012,12.31837368,11.06742573,549.8575439,120.2886047
2956,2732,10.72371864,28.74205017,50.15210724,0.007165746,7.430635452,12.45254803,10.98887348,551.5457764,119.1806793
2957,2733,11.52466488,28.73826408,50.42340469,0.006699247,7.459014893,12.58672333,10.99860573,551.3247681,119.7154083
2958,2734,12.98924065,28.73417091,49.88975906,0.007792852,7.222927094,12.17186642,10.7925396,554.4744873,117.4720612
2959,2735,16.76935196,28.73005295,50.53948212,0.009389748,6.889110088,11.564888,10.8621645,553.2774658,116.4857864
2960,2736,16.93727875,28.73289299,50.00919342,0.010512243,7.028929234,11.42659569,10.71446228,555.942688,114.5542679
2961,2737,14.62092113,28.75141525,50.1285553,0.008749113,6.834617615,11.63866711,10.83682251,554.0349121,116.2378387
2962,2738,8.824057579,28.76993752,50.39163208,0.006985984,7.385948181,12.06729317,11.13743591,549.2989502,121.847435
2963,2739,6.087035179,28.75698853,50.15181351,0.005925314,7.465676308,12.49591923,11.22991276,548.4511719,123.4731674
2964,2740,5.949015141,28.73007393,50.49960327,0.005496919,7.545404434,12.58280373,10.81889343,547.8552246,118.2254028
2965,2741,4.453409195,28.70502663,49.87672806,0.005068524,7.407225132,12.47455025,11.22256851,548.3965454,124.1189194
2966,2742,8.093725204,28.70204163,49.93267059,0.006622191,7.128181458,12.36629677,11.01288509,551.2905884,120.9437103
2967,2743,15.35683727,28.69905663,50.14453125,0.008368763,7.032606602,12.30242634,10.84540272,554.2805786,116.9598694
2968,2744,13.71906662,28.6962204,49.72212219,0.00921124,6.945083141,12.23885059,10.79069614,554.9883423,115.9557495
2969,2745,11.91544437,28.69355774,50.18171692,0.007909492,7.248486042,12.25085735,10.97233582,551.718811,118.7447586
2970,2746,7.972033024,28.69089508,50.30293655,0.006607744,7.351946354,12.38823414,11.12362289,549.1254883,122.2013626
2971,2747,6.352794647,28.68620872,50.19960403,0.005875149,7.455406666,12.52561092,11.20262432,548.1512451,122.6145782
2972,2748,4.590543747,28.68115997,50.67770004,0.005408424,7.358468056,12.31802559,11.33591175,545.9465942,124.8728943
2973,2749,2.862030506,28.68279076,50.62930298,0.005053147,7.252892017,12.1448679,11.32145977,545.4726563,125.9041824
2974,2750,6.140923977,28.70636749,49.58332443,0.006257159,7.299463749,12.28871346,11.03063107,551.2487183,121.28405
2975,2751,11.38211441,28.72994423,50.40044022,0.00746117,7.027160168,12.43255901,11.02423668,550.3515015,120.9353561
2977,2752,11.31035137,28.77033424,49.93514252,0.007108673,7.093001842,12.40882397,10.96585274,552.0744629,118.8670273
2978,2753,8.988633156,28.78966904,50.38864899,0.006411601,7.062284946,12.42553902,11.08812141,549.2867432,121.430809
2979,2754,5.925753117,28.79157066,50.1195488,0.005828111,7.303619385,12.5813055,11.16539478,548.6359253,123.8361053
2980,2755,3.064897537,28.7934742,50.21256638,0.005266726,7.5449543,12.73707294,11.38027287,546.1661377,126.2112732
2981,2756,3.407423258,28.80471992,50.37339783,0.005231721,7.519989967,12.61432457,11.33476162,546.2838745,126.9453354
2982,2757,8.701346397,28.8306694,49.6226387,0.007038855,7.355707169,12.35278702,10.91736698,552.9077148,119.8058167
2983,2758,13.69679356,28.85661888,50.37952042,0.008845988,7.17199564,12.1086483,10.95681095,552.3932495,118.5977402
2985,2759,11.49628162,28.86332512,50.30387497,0.00860392,7.164721012,12.37509251,11.01191998,551.6134644,119.8502197
2986,2760,11.24524307,28.85920906,50.38376617,0.008000136,7.326365471,12.47837257,11.07283401,550.6710205,120.4605026
2987,2761,8.123179436,28.83062553,50.52407074,0.007078748,7.401927471,12.54231834,11.20603943,548.5690308,123.1987534
2988,2762,6.571833134,28.80204201,49.65090179,0.006153537,7.473336697,12.60626507,11.12472248,550.6293335,121.7363892
2989,2763,3.613724232,28.78898048,50.59067535,0.006263288,7.430876732,12.33550739,11.38157463,545.1768188,126.2676849
2990,2764,11.65282631,28.78895378,50.13550568,0.008085632,7.125594616,11.96267223,11.02297974,551.7105713,119.4255829
2991,2765,15.12798214,28.78892899,50.01551437,0.009907976,6.894764423,11.73275471,10.8011198,554.2409668,116.326767
2992,2766,15.7698679,28.76419258,50.52946854,0.009327821,6.942621231,12.03851986,10.84834957,552.9967041,116.9308472
2993,2767,13.9728241,28.73765182,50.1988678,0.008010367,7.066292286,12.34428501,10.92407703,553.1546021,117.5170898
2995,2768,11.7929306,28.71375275,49.84008408,0.006732108,7.298593998,12.40869617,10.93774986,552.9974365,118.205719
2996,2769,10.23116207,28.70931244,50.1843071,0.006590469,7.360031605,12.36634922,10.97248268,551.2316284,120.0493393
2998,2770,10.81907082,28.73203087,50.17581558,0.008519262,7.232172489,12.16359138,10.89138126,549.0286255,117.9935837
2999,2771,13.67776299,28.73977852,50.11576843,0.009811984,6.936647892,12.1227417,10.90384293,553.3421021,116.9764175
3000,2772,18.23624039,28.6890564,50.23575974,0.009990714,6.825057507,12.22231293,10.63211823,555.2561035,113.4076462
3001,2773,17.20757866,28.63833237,49.96902847,0.010086535,6.772268772,12.32188416,10.51068306,552.9634399,112.5308762
3003,2774,7.957725048,28.62247658,50.64168167,0.00812127,7.106465816,11.95514965,11.1288681,548.4524536,123.2775192
3005,2775,6.37475729,28.66249657,50.29375458,0.006602175,7.210935116,12.39463234,11.13037014,548.1792603,122.8200607
3006,2776,9.01981163,28.69940758,50.10598755,0.007266137,7.287853241,12.42731285,11.04857349,550.0668335,121.3668518
3007,2777,11.47990513,28.7255249,50.12133408,0.007852637,7.134799957,12.32404137,11.02879238,551.6365967,119.7032318
3008,2778,12.52781773,28.72138786,50.49249649,0.007712173,6.965636253,11.78041458,11.03604221,550.3722534,119.6914749
3009,2779,13.41193867,28.71725082,50.46756363,0.007571708,6.927375317,12.18934059,10.98966026,551.321106,118.9374161
3010,2780,9.223412514,28.71381378,49.88518143,0.007083623,7.428772449,12.30224705,11.00136852,551.3293457,120.5202866
3011,2781,6.19721365,28.71075058,50.02475357,0.006226096,7.478737831,12.45994473,11.14739704,548.9559937,123.1182327
3012,2782,5.160533905,28.7082901,50.05949783,0.005368569,7.528702736,12.59556675,11.13241005,545.4078979,122.5615082
3013,2783,4.713096619,28.72022247,50.08488083,0.00553852,7.52425766,12.53586674,11.2390871,547.8726807,124.4870987
3014,2784,5.349491119,28.73215294,50.22740555,0.005857756,7.446613312,12.47616768,11.26078796,547.1888428,124.3772964
3015,2785,7.821798801,28.72740936,50.26049805,0.006226745,7.368968487,12.44020462,11.09506607,548.8512573,122.2984009
3016,2786,10.66110611,28.70045471,50.34703445,0.006736086,7.352279186,12.43155575,10.95952892,546.199585,117.5381241
3017,2787,11.70701027,28.67349815,50.56368637,0.007245427,7.350902081,12.42290592,10.963274,550.4754639,119.7500305
3018,2788,9.317185402,28.65176964,49.5957756,0.007294366,7.356700897,12.42132187,10.90568066,552.8981934,118.8443832
3019,2789,8.192399025,28.63120651,49.8045311,0.007095816,7.395754337,12.42095184,10.90608025,551.9313354,120.2071228
3020,2790,8.435391426,28.61602592,49.91601563,0.006982246,7.434807301,12.36685467,10.95619202,551.0667114,119.8892136
3021,2791,7.944736004,28.62157631,50.21608353,0.008959694,7.342777729,12.1439743,11.0585146,549.5888672,121.8889236
3022,2792,11.88461304,28.6271286,49.68817902,0.010937142,7.133495808,11.92109489,10.72797108,554.7277222,116.2289581
3023,2793,19.18175507,28.62693596,50.15533829,0.012228509,6.924214363,11.88492298,10.57751465,556.9436646,112.2183304
3024,2794,19.80831528,28.62282753,50.53264618,0.012601754,6.783060074,11.95836544,10.66408634,555.6156006,114.2274628
3025,2795,18.8193264,28.61871719,50.38793945,0.012974998,6.697711945,11.95250702,10.60254765,556.0386353,113.6249619
3027,2796,14.04681778,28.60819626,50.45442581,0.010211382,7.127331257,11.98936939,10.78332424,553.0354004,116.9709625
3028,2797,11.03467178,28.6092453,50.1528244,0.009343085,7.159058571,12.2527132,10.85538673,552.0478516,118.73452
3029,2798,11.27758408,28.62097168,50.47369385,0.011158646,6.990181446,12.06484699,10.93290234,551.0117188,119.5397339
3031,2799,23.02546692,28.5976181,50.11652756,0.014531694,6.874326229,11.77213573,10.39048672,559.3292236,109.2667542
3033,2800,23.19721794,28.50671005,50.3131218,0.017293144,6.574931145,11.68450165,10.41354179,558.5561523,109.8198547
3035,2801,10.27962875,28.52426529,50.67521286,0.009945443,6.934436798,11.61381054,11.02435112,549.5390625,120.5257111
3036,2802,10.11213493,28.53900909,50.64145279,0.007774593,7.147012234,11.62389946,10.99064159,549.5393677,120.8165131
3037,2803,11.02398872,28.55888367,49.58125305,0.008232844,7.341279507,11.8510952,10.63235855,555.3882446,116.2868576
3038,2804,11.21160793,28.57875824,49.8379364,0.008691096,7.008282185,11.74329185,10.80717754,553.5126343,117.4689713
3039,2805,15.98032951,28.56476593,50.25085449,0.009499424,6.756146908,11.49446774,10.77896309,554.0705566,115.5244904
3040,2806,18.20017433,28.54808426,50.11388016,0.010418768,6.714296341,11.43771648,10.55046558,555.7330322,112.26297
3041,2807,15.5606842,28.54232979,49.70474625,0.010976098,6.768465519,12.11572361,10.58313656,556.4663696,113.3771439
3042,2808,13.10867977,28.56035995,50.47167206,0.009445528,6.874680042,11.64474583,10.90466976,551.6031494,118.6098404
3043,2809,9.570036888,28.57838821,50.24216461,0.007914958,6.962410927,11.74483299,10.98471546,550.5014648,120.0601959
3044,2810,10.28668976,28.59122849,49.52958679,0.007659726,6.991092682,11.84492016,10.83815861,553.458313,117.6147919
3045,2811,10.27189159,28.60188484,49.82312012,0.008506992,7.155668736,12.50509262,10.88269234,552.8197021,118.5111923
3046,2812,13.4517498,28.61001205,49.73747635,0.009354257,6.918888569,12.36920261,10.72060013,555.3498535,115.8607483
3047,2813,18.41337395,28.5931015,50.28807831,0.010286297,6.931894302,12.23331261,10.59628487,556.1965942,113.5872879
3048,2814,18.85893822,28.57618904,50.58343124,0.011225276,7.018509388,12.20226192,10.67135525,554.4506226,114.1949692
3049,2815,17.07868195,28.58594704,49.61610031,0.01143752,7.027567863,12.20395374,10.47581387,558.2892456,112.4307404
3050,2816,12.64633465,28.62469482,50.08423996,0.010047845,7.031431675,12.21218586,10.86081886,552.7178955,117.6905289
3051,2817,12.36680794,28.66344261,50.45059967,0.008658168,7.173137188,12.28205872,10.90245152,551.6729126,118.7820435
3052,2818,11.50021172,28.70787811,50.11297989,0.00815885,7.292391777,12.35193157,10.9501667,552.1531372,118.2830124
3053,2819,9.96598053,28.75318336,50.32001877,0.00804032,7.283067226,12.33722401,11.04602718,550.427124,120.4508438
3054,2820,11.31470013,28.78956604,50.16945267,0.008046163,7.273742199,12.2324934,10.97159767,552.2802734,119.4247131
3055,2821,14.15423775,28.80004883,50.04592133,0.009324183,7.244897366,12.16387463,10.82441807,553.7768555,116.7766113
3056,2822,17.20465279,28.81052971,49.92057419,0.010602202,7.196079254,12.23403835,10.66404057,556.3955078,114.576767
3057,2823,15.74251461,28.8244915,49.94082642,0.01072418,7.147260666,12.30420303,10.76871681,555.5299072,114.7699738
3058,2824,12.6153698,28.84058762,50.10671234,0.009450578,7.374948978,12.30189228,10.6447382,555.9024658,115.9869232
3059,2825,10.66249466,28.85648918,50.42351151,0.008176976,7.398449898,12.24359035,11.0506115,551.3259277,120.4229431
3060,2826,10.5834713,28.84879494,49.894207,0.008335098,7.417046547,12.18528938,10.95100689,552.2971802,119.2046509
3061,2827,8.797652245,28.84110069,50.33597946,0.008762973,7.384361267,12.05190182,11.14386082,549.5780029,121.3796616
3062,2828,13.16739368,28.83366203,50.08612442,0.00931688,7.242041111,11.91241264,10.8455267,553.3429565,117.4497986
3063,2829,16.42194748,28.82660866,50.18704987,0.010292512,7.099720478,11.87047291,10.81473923,554.6109619,116.1767807
3064,2830,17.35232353,28.81955719,49.80347443,0.011268144,6.883107662,12.07697868,10.72031403,556.4748535,114.5561447
3065,2831,15.44278145,28.8426342,50.48650742,0.010472094,6.907505989,12.28348446,10.91019154,553.038208,116.9856796
3066,2832,11.2290802,28.87395287,50.62236786,0.008584007,6.815939903,11.72224045,11.01672935,550.7771606,119.7059097
3067,2833,7.836844444,28.90186501,50.22572708,0.00670843,7.257636547,12.04549217,11.169981,549.8153687,121.6488495
3068,2834,6.630441666,28.91360283,50.02964783,0.006579891,7.440141201,12.3687439,11.15967464,549.6797485,122.7635422
3069,2835,4.634530544,28.92534065,50.16865921,0.006451352,7.622646332,12.49916553,11.2553072,547.6334229,125.0323181
3070,2836,10.26522541,28.93243599,50.22600555,0.007325986,7.466938496,12.30476761,11.06973934,551.2192993,120.3559189
3071,2837,16.52175331,28.93592262,49.9799118,0.009732684,7.309559345,12.11036968,10.86009121,555.2337646,116.6997681
3072,2838,18.29712296,28.93940926,50.14217377,0.012139382,6.941997051,11.76438904,10.82905483,555.3223267,115.047905
3073,2839,17.33131981,28.95071793,49.86883926,0.011100155,6.789587498,11.40958691,10.72471046,557.0955811,114.2295685
3074,2840,14.42730045,28.96242905,50.12477112,0.009112813,6.971888542,11.83703899,10.93949032,554.2904053,118.1997604
3075,2841,10.84476662,28.96334839,50.01976395,0.007438621,7.085598469,12.26449203,10.99797535,552.8988647,120.0239105
3076,2842,9.448879242,28.94329262,49.89609909,0.007262992,7.205702305,12.42867374,11.05640984,551.7454224,120.3854904
3078,2843,13.68854618,28.90300369,49.85321808,0.009007045,7.176403522,12.04418945,10.86901855,554.3341675,117.4282761
3079,2844,20.17239189,28.88270378,49.94152451,0.012562339,6.886793613,11.73407364,10.63826656,557.9397583,112.5471725
3080,2845,22.64608955,28.86093712,49.36628342,0.016117632,6.550472736,11.38920689,10.29967785,562.4921265,108.3966827
3081,2846,20.41858292,28.82808495,50.2411499,0.013701895,6.971959114,11.19985676,10.6463213,557.4330444,112.6988678
3082,2847,16.55731964,28.79523468,50.65912247,0.010973413,7.069295406,12.06497288,10.83635521,553.7706909,115.9028549
3083,2848,14.60910416,28.76985931,50.07838821,0.009003467,6.76994133,12.1246376,10.82542419,554.182373,115.9998474
3084,2849,10.60799789,28.75179863,50.13631821,0.00851351,7.149720669,12.21405411,11.03220654,551.2608032,119.8521576
3085,2850,10.47811317,28.73373795,50.49757004,0.008023554,7.180078506,12.30347061,11.08389187,549.5852051,121.4365387
3086,2851,16.61880875,28.72008705,50.06146622,0.011190198,7.14740181,12.1419754,10.64623547,555.5730591,114.1148682
3087,2852,24.61015892,28.70695877,50.47662354,0.015725723,6.906743526,11.90181065,10.46227646,558.7667847,110.2860641
3088,2853,24.74741173,28.69782448,49.66740036,0.019458199,6.665302753,11.70854187,10.21716404,562.5534668,106.4004059
3089,2854,23.14709282,28.69882584,50.22167206,0.017082278,6.481524467,11.81554127,10.37650585,559.597229,109.8196869
3090,2855,18.34939766,28.69982529,49.74242401,0.014706356,6.667619228,11.92254066,10.50316143,558.9459839,111.6301117
3091,2856,20.68096924,28.70290565,49.94826508,0.013027781,6.874022961,12.01606846,10.55051136,558.3728027,110.7815399
3092,2857,17.17526436,28.70701599,50.13103485,0.012041315,7.143941402,12.09672737,10.67524338,555.9519653,114.0393448
3093,2858,16.61677933,28.71178627,49.57743073,0.011054849,6.931777954,12.17738533,10.55112076,558.0266724,113.5575638
3094,2859,19.65391922,28.72814941,49.78432083,0.015330648,6.874393463,12.01552963,10.48439503,559.0110474,110.9589844
3095,2860,26.84074402,28.74451065,50.5722084,0.020277526,6.743442059,11.81440258,10.44582844,559.8786011,108.8357544
3096,2861,28.50525093,28.75861359,50.4102478,0.022882948,6.335866928,11.303339,10.30728436,561.1789551,106.9507675
3097,2862,25.68168831,28.76982689,50.16859818,0.019224331,6.514445782,10.95893192,10.34667969,560.7277222,107.7158737
3098,2863,20.96467018,28.7810421,50.62695694,0.015565711,6.611097813,11.2632618,10.64388752,556.0859985,111.9479904
3099,2864,18.18165398,28.77917099,50.16496658,0.013393727,6.795354366,11.63558674,10.68734741,556.4417114,114.2528
3100,2865,15.40781784,28.77450562,50.43095779,0.011997678,7.100819111,12.21340466,10.853158,553.7189941,116.4522629
3101,2866,15.02929115,28.7739563,50.65236282,0.010863449,6.890933514,11.75991821,10.91788101,552.842041,117.7834167
3102,2867,18.55576324,28.78897476,49.94411469,0.015684387,6.838000774,11.75261402,10.56261444,557.5128784,113.2456207
3103,2868,27.02122879,28.80399513,50.14032745,0.020505326,6.787786484,11.74102879,10.27237892,562.1593628,107.459465
3104,2869,27.7138958,28.80213547,50.7734642,0.021827355,6.772862911,11.68326187,10.43273354,560.0424194,108.5401154
3105,2870,26.05477333,28.78874397,50.01804352,0.018459128,6.757938862,11.62549496,10.23519707,562.1445923,107.4194336
3106,2871,21.12317085,28.77535439,50.11994553,0.0150909,6.812431812,11.68933678,10.49412537,559.0220947,111.1330338
3107,2872,17.79370308,28.75264168,49.76890182,0.012492293,6.958080292,11.89361191,10.59134579,557.9078369,112.6147461
3108,2873,17.4543705,28.72973442,50.5055542,0.010071454,7.103728771,12.09788799,10.70079422,554.9671021,115.1960068
3109,2874,14.52020741,28.71804237,50.76641464,0.009367063,6.925747395,11.92503262,10.9407444,551.8109741,118.0143509
3110,2875,19.75901604,28.72592163,49.84030533,0.015638625,6.675496101,11.68519783,10.49621487,559.0108643,111.3225937
3111,2876,27.54933357,28.73380089,50.67804718,0.021910187,6.704446793,11.50054741,10.3628788,559.8922729,108.786087
3112,2877,30.07301712,28.72546005,50.55142975,0.022755135,6.563457966,11.28306103,10.22521114,562.492981,105.9192123
3113,2878,28.13271523,28.71169281,50.63844299,0.019710321,6.409224033,11.06557465,9.629515648,567.8753052,99.08345795
3114,2879,21.95911217,28.6972847,50.34631729,0.016665505,6.661288738,11.23464012,10.49244976,558.4849243,110.2519608
3115,2880,18.6541729,28.67873383,50.38109589,0.015069965,6.821763992,11.6807518,10.62343597,556.3948364,113.2121277
3116,2881,14.10285378,28.66018295,49.99748611,0.013523052,6.795057297,12.12686348,10.6797533,554.6620483,115.4021606
3117,2882,16.46324921,28.65255737,50.84752274,0.015167488,6.888328075,11.85116386,10.85302162,553.1875,115.8748398
3118,2883,23.6695118,28.65503883,50.14056778,0.02267159,6.510358334,11.62163067,10.35111141,560.2051392,110.0185089
3119,2884,32.43644714,28.6575222,49.92088699,0.030175691,6.04270649,10.67847157,9.937455177,566.6455078,101.224884
3120,2885,34.90058899,28.63528633,50.23264694,0.029094148,6.331949711,10.71068287,9.898453712,566.0849609,100.9847488
3121,2886,31.84944153,28.61044502,50.08135605,0.024961263,6.239798546,10.77146149,9.802536011,558.9180908,98.35639191
3122,2887,26.69289207,28.59230423,50.62929535,0.020904647,6.394612312,10.88531971,10.33493996,557.2196045,106.8431015
3123,2888,26.73557854,28.59057617,50.58270645,0.01739195,6.434339523,10.99917889,10.36653519,559.5754395,108.1748505
3124,2889,17.53201294,28.58884811,50.69282913,0.013879251,6.841464043,11.79851627,10.82893181,552.850708,116.0035553
3125,2890,16.71060562,28.61192894,50.47801208,0.013794499,6.811775208,11.28878403,10.80374908,553.8986206,115.2176666
3126,2891,20.58413696,28.64695168,50.06573868,0.017028635,6.713741779,11.26190281,10.56682205,558.184082,110.624115
3127,2892,29.63257217,28.66572189,50.44628525,0.020185608,6.491232872,10.63461971,10.20993328,561.8833618,105.9036636
3129,2893,20.85596657,28.64791679,49.98692703,0.018640509,6.795991421,11.7787056,10.40078449,559.1908569,110.3999176
3130,2894,19.77079582,28.65451813,50.52258682,0.016012546,6.921853542,12.01330662,10.60870457,556.300354,112.1325836
3131,2895,18.98333549,28.66111755,50.08139038,0.013384583,6.996676922,12.03011227,10.31787968,551.3522339,107.7550964
3132,2896,16.73413849,28.68671417,50.29340744,0.014899204,7.071500301,12.04691887,10.74126816,555.4468994,114.1647949
3133,2897,21.74555969,28.71619606,50.24411011,0.018516229,6.982273579,11.96709442,10.55033112,558.2367554,110.7414932
3134,2898,27.12058258,28.73392105,50.05761719,0.021984605,6.82311058,11.76281071,10.2394104,563.0305786,106.0466843
3135,2899,29.14797211,28.70884705,50.27323914,0.022544703,6.681897163,11.55852795,10.16427612,562.9303589,105.2377014
3136,2900,28.30583572,28.68377113,50.45054245,0.023104798,6.731142998,11.65212059,10.23818111,561.3456421,106.4158478
3137,2901,26.67504692,28.66303062,50.23180008,0.021588752,6.780388832,11.81016159,10.25899887,561.9034424,106.8840332
3138,2902,21.63871384,28.64517403,50.24692917,0.017361635,6.810160637,11.95180035,10.4970274,558.8482056,109.9353714
3139,2903,17.54449844,28.62731552,50.53377914,0.01313452,6.816727638,12.0235281,10.65535069,555.0048218,114.521492
3140,2904,17.64286995,28.639925,50.66788864,0.016928399,6.793380737,12.09525585,10.75501823,554.015625,115.1351395
3141,2905,25.91730309,28.65297318,50.05130005,0.022496941,6.673582077,11.70440578,10.28107452,562.4379272,106.0580063
3142,2906,30.23425293,28.63637924,49.81367111,0.026595155,6.350963116,10.94967747,10.00067329,565.5492554,101.6074219
3143,2907,31.40502548,28.56949425,50.43848419,0.024953948,6.574274063,10.94770718,10.04260349,563.7774048,103.3642044
3147,2908,27.67595291,28.35448074,50.1411972,0.023786999,6.303310394,11.00602818,10.04605579,562.9983521,104.3649292
3148,2909,25.55625916,28.37706757,50.51220322,0.022970499,6.493288517,11.32659531,10.35357094,559.2493286,106.2651215
3149,2910,25.12880707,28.39965248,50.1281662,0.022120841,6.683266163,11.64716339,10.25494766,560.555481,106.8246155
3150,2911,26.72047424,28.4236412,50.23752213,0.021102214,6.532248974,11.08071613,10.23429489,561.3701782,105.391922
3152,2912,24.21273613,28.47413445,50.19791031,0.018463006,6.63902092,11.29209995,10.33166599,560.3306274,107.9554749
3153,2913,22.1208477,28.51203537,50.6421051,0.016709181,6.796442032,11.6268034,10.51851082,556.5523071,110.9133911
3154,2914,22.94982529,28.55116272,50.55116653,0.014806454,6.885778904,11.81078243,10.27563381,557.0022583,106.7267075
3155,2915,19.22379494,28.5847683,50.21187592,0.013562742,6.916064262,11.94581413,10.59069157,557.0697632,111.9722595
3156,2916,21.53260803,28.60528564,50.75214005,0.016740775,6.946349621,12.03713703,10.65864086,556.0880127,111.7746429
3157,2917,23.59164238,28.62580299,50.21651459,0.019918807,6.83437109,11.86007881,10.37013054,559.6448364,108.6902695
3158,2918,27.58783722,28.58824921,50.38500977,0.022235807,6.704810619,11.68301964,10.24520683,560.9859619,106.2306137
3159,2919,29.68646431,28.52359581,50.58168411,0.023741031,6.476695538,11.48543358,10.13645267,562.0220947,105.9181671
3160,2920,29.19202423,28.46113014,50.39708328,0.025246253,6.423431873,11.46775723,10.1523304,562.2996826,105.0118866
3161,2921,28.88321686,28.42916679,50.44467163,0.022135377,6.630479336,11.63808727,10.09336662,562.3331909,105.3797989
3162,2922,23.62023544,28.39720154,50.55695724,0.018511096,6.835945129,11.80841732,10.35769367,558.5510254,109.1617355
3163,2923,21.71404648,28.39583206,50.27732468,0.015912373,6.892272949,11.92116356,10.33483887,558.5680542,109.8967133
3164,2924,17.43066406,28.43152237,50.373909,0.015884148,6.948601246,12.02742577,10.62156391,554.7384644,113.737114
3165,2925,19.87680626,28.46721268,50.52248764,0.015855923,6.872842789,11.90797997,10.48828697,556.4904785,112.4652328
3166,2926,23.130476,28.4777565,50.19445419,0.016998412,6.792600155,11.6409502,10.39267826,559.3171387,109.3555984
3167,2927,24.91535378,28.4834137,50.08194733,0.018716989,6.859224319,11.62360573,10.20228004,560.8739624,107.3689423
3168,2928,24.18748856,28.49804306,49.813694,0.020160984,6.686129093,11.6062603,10.10440445,562.1470947,106.4694824
3169,2929,19.46253967,28.54403305,50.11685944,0.016906746,6.713275909,11.46882629,10.57309341,557.649353,111.7854309
3170,2930,18.34099197,28.59002495,50.40201187,0.013652507,6.740422726,11.33123112,10.65215588,555.6264648,114.0595093
3171,2931,17.11725426,28.62851143,50.28573608,0.012830732,6.782849312,11.42577934,10.61314011,555.7649536,114.248848
3172,2932,19.08577919,28.66214752,50.29681778,0.015100256,6.827364922,11.55226994,10.60774422,556.43573,112.8377151
3173,2933,22.028759,28.69578552,50.11197281,0.017369779,6.832897663,11.62802601,10.4621172,558.9485474,110.0834122
3174,2934,26.76883888,28.66858673,50.03532028,0.019456659,6.730602264,11.552104,10.25755119,562.0411987,106.9224167
3175,2935,27.51037598,28.64093399,49.94576645,0.021504911,6.628306866,11.47618294,10.18579102,562.8856201,105.6930313
3178,2936,19.71618843,28.60231209,49.9534874,0.01493146,6.981253624,12.00609016,10.44219971,558.9595947,111.2213287
3179,2937,18.74910927,28.60261726,49.91163635,0.014971761,7.014867306,12.05829048,10.47501469,557.9442749,111.7356491
3180,2938,19.08925056,28.60572052,50.14242935,0.017478092,7.048480988,12.08317089,10.62008476,556.742981,112.4615173
3181,2939,24.45192337,28.60058594,49.82268906,0.019984422,6.901853085,11.90063667,10.27358055,562.1193848,106.9764938
3182,2940,30.17496872,28.55150223,49.69347382,0.023544032,6.603503704,11.71810341,9.923355103,565.9110718,102.1031418
3183,2941,31.19022369,28.50241852,50.56503296,0.027113028,6.236326694,11.29975414,10.12004852,562.5267944,104.1299515
3184,2942,30.98937035,28.46675301,50.41533661,0.028612107,6.173832417,10.59763718,10.04783344,562.8391113,103.371048
3186,2943,28.06984901,28.41771698,50.20159531,0.024842173,6.605876923,11.70204163,10.12137318,562.4547729,104.8227615
3187,2944,25.49946785,28.45116043,50.09414291,0.021039592,6.701295376,11.90164852,10.24593925,560.4636841,106.3943787
3188,2945,19.3859787,28.48863983,50.47587967,0.016658489,6.79916954,12.08770466,10.58600616,554.9404297,113.3579254
3189,2946,18.54043961,28.51289558,50.25726318,0.013222924,6.897533894,12.13738537,10.57497597,555.8569946,112.9883957
3190,2947,21.63477325,28.50945091,50.45407867,0.014868092,6.969819069,11.93995285,10.60303783,556.2827148,112.2483978
3191,2948,22.84160805,28.50600433,50.16276932,0.01651326,6.950733662,11.74252129,10.38990879,558.7737427,109.9161148
3193,2949,19.86172295,28.53474617,50.61811829,0.013888209,6.806433201,11.5053997,10.61327934,555.0910034,113.3073578
3194,2950,17.26499557,28.55062485,50.39416122,0.01170584,6.646555424,12.12054348,10.60142231,555.164917,114.7001877
3195,2951,14.12692356,28.55312157,50.14369583,0.011153047,7.048378468,12.18501759,10.7449398,553.3427734,115.8548279
3196,2952,12.67782211,28.55561638,50.61793518,0.010715129,6.932761192,12.24949169,10.9226017,550.8114014,117.9798203
3197,2953,17.40807724,28.56498337,50.4253273,0.011481332,6.838532925,12.15598011,10.66746902,554.8729858,114.9639664
3198,2954,22.70262527,28.58152199,50.31596756,0.014774454,6.794875145,11.9101553,10.43584538,558.1841431,110.2987061
3199,2955,25.36414909,28.59806252,50.08443069,0.018067576,6.863985062,11.66432953,10.35760593,560.6213989,108.2385788
3200,2956,22.07021523,28.62002373,50.59681702,0.016266698,6.933094978,11.91734695,10.23913002,556.5959473,106.7537766
3201,2957,16.80316925,28.64274025,50.4322052,0.012397047,7.137933731,12.22797298,10.78595257,554.230835,115.9456406
3202,2958,12.29139233,28.6575222,50.46975327,0.008886565,7.253000259,12.46787739,10.98678017,550.8851929,118.8663406
3204,2959,9.388528824,28.64338112,50.55781555,0.008344988,7.245847225,12.5334053,11.1050663,548.7528076,121.6829987
3205,2960,15.73597431,28.64093018,50.5148201,0.009846991,7.066418171,12.39073086,10.8077364,552.8330078,116.9792633
3206,2961,20.81805801,28.64091301,50.19890976,0.013206134,6.879599094,12.14768219,10.48845959,558.2005005,111.7273788
3207,2962,22.85823822,28.64114189,49.93047714,0.016565276,6.647434711,11.90463257,10.44300461,559.7495728,109.3482132
3208,2963,21.38354111,28.6468029,50.05136871,0.014839577,6.787550449,12.00101376,10.45926285,557.8955688,110.5406799
3209,2964,19.43107986,28.65246201,50.59703445,0.01239929,6.76731348,12.10156727,10.68662071,554.3760376,114.4400253
3210,2965,15.27851391,28.64469719,50.6282196,0.010282463,6.747076988,12.2258749,10.83342361,546.6929932,114.5219498
3212,2966,9.443810463,28.59386635,50.6709404,0.007838955,7.001140118,12.56767273,11.11797333,548.5028076,121.3656769
3213,2967,15.86858845,28.59079933,50.42737198,0.010535698,6.98420763,12.41281891,10.75156784,553.3062744,115.8828659
3214,2968,22.81175041,28.59262657,49.76588821,0.015304836,6.914620876,12.10004997,10.40851021,560.4434204,108.8769226
3215,2969,25.13137245,28.59197998,50.15263748,0.019767379,6.82541132,11.81400108,10.31967354,560.0187988,108.6177673
3216,2970,24.04872513,28.58196259,49.71824646,0.01737066,6.750626087,11.93320274,10.27221584,561.5916748,107.0394211
3217,2971,22.01454926,28.57194519,50.54403305,0.014973941,6.883635998,12.0524044,10.50059795,557.1057739,111.4213638
3218,2972,20.57527351,28.56305885,50.48355484,0.013108032,7.016645908,12.16056252,10.59455776,556.5131836,112.0352936
3219,2973,15.24969673,28.55493736,49.98716354,0.011944132,7.050094604,12.25200081,10.70392609,554.6779175,114.7123871
3220,2974,12.69166756,28.54681587,50.58678818,0.010780233,6.963389874,12.34344006,10.91977787,550.7584229,118.654068
3221,2975,21.0688324,28.55895233,49.98942947,0.013637501,6.876684666,12.18420315,10.45458126,558.854126,110.5130386
3222,2976,25.24100876,28.57139969,50.23228455,0.017383626,6.823339939,11.9568224,10.42832184,559.543335,108.0625992
3223,2977,25.40362549,28.58284187,50.5377121,0.0198486,6.776268959,11.77966881,10.35236835,559.1310425,109.3815994
3224,2978,24.56467247,28.59259987,50.4523735,0.017424619,6.767294407,11.83933926,10.38715458,558.9822998,109.1412354
3225,2979,20.61580849,28.60235786,50.33004379,0.015000639,6.920329571,11.89900875,10.55498886,556.8302002,111.8915558
3226,2980,17.33267975,28.60220718,49.83773804,0.012615788,7.073365211,11.7390976,10.59288692,556.5756226,114.2106934
3227,2981,14.76277828,28.59896278,49.55075073,0.010257419,6.845564365,11.37939644,10.51942062,557.0739136,113.6068954
3228,2982,11.52306366,28.59973907,50.33945465,0.00789905,7.004285812,12.07530499,10.96769238,551.1876831,118.47435
3229,2983,21.74273491,28.6231823,50.11198044,0.013579083,6.87014389,11.94654465,10.47246456,558.7088013,110.2496719
3230,2984,26.68273163,28.64662552,50.26872253,0.019381752,6.502424717,11.79117203,10.39489555,560.2782593,108.2594604
3231,2985,27.78979111,28.66123009,50.29562378,0.022086846,6.478748322,11.4621172,10.27211952,561.3865967,106.6255646
3232,2986,27.04665565,28.66828346,50.15656281,0.019596361,6.455072403,11.13306332,10.28993416,561.7801514,106.9401398
3233,2987,23.84221077,28.67533493,50.57903671,0.017105874,6.530612946,11.09665871,10.47984123,557.9838257,110.9929733
3234,2988,20.76239777,28.6655674,50.07518387,0.015740925,6.710477352,11.38356781,10.43673897,558.947937,111.579361
3235,2989,20.48574448,28.65449142,49.92909622,0.014727439,6.706263065,11.63778305,10.40311241,558.5861206,111.3375549
3237,2990,22.03946495,28.66331482,49.9429245,0.019102044,6.755793571,11.97892761,10.46367455,559.2558594,110.084816
3238,2991,28.58705139,28.67576408,50.4811821,0.023651918,6.741595268,11.8115921,10.25643635,561.0159302,106.8206177
3239,2992,29.3341198,28.67390633,49.87351227,0.024224453,6.68535471,11.64425659,10.04418087,564.784668,104.0687027
3240,2993,28.61519623,28.66606712,50.06056595,0.021398587,6.629114628,11.72206879,10.15292454,563.3404541,104.9965286
3241,2994,23.80938911,28.65641212,50.09046173,0.018572723,6.761821747,11.86680508,10.36203671,560.5056152,109.1164017
3242,2995,22.49209976,28.62917137,50.4899292,0.016602797,6.922379971,11.9827795,10.55587292,557.477478,111.3028488
3243,2996,20.366045,28.60193062,50.5458374,0.014699411,6.888860703,11.94412231,10.62697697,556.1444092,113.1429367
3244,2997,16.67137909,28.59035683,50.61344147,0.015828375,6.736876965,11.90546608,10.74737453,553.2359619,115.7634354
3245,2998,25.20195198,28.59561348,50.03214264,0.023506155,6.639687538,11.75498199,10.27967262,561.5164795,106.9302216
3247,2999,33.60725403,28.57668114,50.02272797,0.031954668,6.276599884,11.25120354,9.862158775,567.1268311,100.8307495
3248,3000,31.69842911,28.5481205,50.02056885,0.029836817,6.264697075,11.35742283,9.974105835,565.2792358,102.3073578
3249,3001,33.59322739,28.52582932,50.39776611,0.027507547,6.423411846,11.49783611,9.991723061,564.8771362,102.8158493
3250,3002,29.19203949,28.52144814,50.15720749,0.023135398,6.582127094,11.63518143,10.16482925,562.1817627,104.9983521
3251,3003,23.26061058,28.51706696,50.5814209,0.018763248,6.668681622,11.76521873,10.43221283,557.8563232,110.6182404
3252,3004,24.63551712,28.52365875,50.61096573,0.017420683,6.735307693,11.89525604,10.41673183,558.1192627,109.5201721
3253,3005,28.60272217,28.53620911,50.17692566,0.019327518,6.710479736,11.86651516,10.13255596,562.2453613,105.0055847
3254,3006,26.57861519,28.54819679,50.36396027,0.021234352,6.685652256,11.74517918,10.24854088,561.0718384,107.5417786
3255,3007,26.52823448,28.54541016,49.9839592,0.020531982,6.695169926,11.62933445,10.2127943,562.2738037,106.2968597
3256,3008,24.78471756,28.54262543,49.77580643,0.019443741,6.744496822,11.777812,10.2225771,562.2561035,106.4949188
3257,3009,22.34198189,28.54623413,50.42219925,0.017893609,6.793823719,11.92629051,10.47810745,557.3150024,110.7061844
3258,3010,19.04907799,28.55848503,50.259655,0.015028319,6.958374023,12.0694685,10.5551424,556.395752,113.0690079
3259,3011,18.06676483,28.57073402,50.08270264,0.01216303,7.143698692,12.20476913,10.62179947,556.6183472,113.0559082
3260,3012,13.77761555,28.58773422,50.36296082,0.013639226,7.182817459,12.34007072,10.92298412,552.0848389,117.0529327
3261,3013,19.7690773,28.60581779,50.04807663,0.017467668,6.748652458,11.84731102,10.54253387,557.3676147,112.2234955
3262,3014,26.52515984,28.61715508,50.12854767,0.021179747,6.366226196,11.29133606,9.937533379,559.1558228,102.6058044
3263,3015,28.53945541,28.60190964,49.86188889,0.021881578,6.307526112,11.38067532,10.13009834,563.5222778,104.6494064
3264,3016,27.61238289,28.58666611,49.78401184,0.022583408,6.448167801,11.47001457,10.11047745,563.8895874,104.8185043
3265,3017,23.59527206,28.58404922,50.51755524,0.02143345,6.720797539,11.63772869,10.46426964,558.0161743,110.3559875
3266,3018,18.83657455,28.59017754,50.51271057,0.017787157,6.993427277,11.89182281,10.66227245,554.6882935,114.1593552
3267,3019,17.82325935,28.59630394,50.11607361,0.014140862,7.034389973,12.14591694,10.59754944,556.5210571,113.34729
3268,3020,14.74174118,28.61934471,50.60663605,0.016497884,7.068634987,11.97412586,10.82204533,552.7530518,117.2551193
3269,3021,22.03156662,28.64273834,49.74494171,0.020222869,6.945953369,11.70480537,10.35645199,560.5960083,108.8969193
3270,3022,27.72822952,28.64920807,49.58015442,0.023245728,6.507846355,11.48421478,10.06825829,564.7856445,104.1054459
3271,3023,29.58543015,28.62662506,50.37562943,0.023514271,6.500724316,11.45594025,10.25705433,561.7175293,106.3469009
3272,3024,28.91998482,28.60404396,50.45064926,0.023782812,6.682267189,11.42766571,10.1941309,561.5866089,106.0280991
3273,3025,23.49495697,28.58497429,50.48965073,0.020896113,6.859144688,11.58818531,10.44826984,558.3155518,109.9731598
3274,3026,22.39716148,28.56703186,50.41622925,0.015833065,6.97267437,11.89188862,10.53134823,557.6947632,111.4621353
3275,3027,16.51939011,28.55586052,50.21225739,0.010770016,7.086204052,12.19559193,10.70526123,554.2998657,114.8340988
3276,3028,15.54330063,28.58446121,50.71147537,0.016489327,7.045528889,11.96220589,10.88145065,551.4728394,117.2530212
3277,3029,25.28661537,28.6130619,50.09400558,0.0224229,6.821760178,11.70490074,10.3317318,561.0521851,107.4206161
3278,3030,29.91578484,28.60737228,50.06407547,0.026214719,6.597991943,11.55121994,10.01141834,563.5020142,104.5464783
3279,3031,31.28689003,28.57177353,50.6057663,0.026347643,6.610187531,11.59365273,10.12524033,562.59729,104.6219101
3280,3032,30.24700928,28.53617287,50.25925827,0.026480567,6.665445328,11.63608551,10.14957428,563.4003296,103.8869324
3281,3033,24.65047073,28.53164673,50.56588745,0.022256896,6.719777107,11.77441216,10.36825562,559.114624,108.6085815
3282,3034,20.30883789,28.52974129,49.80473328,0.016636504,6.770234108,11.94754696,10.42226505,558.6618042,111.2555084
3283,3035,21.46219826,28.53417015,50.0752449,0.012512284,6.820691586,12.07375622,10.45093632,558.71875,110.280983
3284,3036,21.64415741,28.55288696,50.19018555,0.017410116,6.793058395,11.85200024,10.543396,557.8311157,111.2190399
3285,3037,23.46277237,28.57160568,49.99848175,0.022307949,6.695901394,11.6302433,10.38327503,560.5007324,108.8462601
3286,3038,29.45301437,28.59093285,50.17945099,0.02354697,6.598744869,11.58523655,10.17517185,563.1633301,104.7060471
3288,3039,24.70700455,28.62808609,50.22991943,0.019469181,6.765145779,11.89400673,10.38977528,560.2694702,108.6289673
3289,3040,22.7878685,28.62230682,50.12859726,0.01711203,6.864523411,11.98930168,10.36356449,558.9807129,110.0223846
3290,3041,22.52605629,28.61652946,49.99922562,0.014725688,6.982816696,12.07485199,10.36609173,559.9907227,109.2090302
3295,3042,19.25771904,28.53881454,50.48996353,0.02360528,6.944872856,11.78427029,10.48588753,556.9483032,112.4747391
3296,3043,19.21287346,28.52619362,50.35123444,0.024264246,6.750530243,11.95175934,10.54270267,556.6177368,112.9391785
3297,3044,17.75368309,28.56179237,50.66247177,0.019711839,6.805364132,12.06628704,10.65136242,555.1553955,114.5738373
3298,3045,16.13689995,28.59739304,50.37907028,0.015159432,6.993792057,12.17913437,10.67627907,554.588623,114.6135406
3299,3046,15.8328743,28.61579704,50.38818741,0.01334341,7.157561302,12.21182537,10.70449638,554.6237183,114.9848404
3300,3047,18.27871132,28.62430191,50.61394119,0.014610966,7.056074619,12.08095264,10.70720959,554.9700317,114.5345993
3301,3048,21.65203476,28.63219261,50.37752914,0.015878523,6.954588413,11.95007992,10.41253281,558.6769409,111.1598663
3302,3049,18.66565514,28.61417961,50.13819885,0.015691781,6.896602631,11.92469501,10.50881004,557.980957,112.1669464
3303,3050,19.77908707,28.5961647,49.72524643,0.015265746,6.886969566,11.94084072,10.36956978,559.9811401,110.2428894
3304,3051,20.51918602,28.58485222,50.07022858,0.014791409,6.877336502,11.95427132,10.41467667,559.3977661,110.559021
3305,3052,19.84897804,28.58312225,49.94921875,0.014169618,6.914433956,11.94469166,10.36889935,559.5897217,108.6977386
3306,3053,18.66883469,28.58139229,50.32924271,0.013547826,6.959030151,11.935112,10.52714539,557.4558105,112.561554
3307,3054,18.08813667,28.58621597,49.74588394,0.01387376,6.974128246,11.88189507,10.38148785,559.9699707,110.9803009
3308,3055,17.48436356,28.59268188,50.62197495,0.014745124,6.888046741,11.77475834,10.69655228,554.9191284,114.7626572
3309,3056,21.02658272,28.59389496,50.00285339,0.015630042,6.801965714,11.66762066,10.36936283,559.7133789,109.8929596
3310,3057,27.9442749,28.57238388,50.10989761,0.017085677,6.801195621,11.7527895,10.07424927,561.7247314,104.6898804
3311,3058,19.76398659,28.55087471,49.84174728,0.018541312,6.862057209,11.87570667,10.36064625,560.1653442,110.3687744
3312,3059,18.64070511,28.55369759,50.38894653,0.018829599,6.922918797,11.97445583,10.50509834,557.0528564,112.434494
3313,3060,18.091465,28.57439804,50.09015656,0.017448829,6.984416485,11.97236252,10.49325943,557.8205566,112.20047
3314,3061,17.49947929,28.5950985,50.10134125,0.016068062,7.045973301,11.9702692,10.49222183,557.7932739,112.1629028
3316,3062,19.4035511,28.6252861,50.60883713,0.015965495,7.042293549,11.81766796,10.59226513,555.8789673,113.7003326
3317,3063,23.29483223,28.62713051,50.06547546,0.016721712,7.005945683,11.72118664,10.31563759,561.4649048,108.627182
3318,3064,18.69252205,28.60494423,50.18811035,0.020314908,6.980272293,11.74609852,10.42562103,558.0092773,112.6547852
3319,3065,19.58271408,28.58275795,50.08879852,0.023908103,6.959534645,11.77592754,10.39088154,558.6304932,111.516037
3320,3066,19.01381874,28.60681343,50.26490021,0.023075648,6.940234661,11.79824352,10.47241592,558.0314941,112.0402222
3321,3067,18.3407383,28.6469326,50.14164352,0.019003851,6.961613178,11.80572701,10.52677917,558.413269,111.98526
3322,3068,17.95081139,28.68141365,50.02828979,0.014932056,6.982991219,11.81321144,10.46838665,558.5513306,111.7514877
3323,3069,21.1753006,28.67842484,49.94109344,0.016069196,6.990453243,11.864604,10.38029766,560.5341187,110.1108475
3325,3070,19.27762794,28.66465187,49.99181366,0.019317927,6.959777355,11.99036694,10.48171139,559.0596924,111.3308792
3326,3071,19.53837585,28.64665604,50.02064896,0.022352023,6.988874435,11.96726513,10.44307995,558.9968262,111.1216888
3327,3072,19.0496769,28.62866211,50.21053314,0.025386119,7.031622887,11.94416332,10.50047207,557.9053955,112.5493851
3328,3073,19.60251045,28.64125824,50.38082886,0.023230707,6.939849377,11.6143465,10.48481274,557.8264771,112.1892776
3329,3074,18.59107399,28.65695572,50.31203079,0.019283077,7.084290504,11.35699844,10.56661606,557.4188232,113.3477859
3330,3075,17.37780762,28.66772842,49.99085617,0.015798923,7.08970356,11.69126415,10.56010342,557.6694946,112.4405289
3332,3076,19.01114655,28.64402962,50.29149628,0.016821237,6.920717239,11.45320129,10.52363396,557.4018555,112.5799561
3333,3077,18.1340065,28.61249161,49.96334076,0.020864135,6.922283649,11.9224844,10.47499275,558.2644043,111.9791794
3334,3078,19.34503365,28.58110619,50.05444336,0.024907032,6.92385006,11.92286682,10.39069366,558.7477417,111.4204559
3335,3079,19.17766953,28.55161667,50.47451782,0.022547593,6.944777966,11.92374134,10.48334312,557.0977173,112.3265915
3336,3080,18.20291901,28.52212906,50.67089844,0.019549187,6.972511768,11.95285797,10.59780025,555.6993408,113.611145
3337,3081,17.50613403,28.49702835,50.34695816,0.017145408,6.994936466,11.9819746,10.545434,556.2474365,112.8341675
3338,3082,17.66996956,28.47703171,50.12944794,0.016142042,6.962793827,11.93788528,10.47124386,558.0727539,111.9648819
3339,3083,18.11120605,28.45703697,50.70376587,0.015138675,6.930651665,11.78660965,10.62789059,554.9707642,114.0384064
3340,3084,23.87290192,28.40332413,50.06875992,0.018085839,6.853654861,11.63533497,10.23445702,561.4121094,107.4052429
3341,3085,18.92974663,28.34368324,50.00688553,0.022834854,6.727553844,11.67172813,10.36974716,558.6378174,110.6375046
3342,3086,19.48527145,28.30790901,50.03547287,0.026845466,6.601452827,11.75667953,10.33005238,558.5332031,110.5265656
3343,3087,16.9310894,28.34810257,50.10445404,0.021793954,6.715008259,11.83795929,10.38162136,557.2825928,112.0415192
3344,3088,20.76286697,28.38829803,49.92428589,0.016742442,6.879937172,11.89726162,10.26053905,560.3693848,109.26828
3345,3089,18.67329216,28.41254616,50.35079193,0.013736489,7.015788555,11.9565649,10.44290066,556.7841797,112.0475311
3346,3090,17.97960854,28.42733192,50.63044739,0.013092969,7.03524065,11.94772148,10.57247448,555.5079346,113.7999725
3347,3091,18.59583664,28.44233131,50.41688538,0.012449448,7.054693222,11.8788662,10.47332382,556.9251709,112.7534027
3348,3092,19.03896332,28.47035789,49.97200012,0.014469537,6.996768951,11.81001091,10.41337013,559.1148071,110.5367584
3351,3093,18.4877491,28.54164886,50.25584412,0.017192949,7.027005672,12.07655621,10.49138737,556.8876343,112.5993729
3352,3094,18.19539833,28.56057167,50.74068451,0.015871746,7.046748638,12.06313896,10.61763191,555.5007935,113.5665207
3353,3095,17.9034977,28.56667519,50.36518097,0.015077596,7.066492081,12.04972172,10.56653976,556.6936646,112.5526047
3354,3096,20.3672924,28.56943893,50.58607101,0.014593138,6.579825878,11.57020092,9.323841095,569.3701172,98.86771393
3355,3097,19.85806847,28.57274055,50.19619751,0.014175909,6.59476757,10.88482571,9.498067856,567.71698,100.6846237
3356,3098,23.5616169,28.57846832,49.91333771,0.017323889,6.755591393,11.37728882,10.23151779,561.6373901,108.0361023
3357,3099,19.30426979,28.58419609,49.94167709,0.020471871,6.931926727,11.68015766,10.36322308,559.2457886,111.1338043
3358,3100,17.80037498,28.58454895,50.06195831,0.021383308,7.066066742,11.93095112,10.44723892,557.6323242,112.5686417
3359,3101,17.60816765,28.58085442,50.44434738,0.01903365,7.090946198,12.12802124,10.58727455,555.883667,114.2250595
3360,3102,17.52085686,28.57715988,50.52246475,0.016683994,7.115825653,12.14519501,10.64983273,555.5942383,113.8462143
3361,3103,16.55451202,28.55694199,50.36729431,0.015342512,6.963742733,12.16236877,10.63227367,555.5599976,114.2842941
3362,3104,19.79237556,28.53601837,50.69259644,0.014260295,6.723257542,12.06986904,10.56959057,556.2357178,112.826149
3363,3105,19.44973564,28.51018906,50.53657532,0.014811468,6.564218521,11.90966892,9.886832237,560.1478271,106.1526108
3364,3106,18.14679146,28.47515106,50.25805664,0.022600988,6.672216415,11.92874241,10.45853043,557.4918823,112.2886124
3366,3107,20.26254654,28.3984108,50.19144058,0.031841744,6.733012676,12.00971317,10.40854645,558.3551025,110.3449631
3367,3108,18.3027668,28.35432053,50.25181198,0.028565388,6.888464928,12.07336044,10.43855476,556.7960815,111.5856171
3368,3109,17.13881111,28.32071877,50.6364212,0.025289033,7.043916702,12.13700867,10.60486698,554.5128784,114.0234756
3369,3110,16.22122192,28.36079025,50.54837418,0.021111516,7.055144787,12.15280247,10.67095947,553.8607178,114.3909912
3370,3111,20.19656181,28.40086365,50.56536865,0.016897814,7.036426544,12.14115143,10.51464844,556.0859985,111.9813766
3371,3112,19.02661133,28.44195938,50.73590088,0.015196756,6.988519669,12.12964058,10.59176826,554.8623047,114.1450653
3373,3113,17.41734886,28.52608681,50.31163788,0.021123009,6.735151291,12.11785603,10.52167034,556.6290894,113.3707962
3374,3114,18.43815422,28.5080204,50.61241913,0.021470468,6.837277889,12.11669159,10.61110497,552.8569336,115.6300278
3375,3115,18.03329086,28.48340416,50.59337997,0.020893041,6.939404964,12.12225056,10.57147026,552.2761841,115.9658585
3377,3116,15.78802204,28.43596268,50.61022949,0.018651474,7.130009174,12.04982471,10.66991997,551.1724854,117.1607819
3378,3117,20.67228699,28.41273689,50.05263519,0.017110132,7.017516613,11.95114803,10.40674496,556.0365601,112.1597595
3379,3118,21.32194901,28.41150475,50.52859116,0.016284231,6.905024052,11.889884,10.49384117,554.3537598,113.1923828
3380,3119,24.19228745,28.42067337,50.54393005,0.016129354,6.919889927,11.98814964,10.37279034,556.2124634,110.8448181
3381,3120,16.29103851,28.42923355,50.2785759,0.015974475,6.999045849,12.08641434,10.60780144,552.8887939,116.067482
3382,3121,17.05332184,28.42938805,50.56747055,0.016402146,7.077914238,12.13570976,10.64118195,551.8091431,116.2519302
3383,3122,17.53211975,28.42954063,50.40061569,0.016891191,7.12802124,12.1493082,10.53769302,553.3008423,114.9567566
3384,3123,16.45052147,28.43099022,50.46582794,0.016947998,7.178128242,12.16290569,10.62294102,552.4794922,116.5571518
3385,3124,14.79101467,28.43398476,50.29668427,0.015963858,6.94238472,11.84322071,10.66204357,551.6055298,117.4970551
3386,3125,19.96825981,28.43697929,50.52513123,0.01497972,6.790609837,11.51216125,10.61497688,553.0284424,114.5907745
3387,3126,14.83300972,28.52196121,50.00550461,0.014325481,7.069135666,11.66550159,10.66977787,552.8321533,117.2138748
3388,3127,20.3384037,28.56334305,50.32385635,0.01404848,6.915186882,11.94592094,10.54531479,554.451416,113.836937
3389,3128,21.42416573,28.59015083,50.50259399,0.012797778,6.761238098,11.67113876,10.45295525,554.7018433,113.6003799
3390,3129,19.10174942,28.61695862,50.29644012,0.011547077,6.748277664,11.14654541,10.58960438,554.3262329,114.9719238
3391,3130,21.87011909,28.34416008,50.34434891,0.036365844,6.751409054,11.9227457,10.58336735,554.6137695,114.2317276
3392,3131,20.04491425,28.36536217,50.42101669,0.03429151,6.974173069,12.25208855,10.75515556,552.5356445,116.4405212
3393,3132,17.70544624,28.39293861,49.98922729,0.029754838,7.167212009,12.35834599,10.79007339,553.4769287,116.6377335
3394,3133,16.95000648,28.41840172,50.1462822,0.025218166,7.159644604,12.46328735,10.86106205,551.9700317,118.1584625
3395,3134,16.2528553,28.43218422,50.43065262,0.028754396,7.152077198,12.45312881,10.91412258,550.6714478,118.9351578
3396,3135,19.26917267,28.44596672,50.08928299,0.032888252,7.111352921,12.2573595,10.73716164,554.0302734,115.6312866
3397,3136,20.56487274,28.44442177,50.12844849,0.035940271,7.039704323,12.06159019,10.66303921,555.050354,114.6536179
3398,3137,21.38979912,28.42992783,50.28140259,0.036690235,6.968055725,12.09119606,10.63812256,554.5879517,114.8360977
3399,3138,21.57598877,28.41543388,50.13446426,0.037440199,6.939782619,12.18756294,10.57964706,555.8522339,113.9780273
3400,3139,20.14082718,28.41754723,50.03213882,0.034184653,6.870713711,12.28114986,10.6725111,554.9059448,115.3030167
3401,3140,19.45490074,28.42090034,50.55054855,0.029281136,6.837513447,12.35750866,10.768466,552.6333008,117.4231186
3402,3141,17.20313072,28.42540932,49.7942009,0.025315044,6.967130661,12.43386841,10.67821693,554.4313354,115.7764053
3404,3142,19.61218452,28.43937492,50.19630814,0.03490781,7.137814999,12.38824368,10.69163513,553.8198242,115.5436707
3405,3143,21.1930809,28.42852783,50.25079346,0.038125165,7.104348183,12.33224297,10.69867229,554.196167,114.9446106
3406,3144,20.89899445,28.41029549,50.60068893,0.039668173,7.070881844,12.25642204,10.71126652,552.8640137,116.4784164
3407,3145,21.08322334,28.3950119,50.6354599,0.04121118,7.097264767,12.17807293,10.75246048,552.447998,116.2403259
3408,3146,19.86308479,28.40754509,50.15128326,0.035514656,7.131122589,12.13971615,10.70674229,553.8793945,116.1619492
3409,3147,17.77905273,28.42007637,50.02400589,0.028774237,7.147947311,12.20651531,10.78976917,553.1846313,116.6679153
3410,3148,16.35855103,28.42786598,50.30552673,0.025678819,7.117619514,12.27331448,10.89870644,551.2639771,118.7213745
3411,3149,17.1622963,28.43059158,50.43473053,0.0328568,7.087292194,12.22877598,10.89700603,550.4696045,118.5871353
3412,3150,20.63124084,28.43331718,49.86952591,0.040034782,7.05536747,12.12765503,10.56403351,556.3447876,114.0970001
3413,3151,21.75094986,28.41101837,50.55990219,0.043829866,7.022592068,12.03345871,10.67506504,553.9443359,115.7284546
3415,3152,21.87208748,28.36423683,50.24777222,0.047390774,7.055056572,12.1046772,10.61433792,555.0508423,114.9899902
3417,3153,17.77249527,28.35262871,50.48054504,0.031672418,7.159410954,12.27623272,10.77019119,551.6106567,118.1171722
3418,3154,17.62141037,28.35320854,50.08268356,0.029647026,7.14764595,12.3826189,10.79868412,552.5064697,116.9393158
3419,3155,16.5832119,28.35726166,50.14503479,0.035469782,7.13588047,12.26134205,10.82675838,551.776062,117.3481522
3420,3156,20.88505936,28.3600235,50.13878632,0.041292541,7.075860977,12.08509254,10.57013893,554.8869019,114.6941452
3423,3157,22.52867126,28.27570534,50.09754181,0.053953841,6.8214221,11.97129917,10.5208683,555.7695923,113.4951706
3424,3158,20.49144363,28.28550911,50.46060562,0.043834671,6.738392353,12.04553604,10.65333271,553.2755737,115.7884827
3425,3159,18.822649,28.29531288,50.37310028,0.033715505,6.905187607,12.16928291,10.80483437,552.3352661,116.9369659
3426,3160,17.43587303,28.29716301,49.83235168,0.031437878,7.071982861,12.29302979,10.64653683,554.1439209,115.6016006
3427,3161,16.25499153,28.29707527,50.10243607,0.034793597,7.151941776,12.21337986,10.84853363,551.3971558,118.1382904
3428,3162,20.14584923,28.2930336,50.13225555,0.03814932,7.111896992,12.11956501,10.58858395,554.4091187,114.5072327
3429,3163,22.48171616,28.27202034,50.55986023,0.045200501,7.071852684,12.05848408,10.62980556,553.7748413,114.0534592
3430,3164,22.8118515,28.25100899,50.28636169,0.052377805,7.041425705,12.06697464,10.5646677,555.4048462,113.8031921
3431,3165,22.86753464,28.25253105,50.3575325,0.053481467,7.01333046,12.0754652,10.56613731,555.2153931,114.1209335
3432,3166,20.88819122,28.27131081,50.26910782,0.043002412,6.999560833,12.14880562,10.58939457,554.5366211,114.7737885
3433,3167,18.73187637,28.29009247,50.18774414,0.032523356,7.0513587,12.25280952,10.71756554,553.6723633,115.77845
3434,3168,18.76699066,28.2917347,50.57252502,0.031459928,7.103156567,12.34184647,10.73300171,552.0192871,117.0827179
3435,3169,19.64566231,28.29256821,50.31025696,0.033833798,7.077655792,12.22438908,10.72929287,553.1940918,115.4369812
3436,3170,21.67146111,28.28312111,49.98471451,0.03667216,6.993348598,12.10693169,10.41541386,556.8950806,112.7442322
3437,3171,21.93247986,28.25403404,50.09983444,0.04288153,6.909040928,12.00973511,10.52126694,555.835022,113.637291
3438,3172,22.54961014,28.22494698,50.08127213,0.0490909,6.857245922,11.93668842,10.49621582,555.9390869,113.0611649
3439,3173,22.05850601,28.21106911,49.91798401,0.048683051,6.930300713,12.02314663,10.44407558,556.9002686,112.7136765
3447,3174,20.79606056,28.22179794,50.22393036,0.035897318,6.960255623,11.90828514,10.51903915,555.335144,113.8566055
3448,3175,20.36460304,28.24840736,49.90433884,0.036405601,6.97860384,12.10827541,10.54806137,555.9865112,113.4131317
3449,3176,20.60169411,28.27501488,50.53459167,0.036913883,6.986535072,12.00335693,10.64074516,552.9478149,115.7915802
3450,3177,22.02308273,28.28042412,49.63692474,0.039935678,6.966062069,11.90947056,10.38766384,558.4671021,111.6328964
3452,3178,23.32809448,28.24741173,50.00649261,0.051174503,6.962310314,11.95519352,10.45480633,556.8499756,112.374855
3453,3179,23.4233532,28.2622242,50.53274918,0.045695689,6.99848175,11.9976635,10.57877064,555.1670532,113.1944809
3455,3180,19.95469856,28.29990005,50.17411804,0.033298902,7.026696682,12.12595558,10.63843727,553.9523926,115.5583344
3456,3181,19.09730339,28.31722641,50.39409256,0.032175068,6.956735611,12.15781403,10.68795586,552.9916382,116.528862
3457,3182,18.45575905,28.33455276,50.05685425,0.031051235,6.886774063,12.18457794,10.69889259,553.4326172,116.063179
3458,3183,21.31738091,28.32291031,49.76723099,0.035943121,6.869480133,12.20637989,10.49150753,556.7973022,112.9221344
3462,3184,21.00581741,28.27702141,50.35862732,0.038537737,7.059976578,12.14766979,10.62095737,553.9646606,115.005043
3464,3185,18.79111481,28.27647972,49.78203964,0.032333542,7.093578815,12.10694313,10.55511189,554.8413696,114.581337
3465,3186,18.80228996,28.27487564,50.49575043,0.03052773,7.082428455,12.11073112,10.7238102,551.6503296,116.9805222
3468,3187,24.03581238,28.25663185,50.54071426,0.051234484,6.86350441,11.95505238,10.53227043,555.5584717,113.4370575
3470,3188,22.57182121,28.26930046,50.45000076,0.042096131,6.980621338,12.08390903,10.58763981,554.9552002,114.2362213
3471,3189,21.33598328,28.27651596,49.89307022,0.035826631,7.00285387,12.16115952,10.47084713,556.8018188,112.6931229
3472,3190,20.03795433,28.28435516,50.16890335,0.028352959,6.998336792,12.20463085,10.69061565,554.0429077,115.0806427
3473,3191,19.94242287,28.2878685,50.49346161,0.027817246,6.997551918,12.20778847,10.69220638,552.8048096,116.0856018
3474,3192,20.02543259,28.29069328,50.48676682,0.028386794,6.997353077,12.20452309,10.68855858,552.8805542,116.027298
3475,3193,20.10844231,28.29351807,50.48006821,0.028956344,6.997153759,12.20125771,10.68491077,552.9563599,115.9689941
3476,3194,20.19145393,28.29634094,50.4733696,0.029525895,6.996954918,12.19799328,10.68126202,553.0321045,115.9106903
3477,3195,20.27446365,28.29916573,50.46667099,0.030095445,6.996756077,12.1947279,10.67761421,553.1079102,115.8523865
3478,3196,20.35747337,28.30199051,50.4599762,0.030664995,6.996556759,12.19146252,10.67396641,553.1837158,115.7940826
3479,3197,20.44048309,28.30481529,50.45327759,0.031234544,6.996357918,12.18819714,10.67031765,553.2594604,115.7357788
3480,3198,20.52349472,28.30763817,50.44657898,0.031804096,6.9961586,12.18493271,10.66666985,553.3352661,115.677475
3481,3199,20.60650444,28.31046295,50.43988419,0.032373644,6.995959759,12.18166733,10.66302204,553.4110107,115.6191711
3482,3200,20.68951416,28.31328773,50.43318558,0.032943193,6.995760918,12.17840195,10.65937328,553.4868164,115.5608673
3483,3201,20.77252388,28.31611061,50.42648697,0.033512745,6.9955616,12.17513657,10.65572548,553.562561,115.5025711
3484,3202,20.85553551,28.31893539,50.41979218,0.034082294,6.995362759,12.17187214,10.65207767,553.6383667,115.4442673
3485,3203,20.93854523,28.32176018,50.41309357,0.034651846,6.995163441,12.16860676,10.64842892,553.7141113,115.3859634
3486,3204,21.02155495,28.32458496,50.40639496,0.035221394,6.9949646,12.16534138,10.64478111,553.789917,115.3276596
3487,3205,21.10456467,28.32740784,50.39970016,0.035790943,6.994765759,12.16207695,10.64113331,553.8656616,115.2693558
3488,3206,21.18757629,28.33023262,50.39300156,0.036360495,6.994566441,12.15881157,10.63748455,553.9414673,115.2110519
3489,3207,21.27058601,28.3330574,50.38630295,0.036930043,6.994367599,12.15554619,10.63383675,554.0172729,115.1527481
3490,3208,21.35359573,28.33588219,50.37960815,0.037499595,6.994168282,12.15228081,10.63018894,554.0930176,115.0944443
3491,3209,21.43660545,28.33870506,50.37290955,0.038069144,6.99396944,12.14901638,10.62654018,554.1688232,115.0361404
3492,3210,21.51961708,28.34152985,50.36621094,0.038638692,6.993770599,12.145751,10.62289238,554.2445679,114.9778366
3493,3211,21.6026268,28.34435463,50.35951614,0.039208245,6.993571281,12.14248562,10.61924458,554.3203735,114.9195328
3494,3212,21.68563652,28.34717751,50.35281754,0.039777793,6.99337244,12.13922024,10.61559582,554.3961182,114.8612289
3495,3213,21.76864624,28.35000229,50.34611893,0.040347345,6.993173599,12.13595581,10.61194801,554.4719238,114.8029251
3496,3214,21.85165787,28.35282707,50.33942032,0.040916894,6.992974281,12.13269043,10.60830021,554.5476685,114.7446213
3497,3215,21.93466759,28.35565186,50.33272552,0.041486446,6.99277544,12.12942505,10.60465145,554.6234741,114.6863251
3498,3216,22.01767731,28.35847473,50.32602692,0.042055994,6.992576122,12.12616062,10.60100365,554.6992188,114.6280212
3499,3217,22.10068703,28.36129951,50.31932831,0.042625543,6.992377281,12.12289524,10.59735584,554.7750244,114.5697174
3500,3218,22.18369865,28.3641243,50.31263351,0.043195095,6.99217844,12.11962986,10.59370708,554.8508301,114.5114136
3501,3219,22.26670837,28.36694717,50.30593491,0.043764643,6.991979122,12.11636448,10.59005928,554.9265747,114.4531097
3502,3220,22.34971809,28.36977196,50.2992363,0.044334196,6.991780281,12.11310005,10.58641148,555.0023804,114.3948059
3503,3221,22.43272781,28.37259674,50.2925415,0.044903744,6.991580963,12.10983467,10.58276272,555.078125,114.3365021
3504,3222,22.51573944,28.37542152,50.2858429,0.045473292,6.991382122,12.10656929,10.57911491,555.1539307,114.2781982
3505,3223,22.59874916,28.3782444,50.27914429,0.046042845,6.991183281,12.10330391,10.57546711,555.2296753,114.2198944
3506,3224,22.68175888,28.38106918,50.27244949,0.046612393,6.990983963,12.10003948,10.57181835,555.305481,114.1615906
3507,3225,22.7647686,28.38389397,50.26575089,0.047181945,6.990785122,12.0967741,10.56817055,555.3812256,114.1032867
3508,3226,22.84778023,28.38671875,50.25905228,0.047751494,6.990585804,12.09350872,10.56452274,555.4570313,114.0449829
3509,3227,22.93078995,28.38954163,50.25235748,0.048321042,6.990386963,12.09024429,10.56087399,555.5327759,113.9866791
3510,3228,23.01379967,28.39236641,50.24565887,0.048890594,6.990188122,12.08697891,10.55722618,555.6085815,113.9283752
3511,3229,23.09680939,28.39519119,50.23896027,0.049460143,6.989988804,12.08371353,10.55357838,555.6843262,113.8700714
3512,3230,23.17982101,28.39801407,50.23226166,0.050029695,6.989789963,12.08044815,10.54992962,555.7601318,113.8117752
3513,3231,23.26283073,28.40083885,50.22556686,0.050599243,6.989590645,12.07718372,10.54628181,555.8359375,113.7534714
3514,3232,23.34584045,28.40366364,50.21886826,0.051168792,6.989391804,12.07391834,10.54263401,555.9116821,113.6951675
3515,3233,23.42885017,28.40648842,50.21216965,0.051738344,6.989192963,12.07065296,10.53898525,555.9874878,113.6368637
3516,3234,23.25864983,28.39810562,50.30899811,0.050102927,6.991073608,12.07118225,10.56859016,555.3740234,114.1531296
3517,3235,23.50942421,28.38166237,49.83826828,0.04688178,6.994450092,12.07444,10.42967701,557.7844238,111.8963928
3518,3236,21.91265488,28.36522102,50.296772,0.04366063,6.997826576,12.07769775,10.64012432,554.4319458,114.6229095
3519,3237,18.91362,28.34969902,50.52240372,0.035401862,7.072573662,12.24819756,10.80060387,552.1690674,117.8528748
3520,3238,19.01690292,28.33420944,49.97647858,0.026969302,7.152579784,12.42449856,10.69867897,554.1029053,115.4095459
3521,3239,18.45407295,28.32378387,49.99262238,0.026084838,7.176016331,12.46218586,10.71076202,553.7957153,115.7085037
3523,3240,23.0050621,28.32134628,50.1901741,0.051711086,6.982359409,12.03380013,10.54874897,555.8497314,113.9125595
3524,3241,24.49027443,28.30714035,50.00465775,0.053148378,6.794958115,11.65061188,10.3944912,557.6929932,111.5334778
3526,3242,21.86190224,28.2697773,49.79367828,0.039868981,7.004362106,12.1575737,10.47739983,557.0889282,112.5230179
3527,3243,21.13871956,28.26759529,50.48782349,0.032226585,7.064201832,12.17532635,10.64340591,553.357666,115.4314728
3528,3244,18.89720345,28.26424026,50.50232697,0.034143534,7.116006851,12.19307899,10.73667908,551.7955933,116.8582993
3531,3245,26.12166405,28.22715187,50.23781586,0.05475748,6.846168041,11.89806175,10.41415024,557.4606934,111.115921
3534,3246,21.56419945,28.19295883,49.97680283,0.042907659,6.952169418,11.97743225,10.52032852,555.659668,113.377861
3535,3247,20.91612053,28.20675468,50.60456085,0.036311604,6.93334341,11.90071583,10.66569996,553.2804565,115.6875916
3536,3248,29.38988686,28.22199249,49.86283493,0.042905889,6.74026823,11.86937904,10.05146408,561.7914429,106.2541122
3538,3249,26.54229927,28.2525444,50.20976257,0.06732551,6.832758427,11.96285725,10.25021744,551.0214844,108.0686646
3541,3250,24.9400692,28.25468826,50.13951492,0.05528846,6.892641544,12.07690239,10.41882324,557.2877808,111.4672012
3542,3251,22.52090073,28.27604294,49.98258209,0.045625824,6.963359356,12.12428093,10.47473049,556.821106,112.9642029
3544,3252,20.57823181,28.30598831,50.28592682,0.041714102,6.986193657,12.12193584,10.67101002,553.6396484,115.6086731
3545,3253,23.52749443,28.31210518,49.79540634,0.050461594,6.970189095,11.97562885,10.33325386,558.8590088,111.193924
3550,3254,20.74112129,28.29658318,50.01148224,0.039849341,7.012816906,11.96662235,10.60821438,554.9484253,114.9050827
3551,3255,20.28721809,28.31435204,49.87681198,0.030977488,7.014345169,12.05536366,10.55346394,555.3282471,114.1957703
3552,3256,20.19114876,28.322649,50.27848816,0.036151838,6.959249496,12.01007652,10.68559074,552.9674683,116.032753
3553,3257,23.66571236,28.33087921,50.17535782,0.041435633,6.904153824,11.89344025,10.49744225,556.4596558,111.6010513
3554,3258,25.486063,28.3264122,50.38104248,0.046851978,6.875883579,11.78471088,10.45258427,556.4561768,112.0887756
3556,3259,25.538517,28.2756691,50.42266464,0.058121882,6.81141901,11.97138977,10.47046947,556.0214233,112.2148972
3557,3260,23.32102203,28.28658104,50.60079575,0.051794186,6.680065632,12.00564671,10.61550236,553.9268799,113.9816132
3558,3261,19.90316391,28.32900238,49.81871033,0.034217201,6.759178638,12.04616928,10.49165821,556.5562744,113.1631546
3559,3262,21.62907219,28.33806038,49.74408722,0.04128645,6.782345772,11.9343214,10.45838928,557.430603,111.8507309
3560,3263,23.49489021,28.34712029,49.65929794,0.048355702,6.805512905,11.82247353,10.24101257,560.2125244,109.9698181
3561,3264,25.37725067,28.34259605,49.94390488,0.053199243,6.811250687,11.78104591,10.23211575,559.7050171,109.840538
3562,3265,25.71088409,28.32618904,50.12133026,0.056090478,6.804278851,11.80351543,10.36199379,558.5305786,110.6204681
3563,3266,25.34041595,28.30978394,50.14097214,0.058981709,6.797307491,11.82598495,9.8589468,558.9897461,104.9816284
3564,3267,23.19498253,28.32522964,50.18340302,0.051112592,6.857274532,11.9096489,10.52193832,556.7453003,111.915451
3565,3268,21.26464272,28.34350586,50.26420593,0.042279989,6.921955109,12.00030994,10.54769897,555.9036255,113.9361954
3566,3269,20.82019806,28.36201286,50.58436584,0.037940815,6.885818958,11.88202953,10.62711811,553.5861206,115.7770691
3567,3270,20.09745598,28.38105011,50.32700729,0.04394643,7.164705753,12.19999981,10.66257381,553.3204346,115.9178848
3568,3271,22.8325634,28.40008545,50.08914948,0.049952045,7.054056644,12.09435844,10.41791534,557.6447754,112.4209747
3570,3272,25.13331985,28.35419655,49.8271904,0.057910632,6.900871754,11.9187851,10.29974079,559.8036499,110.2505875
3573,3273,21.82233047,28.33723068,50.54425049,0.04028663,6.863394737,11.90854168,10.67204666,554.1456909,115.1550446
3574,3274,21.22723961,28.34482765,50.30845642,0.036663622,6.74621439,11.97977734,10.62189007,554.4798584,114.9991455
3575,3275,20.08978081,28.35487556,50.5839653,0.040707577,6.685944557,12.01367474,10.72782421,552.6878662,115.9341278
3576,3276,23.03136253,28.36492348,50.32252884,0.044751529,6.721475601,11.9353075,10.51694679,555.6898193,113.3495102
3582,3277,20.16093254,28.28543472,50.571064,0.037400939,7.011908054,12.19543839,10.63674545,553.0479126,116.0270157
3583,3278,18.77187538,28.29652405,50.23637772,0.039314996,6.967137814,12.14104366,10.65943813,553.6185913,116.3762512
3589,3279,21.1278286,28.35412979,50.17449951,0.036205858,6.958334446,11.96602249,10.62886143,555.2566528,114.1690903
3590,3280,20.10155869,28.37202263,49.93410873,0.034787517,7.01424551,12.05953407,10.60886765,555.3485107,114.3211823
3591,3281,20.42918205,28.38391876,50.58045578,0.03663893,7.007838726,12.02098751,10.6767931,553.0930786,115.9195709
3593,3282,23.57818413,28.37645531,50.50128174,0.044200528,6.968597889,11.92354012,10.59612942,554.9674683,113.779808
3595,3283,23.57973289,28.36081314,50.55512619,0.049339917,6.964790821,11.98682976,10.54798412,555.3916626,113.9975281
3596,3284,21.78760147,28.37285995,49.94084549,0.044792596,6.971901894,12.05154419,10.52996063,556.7000732,113.1109085
3597,3285,21.44164658,28.38490677,50.0688324,0.040245272,6.98604393,12.13564205,10.60464287,555.7213745,114.4022141
3598,3286,19.11161041,28.38066673,50.06990051,0.038607273,7.000185966,12.2178812,10.67618275,554.0648804,115.0807419
3599,3287,17.45609093,28.37510681,50.20029068,0.037208147,6.819727421,12.13070488,10.70344639,552.9868774,116.5835953
3600,3288,21.88056755,28.36171722,49.50697327,0.038095731,6.662792683,12.04352951,10.35835743,559.0031738,110.9693832
3601,3289,22.83349991,28.33090401,50.59858704,0.044088393,6.79556942,11.97368622,10.62351513,553.9508667,114.9395065
3605,3290,19.65441132,28.27466202,50.54086685,0.032077461,7.034371376,12.08324337,10.6791296,552.250061,116.1368561
3606,3291,18.44666481,28.26338196,50.61356735,0.033673726,6.999464035,12.18152332,10.76688004,550.8664551,117.4794388
3607,3292,17.7168293,28.25210381,50.23060226,0.035269994,6.954272747,12.179492,10.7329731,552.1766357,116.2271805
3610,3293,24.71286583,28.1850605,50.34015274,0.054372847,6.74288702,11.78660774,10.44290447,556.8978271,111.6573639
3612,3294,21.52476311,28.21232224,50.27878189,0.042628907,7.001151085,12.17101574,10.56960201,555.4581909,114.072731
3613,3295,19.18284607,28.22882843,50.54954529,0.037281692,7.046210289,12.25236797,10.6891861,552.3222046,116.5274124
3614,3296,18.97211266,28.2446022,50.16941452,0.037149627,7.091269016,12.33372116,10.64044285,553.5768433,115.6814957
3615,3297,18.79368019,28.26037598,50.63599014,0.037017558,7.041412354,12.24197388,10.75711536,551.5360107,117.1814346
3616,3298,22.62434196,28.26191521,50.0880127,0.040775601,6.94899559,12.07179737,10.47306538,556.2114868,112.3156815
3620,3299,38.76921844,28.28679085,49.87649918,0.043565668,6.334867001,11.85628223,9.789608955,567.8083496,99.29750824
3621,3300,32.63834763,28.30094147,50.32401276,0.038740721,6.453949928,11.67906857,10.14753819,561.4191284,105.8196945
3622,3301,30.44983101,28.30673599,50.18714523,0.033750094,6.573032856,11.85731125,10.20180607,560.5144653,106.3500671
3623,3302,29.7393074,28.31253052,50.2289772,0.02875947,6.703510284,12.03667545,10.3102026,560.0194092,107.5253906
3624,3303,21.8679409,28.30314064,50.13519287,0.035496131,6.836877346,12.11907482,10.52907658,555.3636475,113.857193
3626,3304,24.60503387,28.27890396,50.29197311,0.052706137,6.617698669,11.89751244,10.53446484,555.6394653,112.6720963
3628,3305,20.96279335,28.29218292,50.16910553,0.034708709,6.88387537,12.08461666,10.62132359,554.8404541,114.7966156
3629,3306,18.91629982,28.29821777,50.44499588,0.029214878,7.042798042,12.19003391,10.70106125,552.3551636,116.6970673
3630,3307,29.98561478,28.30375481,49.89339447,0.026642106,6.672480583,12.01360321,10.18497562,560.8477173,106.9446411
3631,3308,27.81599426,28.30928993,50.13294983,0.024069335,6.40683794,11.83717251,10.34061623,559.2644653,109.0230331
3635,3309,21.75049019,28.33004951,50.32452393,0.039526027,6.970515251,11.81306648,10.60049629,554.5081177,114.9797897
3636,3310,20.04479218,28.34246635,50.32276917,0.033250812,6.824086189,11.74088764,10.69795799,552.7975464,115.0345764
3637,3311,31.45005798,28.35521317,50.50654984,0.027479921,6.354468346,11.61890221,10.23972225,560.0495605,106.731308
3638,3312,28.73581696,28.36730957,50.43940735,0.023350339,6.364296436,11.47706604,10.35194778,558.3327637,109.5359497
3640,3313,41.96022797,28.37782669,50.54216385,0.050132271,6.280903816,11.32215405,9.785264015,566.8793945,99.37426758
3643,3314,41.42396164,28.38505173,50.2760849,0.051737696,6.409838676,11.40523148,9.780451775,567.4226685,99.10819244
3644,3315,33.06699371,28.38814545,50.27671814,0.041927915,6.532426834,11.48437786,10.14876652,561.953186,105.6874924
3645,3316,28.35306358,28.3914566,50.16649628,0.030841095,6.620993614,11.51127338,10.30957603,559.6234741,108.0630188
3646,3317,28.8699913,28.39373016,50.41595078,0.026046928,6.709560871,11.52332687,10.41201401,558.3710938,109.4044189
3652,3318,36.74804688,28.3737545,50.40698242,0.044749126,6.779767513,11.70470333,9.961393356,564.1679077,102.7031555
3653,3319,30.98772049,28.3707962,49.98447418,0.0368784,6.655631065,11.58755112,10.14486122,561.8661499,106.012352
3654,3320,33.12220001,28.36894798,50.37588882,0.037008073,6.531494617,11.46589661,10.18877602,561.9246826,105.0374146
3661,3321,34.34457779,28.30174446,50.36012268,0.033170756,6.725035667,11.50451088,10.09230232,562.7254639,104.1473312
3662,3322,32.98856735,28.30137062,50.08010864,0.035932723,6.610485554,11.48853397,10.047019,563.2276611,104.3777618
3666,3323,25.57411957,28.26458359,50.18780518,0.060789119,6.735923767,11.73584175,10.3928051,557.8416748,111.236496
3667,3324,23.40345001,28.24897766,50.05207062,0.058229871,6.60954237,11.50015259,10.47384834,556.8745728,112.5729904
3668,3325,37.78556442,28.25000381,50.31349182,0.048313323,6.539079189,11.42992783,9.855924606,565.6914673,100.3490753
3669,3326,34.18045807,28.25102997,50.60567856,0.038396772,6.493941784,11.45139599,10.04097271,562.0414429,105.0741501
3670,3327,33.69429398,28.25909615,49.99020004,0.043948732,6.46736908,11.47755718,9.939450264,564.0110474,102.2396622
3677,3328,19.85014915,28.28137207,50.56958771,0.032614771,7.006742001,12.1372366,10.71573067,551.9431152,116.7754822
3678,3329,20.71064758,28.29408455,50.57999039,0.042750821,6.767827511,12.07305717,10.69139385,552.5858154,115.9005661
3680,3330,26.64146996,28.31200218,50.48409653,0.066392027,6.808040142,11.89547157,10.36847973,557.8172607,111.2262268
3681,3331,26.41112328,28.2906971,50.3729248,0.066690125,6.823888302,11.77975559,10.36403751,557.4609985,111.0762405
3685,3332,20.15571022,28.33032227,50.24759674,0.030399494,6.945750237,12.09698486,10.58010101,554.8890381,115.1894684
3686,3333,20.49341774,28.35207367,50.33219147,0.041715123,6.977517605,12.15904808,10.62833405,553.8751221,115.603508
3687,3334,24.21501923,28.37382507,50.13550568,0.053030748,6.927818775,12.13907623,10.41259575,558.0883179,111.8622742
3689,3335,27.37929344,28.36944199,50.668396,0.059155405,6.777340412,11.99868774,10.44800568,557.0957031,111.7369003
3692,3336,21.59537125,28.38675499,50.2396431,0.042942103,6.903869152,11.99126816,10.59691143,555.7838745,114.1044693
3694,3337,19.50601196,28.41844368,50.50733948,0.044097833,6.969886303,12.0388298,10.72258377,552.1246948,116.6805115
3695,3338,23.35462189,28.43273926,50.03705215,0.051263515,6.920536995,12.01290035,10.41770935,557.4616089,112.315506
3698,3339,25.35731316,28.37573051,50.60190201,0.062312715,6.913784027,12.0202837,10.50965023,556.0132446,112.3361435
3699,3340,24.42109871,28.3773613,50.56615829,0.053097218,6.954730034,12.11195564,10.55722713,555.5057373,113.5784607
3700,3341,21.54814339,28.38054657,50.06862259,0.043136898,6.996851921,12.1684351,10.5345602,556.3634033,113.7273636
3703,3342,23.49910164,28.39372253,50.01700211,0.047229622,6.892848492,12.09449291,10.44596958,557.5066528,112.257225
3704,3343,25.6332798,28.36965561,49.88477325,0.05315486,6.856938362,11.97160721,10.28445244,559.9192505,110.0374069
3706,3344,26.4396019,28.30168915,50.27098846,0.064430207,6.79509306,11.97739506,10.31826019,558.9996948,110.4849625
3707,3345,24.56828499,28.29811859,50.51892471,0.054396946,6.624041557,12.06097984,10.4572649,556.1653442,112.4853134
3709,3346,22.89090347,28.29570961,50.24139023,0.040937353,6.645500183,12.13253307,10.48245049,556.2759399,112.7083817
3710,3347,21.84871101,28.30189896,50.39604568,0.044579659,6.822611332,12.15661335,10.55017471,554.6107178,114.1275177
3711,3348,24.53189278,28.3080883,49.55918884,0.048221968,6.913253784,12.04810715,10.16406345,560.8828735,108.9794159
3713,3349,27.5395565,28.23582077,50.7518425,0.062906183,6.818942547,11.8467989,10.40878105,557.1195679,110.7684174
3715,3350,26.222929,28.21893311,50.51305771,0.054832395,6.758169651,11.75865936,10.34443474,557.3693237,110.8459167
3718,3351,22.02488327,28.27342224,50.13202667,0.038438965,6.851668835,12.07148838,10.52257729,556.2352295,112.5359192
3719,3352,23.6695919,28.29705238,49.80913544,0.037869025,6.907783031,11.94238281,10.31120396,559.3363037,110.2766113
3720,3353,25.23023415,28.27514267,50.39146042,0.046629149,6.582003117,11.81327724,10.44004536,556.7817993,111.819603
3723,3354,23.53650665,28.28194427,50.22340393,0.047881588,6.948574066,12.07838631,10.47319317,556.2926636,112.836937
3724,3355,22.18337059,28.31129646,50.39096832,0.03895266,6.97117424,12.13342667,10.47946072,552.416687,112.9579239
3725,3356,20.98426056,28.34003639,50.6275444,0.03642568,6.988929749,12.11771297,10.67414856,553.302063,115.6026611
3726,3357,21.22384834,28.36862755,50.33148575,0.035463404,6.930342674,11.92909431,10.6199007,554.1716309,114.7311783
3727,3358,24.30104828,28.38821411,49.91222763,0.036340166,6.8717556,11.41122532,10.26992035,558.9653931,110.4602509
3730,3359,23.94181824,28.34936714,50.21730804,0.052050218,6.750213146,11.44418621,10.31701946,551.5750122,109.7321472
3731,3360,23.19586945,28.35871124,50.4123764,0.043262828,6.832060337,11.68797684,10.56241131,555.5056763,113.5946274
3732,3361,21.2399826,28.36805344,50.37614822,0.034475442,6.905018806,11.89743423,10.62662125,554.4700928,115.028244
3733,3362,20.39160728,28.37477493,50.0363121,0.032361582,6.944423199,11.97707367,10.56786442,555.3412476,114.3246384
3734,3363,20.35186386,28.38141441,50.1895752,0.030458903,6.983827591,12.05671406,10.62752724,554.5479126,115.1201553
3735,3364,22.58719826,28.3771801,50.10493088,0.033109128,6.872923851,12.05667973,10.48466969,556.5210571,112.5415039
3736,3365,24.67553902,28.35339928,50.19432449,0.043931887,6.639177799,11.99363708,10.43644428,557.602417,111.6973419
3737,3366,24.72729874,28.32962036,50.24230194,0.054754645,6.717513561,11.9305954,10.41089916,557.1502686,111.7775421
3740,3367,21.83366013,28.33563995,50.28428268,0.033503655,6.990000725,12.19074345,10.54104233,554.9610596,114.0340424
3741,3368,20.56842613,28.33836365,50.54654312,0.030653318,6.998918056,12.15792465,10.62639809,553.3361206,115.7694473
3742,3369,20.60604858,28.34108543,50.52595901,0.027802983,6.938430786,12.12510586,10.64140892,553.2783203,115.8061447
3743,3370,23.0253315,28.32945633,50.3801651,0.032689922,6.81565094,12.04342175,10.46676826,555.8048706,112.6908798
3744,3371,25.99845505,28.304739,50.32344818,0.044621535,6.692870617,11.94012547,10.40480232,558.1251221,110.9330521
3745,3372,25.69185638,28.28002167,50.10595703,0.056553148,6.762251377,11.84595108,10.26881599,559.1663208,109.9840012
3746,3373,25.03216743,28.29155731,50.44694519,0.049336437,6.85422802,11.94166946,10.39169884,557.0686646,111.5748138
3747,3374,22.4185257,28.30673218,50.51568222,0.040198263,6.924836159,12.03738785,10.56985188,555.1705322,114.0665283
3748,3375,21.15301895,28.32027626,50.53717422,0.032786176,6.940648556,12.13064098,10.63488865,553.5830078,115.0744781
3750,3376,20.60407829,28.33966446,50.60661316,0.026116582,6.933987141,12.31072807,10.68009853,553.3504639,115.6259613
3751,3377,23.06409073,28.33651924,50.14873123,0.032426015,6.892567635,12.14391422,10.43401432,557.2312622,112.1194153
3752,3378,25.46407127,28.32749557,50.18379211,0.04314604,6.825252056,11.92187405,10.36055756,558.4227905,110.637001
3755,3379,23.83679581,28.32919312,50.61525345,0.042552654,6.921780109,11.85649109,10.52936172,555.3230591,113.3508759
3756,3380,22.87454224,28.33263397,49.5906601,0.037291378,6.95154047,11.98892307,10.31092644,559.3061523,110.1410522
3757,3381,21.50688744,28.33444786,50.19063187,0.031805921,6.935405254,12.0936327,10.5352459,555.2262573,113.558403
3758,3382,21.49081421,28.33626175,50.60472107,0.026320467,6.919269562,12.19834232,10.66338921,553.5045776,114.6170197
3759,3383,24.31384277,28.32484627,50.26036453,0.034818422,6.898641109,12.11513615,10.36470127,557.5702515,111.3368988
3760,3384,26.4675045,28.31112671,50.59493637,0.045750301,6.872208595,11.96126747,10.42122078,557.2421875,111.3185196
3761,3385,25.74196625,28.2988205,50.34818268,0.052835576,6.845776081,11.83400059,10.38084984,557.8101196,111.2236786
3763,3386,23.27572823,28.28313446,50.50629425,0.042705577,6.93265295,11.9875021,10.55458355,555.5932007,113.6539612
3765,3387,20.25798416,28.25955009,50.51771164,0.030593652,7.048324108,12.13803768,10.59718418,553.2020264,115.3718719
3766,3388,21.69083595,28.24798393,49.70440292,0.038748801,6.982915401,12.07075024,10.44684887,558.0679932,111.686058
3767,3389,23.37244034,28.23646164,49.85179901,0.047470935,6.913897514,11.99570465,10.37848759,558.5005493,110.9952164
3768,3390,25.05404472,28.22493935,49.9991951,0.056193072,6.844879627,11.92065811,10.3101263,558.9331055,110.3043747
3769,3391,26.57113647,28.21481133,50.40906525,0.063589975,6.707112789,11.85287571,10.34969234,557.4067383,110.2819214
3772,3392,23.67232513,28.24118233,50.39176941,0.042316604,6.773153305,11.89492702,10.45526123,556.0426636,112.0977783
3773,3393,22.89398193,28.26872635,50.37272644,0.0360098,6.842337132,11.9185009,10.42517757,552.399231,111.6368561
3774,3394,21.86115265,28.29627037,50.53806305,0.029702995,6.911521435,11.94207478,10.48448372,554.4537964,113.8555145
3775,3395,24.09833908,28.2958622,50.41517258,0.039255545,6.927295685,11.87459946,10.45580292,556.6749878,111.8883362
3776,3396,26.86247635,28.29091454,49.9306221,0.051386651,6.865175724,11.78365993,10.16903019,560.7892456,108.3529205
3777,3397,26.27390862,28.29005432,49.9662323,0.058574852,6.817210674,11.71784687,10.26065731,559.4945679,109.8011856
3779,3398,23.20459938,28.31298637,50.09733963,0.04307013,6.833569527,11.80945587,10.48407078,556.4694214,112.4525757
3780,3399,21.25024223,28.33486176,50.13017654,0.037039537,6.882826805,11.91706562,10.56100368,555.4494629,113.9056473
3781,3400,20.62242126,28.36265182,49.76845169,0.031989563,6.962807655,12.07084942,10.4237957,557.2498169,112.455368
3782,3401,20.94471359,28.38993454,50.55004883,0.027297998,7.042788029,12.22463417,10.69924355,553.7153931,115.0438919
3783,3402,23.9186573,28.39827728,50.01940155,0.036117982,7.029699326,12.14715385,10.40102768,557.8849487,111.5476532
3784,3403,23.95024109,28.40662193,50.18144226,0.044937968,7.011166096,12.06028843,10.51813984,556.9960938,112.2481842
3786,3404,23.73167038,28.41619492,50.43323135,0.042342052,6.967205048,12.11583328,10.48774433,555.8869019,112.9455872
3787,3405,21.61360741,28.41950989,50.26815414,0.036856554,6.943276882,12.19884968,10.59776878,555.1867065,114.5020294
3788,3406,20.16898918,28.42274284,50.40672684,0.03190038,6.991165161,12.26224613,10.72242355,553.2350464,116.1169052
3790,3407,18.6875248,28.42854691,50.20422745,0.023173621,7.154168129,12.37108517,10.74920177,553.5344849,115.6338654
3791,3408,22.32440567,28.42854691,50.25221634,0.023173621,7.154168129,12.37108517,10.57358742,555.375,113.2409515
3792,3409,24.19196701,28.42854691,50.00549316,0.023173621,7.154168129,12.37108517,10.4178257,557.4224854,110.3551865
3803,3410,18.09466362,28.33374786,50.29193497,0.030490402,7.003703117,12.28009415,10.77181339,551.894165,117.1996307
3804,3411,17.34999084,28.34028053,50.32498169,0.025185622,7.025874138,12.31746674,10.69793797,552.1070557,117.3400726
3806,3412,23.85445213,28.31583595,50.5474472,0.050862335,6.553938389,11.63986015,10.26281166,552.935791,109.3480453
3808,3413,24.67769623,28.30397415,50.56293106,0.051525738,6.871977806,11.99122715,10.48388386,555.6241455,112.6796112
3809,3414,22.63210297,28.30151176,50.51007843,0.045253742,6.996695518,12.15928555,10.60181522,554.0865479,114.7269211
3811,3415,19.22925186,28.30646324,50.53261566,0.032970794,7.053080559,12.32165718,10.70961666,552.0275269,116.27771
3813,3416,21.70454979,28.31611443,50.26917267,0.039925739,6.921966076,12.24368477,10.51440144,555.4995728,113.7613907
3815,3417,25.48208237,28.32803917,50.16628647,0.053939056,6.785514832,12.14362049,10.40102959,557.3272705,111.3460388
3818,3418,21.08364296,28.33984947,50.41948318,0.036432859,6.990033627,12.13706875,10.60714626,554.6621704,114.6336288
3819,3419,21.79607201,28.33969307,49.9053154,0.030825695,7.019562721,12.17627335,10.45970821,556.9345703,112.5055695
3821,3420,24.19472885,28.3374691,50.09732819,0.044644855,6.913163185,12.0457201,10.44294548,557.6461792,111.456955
3822,3421,24.72115707,28.3358078,50.07461166,0.058733489,6.851489544,11.98286629,10.42573738,558.2311401,111.2167664
3824,3422,24.37035942,28.33696175,49.87913513,0.047009718,6.85619545,12.03101063,10.36219215,558.5627441,110.9211655
3826,3423,20.07826614,28.32087517,50.0124855,0.034301601,6.790613174,12.15824699,10.54244137,555.1848755,114.464241
3827,3424,19.25098801,28.30459595,49.92885208,0.031217683,6.898999691,12.2335062,10.53678513,555.2021484,113.3676758
3829,3425,22.07398033,28.29145622,49.78027344,0.046513677,6.936292171,12.02928829,10.38354492,557.9711304,111.735199
3830,3426,23.81856728,28.28868675,50.63087845,0.058369,6.812746525,11.93032837,10.52691174,554.7747192,112.8003159
3833,3427,39.09674835,28.26743889,50.24274063,0.050771836,6.480516434,11.72046661,9.736871719,566.4540405,100.0149155
3834,3428,38.84091568,28.27638435,50.37122345,0.040937673,6.506824017,11.62444115,9.80004406,565.9830322,100.765274
3836,3429,30.50272942,28.3033638,50.08904648,0.035948958,6.432836056,11.31786633,10.15458584,561.9216309,104.9109497
3837,3430,38.15689087,28.32738304,49.83349609,0.050480023,6.239667892,11.10738945,9.650948524,568.5913696,99.07959747
3838,3431,43.02144623,28.33045006,49.96168137,0.054299954,6.219741821,11.15178967,9.530877113,570.4556885,96.56554413
3840,3432,37.72399902,28.36161232,50.33946991,0.042605489,6.419585705,11.47520638,9.889549255,565.1608887,102.1820068
3841,3433,33.48061371,28.37404251,50.02611542,0.036933474,6.489764214,11.60092068,9.972169876,564.2963867,103.6057968
3842,3434,32.15207291,28.38506126,50.17289352,0.031339806,6.559942722,11.70993996,10.09846497,562.3322144,105.2285156
3843,3435,28.97103691,28.39483452,50.44668198,0.027002806,6.545647621,11.81268024,10.27696419,559.1654053,108.9875336
3845,3436,41.34494019,28.38552475,50.47208405,0.047448274,6.269098759,11.26861,9.812972069,566.5429077,99.93526459
3846,3437,42.37187576,28.3881588,50.58518982,0.049949896,6.424370766,11.24336529,9.714402199,567.2636719,99.14794922
3849,3438,21.15239525,28.40934372,50.42038345,0.032288205,6.996509552,12.15697479,10.57691097,554.9680786,114.3312454
3851,3439,19.49048996,28.40731621,50.47660446,0.027450664,7.024261475,12.18827915,10.73645306,552.9655762,116.0468521
3852,3440,22.96948624,28.41760635,50.3175354,0.04293678,6.999473095,12.11987019,10.50371647,556.3078613,112.8359833
3855,3441,24.62372398,28.37114334,50.60376358,0.049459904,6.881968498,11.84144974,10.51368618,555.5321655,113.3850861
3856,3442,22.56174088,28.37777901,50.23333359,0.043714061,6.914273739,11.87666416,10.50954151,556.1799316,112.9509048
3857,3443,22.62300491,28.39565849,50.16592789,0.036370989,6.971752644,11.96234989,10.47480679,556.5824585,113.1789093
3858,3444,20.35440445,28.41189957,50.68150711,0.031024301,7.023920536,12.03199768,10.65229225,553.1206665,115.9037323
3859,3445,19.21912193,28.41521645,50.11031723,0.041427311,6.990607738,11.97507286,10.64758778,554.411438,115.0456467
3860,3446,22.99789238,28.41853142,50.00188065,0.051830322,6.957294941,11.91814899,10.36745548,558.7104492,111.766922
3861,3447,24.44235992,28.40322876,50.33118439,0.056388449,6.945245266,11.88696098,10.52724648,556.2647095,113.0761414
3862,3448,24.71073341,28.36938667,50.27101898,0.055126861,6.959497452,11.8813982,10.40789223,556.9923096,112.1445007
3863,3449,24.47611809,28.33554649,50.39947128,0.053865273,6.973749638,11.87583542,10.46253395,556.3383179,112.6311035
3864,3450,22.66955757,28.34651184,49.94839478,0.04494435,6.979085445,11.95722485,10.38287544,558.0565796,111.8026733
3865,3451,21.4447155,28.36304474,50.57694626,0.035071306,6.982592583,12.0494194,10.56070995,554.3369751,114.8605957
3866,3452,20.29524994,28.38129234,50.55677032,0.028972929,6.949235439,12.05516624,10.63741016,553.446167,115.7736511
3867,3453,18.9221344,28.4039917,50.5594635,0.0326837,6.783964634,11.83631802,10.75184536,551.8635864,117.2304993
3868,3454,32.70801544,28.42669106,49.89454269,0.036394473,6.590354919,11.61747074,9.990951538,564.4449463,103.592186
3869,3455,40.24189377,28.4142971,49.85655975,0.041434899,6.336164474,11.64051819,9.743484497,569.0302124,97.69059753
3870,3456,24.36526299,28.38430595,49.72927475,0.0471421,6.872932434,11.78486633,10.29113483,560.2212524,109.9784851
3871,3457,23.21460915,28.35749817,49.78914642,0.051962629,6.930625439,11.92914009,10.33599854,558.3273926,110.9706116
3872,3458,21.32618523,28.38595772,50.65666199,0.041401707,6.988318443,12.04349422,10.65106392,553.5014648,115.7388306
3873,3459,19.7095623,28.41441727,50.1554718,0.030840784,7.031322002,12.1578474,10.657197,554.4845581,115.1396408
3874,3460,18.63873672,28.44116402,50.07097626,0.026613506,7.060206413,12.18046284,10.61896515,554.5681152,115.5743637
3876,3461,20.73196411,28.49035454,50.17676544,0.034083568,7.037733078,11.9397049,10.55370998,555.8463745,114.4881668
3877,3462,23.35983086,28.47484398,50.50161362,0.040180925,6.977273464,11.99375153,10.61546707,554.7727661,114.1636734
3878,3463,23.61345863,28.45120239,50.00816345,0.046757191,6.940205574,12.09714031,10.42138481,558.0161133,111.943161
3879,3464,22.25715637,28.43778419,50.59420776,0.049892671,6.979884624,12.19792175,10.64823246,554.0983276,115.2773132
3880,3465,19.35425568,28.46064758,50.5104599,0.040814769,7.019563675,12.28010082,10.78970337,552.1016235,117.1673889
3882,3466,17.77989388,28.4982605,50.16934967,0.028773133,6.93213129,12.32611942,10.74058723,552.5809937,117.0341339
3883,3467,25.94591713,28.50778961,50.56165695,0.029745942,6.869904518,12.17693615,10.48804474,556.8452759,112.2649078
3884,3468,19.90497589,28.51731873,50.48858643,0.030718749,6.890051842,12.02775383,10.72339916,553.2123413,116.7415009
3885,3469,23.0337677,28.48700905,50.49546051,0.040926166,6.910199165,12.06839561,10.58578205,554.7567749,113.2733536
3889,3470,18.60569763,28.47751999,50.68867493,0.03266982,7.094964027,12.26129341,10.88852119,550.9918213,118.1992645
3890,3471,17.21318436,28.4981308,50.70637894,0.032235019,7.146454811,12.20240593,10.90883827,550.6017456,118.8366928
3891,3472,17.26488304,28.51990891,50.56381607,0.034705658,7.181126118,12.09711742,10.86359119,550.678833,119.1920624
3892,3473,20.99132919,28.53364182,49.76777649,0.038193602,7.104768753,12.00144863,10.42292023,557.7387695,112.9481659
3894,3474,23.2469883,28.47807503,50.49131012,0.05564056,7.001539707,12.08781624,10.62638378,555.215271,114.4974823
3895,3475,22.7876358,28.47555161,50.54949188,0.054969255,7.022712708,12.14398575,10.56931305,555.022522,114.4191284
3896,3476,20.51306534,28.49364281,50.52782059,0.046650797,7.043885708,12.21771336,10.67555428,553.5603027,116.2198029
3897,3477,18.69406891,28.51173401,50.07711411,0.038332339,7.10284996,12.29144096,10.73176098,553.8970947,115.6937714
3898,3478,17.37352943,28.52803802,50.36439896,0.035430089,7.166204453,12.25557327,10.89584541,551.3733521,118.6327133
3899,3479,15.90333939,28.5442276,50.11623383,0.0328761,7.186206341,12.19460869,10.91967964,551.5628052,118.4777527
3900,3480,20.27360725,28.54728889,49.95053101,0.034628458,7.097175598,12.13330173,10.61279011,555.9608154,114.9174805
3901,3481,22.48908615,28.52339745,50.3013916,0.045195237,7.008145332,12.0706377,10.62990761,555.2008057,114.6169968
3903,3482,22.37980652,28.4971714,50.26483536,0.050618306,7.010822773,12.06595325,10.54924965,555.7167969,114.1691666
3904,3483,20.13186455,28.50338554,50.29801559,0.039250825,7.032233238,12.20765209,10.71692276,553.6541138,116.1623764
3905,3484,17.84641266,28.5092907,50.33139801,0.029003402,7.087121487,12.34935093,10.81929779,552.0839233,117.8978806
3906,3485,18.19984055,28.51252937,50.09291077,0.028315818,7.142009735,12.28796864,10.64843273,554.0903931,116.3725891
3907,3486,16.29432106,28.51576805,50.08685303,0.027628236,7.141074181,12.22210121,10.84818363,552.1478882,117.9412155
3908,3487,20.01659012,28.50280952,49.64448929,0.03440471,7.069743633,12.07467461,10.57032204,556.7962036,113.9932632
3909,3488,23.52558899,28.47319412,50.62642288,0.048844554,6.998413086,11.78642273,10.61039257,554.8922119,115.0947571
3910,3489,23.61514282,28.44358063,50.23276138,0.06328439,6.751200199,11.65391636,10.48207474,556.5245972,113.3278732
3912,3490,21.7814045,28.471735,49.99317932,0.04009217,7.038059711,12.17352009,10.50068569,556.6835938,113.7436447
3913,3491,19.56921196,28.48469543,50.59105301,0.02988762,7.102630615,12.276824,10.77875423,551.9229126,117.4256973
3914,3492,16.25481415,28.48718643,50.16491318,0.027848627,7.128904343,12.30403423,10.8548727,551.5032349,118.214592
3915,3493,17.22153664,28.48967552,50.45658875,0.025809633,7.147651196,12.32087803,10.89720058,551.3271484,118.486969
3916,3494,20.15470123,28.47589111,50.14085007,0.034876097,7.05128479,12.17918587,10.64412785,554.6148071,115.0773621
3920,3495,21.33342934,28.45945168,50.13230133,0.046200898,7.052165031,12.20251846,10.55336094,555.8049316,114.3097992
3921,3496,19.18183136,28.47402763,50.08986664,0.039387763,7.084306717,12.22030926,10.64919853,554.184021,115.8999252
3922,3497,16.94011497,28.4904232,50.16384506,0.034910947,7.106333256,12.22240162,10.80159473,552.3331909,117.7754364
3923,3498,16.87575912,28.50681877,49.97192001,0.030434133,7.11642313,11.99639797,10.76597309,553.5476685,116.8336105
3925,3499,24.17017937,28.48884201,50.42139435,0.054314744,6.850665092,11.87910557,10.57475471,555.5367432,113.5889664
3926,3500,24.54334831,28.48231316,50.27153397,0.062652208,6.94796896,11.98662376,10.50017834,556.5083618,113.0595779
3927,3501,23.57934952,28.49404335,50.14462662,0.051712707,7.016644955,12.09414101,10.47429848,557.2914429,113.0442734
3928,3502,21.4944458,28.50577354,50.42490005,0.040773205,6.899471283,12.17546272,10.65752697,554.5455933,115.2056503
3929,3503,19.43651581,28.51623154,50.43406296,0.03367196,6.866771221,12.23758125,10.70766354,552.8762817,116.6239319
3930,3504,19.18758011,28.52584457,49.95376587,0.029124117,7.004157066,12.29970074,10.66638279,554.7603149,115.2632904
3931,3505,16.8357811,28.5354557,50.34628677,0.024576271,7.141542435,12.14336014,10.91252422,550.9006958,118.7412415
3932,3506,21.3908329,28.51272011,50.28005981,0.040864017,7.108580112,11.9709444,10.57485294,551.1290283,113.3251953
3934,3507,25.15690041,28.4746933,50.05191422,0.064214714,6.893625259,11.94652367,10.45675945,558.0122681,111.9601746
3935,3508,23.8982811,28.47332954,50.58353043,0.055006694,6.979785919,12.01682663,10.51778793,555.8491821,113.9484482
3936,3509,21.54242134,28.47196388,50.40806961,0.045798678,7.065946579,12.09645844,10.61601925,554.732605,115.1639023
3937,3510,20.08767128,28.46870995,50.55999756,0.039912403,7.110277653,12.17992401,10.7275877,552.5440063,116.5906754
3938,3511,17.85654831,28.46487617,50.14266586,0.03504356,7.10438633,12.25300026,10.74718666,553.0150146,116.6888733
3939,3512,17.84798622,28.45965576,50.52250671,0.032923393,7.09849453,12.22962952,10.83688927,551.4394531,118.1087418
3940,3513,20.98436165,28.4467907,50.14104462,0.045958418,7.011562347,12.20625877,10.60835075,554.9656372,114.4966049
3944,3514,22.65210533,28.41036224,50.41879272,0.047552049,7.0008111,11.62010765,10.60969734,555.2030029,114.2294006
3945,3515,20.67365265,28.41570854,50.22143173,0.041426294,6.999528408,11.88256645,10.61472607,554.9428711,114.6780624
3946,3516,20.20256996,28.42197609,50.04902267,0.035355296,6.987544537,12.06828308,10.5743475,555.6663818,114.1610947
3947,3517,19.31567574,28.42570114,50.60292053,0.03442267,6.930711746,11.9587326,10.76832581,552.3308716,117.0975418
3948,3518,21.99889946,28.42398834,50.35946274,0.04448491,6.873878956,11.84918213,10.51737881,555.8406372,113.947937
3949,3519,24.65314102,28.42227745,50.37901688,0.054547153,6.739765644,11.68349171,10.45133972,556.5286865,112.526413
3952,3520,23.66550446,28.41105652,50.67855453,0.047970057,6.959731579,11.97125244,10.57168674,554.8837891,113.8477173
3953,3521,24.35834312,28.40180397,50.3757782,0.046661541,6.937816143,11.91803455,10.38240242,557.1702881,111.9390335
3955,3522,22.42062378,28.38096619,50.54421234,0.0400193,6.956782818,11.87607574,10.57258606,555.2338257,114.0922165
3956,3523,20.94582367,28.37922287,50.38687515,0.034608372,6.975663662,12.0171299,10.6140976,554.8587036,114.0377426
3957,3524,20.40794373,28.37748146,50.1618309,0.029197445,6.994544029,12.14189529,10.55364513,555.0593262,113.988205
3958,3525,19.0055027,28.39370918,49.96314621,0.031417284,6.872119427,12.07295513,10.59258461,555.4362793,114.3097458
3959,3526,22.04278946,28.41966057,50.13127518,0.037796773,6.709789753,12.00401402,10.51152802,556.9307251,113.0886688
3961,3527,23.92510986,28.45044518,50.15592957,0.042196713,6.634670258,11.373106,10.44780922,557.2797241,112.5312958
3962,3528,22.74631119,28.45603752,50.12518692,0.04050488,6.688620567,11.42374134,10.5194664,556.5785522,113.1925888
3963,3529,21.75520515,28.46629906,50.18131256,0.037086625,6.796769619,11.62734699,10.58759117,555.6347656,113.8790588
3964,3530,19.88280869,28.48287392,50.04595566,0.031324305,6.925136089,11.88837433,10.64359093,555.5123291,114.6509018
3965,3531,19.02313614,28.49944687,50.04344559,0.025561981,7.04045248,12.12456512,10.65728283,554.9067383,115.402298
3966,3532,17.63016129,28.521101,50.54485703,0.029966868,7.033019543,12.12629509,10.81490993,551.5509033,118.4564819
3967,3533,21.37570381,28.54391861,49.94419861,0.036719602,7.025586605,12.1280241,10.57532787,556.8569336,113.1482468
3968,3534,23.24011993,28.56038857,50.22097778,0.041953031,6.960915565,12.12300777,10.52953339,556.4586182,113.4857178
3969,3535,23.15807724,28.55179024,50.52939987,0.041104186,6.835245609,12.1108017,10.61386204,555.3082886,114.4859238
3970,3536,22.16142464,28.54319382,50.33955002,0.040255342,6.909290791,12.09859467,10.58348274,555.2417603,114.0001526
3971,3537,20.82406235,28.54525375,50.24500656,0.036681529,7.065128326,12.1968298,10.6505909,554.8677368,115.6725693
3972,3538,19.0970211,28.55470467,50.28917694,0.031199429,7.134585381,12.31261826,10.77788353,553.5183716,116.6743698
3973,3539,17.95363998,28.56415367,50.01968002,0.025717331,7.179625034,12.36480141,10.70251751,553.69104,115.7910233
3974,3540,17.29534149,28.58815575,50.08459854,0.031151846,7.080402851,12.19397163,10.79325676,553.1774902,117.6155777
3975,3541,20.59464645,28.61247063,50.27288437,0.036849231,6.981180191,12.02314186,10.6940012,554.5872192,115.6997604
3976,3542,22.78762436,28.61708641,50.1446991,0.040028322,6.93729353,11.98112106,10.57130241,556.5531616,113.1921539
3977,3543,23.27709961,28.5877285,50.24994278,0.038825814,6.948496342,12.04039574,10.62476349,556.0900269,113.7265244
3978,3544,22.12516975,28.5583725,50.18406677,0.037623301,6.959698677,12.09967041,10.60894203,555.9627075,113.9855881
3979,3545,20.26534462,28.55668831,50.09796143,0.032747999,7.026037693,12.16338444,10.69075775,554.8043213,115.4625931
3980,3546,17.93117523,28.56396103,50.5447731,0.026670069,7.099236965,12.22733974,10.86846161,551.8411865,118.5302582
3981,3547,16.44614029,28.57180977,50.34841919,0.022331776,7.144061565,12.27014828,10.92785931,551.4345093,118.8713074
3982,3548,14.02337265,28.58307266,50.53876495,0.028520463,7.115127087,12.27130604,11.07355404,548.7026978,121.2473297
3983,3549,18.9776783,28.59433556,50.17135239,0.034709152,7.086192608,12.27246284,10.75449848,553.8373413,116.0948334
3985,3550,21.72396088,28.53792381,50.11003113,0.039729249,6.656838894,11.46356297,10.60867023,555.9188843,113.9102554
3986,3551,21.04204369,28.49766541,50.12181854,0.041110091,7.053002357,11.76343441,10.5990696,555.9597168,114.439827
3988,3552,16.28767586,28.48858833,50.14100266,0.028314721,7.172605038,12.45960522,10.80640125,551.8243408,118.2402039
3989,3553,15.70293999,28.49062157,50.3445549,0.02514898,7.173169136,12.45012569,10.90591431,550.6350098,119.0460663
3990,3554,15.50173855,28.50407219,50.0149765,0.030078968,7.173733711,12.44064713,10.84813976,551.8165894,118.1447144
3991,3555,18.45885277,28.5175209,50.23254013,0.035008956,7.131333828,12.33842754,10.82522774,552.6626587,117.1724472
3992,3556,21.64884377,28.49510956,50.22206879,0.038409464,7.02159977,12.18437672,10.60281181,554.5137939,114.9329224
3993,3557,22.91806412,28.45703506,50.15982056,0.041135166,6.911866188,12.03630447,10.53050709,555.7156982,113.4440384
3994,3558,21.94003677,28.4215374,50.69140244,0.043015763,6.966572285,12.08528996,10.64016247,553.7454834,115.7537537
3995,3559,20.85602379,28.41418839,49.94659424,0.035367593,7.07755661,12.13427544,10.54272461,556.3793945,113.9616623
3996,3560,17.19633865,28.40683937,50.35043716,0.027719423,7.170962334,12.18905449,10.76505184,552.0861816,117.2380447
3997,3561,18.0688839,28.40714645,50.31258392,0.025909128,7.150119781,12.2519331,10.71867371,552.4976196,117.5722427
3999,3562,19.65747643,28.42486382,50.19026566,0.035454858,7.075454712,12.20587063,10.57726574,554.9404907,115.3341751
4000,3563,22.6614399,28.39954948,50.36831284,0.039498508,6.990020752,12.0554018,10.57426929,554.9594116,113.8393402
4001,3564,23.2954998,28.36870956,50.17942429,0.043422043,6.904586792,11.94509125,10.48126793,556.6338501,113.23806
4002,3565,22.45411301,28.34603882,50.03112411,0.044575192,6.9538064,12.00164986,10.48119354,556.963562,112.7905502
4003,3566,20.70015335,28.34796143,50.46039963,0.037283514,7.018125057,12.05820942,10.6590414,553.880127,114.0352783
4004,3567,18.65418816,28.34988403,50.11590958,0.029991837,7.06392765,12.14742088,10.63301849,554.5168457,115.9505539
4005,3568,17.42777824,28.35959053,50.31068039,0.028828982,7.054526806,12.26578331,10.73054886,552.088623,117.2107925
4006,3569,16.57488441,28.3737278,50.40758133,0.031184651,7.045125484,12.38414574,10.82182312,550.611145,118.6186523
4007,3570,20.4753418,28.38696098,50.06457901,0.0336571,7.019924641,12.31773758,10.49756908,555.6056519,114.2443237
4008,3571,22.58556747,28.36637306,50.11650467,0.040961746,6.985792637,12.23452473,10.50209904,556.2138672,112.4838562
4009,3572,23.26135826,28.34578323,50.46603394,0.048266392,6.947814941,11.95157528,10.59275723,555.4036865,113.5341568
4011,3573,20.82188988,28.36631966,50.53851318,0.038553506,7.008146286,12.16785812,10.64216232,553.30896,115.5312576
4013,3574,17.67010117,28.42052269,50.48154831,0.026173338,7.09996891,12.24431515,10.75617599,552.3623657,117.379364
4014,3575,17.68103218,28.45367241,50.53930283,0.025573112,7.051468849,12.19594193,10.82844543,551.3270874,117.7311249
4015,3576,20.80648804,28.47898293,50.31997681,0.026241591,7.002968311,12.11020565,10.63886261,554.5076904,114.4899979
4016,3577,22.29386902,28.47116661,50.23302078,0.032355018,6.972019196,12.04087925,10.54591846,556.0047607,113.7834473
4017,3578,22.93645668,28.4633503,50.41297531,0.038468447,6.972200871,12.1435585,10.60081291,555.0680542,113.8912201
4018,3579,21.42679024,28.4728756,50.30604172,0.03769568,6.972383022,12.2462368,10.62388515,555.0553589,114.1184311
4019,3580,19.84025192,28.49495506,50.36786652,0.031878654,7.026988506,12.2889595,10.71715355,553.4147339,116.3506241
4020,3581,18.77696991,28.51703453,50.59708405,0.026061632,7.10263443,12.26546288,10.7606926,552.3671265,117.2379379
4021,3582,17.82066536,28.52985573,50.1688652,0.025482308,7.163262367,12.24196625,10.73483467,553.0488281,116.83564
4022,3583,17.01667786,28.54237366,50.13682175,0.025090609,7.08949995,12.18845654,10.75459671,553.4293823,117.2938309
4023,3584,20.50717163,28.54898071,49.94572067,0.026797865,7.015737057,12.12971497,10.56669712,556.2988892,113.7455902
4024,3585,21.88312721,28.5449276,50.44238663,0.032336276,6.974924564,12.07849312,10.63841152,554.3870239,115.6364059
4025,3586,21.73313522,28.54087448,50.2417717,0.037874684,6.969709396,12.05112171,10.67838383,554.6749878,114.6969147
4026,3587,20.87117577,28.5445652,50.03079605,0.03512333,6.964493752,12.02375126,10.59609604,556.0492554,114.9545364
4027,3588,18.98578835,28.55090523,50.52171707,0.029487429,7.016535759,12.08191395,10.86488056,551.5057983,117.4227905
4028,3589,17.49397659,28.55652428,50.22135162,0.024295436,7.08142519,12.19852448,10.77527237,552.7258301,117.9576035
4029,3590,15.98048306,28.55744934,50.12827301,0.022067446,7.131393433,12.315135,10.83011055,552.7390747,117.9826584
4031,3591,18.18984413,28.53940201,50.6533699,0.02292905,7.115914822,12.17306805,10.82443047,551.8303223,117.9874954
4032,3592,20.77608681,28.50219345,49.97764206,0.030951861,7.089285374,12.10934258,10.55337715,552.5024414,113.5311966
4033,3593,21.47144699,28.46498489,50.56733704,0.038974673,7.046608925,12.06084347,10.72231102,553.3907471,115.9004211
4034,3594,20.62837982,28.46048737,50.21171951,0.034398895,7.003932476,12.01234436,10.59876442,554.9277344,114.8153915
4035,3595,18.44771385,28.45922279,50.52494812,0.028536331,7.102879047,12.13428402,10.76080036,551.8203125,117.6986771
4037,3596,15.16023731,28.44440079,50.56086349,0.020992395,7.259640694,12.43673801,10.9257412,549.7237549,120.117157
4038,3597,14.77535534,28.43366814,50.55290604,0.018356305,7.171798229,12.27479935,10.93288231,549.2896729,119.9488983
4040,3598,22.42166328,28.38819122,50.24346161,0.039879031,7.022522449,12.00560093,10.50358391,555.9654541,113.5444107
4041,3599,23.32100868,28.36649513,50.5081749,0.051577803,6.972081661,11.94588184,10.55628204,554.8562622,113.7134018
4042,3600,22.45993042,28.38542175,50.28848267,0.042994026,6.918721199,11.88616276,10.58092403,555.7368164,113.2771683
4043,3601,19.48948479,28.40434647,50.10121155,0.034410249,6.799902916,12.02418804,10.63176727,554.6915283,114.9057541
4044,3602,19.22363663,28.41818619,50.05718994,0.028084228,6.730879307,12.17870045,10.60328579,554.581543,115.310318
4045,3603,17.69682884,28.42612076,49.74627304,0.024402047,6.909263611,12.25552082,10.61902523,555.2651978,114.5572968
4046,3604,16.85887527,28.43405724,50.50997925,0.020719867,7.087647915,12.15821171,10.80749893,551.3120728,118.1339035
4047,3605,21.24152565,28.4247036,49.90061951,0.031552121,7.127981663,12.0609026,10.50799656,556.3264771,113.396965
4048,3606,23.19115639,28.41232681,50.41078949,0.044977117,7.046349049,12.0469017,10.53343105,555.4431763,113.9032211
4050,3607,22.48742485,28.41987419,50.38898087,0.044811156,7.007544041,12.09821129,10.51462269,555.1524048,113.864975
4051,3608,19.99443626,28.43354797,50.19350433,0.036395054,7.068954945,12.20110989,10.65835667,554.3916626,115.0943451
4052,3609,18.10572433,28.44322586,50.56536865,0.030607462,7.116026878,12.30400753,10.75096035,551.8294067,117.7621384
4053,3610,17.3867588,28.45054245,50.10230255,0.026393246,7.122021675,12.32223511,10.7195816,553.3596191,116.5298996
4054,3611,16.67371178,28.45780945,50.30034256,0.022179032,7.128015995,12.24634457,10.81112576,551.4954224,118.0632706
4055,3612,20.07272339,28.46224403,50.38002014,0.032293897,6.700550079,12.17045403,10.68818378,553.4802856,116.0592575
4056,3613,23.40326691,28.46667862,50.12247467,0.043023121,6.702676296,12.11071491,10.4668417,556.9501343,112.9033203
4057,3614,23.69789505,28.47227478,50.21339035,0.04787552,6.849239826,12.0538702,10.45422077,557.1222534,112.7091293
4058,3615,22.15262032,28.4795742,49.89220047,0.041674126,6.981966019,12.02696991,10.47132587,557.3179321,112.7358322
4059,3616,19.15911293,28.48687172,50.2904892,0.035472732,7.034512997,12.1219902,10.717062,553.5986938,115.9572144
4060,3617,18.0279808,28.48676109,50.0225029,0.030427728,7.087059975,12.2170105,10.71171188,553.7186279,116.4943542
4061,3618,16.6320076,28.48472023,50.31795883,0.025798569,7.111588478,12.27427578,10.86641026,551.2435303,118.7655258
4062,3619,15.88678837,28.48178482,50.19625092,0.022944523,7.109037399,12.30483818,10.86532021,551.8082275,118.7011566
4063,3620,19.89232635,28.47482872,50.13368988,0.032615259,7.106485844,12.33539963,10.64063931,554.6105957,115.4611588
4064,3621,22.41882896,28.46787071,50.48277664,0.042285994,7.099983692,12.24145699,10.67796707,554.027771,115.375267
4066,3622,21.87638664,28.45733833,50.57819366,0.040129613,7.080548763,12.11151123,10.66090584,553.8881226,115.6380005
4067,3623,20.90531921,28.45253563,50.16004562,0.035585146,7.051886559,12.19246864,10.61806107,555.0626221,115.0361023
4068,3624,18.1075058,28.44809532,50.18688965,0.033975016,7.023223877,12.2734251,10.71548462,553.1948853,116.7710342
4069,3625,17.96320724,28.44367027,50.06010437,0.032688975,7.010247231,12.20368004,10.72584438,553.4430542,115.766037
4070,3626,19.20452118,28.44025612,50.13350677,0.03336608,7.007847309,12.08392334,10.62667179,552.8540649,114.8819351
4071,3627,21.75623131,28.43873787,49.90910339,0.038874388,7.005447388,11.99023533,10.52345276,556.6754761,112.8077545
4072,3628,23.37740898,28.43722153,50.31617737,0.044382691,6.833944321,12.0590868,10.50950146,556.2896118,112.8539124
4074,3629,22.60437584,28.45018578,50.18266678,0.040847089,6.933585167,12.14516449,10.46557426,556.0172119,112.9218369
4075,3630,21.61638641,28.45764542,50.37697983,0.037589099,7.044160366,12.11304379,10.58164501,554.6304932,114.7114258
4076,3631,20.97699356,28.46336174,50.24324036,0.033090215,7.045011997,12.08092213,10.69399166,554.4554443,115.0371933
4077,3632,20.81337547,28.46907616,50.23291016,0.028591335,7.037452698,12.09808254,10.63181305,554.9277954,114.9526062
4078,3633,21.34326363,28.48194885,50.50410461,0.02653808,7.028280735,12.1207428,10.65125275,553.8260498,115.1556625
4079,3634,21.16012001,28.50164604,50.41770172,0.027435513,7.014849663,12.14681149,10.66044235,554.5716553,115.3504181
4080,3635,21.91806221,28.52134514,50.64884949,0.028332947,7.001418591,12.18192196,10.63953304,554.2768555,115.3031693
4081,3636,21.69343376,28.51553726,50.61135101,0.026788021,7.017632484,12.21703243,10.63599586,553.6602173,115.2516403
4084,3637,18.72027206,28.51406097,50.60631561,0.020957598,7.079023361,12.3269043,10.75981998,552.203064,117.2221069
4085,3638,18.88376999,28.52439308,50.55758286,0.019102372,7.07668972,12.32448387,10.8435297,552.1834106,117.2770538
4086,3639,17.97942352,28.54689026,50.13735199,0.021107454,7.074514866,12.32206345,10.77191257,553.3040771,116.7572327
4087,3640,19.52900505,28.57519341,50.26097107,0.025502209,7.072555065,12.28983021,10.70659256,554.6876221,116.2143173
4088,3641,20.3151722,28.60128403,50.20995331,0.029865164,7.070595741,12.21690273,10.66464043,554.3403931,115.9007111
4089,3642,21.11776543,28.59567261,50.29684448,0.028805315,7.073414803,12.14397526,10.68197918,553.9069214,115.7884521
4091,3643,19.02416039,28.59374237,50.19924164,0.025586519,7.08906126,12.28870678,10.77856636,553.7410889,116.4627457
4092,3644,17.13844681,28.60861969,49.82308197,0.021739336,7.156750679,12.35502148,10.68871117,554.5930786,116.793396
4095,3645,18.27634621,28.65842438,50.0814743,0.025976507,7.153344154,12.25498581,10.76531982,553.9099731,116.9167557
4096,3646,20.40963173,28.66818619,50.26395798,0.029909376,7.083184242,12.17614841,10.75799179,553.8272095,116.6982422
4097,3647,21.05643654,28.65149117,50.14883041,0.028651567,7.106043816,12.09731007,10.69494343,555.2557983,114.9347076
4098,3648,20.39904976,28.63479424,50.17167664,0.027393756,7.145048618,12.15864372,10.62055588,555.0164795,115.5942307
4099,3649,18.75824928,28.62853432,50.5662384,0.02527177,7.176756382,12.22550106,10.85241222,552.1079712,118.3096771
4100,3650,17.29437256,28.62869835,50.53346634,0.022468867,7.180839062,12.25907993,10.90880585,551.0701294,119.9212875
4101,3651,16.92962074,28.62895203,50.41294861,0.019665966,7.184922218,12.23104858,10.85914326,551.9414673,118.8616257
4104,3652,19.25125313,28.63548088,50.07044983,0.025934119,7.036566257,12.11119175,10.70731258,553.8339844,116.4407196
4105,3653,19.3069191,28.61575699,50.12553024,0.026383271,7.060806751,12.22026539,10.70369625,554.3504639,116.4240265
4106,3654,17.04410744,28.60353851,50.43959808,0.023601539,7.161560059,12.32463551,10.85377884,551.859375,118.3978882
4107,3655,16.02178001,28.59339905,50.1562233,0.019588534,7.262313366,12.41264629,10.86017799,552.579834,118.4672852
4108,3656,14.91969299,28.58529282,50.59106827,0.016524291,7.269369602,12.50065708,10.95981216,549.84552,120.7032166
4109,3657,14.69609356,28.58697701,50.19743347,0.020933688,7.182991028,12.14133453,10.95177841,550.7382813,120.4315338
4110,3658,17.1727314,28.58866119,50.57344437,0.025343085,7.096612453,11.49795723,10.8586874,551.7304077,118.9107437
4111,3659,21.53882027,28.56461716,50.33603287,0.02958769,7.044277668,11.44137669,10.61852551,554.6599731,114.5951996
4112,3660,20.04467392,28.54873466,49.89901352,0.030949047,7.0768013,11.79717636,10.60452557,556.2623291,113.7926483
4113,3661,18.55441284,28.54487991,50.24332428,0.027281115,7.109325409,12.15297699,10.74636745,553.5772095,116.7759628
4114,3662,16.46248817,28.54166985,50.53337097,0.022986418,7.142897129,12.27952385,10.87074471,551.1404419,119.2256927
4115,3663,15.41612434,28.54273796,50.18009186,0.021298338,7.177167416,12.30736923,10.87153721,551.5653687,118.7823257
4116,3664,14.16835594,28.55220604,49.86265182,0.026395435,7.211437225,12.32388306,10.81219864,552.5217285,118.565239
4117,3665,19.19709587,28.56167412,50.46811295,0.031492531,7.118236065,12.22220993,10.7124691,553.5880127,116.3814545
4118,3666,22.18631935,28.55231476,50.04472733,0.033557579,7.023574829,12.12053585,10.54353523,556.7861938,113.1156693
4119,3667,22.29600525,28.53583908,50.54153824,0.03410257,7.002300739,12.08855534,10.61183929,554.8494873,114.6037064
4120,3668,19.78544426,28.52233696,49.87577438,0.034294479,7.102258682,12.13332939,10.54990005,556.413147,114.6960831
4121,3669,17.47353745,28.53196144,49.77555847,0.028352605,7.202216625,12.1781044,10.6396389,555.0809937,115.5829315
4122,3670,16.23990059,28.54158592,50.29673386,0.02241073,7.218622684,12.32098007,10.83359241,551.4393311,118.6742554
4123,3671,15.15457249,28.54992676,50.55394363,0.020069312,7.205504894,12.47924995,10.91540337,550.2034912,119.3495636
4124,3672,14.19715214,28.5569973,50.42498779,0.022252282,7.165358067,12.56225872,10.91017818,544.9031982,118.3954544
4125,3673,16.56410027,28.56406784,50.55716705,0.024435252,6.9398489,12.42289352,10.90600395,550.5525513,119.2576675
4126,3674,20.38310814,28.54072762,49.87872696,0.028495044,6.714339733,12.28352928,10.55151558,556.4869385,114.1770477
4127,3675,20.59053421,28.51363182,50.43725967,0.032937456,6.709019184,12.24528122,10.64047337,554.1912231,115.2572556
4128,3676,19.59244919,28.49643707,49.76939011,0.034942701,6.92324543,12.26396179,10.5090313,556.3287354,113.8254089
4129,3677,16.76627922,28.50502014,50.49381256,0.02820286,7.137471676,12.28419113,10.85446453,551.425415,119.0313721
4130,3678,15.33914566,28.51360512,50.04807281,0.021463018,7.214368343,12.35853672,10.84337234,551.7313843,117.9559555
4131,3679,13.23770809,28.52066231,50.37246323,0.019095421,7.267235279,12.43288231,11.03630447,548.854248,121.1855774
4132,3680,12.11835194,28.52695274,50.223423,0.019568548,7.28524065,12.4040823,11.04271603,549.2288818,121.4871826
4133,3681,15.68751144,28.53224373,49.97014618,0.020041674,7.178102493,12.23048973,10.78935242,552.7229614,117.8872528
4134,3682,20.13475227,28.51992226,50.16827774,0.026485577,7.070964336,12.05689812,10.65584373,554.8609619,115.0740433
4136,3683,19.0623951,28.50810432,50.09490585,0.034348756,7.067115307,12.15673351,10.64168262,554.0734863,116.172554
4137,3684,16.45972633,28.52479172,49.82116699,0.027514271,7.091005325,12.21080399,10.6891489,554.1188965,116.612442
4139,3685,23.66003036,28.55733871,50.26846695,0.020106288,6.936374187,12.15007782,10.61466599,555.7755127,113.1031723
4140,3686,22.05502129,28.57303238,50.36981201,0.021392303,7.020803928,12.17469215,10.65977192,554.4043579,115.0187378
4141,3687,17.47677422,28.58398819,49.95233917,0.023563512,7.105233669,12.23901176,10.76625633,553.6612549,117.0567856
4142,3688,20.0644989,28.57801437,50.05732346,0.030391619,7.106550217,12.30333233,10.69115448,554.6057739,115.4255066
4143,3689,20.55981255,28.57204247,50.13413239,0.037219726,7.080133915,12.3374424,10.56365967,554.9190674,115.0867538
4144,3690,19.29535103,28.57383347,49.6749382,0.036134522,7.046587467,12.37058258,10.57979488,556.3609009,114.5128326
4147,3691,22.98548889,28.59845734,50.20860291,0.020247281,6.984246731,12.02445507,10.5994978,556.1558838,113.0738831
4148,3692,21.39913368,28.60946846,50.13251877,0.020037035,7.116431236,12.05612087,10.64570045,555.5078735,114.4207535
4149,3693,16.89039993,28.60562134,50.33272552,0.022463417,7.213342667,12.1518364,10.86944675,551.7006836,118.7122726
4150,3694,20.83387566,28.57796097,50.51937866,0.030361172,7.143105507,12.22941399,10.69178581,553.460022,115.9939575
4151,3695,21.97992897,28.5503006,49.87080002,0.038258925,7.072868824,12.18942547,10.50539303,557.7584839,113.2830276
4152,3696,20.287117,28.53796196,49.61631393,0.035595268,7.084545612,12.149436,10.47579861,557.2518311,113.1599655
4153,3697,17.62178802,28.53012657,50.41801834,0.028700022,7.159914494,12.20140076,10.78502846,551.6831665,118.0100708
4154,3698,15.97059727,28.52306747,50.34199142,0.02263716,7.235283375,12.33747196,10.86309814,551.0568237,118.6600342
4155,3699,15.38678837,28.52005768,50.50481415,0.023892673,7.197219372,12.47354317,10.87765312,550.725647,119.1370087
4156,3700,14.67411518,28.51704788,49.77448273,0.025148183,7.153312683,12.33017445,10.72240543,553.8144531,116.9314728
4157,3701,19.20094299,28.49514961,50.57400513,0.029601883,7.053220749,12.15944481,10.79437447,552.3712769,117.1622391
4158,3702,21.88874054,28.4577446,50.12378693,0.03738087,6.843735218,12.05984497,10.62062359,555.6011353,113.4391708
4159,3703,21.87510681,28.42034149,50.29437637,0.045159861,6.634249687,12.12675858,10.54541397,554.9545898,113.5697861
4160,3704,20.73107529,28.42390823,50.36799622,0.039744791,6.742074966,12.19367123,10.61954308,554.291748,115.1598663
4161,3705,17.10058594,28.43020439,50.03291702,0.032504629,6.936934948,12.27767086,10.71822262,553.333313,116.6993561
4162,3706,17.89694405,28.43890762,50.28223419,0.026425913,7.104068756,12.37041569,10.76633739,552.7081909,117.4435883
4163,3707,16.15990829,28.45258904,50.59204865,0.023536956,7.128238678,12.45161152,10.83727074,550.4641113,119.0349121
4164,3708,15.20925331,28.46626854,50.2768364,0.020647999,7.152408123,12.31285477,10.74745464,551.6592407,118.5565567
4165,3709,19.42571068,28.47337532,49.90950394,0.025083832,7.11954546,12.17409801,10.62552261,555.1821899,114.6320648
4166,3710,20.8695507,28.47785187,50.26027298,0.033369906,7.040161133,12.10145473,10.54721546,555.2250366,114.6864395
4167,3711,21.21020889,28.48534775,50.17562485,0.040974002,6.960776329,12.11349678,10.57559872,555.1119385,114.0400467
4168,3712,20.13431168,28.51935959,49.84135437,0.033773433,7.051165104,12.12553787,10.52958775,556.1034546,113.9000397
4169,3713,17.39237213,28.55337334,49.89204025,0.026572863,7.152647972,12.24487305,10.68605423,554.2949219,115.1721039
4170,3714,15.21742344,28.57995224,50.65363312,0.021956442,7.223808765,12.3866806,10.96684265,549.135437,120.5146484
4171,3715,14.82718658,28.59880066,50.62314606,0.020735949,7.229776859,12.47545719,11.01399994,548.8909912,120.7452164
4172,3716,14.70645618,28.61764908,50.13631058,0.019515457,7.23574543,12.37081337,10.95067024,551.1731567,119.5473557
4173,3717,18.21678734,28.63768387,50.30199814,0.02576096,7.191283226,12.26616859,10.81076813,552.8093262,117.2275543
4174,3718,21.05859947,28.6578846,49.97185898,0.03429408,7.1258111,12.19811916,10.64739132,555.897644,114.9880066
4175,3719,21.13034058,28.67739105,50.24574661,0.040299453,7.072750568,12.15408802,10.70654964,554.8452759,115.4217606
4176,3720,19.95748901,28.69499969,50.04156876,0.032413341,7.150202751,12.11005592,10.66108418,555.3303223,115.6685562
4177,3721,16.00676346,28.71260643,50.2669487,0.024527233,7.227655411,12.17946243,10.87787056,551.697998,119.0977707
4178,3722,16.10918617,28.72003746,50.56967545,0.021492215,7.261738777,12.24974537,10.99669647,550.3695679,120.0247345
4179,3723,16.93347549,28.72211838,50.53977585,0.022552896,7.247848511,12.2592926,10.96683979,550.6392212,119.2418747
4180,3724,16.75418663,28.72347832,50.39358902,0.023613578,7.233957767,12.1699028,10.92783737,551.2681885,119.5594101
4181,3725,19.93087196,28.70917702,50.25427628,0.032355275,7.160130024,12.08051395,10.721591,554.1052246,116.6334686
4182,3726,22.4949379,28.69487381,50.66456223,0.041668858,7.076798916,12.08606243,10.70503521,553.6756592,116.1064224
4183,3727,22.269104,28.6884613,50.44402313,0.045235444,7.023594379,12.12021637,10.69187737,555.0830688,115.1714325
4184,3728,20.67920303,28.69241524,50.14723969,0.036521684,7.07778883,12.16853619,10.63599777,555.4711914,115.1033707
4185,3729,18.14323044,28.69636726,50.65407944,0.027807921,7.13198328,12.29313087,10.85415649,551.7727661,118.8611603
4186,3730,16.2208252,28.69112396,50.2011261,0.023865258,7.177361488,12.41772461,10.91179657,551.6737671,119.1838303
4187,3731,15.20606995,28.68386269,50.32525253,0.021899711,7.215950012,12.40345097,10.95218563,550.2998657,120.0664139
4188,3732,14.63322639,28.67441559,50.54687881,0.02111,7.254539013,12.25583744,11.01490021,549.8270264,121.210289
4189,3733,18.16763687,28.65668106,49.73184586,0.031438824,7.191605568,12.10822392,10.65754604,555.590332,115.0879974
4190,3734,22.1129303,28.63894844,49.92217255,0.041767646,7.120030403,12.0769558,10.57685757,557.1382446,113.4037399
4191,3735,22.26426888,28.63107109,50.56855011,0.043325782,6.991754055,12.06727505,10.68642426,553.8596191,115.7433014
4192,3736,20.79989815,28.62984276,49.65260315,0.035518259,6.786933422,12.00983047,10.53746033,557.5722046,113.3355103
4255,3737,16.8757515,28.83993912,50.09202576,0.012223935,7.342115402,12.36977291,10.97694302,550.1781006,120.3272552
4312,3738,12.94760132,28.88030815,50.03960037,0.008782278,7.173121452,12.09878349,11.05161667,548.9794922,122.8555984
4313,3739,12.88626575,28.92211723,50.58414841,0.009053677,7.299033642,11.67129517,11.17247963,549.5872192,123.1104431
4314,3740,18.57542038,28.91723061,50.50551224,0.01076497,7.231840134,12.25734997,10.93224239,553.2384644,118.12603
4315,3741,20.20079803,28.91234589,50.2139473,0.012476264,7.164646626,12.10682106,10.75212002,555.774231,116.1223755
4316,3742,18.60211182,28.91352463,49.89146805,0.012983211,7.169834137,11.95629311,10.71704578,556.7026978,115.8079605
4317,3743,17.19405556,28.92315865,50.19676208,0.011810387,7.241701126,12.09689999,10.93047714,553.920105,118.3898773
4318,3744,15.37626743,28.93279457,50.65475464,0.010637565,7.313568115,12.25416279,11.06108475,550.920166,121.5182114
4319,3745,12.77213001,28.93100548,49.79616165,0.009624273,7.230351925,12.36864376,10.93472958,553.2425537,120.4375
4321,3746,12.69072151,28.91897392,49.82346344,0.008536125,7.301379681,12.15384674,11.03634071,552.4688721,121.0542831
4322,3747,21.28837013,28.89925385,50.08872223,0.012130343,6.921778679,11.87343502,10.64549065,557.4189453,115.1694641
4323,3748,23.75022316,28.87953568,50.07594299,0.01572456,6.641026497,11.7230444,10.59852314,558.5744629,112.4882431
4324,3749,20.58978081,28.86723137,50.03264999,0.015675297,6.754850864,11.94635868,10.64750385,557.1802368,114.8424683
4325,3750,16.17636871,28.86044121,49.96803665,0.012903361,6.931087017,12.16967297,10.7866478,555.0734253,117.2099075
4326,3751,14.44128513,28.85365295,50.69024277,0.010131423,7.107323647,12.28830338,11.13220501,550.5620117,121.1153183
4328,3752,11.47890949,28.85341263,50.14630127,0.009077422,7.056249142,12.40428829,11.04592609,550.5646973,122.5956726
4329,3753,16.2300663,28.84953499,49.96489334,0.010249718,7.08125782,12.35908985,10.69633865,550.6422119,115.0066833
4330,3754,19.54252052,28.83821869,50.0217247,0.014578318,7.173356056,12.31389046,10.704772,555.4939575,116.1561584
4331,3755,15.90996361,28.82690239,49.99959564,0.018906919,7.265454292,12.27963924,10.79471397,554.2235718,118.3845978
4332,3756,13.93265438,28.82284546,50.23973465,0.017321736,7.003659248,12.26317692,10.96070576,552.0221558,120.3290024
4333,3757,17.50213623,28.82148361,50.32897568,0.013538328,7.072827816,12.24671364,10.91361618,553.0569458,118.4345093
4334,3758,16.09489441,28.82046127,50.70355606,0.010254887,7.141996384,12.23055935,10.96913624,551.086853,119.5829697
4335,3759,17.76468277,28.8219986,50.45855331,0.010758489,7.174942017,12.2145052,10.86472702,553.1618652,117.8540115
4336,3760,15.88919163,28.82353783,49.99197769,0.011262093,7.192294121,12.20386028,10.82294846,553.7141724,118.3590698
4337,3761,17.49755096,28.817276,50.00388718,0.012997691,7.21108532,12.22579479,10.76170635,555.2955322,116.563179
4338,3762,15.00204659,28.80334663,50.28398514,0.015944617,7.245077133,12.24773026,10.90576077,552.2809448,119.9112701
4339,3763,15.18410301,28.78941536,49.91268921,0.018891541,7.279069424,12.25273705,10.85453987,553.6911011,118.7504196
4340,3764,14.41708279,28.79427719,50.53566742,0.016252538,7.305067062,12.24273109,11.00756741,550.6795654,120.8458481
4341,3765,17.01815033,28.80140495,50.15444946,0.012939462,7.32159996,12.23272514,10.89498043,553.7297974,117.4412155
4342,3766,14.53456306,28.80815125,50.0754509,0.010511169,7.338132858,12.29980087,10.95334721,552.7732544,119.7800217
4343,3767,13.61317825,28.81391716,49.81888199,0.0103574,7.328406334,12.37376785,10.87891293,553.4412231,118.7415619
4344,3768,13.38236237,28.81968117,49.66433334,0.010203632,7.313430309,12.39087105,10.86762619,553.949707,119.1492844
4345,3769,16.15790749,28.80730629,50.10124969,0.012421961,7.294410706,12.27900028,10.90684223,553.8640747,118.3737869
4346,3770,22.65649605,28.78591347,50.22094345,0.015818909,7.261030197,12.16712952,10.59295368,557.0773315,113.7371826
4347,3771,14.52977371,28.76600075,50.63883591,0.018843114,7.227649689,12.17255688,11.02409935,550.4036255,121.2124405
4348,3772,13.01113415,28.77088547,50.34309387,0.0156337,7.152122974,12.23458385,11.05509853,550.3588867,121.0034256
4350,3773,12.80475712,28.77124023,50.40923309,0.010701854,6.99801302,12.36424541,11.04642105,550.1297607,121.1559448
4351,3774,12.2276926,28.75494576,50.41265106,0.010834953,7.088258266,12.43157768,11.0654335,549.5087891,121.9651108
4352,3775,15.83849239,28.73864937,50.35407257,0.010968052,7.178503036,12.41962624,10.89466953,552.4981079,118.5233536
4355,3776,15.66228485,28.67598534,50.5502739,0.020731455,6.961654663,12.13641548,10.85425472,551.9066162,119.2159119
4356,3777,14.9686985,28.67521858,50.44729233,0.018886417,6.998393059,12.14997578,10.83787632,548.1068726,116.7357254
4358,3778,17.48055458,28.66549492,50.49382401,0.015210507,6.823318005,11.66725349,10.8575182,552.8190918,117.9233246
4359,3779,20.55154991,28.65123749,50.26125717,0.013388759,7.030646801,11.87286472,10.57373333,556.3289795,113.9973297
4360,3780,16.55552864,28.63698006,49.97249985,0.011567011,7.099023819,12.07847691,10.69058037,554.8870239,116.2200012
4361,3781,15.39696312,28.62605095,49.92647552,0.011306178,7.16740036,12.11664391,10.78735256,554.3060913,117.4503632
4362,3782,15.63555717,28.61513519,49.52626038,0.011051131,7.121509075,12.15354347,10.54709244,557.1390991,114.8956528
4363,3783,16.10072708,28.60612106,50.02170563,0.010813475,7.049374104,12.19276714,10.75695896,554.5997925,116.6204834
4364,3784,16.37745094,28.60015297,50.74030304,0.010603673,6.984881401,12.23577309,10.85236645,551.9347534,118.7963333
4365,3785,15.5080595,28.59418488,50.51117325,0.010393872,6.964765549,12.27877808,10.8832407,551.8438721,118.4431229
4367,3786,16.0697403,28.64330673,50.46273422,0.01091581,6.960919857,11.91216278,10.82188606,552.7637329,117.9357452
4368,3787,16.25268745,28.67028618,50.45064545,0.011298796,6.927548409,12.04866982,10.49537754,555.0039063,114.8087845
4369,3788,17.34061432,28.68939972,49.79179001,0.012004322,6.881646633,12.14654064,10.63077736,556.7802734,115.4729919
4370,3789,18.47384262,28.70851326,49.92325592,0.012709849,6.830965519,11.66733742,10.59825706,557.1237793,114.4386139
4372,3790,15.66422462,28.73725128,50.05799484,0.011915552,7.002056599,12.08244324,10.75508404,554.7113647,117.1171875
4373,3791,16.41178894,28.75023651,50.10838318,0.011197062,7.195996284,12.15550518,10.75030231,554.8122559,116.7952118
4374,3792,15.26472664,28.76348495,50.28708267,0.010750151,7.238431454,12.22856617,10.92937374,552.8939819,118.534317
4375,3793,14.3237257,28.77675056,50.61026764,0.010321585,7.2808671,12.27733612,11.00703907,550.9698486,121.2014236
4376,3794,14.32219601,28.78925896,50.10289764,0.010380398,7.255367279,12.32174397,10.92324352,553.2191772,119.193428
4377,3795,15.22911072,28.80018997,50.00500107,0.011449828,7.195343971,12.28599358,10.84390068,554.0941162,118.7758942
4378,3796,18.02093124,28.81112099,50.08413315,0.012519257,7.128743649,11.93970108,10.77340126,555.3947144,116.0953522
4379,3797,19.3182888,28.80914688,50.22606277,0.012217301,6.894557476,11.59340858,10.78809643,555.1540527,116.0165558
4380,3798,16.80099487,28.80195618,50.18403625,0.011363729,6.7858181,11.77225304,10.81979942,554.6512451,117.4586868
4381,3799,15.03650761,28.7944355,50.50540543,0.010551279,7.164004803,12.08529663,10.92927551,551.9822388,119.6179276
4382,3800,13.60556221,28.78393555,50.42629242,0.010105899,7.056964397,12.35281944,11.00397682,551.6315918,120.5256348
4383,3801,12.87172604,28.77343559,50.41446686,0.009660517,7.201247692,12.3675499,11.02219868,550.4261475,121.3428802
4384,3802,12.42862225,28.77011871,50.24933243,0.010319291,7.345530987,12.3822794,10.99666309,551.0400391,120.8852005
4385,3803,13.36013508,28.7743206,50.1100769,0.012135538,7.25798893,12.3104744,10.95338249,552.2554932,120.0343781
4386,3804,20.07248497,28.7785244,50.38325882,0.013951787,7.142594814,12.16505432,10.74608517,554.7119751,115.8043747
4387,3805,21.70139313,28.78224182,50.22988129,0.012945136,6.951388836,12.01963329,10.6622448,556.038147,114.0336533
4388,3806,18.28803253,28.78588867,50.41701889,0.01153987,7.03587532,12.1481638,10.76885033,554.5870361,116.9432678
4389,3807,14.23302269,28.78429413,50.4452095,0.010393992,7.193688869,12.31103516,10.94172287,551.387207,119.8887177
4390,3808,14.53039074,28.76814651,50.23509598,0.009969431,7.271453381,12.40760899,10.91736698,552.4844971,119.2652435
4391,3809,13.64937496,28.75199699,50.33971024,0.00954487,7.313770771,12.30682659,10.94721889,551.6378784,120.263916
4392,3810,13.97319698,28.75185013,50.16018295,0.010019556,7.219921589,12.2060442,10.88476467,552.3301392,119.9494553
4393,3811,15.08228493,28.7602253,50.37645721,0.010973067,7.162605286,12.10898018,10.93518829,552.0974731,119.538208
4394,3812,16.74000359,28.76745415,50.00394821,0.011909972,7.133792877,12.01450825,10.74159908,555.0003662,116.2566071
4395,3813,16.94341469,28.7472744,50.25682831,0.012450749,7.104980469,11.92003632,10.76555634,554.0882568,116.9499207
4396,3814,17.09298515,28.72709656,50.66750336,0.012991526,6.794337273,11.83691692,10.82409382,552.5799561,118.0261917
4397,3815,17.44242668,28.7057724,49.8889389,0.013682117,6.938368797,11.75467396,10.62106133,556.1517334,115.2623138
4398,3816,18.29589272,28.68292236,50.51298141,0.014572916,6.83032465,11.83290386,10.74648094,554.0341187,116.2705612
4399,3817,21.09424973,28.66007042,49.79438782,0.015463714,6.963383198,11.91375446,10.46691608,558.9190063,112.0746384
4400,3818,19.15480423,28.67573929,50.04026794,0.015236312,7.096441269,11.87858486,10.65253925,557.1906128,114.5345078
4402,3819,20.95578766,28.721035,50.25822449,0.014251806,7.070770264,11.6871109,10.58018875,556.8527832,114.0341644
4403,3820,20.24417877,28.72855759,50.48719788,0.013649408,7.082538128,11.82557678,10.70205593,554.8374023,115.4728928
4404,3821,18.24620056,28.73607826,49.59647751,0.01304701,7.07587862,11.69671249,10.55539989,557.7954712,113.9425812
4405,3822,17.78625298,28.74995041,50.20446014,0.012385597,6.84231329,11.80250263,10.7102108,554.977478,116.9384384
4406,3823,16.03316116,28.76819611,50.552742,0.011683555,6.881915569,12.15923882,10.84997082,552.7984009,118.7691345
4407,3824,15.74035072,28.78644371,49.9748497,0.010981514,6.959743023,12.18879604,10.7832098,554.6135254,117.5894852
4408,3825,15.77738094,28.8007679,50.01931763,0.011648433,7.079045773,12.21673298,10.80217457,554.5137939,117.1947861
4409,3826,17.40880585,28.81501579,50.00218964,0.012343169,7.071597099,12.1105566,10.68902683,555.4629517,116.7025604
4410,3827,20.25434875,28.82164955,50.44815445,0.012840311,7.049950123,12.00438023,10.74871922,554.8948364,115.9895248
4411,3828,21.40893745,28.81522369,50.17400742,0.012998755,7.040763378,11.9783783,10.63583183,557.2250366,113.7682266
4412,3829,18.7261467,28.80879974,50.38754654,0.013157198,7.092835426,12.07286549,10.75850487,554.3427124,116.4407578
4413,3830,15.65432644,28.80503464,50.55702591,0.012225113,7.191574574,12.16735363,10.79688644,548.4291992,115.8379898
4414,3831,16.64236832,28.80213165,50.30799866,0.010940724,7.290314198,12.24248505,10.85285282,553.3724976,117.8283234
4415,3832,13.35645294,28.79960632,50.43468857,0.009930613,7.328582764,12.31135464,11.04903793,550.7331543,121.3657532
4416,3833,11.88227463,28.79935837,49.97461319,0.010552573,7.347119808,12.34780312,10.95855522,551.8933716,120.526947
4417,3834,14.05481434,28.79911041,49.99309158,0.011174534,7.351091385,12.19152927,10.92825699,552.6709595,119.5858002
4418,3835,18.71928215,28.79236412,50.11924744,0.011422032,7.25546217,12.03525543,10.70985794,555.887085,114.7923889
4419,3836,18.97405052,28.77986336,50.25712967,0.011339545,7.095855713,12.00588036,10.72111797,555.3150024,115.8394318
4420,3837,16.46673203,28.7673645,50.18773651,0.011257059,6.961365223,12.11114407,10.78237534,554.1347046,117.5383835
4421,3838,15.14372826,28.75698471,49.86557388,0.010546539,7.04129982,12.21640682,10.74195099,555.2149658,116.9669266
4422,3839,14.34558773,28.74679375,50.54271317,0.009781256,7.147706985,12.2750721,10.98128891,551.6633301,117.8821945
4423,3840,12.29447937,28.74390984,50.21196365,0.009199138,7.253620148,12.32600212,10.92699051,552.3462524,120.1267471
4424,3841,10.61198902,28.75756645,49.9490509,0.009029356,7.268532276,12.28744602,10.83577061,551.9370728,121.0554962
4425,3842,11.4669466,28.77122498,49.67540741,0.008859574,7.088410378,11.97476006,10.79232216,553.838623,119.064415
4426,3843,14.24267101,28.77295494,50.2430687,0.009358862,6.908288479,11.66207314,10.85483551,553.036377,119.0403671
4427,3844,16.76608086,28.76943779,50.08449554,0.010150533,6.804162025,11.53721142,10.73567867,555.465332,117.0990982
4428,3845,15.08365917,28.76739883,50.20272446,0.010813529,7.236204624,11.83498287,10.7818861,554.3961182,118.1125488
4430,3846,11.66104317,28.7960186,50.18021011,0.009340911,7.291152954,12.29579163,10.96392059,552.1283569,119.9139099
4431,3847,11.8220911,28.81060028,50.23583984,0.008633808,7.20633316,12.28956699,11.01068783,551.9152832,120.9582901
4432,3848,10.0994854,28.82548332,50.8432579,0.007959311,7.121513367,12.28334236,11.20446205,548.4533081,122.9828186
4433,3849,9.566012383,28.84036827,50.42061996,0.007284814,7.08616066,11.74005032,11.09336281,549.9405518,121.6403732
4434,3850,13.08892059,28.82481575,49.99773788,0.008382682,7.082877636,11.83495331,10.77418804,554.2689209,117.531189
4435,3851,16.24216843,28.80429077,50.20333862,0.009767053,7.079594612,11.9298563,10.68086815,555.4539185,116.1605606
4436,3852,14.93479061,28.79010201,49.89521408,0.01064215,6.975128174,12.01926613,10.66587353,556.4811401,116.0327301
4437,3853,13.67517281,28.79513741,50.29078674,0.00998074,7.103136539,12.10856342,10.84944057,553.4418335,118.4165573
4438,3854,11.95635223,28.8001709,50.09450531,0.009319329,7.231144905,12.17969704,10.95663261,553.0394287,119.9112015
4439,3855,11.19085789,28.80951309,50.34185791,0.009105794,7.240447998,12.21748543,11.0385294,550.7633667,121.3617706
4440,3856,11.07701302,28.82133293,50.05604935,0.00914829,7.142925739,12.25527382,10.94522381,552.1728516,120.6951141
4441,3857,13.15943432,28.83268929,50.24252319,0.009215944,7.019084454,12.16585636,10.94445705,552.5981445,120.0600967
4442,3858,19.42731476,28.82144547,50.44848633,0.010418349,6.911006927,12.01943874,10.3565731,554.7041626,111.052803
4443,3859,19.93813133,28.81020355,49.99082565,0.011620755,6.805998802,11.88443756,10.56818104,557.9002075,113.8358002
4444,3860,14.7065115,28.80099678,49.84222031,0.01158267,6.858631611,12.05452728,10.76653385,555.4276733,116.5994644
4445,3861,12.02005768,28.7947731,50.38757706,0.009737323,6.944821358,12.224617,10.98400974,551.6295776,120.5556793
4446,3862,12.44560623,28.78854942,50.62020493,0.007891975,6.973444462,12.32618237,11.0656004,550.6558228,121.2705612
4447,3863,11.17029381,28.78723526,50.38129425,0.007523638,7.042058468,12.31997871,11.09908676,550.2892456,121.7931976
4448,3864,10.51638317,28.78724289,49.72959518,0.00754805,7.13950634,12.31377602,10.90222645,553.0831299,120.3122635
4449,3865,10.66783237,28.78552055,50.59902191,0.007932862,7.095975876,12.10104465,11.07562542,549.7128906,122.7315598
4450,3866,19.06485558,28.77534485,50.42094803,0.010025032,6.758797169,11.81809425,10.69265938,555.5958252,116.0519485
4451,3867,19.22272491,28.76516724,50.37909698,0.012117201,6.852370739,12.00352192,10.60254478,556.2432861,115.0709686
4452,3868,14.531991,28.76145554,50.40839005,0.01197031,7.033283234,12.18894863,10.85433865,553.1221313,118.7734451
4453,3869,12.23114491,28.76297379,49.9557457,0.010057314,7.147197723,11.90932274,10.95891571,552.8422852,119.2540894
4454,3870,10.0814991,28.89543915,50.08010101,0.007481022,7.450119495,12.12654495,11.12099838,550.0201416,123.1620712
4455,3871,9.072425842,28.88807869,49.862957,0.006963097,7.484396458,12.50323105,11.11593533,551.1333008,122.4637375
4456,3872,6.983004093,28.88071823,50.31601715,0.006445174,7.51867342,12.60374165,11.23792744,548.2710571,125.3795242
4457,3873,8.218214989,28.86932182,50.21670914,0.007837318,7.375586033,12.402668,11.22301483,548.5776978,124.1721115
4458,3874,15.73410416,28.85556412,50.34753418,0.010331201,7.213184834,12.2015934,10.92866707,552.7612305,119.1509476
4459,3875,18.2485199,28.84191132,50.05381393,0.012737854,6.945836544,11.44861507,10.72879696,555.7784424,115.8610916
4460,3876,14.33773232,28.83475113,50.21554947,0.01081325,6.97435236,11.65671444,10.96409321,552.9458618,119.0594788
4461,3877,11.82236481,28.82758904,50.40678024,0.008888646,7.152443886,12.36310005,10.99055195,546.6348267,119.9085922
4462,3878,10.00297451,28.81926918,50.4286232,0.007416295,7.330535412,12.40652847,11.11434746,549.4478149,121.7363815
4463,3879,9.349087715,28.80921555,50.10290146,0.006608178,7.417143822,12.44995594,11.05625343,550.2891846,122.9142456
4464,3880,6.534798622,28.79916382,49.7560463,0.005800061,7.488744736,12.37574673,11.08080769,550.6039429,123.3874969
4465,3881,8.934894562,28.79154396,50.07722473,0.007820325,7.495963573,12.25996017,11.04652405,550.0722046,122.9434128
4466,3882,16.91237068,28.78458405,50.33181,0.010595084,7.304135323,12.16085529,10.80627155,553.8744507,116.7748108
4468,3883,14.85767746,28.79542351,49.98634338,0.011350183,7.049568653,12.21371555,10.64355946,553.1484985,116.5884476
4469,3884,11.39134312,28.80960655,49.78646851,0.010043537,7.002202034,12.28767395,10.82458687,553.7703247,118.9348679
4470,3885,10.06929111,28.81560707,50.37341309,0.008922255,7.164177418,12.40868092,11.10636997,549.9769287,122.7535477
4471,3886,9.471998215,28.81507683,49.9138031,0.007946625,7.329499245,12.52968693,11.02154541,550.9244995,122.8478394
4472,3887,8.683742523,28.81454659,49.48607635,0.006970997,7.402488708,12.3675766,10.95770741,552.5734863,121.0679398
4473,3888,10.05095482,28.81497192,50.47491837,0.009094763,7.28118372,12.15934277,11.11881638,549.2307129,123.3824921
4474,3889,18.17436981,28.81545639,49.99908829,0.01139878,7.159879208,12.03601074,10.72312737,555.7363281,115.6377335
4475,3890,19.0045414,28.81407166,49.76732254,0.012261663,6.956799984,12.17510509,10.58753777,558.2672729,114.1567078
4476,3891,14.65442276,28.80881882,50.34158325,0.010190494,6.859372616,12.31419945,10.89673042,552.4605713,119.5562134
4477,3892,10.74149895,28.80356598,50.21658325,0.008119325,7.162766457,12.4140501,10.9562254,551.4365234,121.5029984
4478,3893,9.809725761,28.7923851,50.31694412,0.007605806,7.290211678,12.48586941,11.15624905,549.5861206,122.4126511
4479,3894,8.085248947,28.77879906,50.49862289,0.007714581,7.417656898,12.55768776,11.21673203,548.0036011,124.964447
4480,3895,11.00536919,28.76621246,50.53489685,0.007943199,7.37649107,12.4107151,10.91646194,543.84552,118.4411621
4481,3896,12.80192566,28.76302338,49.83342743,0.009254194,7.29443264,12.25145721,10.82570171,554.1381836,119.0395126
4482,3897,15.72430515,28.7598362,50.04618835,0.01056519,7.228842735,12.14915752,10.80810261,554.4108276,116.725174
4483,3898,16.04218864,28.75555038,50.22448349,0.010942157,7.252521992,12.17607212,10.78176498,554.171936,117.092308
4484,3899,15.06737232,28.75008774,50.21421051,0.010325952,7.276201725,12.20298672,10.77462673,553.6060181,117.9964218
4485,3900,14.29172707,28.74462318,50.2182045,0.009709748,7.256455421,12.17774582,10.82298756,552.675415,118.0088348
4486,3901,14.77266693,28.73767471,49.49874878,0.00970922,7.198862553,12.1247139,10.60281467,556.8862915,114.9077148
4487,3902,14.42210674,28.73049736,49.81040192,0.009801794,7.141269684,12.07203102,10.69409657,555.8513184,116.3346481
4488,3903,14.64554501,28.7244072,49.4849968,0.009973154,7.007488728,12.10534763,10.64414406,556.9318848,115.2881851
4489,3904,15.71931076,28.7215538,50.15943527,0.010376055,6.979454994,12.1386652,10.71755314,554.8999023,117.1699142
4490,3905,16.02977562,28.7186985,50.46966171,0.010778956,7.13250351,12.18049335,10.83793259,553.2181396,118.192955
4491,3906,15.15819931,28.72954369,49.87533951,0.010595436,7.285552502,12.23629665,10.67979622,555.1624756,116.6080093
4492,3907,13.72298813,28.74822235,50.21209717,0.010081177,7.32649374,12.292099,10.83445072,553.2401123,118.5840149
4493,3908,14.02911663,28.76637077,50.29444885,0.009582088,6.966675758,12.25831985,10.79418373,553.1002197,119.1719666
4494,3909,13.8320961,28.76024818,50.04774475,0.009691786,7.038656712,12.1902113,10.73465252,553.2612915,116.6307831
4495,3910,13.87831497,28.7541256,50.25808716,0.009801485,7.138326645,12.12384701,10.78855038,553.0944824,119.394371
4496,3911,13.79800797,28.75891876,50.38026047,0.010396822,7.140100479,12.08287907,10.93383789,552.0397949,119.6654358
4497,3912,15.12188625,28.77963257,49.85532379,0.011692049,6.974464417,12.04191113,10.73782349,555.7837524,117.0137939
4498,3913,18.14169502,28.80034447,50.12845993,0.012987275,6.888486385,11.58216381,10.70409393,556.28125,115.363533
4500,3914,15.18864822,28.81448174,50.2778244,0.01090715,6.819346428,11.96952057,10.88230991,553.8873901,118.2554016
4501,3915,15.05822659,28.81821632,50.3298645,0.009851058,6.955393791,12.35377407,10.84591961,553.2179565,118.5527496
4502,3916,16.00138855,28.81384277,50.23949814,0.00993686,7.068336487,12.25715351,10.82771587,554.0308228,117.1930847
4503,3917,15.98273659,28.80946922,50.05885696,0.010022663,7.167404175,12.16053295,10.67253685,555.94104,116.7782898
4504,3918,14.26286697,28.81360435,50.42975235,0.010929175,7.266471386,12.10628891,10.86453533,545.5306396,116.3615494
4505,3919,15.07352543,28.82437325,50.51218796,0.012468033,6.987832069,12.11151409,10.79404926,547.3809204,115.3332367
4506,3920,20.11613083,28.83514214,50.48031235,0.01400689,6.69796896,12.11673832,10.74784851,556.0896606,114.788353
4507,3921,17.01257896,28.84986687,50.47366714,0.011567432,6.966030121,11.96008396,10.76160717,554.6008301,116.835434
4508,3922,15.84823608,28.85226631,50.57497025,0.010383167,6.891478539,11.89365196,10.90217876,552.420166,118.5746689
4509,3923,13.79149342,28.84456444,50.57035446,0.009462319,7.09951973,11.94226742,11.05510044,550.9478149,120.7157516
4510,3924,11.5945816,28.83686447,50.27467728,0.008541472,7.208337307,12.14918137,10.97726536,551.3538818,120.8137817
4511,3925,11.84122467,28.83630943,50.16128922,0.009050114,7.317155361,12.35609531,10.92612076,552.7467651,120.6239853
4512,3926,11.89634323,28.83863831,49.62480927,0.010135831,7.248978138,12.29812717,10.80813789,554.9869995,118.6225204
4513,3927,17.26626778,28.84095192,50.00837326,0.011102594,7.131895065,12.16527271,10.77641201,555.6697998,116.2002182
4514,3928,19.27873611,28.84314346,50.40507126,0.011003125,7.02515316,12.0732975,10.71794128,555.451416,115.9114151
4515,3929,16.88494682,28.84533501,50.02242661,0.010903656,7.095842838,12.18782902,10.75963306,556.0513306,116.0338287
4516,3930,14.23758793,28.84457779,50.58432388,0.010296425,7.251365662,12.30236149,10.95765972,552.2437744,119.2149811
4517,3931,12.77835464,28.84073639,50.78519058,0.009158093,7.406888008,12.39316177,11.01405239,550.8016968,120.9440765
4518,3932,10.86747837,28.83689499,50.60245895,0.008019759,7.394574165,12.4622612,11.08169174,549.7741089,121.8239059
4519,3933,9.435038567,28.84950638,50.01501465,0.008923642,7.379652023,12.53135967,10.98554134,551.4407349,121.9375992
4520,3934,10.46974659,28.86444092,49.72962189,0.010115024,7.425626755,12.33533859,10.83128834,553.0866699,120.5762253
4521,3935,18.17235756,28.8762188,50.03536987,0.011029768,7.124575138,12.112854,10.71304321,556.3945313,115.3290024
4522,3936,21.34544945,28.87919235,50.41237259,0.011173523,6.804187775,11.99048805,10.65529346,556.6939087,114.7097549
4523,3937,18.14403152,28.88216782,49.83561707,0.011317278,6.837359428,12.15339279,10.6027832,557.812561,113.73172
4524,3938,15.39566326,28.88498497,50.24880981,0.010914715,6.948564529,12.31629753,10.88726521,553.4179077,118.3722305
4525,3939,15.67167473,28.88769722,50.65315628,0.010220869,7.068704128,12.34455585,10.94513321,552.6045532,119.0825043
4526,3940,13.09885693,28.89040947,50.71787643,0.009603532,7.2092309,12.286376,11.09185791,550.1692505,121.2913284
4527,3941,10.84043121,28.90824699,49.90644073,0.010815051,7.349757671,12.22819614,10.94896126,551.9644775,121.2577286
4528,3942,13.33308983,28.92631721,50.27766418,0.012026571,7.317200661,12.18594837,11.01847172,551.7733154,120.2397919
4529,3943,21.2134552,28.93114281,49.58881378,0.012484394,7.191081047,12.14459229,10.44264603,560.1241455,111.51548
4530,3944,21.79154015,28.91372681,50.48316193,0.01193082,7.064961433,12.04994869,10.65586853,556.2368164,114.0977097
4531,3945,17.19845009,28.89631081,50.50378418,0.011377246,7.04594326,12.1004715,10.80837631,553.9345093,117.6574249
4532,3946,13.13806629,28.88728905,50.62796783,0.010574602,7.019212723,12.01276493,11.03464317,551.0006104,121.0245361
4533,3947,13.61972618,28.88089371,50.34187698,0.009715587,7.110384464,11.51896286,10.96365833,552.5342407,119.9270782
4534,3948,12.06354046,28.87531662,50.52209854,0.00914217,7.112200737,11.82756424,11.10427189,550.1012573,121.4988632
4536,3949,12.74843693,28.87342072,50.33094025,0.01022434,7.455393791,12.16079044,10.95983124,551.3203125,120.8271255
4537,3950,20.14072227,28.86114502,50.40834045,0.011079019,7.190015316,12.03924561,10.61522293,553.1612549,114.1963272
4538,3951,22.21065903,28.83914948,50.30654526,0.012150077,7.03473711,11.93320084,10.60121727,557.4329224,113.3094635
4539,3952,18.61117172,28.81715584,50.42213821,0.013221134,7.143672466,12.13040352,10.75349617,555.1277466,116.0884781
4540,3953,13.2074461,28.80053329,50.51727676,0.011216852,7.220106125,12.3276062,11.01608086,551.0422974,120.1058731
4541,3954,12.32236195,28.784338,50.56770706,0.009151183,7.296539783,12.43282223,11.06432056,550.0827637,121.2398605
4542,3955,10.66017246,28.77687836,50.18093872,0.00818984,7.320384979,12.41859722,10.95636368,551.0010986,120.884346
4543,3956,13.09259224,28.78844261,49.81939697,0.009118989,7.327199459,12.40437317,10.80418682,553.8903809,118.3914642
4544,3957,13.83968163,28.80000687,50.21574402,0.010048139,7.323090553,12.24389744,10.92120171,552.6984253,119.5866776
4545,3958,19.48234558,28.7911644,50.11997223,0.011341567,7.215427399,12.0488205,10.58175755,556.5102539,114.9056702
4546,3959,20.83250046,28.77369881,50.44005585,0.012752037,7.107763767,11.74388313,10.63096142,556.0515137,114.3423691
4547,3960,18.74581146,28.75765991,49.89103699,0.013750205,6.897510052,11.52365875,10.54704475,557.5344849,113.6048965
4548,3961,10.90473652,28.75584602,50.79418945,0.012314859,7.026917934,11.62495804,11.15234566,548.5413208,122.9454498
4549,3962,13.51569653,28.75403214,50.10300064,0.010879512,6.908158779,11.74869061,10.76700974,553.5595703,118.8388672
4550,3963,13.84858894,28.75959969,50.60983276,0.01019787,7.00484705,11.9610424,10.97460079,551.3209229,119.6083069
4551,3964,13.64767647,28.77319336,49.40473938,0.010176796,7.106270313,12.1733942,10.64163208,556.4683228,116.3258667
4552,3965,13.66974735,28.78678513,50.09663773,0.010155722,7.121191502,12.18475533,10.89375019,552.7930908,118.3960648
4553,3966,18.8147068,28.76819611,49.96761322,0.011265405,7.112313747,12.03942394,10.61516762,557.1598511,114.3311081
4554,3967,19.59697151,28.74469185,50.43601227,0.012472172,7.046295166,11.89409256,10.6883316,555.4488525,115.2092209
4555,3968,18.09838104,28.72868347,49.80331039,0.012804249,6.991213799,12.11288166,10.5604744,557.6594238,113.4859085
4556,3969,13.3854084,28.73450279,50.12161255,0.011179283,7.005960941,12.239501,10.89095402,552.4994507,118.6834564
4557,3970,14.72382736,28.74032021,50.15921021,0.009554317,7.020707607,12.36612034,10.80973816,553.550354,118.0330048
4558,3971,14.28912258,28.75020218,50.27806473,0.009033424,7.084512234,12.34771252,10.89028549,552.6245117,118.8999023
4559,3972,12.31268787,28.7623291,49.95479584,0.008992647,7.171083927,12.23847198,10.88133621,553.1514282,119.3174515
4560,3973,12.76670647,28.77351952,49.4847641,0.009025014,7.242623329,12.12962818,10.7450695,555.5601807,117.115509
4561,3974,16.40509033,28.75702667,50.21140289,0.009842282,7.105523586,12.16387177,10.7480402,553.6875,117.1615982
4562,3975,17.04570389,28.74053383,50.39130783,0.01065955,6.968423367,12.1981163,10.76076126,554.336853,116.5765381
4563,3976,14.37086391,28.73277473,49.92559052,0.010766952,7.211094856,12.22624683,10.73693943,554.9052734,117.6468048
4564,3977,13.38672352,28.73702621,50.61293793,0.010085927,7.106201649,12.24380398,10.96625996,550.5921631,119.8568344
4565,3978,14.15789318,28.7412796,50.24320602,0.009404901,7.039677143,12.26136112,10.84015465,552.4257202,119.4421844
4566,3979,14.02279854,28.7297554,50.39608002,0.009023581,7.07267046,12.27386093,10.83174801,552.1773682,119.0918045
4568,3980,14.18432808,28.69516945,50.1893158,0.008840106,6.984379292,12.15093422,10.81689739,553.1318359,117.9091263
4569,3981,20.2586956,28.6591835,49.92350388,0.0104416,6.994246483,11.3933897,10.54751587,558.1004028,112.8982086
4570,3982,19.0021801,28.62319756,50.28365707,0.012043093,6.740424156,11.54416275,10.55046749,556.0668945,113.5473862
4571,3983,15.82016659,28.58852196,50.42674637,0.011859461,6.790153503,11.57691288,10.76234245,553.4360352,117.0478287
4572,3984,14.16821766,28.55477715,50.29216766,0.010662796,6.847476482,11.62150288,10.86800575,552.4177856,118.1423721
4573,3985,12.29111958,28.49688339,49.65282059,0.009035868,7.219586372,12.21870327,10.66942215,554.6369019,117.2841034
4574,3986,12.86917782,28.50139427,50.68411636,0.009069801,7.239075661,12.24686813,10.91931248,549.9286499,120.1785965
4575,3987,14.46114731,28.53511047,50.57196426,0.009476625,7.254258156,12.26997471,10.88090706,551.2014771,118.5090408
4577,3988,13.11119366,28.60791969,49.82099152,0.009485682,7.228386402,12.08175468,10.76929283,554.1784058,118.1815643
4578,3989,11.62761116,28.6488533,50.34072113,0.008884655,7.125628948,11.95251179,10.93133068,550.7815552,120.9590912
4579,3990,11.10312748,28.68634605,50.12600708,0.008341244,7.022871494,11.77527905,10.89867973,551.3739014,120.8794098
4581,3991,11.03724575,28.71650887,49.79865265,0.007756874,7.244816303,12.31672668,10.78501511,552.8834229,119.5619507
4582,3992,11.59031773,28.7298851,50.2857132,0.008113427,7.297817707,12.48110104,10.93337154,551.0098877,121.0863419
4583,3993,13.58602047,28.7416954,50.53338242,0.008951058,7.27212429,12.37720203,10.98936272,551.1589355,120.3957291
4586,3994,9.894156456,28.76529121,50.49790192,0.00799956,7.197198391,11.54048824,11.17452049,546.229126,125.4269714
4587,3995,8.379232407,28.76947975,50.38404846,0.007202682,7.397459984,12.45548248,11.12909889,548.3692627,123.8028717
4589,3996,6.329679012,28.77114677,50.34468842,0.006094311,7.302179337,12.62067413,11.18709946,547.4505615,125.0445328
4590,3997,8.461127281,28.77018738,49.99390793,0.007367979,7.36158371,12.55202389,11.00658035,550.5562134,122.9012527
4591,3998,14.50088215,28.76840973,50.11286926,0.009287043,7.309180737,12.4380455,10.87955856,553.5105591,118.5056992
4592,3999,16.55421066,28.76747704,50.25260544,0.010747598,7.255742073,12.35225677,10.82602215,553.3034668,117.6948318
4593,4000,12.70922184,28.77696419,50.57078552,0.009056552,7.258386612,12.41685486,11.03206921,550.1259155,121.6118698
4594,4001,8.64351368,28.78645325,50.42166138,0.007365506,7.377939224,12.4814539,11.23740959,548.0760498,123.6778183
4595,4002,8.531750679,28.791605,50.6507988,0.006332492,7.497491837,12.54078865,11.24097157,546.6500854,125.0491104
4596,4003,8.718137741,28.79171944,50.17949677,0.005919263,7.55580759,12.59527493,11.1464119,549.2294922,123.4955521
4597,4004,6.115359783,28.79183578,50.08750153,0.005506034,7.472936153,12.6497612,11.18819714,547.7753296,125.6618347
4598,4005,8.067695618,28.79559708,49.81118774,0.007806883,7.393144131,12.49479389,11.13107586,549.6398926,122.9952698
4599,4006,16.35488892,28.79999924,50.73081207,0.010399385,7.285357952,12.31091309,10.98435497,551.1571045,119.7979279
4600,4007,17.13466263,28.80961418,50.0781517,0.011764897,7.086066723,12.27821255,10.79208088,554.9666748,116.9083862
4601,4008,14.63978291,28.83584976,49.71751404,0.010134004,6.950111389,11.63302517,10.72818089,555.6403198,116.2872467
4602,4009,12.1733017,28.86208534,50.7100029,0.00850311,7.065658092,11.7353363,11.16256046,549.2834473,122.4796524
4603,4010,10.49549103,28.86864471,50.28084564,0.007493961,7.226111889,12.00992775,11.10948277,549.5227661,123.6121292
4604,4011,8.419500351,28.86345291,50.67878723,0.006779022,7.392252445,12.30654049,11.27584648,546.4926147,126.0461502
4605,4012,6.927858353,28.85848618,50.03031158,0.006220605,7.494366169,12.50893497,11.19627094,548.9272461,124.4918289
4606,4013,8.31042099,28.86901093,50.26721954,0.007856805,7.411484718,12.43992043,11.16566753,548.2494507,124.2182388
4607,4014,14.80659485,28.87953568,50.15593719,0.009493005,7.328603268,12.37090683,10.9053421,553.1984253,119.4689102
4608,4015,15.30916595,28.89537811,50.25006104,0.00975378,7.145713329,12.39657593,10.92562199,552.4467163,118.9638901
4609,4016,13.31130886,28.91911888,49.77709579,0.008365725,6.895470142,12.48615265,10.88431358,553.6826172,118.9517059
4610,4017,10.68001556,28.94285774,50.56038666,0.006977671,7.20541811,12.57572937,11.17824268,548.8849487,123.6269608
4611,4018,8.248719215,28.94791985,50.45478058,0.006286704,7.316320896,11.94889832,11.28656483,547.6524658,125.5142822
4612,4019,9.243368149,28.94798279,49.69584656,0.005726746,7.299507141,12.19487858,11.02692127,551.6051025,122.6523361
4613,4020,6.767434597,28.95087624,50.26997375,0.005729197,7.282693863,12.44085979,11.27582932,547.8261108,125.4401779
4614,4021,8.394165039,28.96718979,49.88031006,0.007648407,7.21635437,12.44713879,11.07026672,550.7116699,123.4044495
4615,4022,14.72699451,28.98350525,50.48088074,0.009567617,7.137645721,12.29560852,11.06163788,551.2322388,120.722847
4616,4023,15.83151817,29.00123405,50.16387558,0.009279829,7.069497108,12.14407825,10.8990202,551.5640259,118.6761856
4617,4024,11.83278656,29.02007866,50.63209915,0.007591804,7.298000813,11.44794083,11.17179585,549.7096558,122.8713913
4618,4025,7.594527245,29.03892517,50.72365189,0.005903779,7.403259754,12.07558346,11.39932632,546.1342163,126.9194489
4619,4026,7.010688305,29.03412056,50.29384613,0.005546007,7.29455471,12.63235188,11.26684761,547.986084,126.2504578
4620,4027,6.867003441,29.02790833,50.3359642,0.005192513,7.460243225,12.62220764,11.32163906,547.0866699,126.80336
4621,4028,5.769921303,29.0271225,50.29745483,0.005731776,7.644277096,12.61206341,11.41966724,546.4013062,127.7635651
4623,4029,13.54110909,29.04769325,50.49758911,0.009700671,7.219184875,11.87425423,11.06188107,550.9700317,121.2922974
4624,4030,16.38186646,29.05235672,50.39616776,0.009455525,6.909759521,11.8990097,10.91014671,551.2238159,118.9833298
4626,4031,9.522174835,29.05536461,50.47993088,0.007643012,7.448211193,12.54050827,11.19488335,549.3392334,124.155838
4627,4032,7.774825573,29.03953743,50.54695892,0.00693078,7.560878754,12.62618351,11.36174774,546.7960815,126.0386887
4628,4033,7.620955944,29.02371025,50.27943039,0.006218548,7.535135269,12.70168114,11.2262888,548.664856,125.3866806
4629,4034,6.728114605,29.01503754,49.59930038,0.006875186,7.24681139,12.30469704,11.16878223,550.5927124,123.3702621
4630,4035,8.296801567,29.01402664,50.23361588,0.008709775,7.421035767,12.02967834,11.22884178,548.6060181,125.070549
4631,4036,15.34812164,29.01301575,50.61151505,0.010544365,7.328035355,12.16078854,10.56012535,551.9437256,114.4836731
4632,4037,17.27524948,29.01444054,50.41705704,0.009794599,7.232098103,12.2387743,10.92590904,553.2269897,118.1427841
4633,4038,13.63134861,29.01623535,50.28580093,0.008827982,7.072796345,11.8382597,10.96583366,552.1201782,120.6517715
4634,4039,10.99448681,29.0184269,50.33758926,0.007861325,7.04821682,12.10437393,11.09733582,550.1589966,122.7482834
4635,4040,10.07957935,29.02178764,50.56338882,0.006894573,7.287047386,12.11792564,11.29673004,548.0438843,124.6895752
4636,4041,5.717854023,29.02514839,50.57534409,0.005927822,7.345012188,12.21027565,11.19775486,547.5880127,124.1828537
4637,4042,5.925223351,29.03917122,50.09872055,0.006725667,7.289543629,12.40129757,11.27768421,548.0270386,125.9396362
4638,4043,7.016355991,29.05924416,50.08628464,0.008304517,7.359855175,12.59231949,11.28172684,548.2148438,125.8627701
4639,4044,14.50957775,29.07879639,50.37382889,0.009717275,7.404152393,12.46125889,11.05475712,551.3106079,120.8486176
4640,4045,17.57044792,29.07584953,50.4504509,0.009170118,7.397890091,12.32892513,10.90186405,553.2992554,118.3399506
4641,4046,13.70094872,29.07290268,50.20556259,0.008622959,7.411198139,12.31695461,11.01943398,552.3848877,121.2229843
4642,4047,10.32259274,29.05990601,50.46199036,0.007871214,7.502857685,12.50120735,11.24807167,549.229187,123.2945023
4643,4048,7.04180336,29.03232574,50.69050217,0.006882444,7.594516754,12.68546009,11.41718102,546.2780762,127.1397552
4644,4049,6.067541122,29.00474548,49.81427002,0.005893672,7.25060463,12.74447441,11.28415966,548.7000732,125.3748703
4645,4050,5.016458511,29.00830269,50.37952423,0.006980123,7.540202618,12.75997353,11.26221561,545.2359619,125.8071289
4646,4051,7.445626736,29.02001381,49.8242836,0.008439387,7.439555645,12.74267673,11.23871136,549.3511963,123.838623
4647,4052,15.99282932,29.0295105,50.68683243,0.009547888,7.342609882,12.45427036,11.0693922,551.5203247,119.3492355
4648,4053,20.59612465,29.02875137,50.21173096,0.009497948,7.287373066,12.16586399,10.64283371,556.6923828,113.9587555
4649,4054,15.07888317,29.02799225,50.03378296,0.009448009,7.272104263,12.11648941,10.8729353,553.8935547,118.5078659
4650,4055,10.07274628,29.02292061,50.31581879,0.008342014,7.243041039,12.32358932,11.20544624,549.0324707,123.2364349
4651,4056,8.646316528,29.01449394,50.15600586,0.006583883,7.200734138,12.53068829,11.2487812,549.1317139,124.6796799
4652,4057,6.880049229,29.00606728,50.27298737,0.004836969,7.315563202,11.77799988,11.32897663,547.3699951,125.6631851
4653,4058,6.532139301,29.02471352,49.76794434,0.006407393,7.390284538,12.00817013,11.21324062,548.979187,125.0582199
4654,4059,7.209965229,29.04483795,50.66547775,0.007977817,7.450955868,12.43303108,11.35048103,546.6332397,126.6207428
4655,4060,17.17929649,29.04885101,50.55660248,0.00898376,7.222117901,12.04483891,10.91935921,551.5247192,118.5744781
4656,4061,20.43596649,29.02113152,50.37615204,0.009110891,6.910246372,11.46289921,10.69807816,553.1569214,113.8362122
4657,4062,16.12533569,28.99341202,50.69179916,0.009238022,7.084789753,11.60816956,11.0260849,551.4436646,119.5844803
4658,4063,9.668180466,28.95618439,49.56570816,0.008433129,7.039585114,11.81060505,11.01404762,552.2265015,121.6204453
4660,4064,10.26910305,28.874506,50.03052521,0.006609061,7.190028667,12.48001671,11.06166744,550.2365112,122.3475494
4661,4065,8.106617928,28.8336525,49.65726852,0.007422203,7.196677685,12.50320148,11.02352333,551.0300293,121.5750885
4662,4066,12.15625572,28.792799,50.3888092,0.008235345,7.191802502,12.50954723,10.96484756,550.6759644,121.1231155
4663,4067,15.59513855,28.75669861,50.50413895,0.008536438,7.243752956,12.37904263,10.8914957,551.8328247,118.3283081
4664,4068,16.314785,28.72537231,50.41841507,0.008426278,7.054718018,12.24853706,10.82715034,552.9334106,118.1012802
4665,4069,12.1048336,28.69404602,50.178936,0.008316116,6.92966938,11.65003967,10.99323177,551.3377075,120.1456985
4666,4070,11.33509064,28.67669868,49.67158508,0.007987906,7.109714031,12.05758095,10.76981258,553.2286377,119.2717209
4668,4071,9.597823143,28.65697861,50.20518494,0.007418903,7.148086071,11.7569828,10.9964304,550.2354126,122.0018845
4669,4072,9.172171593,28.68292618,50.18254089,0.007425754,7.352452755,11.8090353,10.97650242,549.9812622,121.8173676
4670,4073,9.56518364,28.70887184,49.93103027,0.007432607,7.079878807,11.8610878,10.9501915,551.0879517,121.4386444
4671,4074,12.11974049,28.72759628,49.67938995,0.007625269,7.011265278,12.07536221,10.79850769,553.7258911,118.2787018
4672,4075,13.05695057,28.74263763,49.89471436,0.007891132,6.980576992,12.31989098,10.82523251,553.7288208,118.6443634
4673,4076,11.56257915,28.75880814,50.50015259,0.008101643,7.095729828,12.0094738,11.01120281,550.3574219,122.0494537
4674,4077,10.85643196,28.79636574,50.45983505,0.007841136,7.23764801,12.0083189,11.04885769,549.8240967,122.5784912
4677,4078,10.04583359,28.88769913,50.51009369,0.007414999,7.237523556,12.00487518,11.15769577,549.1137695,123.5687866
4678,4079,10.00921917,28.91039658,50.17840576,0.007392762,7.327100277,12.26242447,11.12898254,549.9075928,121.7573853
4679,4080,12.24760437,28.90402985,50.41386032,0.00750269,7.401544571,12.45989704,11.05901527,550.6586304,121.783905
4680,4081,12.35447121,28.89147186,50.15671921,0.007630647,7.414023876,12.47808361,10.9578743,552.1057739,121.3408356
4681,4082,10.70454979,28.88062477,50.31966019,0.007659164,7.426502705,12.49627018,11.04810238,550.0839233,122.9416504
4683,4083,8.991799355,28.87174797,50.19177246,0.007168691,7.447269917,12.46675873,11.11654091,550.0022583,123.0741882
4684,4084,9.28610611,28.86891556,50.15453339,0.007125719,7.45706892,12.44388199,11.04279804,550.2077637,122.5746689
4685,4085,9.679900169,28.86718369,50.09580994,0.007190677,7.470211506,12.41388035,11.04767036,550.6843262,122.0278091
4686,4086,9.964408875,28.86545181,50.06412888,0.007266449,7.483566761,12.38369179,11.04241657,551.2214966,121.1832581
4687,4087,11.17603493,28.84093475,50.33947372,0.007599003,7.465901375,12.38045979,10.98152542,550.7516479,122.0850143
4688,4088,12.00520134,28.81595421,50.40331268,0.007931557,7.376693726,12.42580986,11.05132008,550.6706543,121.4370193
4689,4089,11.37679672,28.80003357,49.7929039,0.008027331,7.197003365,12.47115993,10.90442467,553.692749,120.1179886
4691,4090,10.50411606,28.7994976,50.14835358,0.007583163,7.049967766,12.42020035,11.0314455,551.3881836,121.1146851
4693,4091,9.978919983,28.80427933,50.0469017,0.007406671,7.391113281,12.52328777,11.01095295,551.0780029,121.3908691
4694,4092,10.01002502,28.80538559,49.89630508,0.007433327,7.395379066,12.52217865,10.97044182,551.9337769,120.7438583
4695,4093,10.1556654,28.79654503,49.93735886,0.007858518,7.192527294,12.52106953,10.87006855,551.3486938,119.0834656
4697,4094,11.2083168,28.79359818,49.5260582,0.008127213,7.268564701,12.45603943,10.80168629,554.3051758,119.1149521
4698,4095,10.09487629,28.81254005,50.47400284,0.007566766,7.080093861,12.12401867,11.03679752,549.5628662,123.2516861
4699,4096,8.889082909,28.83148193,50.32519913,0.007006319,7.541045189,12.0679512,11.10002995,549.5513916,123.018158
4700,4097,7.919534683,28.83487129,50.09861374,0.006689042,7.253551006,11.82960606,11.12514877,549.8377686,122.9877319
4701,4098,7.692380428,28.83686256,50.00616455,0.006377115,7.38848114,12.64696312,11.09823513,550.2429199,122.776535
4702,4099,7.697075844,28.83401871,50.19848633,0.006496717,7.523411274,12.50488567,11.11485672,549.3520508,123.6954269
4703,4100,10.69299793,28.82008171,50.33632278,0.007363298,7.108446121,12.36280918,11.03243542,550.6143799,121.7117004
4704,4101,11.70035839,28.80614471,50.61684799,0.008229881,7.085635662,11.93063641,11.01686096,550.1298828,121.7495575
4705,4102,10.93267918,28.80828476,50.26121521,0.007798861,7.084857941,11.81142807,11.09239578,550.6340332,121.5928574
4706,4103,8.567461967,28.81761742,50.10194397,0.006944967,7.197935581,11.7725811,11.08196259,550.5981445,122.3808212
4707,4104,7.272019863,28.82641983,50.21867371,0.006137866,7.166405201,12.35645199,11.1901083,548.9333496,124.7175903
4708,4105,5.550330639,28.82900047,49.76956558,0.005614137,7.268140316,12.58122921,11.09708309,549.7998657,124.1584167
4709,4106,4.319013119,28.83157921,50.04466248,0.005090408,7.339906693,12.68025494,11.31696796,547.3493652,126.3949432
4710,4107,4.848596573,28.83506012,50.42057419,0.005918359,7.339516163,12.75561619,11.32936954,546.7744141,126.6422729
4711,4108,11.43349171,28.83956909,50.59022141,0.007945427,7.289968967,12.57482433,11.1179266,549.5355835,122.1665421
4713,4109,9.926562309,28.86486816,50.17412567,0.008786404,7.060591698,11.88882446,11.07708263,550.1453247,122.3580017
4714,4110,8.292607307,28.88843155,49.50327682,0.007311572,7.06494236,11.92881203,11.00735092,552.1782837,121.9566116
4715,4111,7.732935429,28.91024399,50.53599548,0.006183255,7.194103718,12.1406002,10.87418079,549.6947632,119.9147797
4716,4112,5.874459743,28.92655182,50.45098877,0.005843961,7.235098362,11.79382706,11.4047823,546.4778442,127.4632111
4718,4113,8.502321243,28.94808006,50.50252151,0.006772155,7.548267365,12.61211014,11.24221992,548.0742798,125.0103912
4719,4114,14.92219639,28.94677162,50.17007446,0.008750177,7.329846859,12.11307621,10.89552975,553.052002,119.3588486
4720,4115,16.11278152,28.94547653,50.54289246,0.010426041,7.069095612,11.61404228,10.96339512,552.4130859,119.3101654
4722,4116,6.337851048,28.94447899,50.52786636,0.006988589,7.259806633,11.80269241,11.2893486,546.8668213,126.4375
4723,4117,7.992585182,28.93923378,50.57294846,0.00603617,7.322562695,12.54461956,11.30438423,546.8403931,126.1003189
4724,4118,5.239777565,28.92702866,50.27608871,0.00594802,7.292031765,12.6396265,11.28866482,547.1422729,126.5619965
4725,4119,5.171048641,28.91482162,50.07973099,0.00585987,7.287559986,12.69193077,11.25393391,547.7585449,126.9162369
4726,4120,9.198576927,28.90543938,50.15749741,0.007402423,7.20927,12.54525566,11.14373207,549.8844604,123.7329407
4727,4121,14.84403229,28.89679527,50.06565094,0.009218474,7.053477287,12.3985796,10.90068817,553.5147705,118.7488785
4728,4122,16.32530022,28.88835526,50.49338531,0.010215034,6.897685051,11.82793427,10.92804337,552.5509033,119.1760788
4729,4123,12.19692993,28.88084221,49.92053604,0.008673239,7.184854507,11.71109867,10.92474174,553.5363159,119.7435837
4730,4124,8.560014725,28.87332916,50.11833954,0.007131445,7.35069418,12.06877899,11.2127161,549.2305908,123.4557877
4731,4125,9.495387077,28.86845016,50.74723434,0.006721074,7.516534328,12.42645931,11.26593876,547.7612915,124.3734055
4732,4126,9.36566925,28.86557579,50.58014679,0.006969976,7.563839436,12.47546673,11.1731987,547.9660645,124.162941
4733,4127,9.535647392,28.86270332,49.84899139,0.00723384,7.570368767,12.43423176,10.97697067,551.5072021,122.003418
4735,4128,13.45476151,28.86026764,50.52469254,0.009200651,7.36662674,12.33396626,10.9841013,551.2684937,120.6409454
4736,4129,13.8711977,28.86389351,50.11247253,0.009437788,7.235868454,12.27741241,10.98103046,552.9353027,119.124115
4737,4130,10.61808491,28.876688,50.05336761,0.008593781,7.183044434,12.13719177,11.06698132,551.3137817,121.4684753
4738,4131,10.19031143,28.88948441,50.12022018,0.007749774,7.136053085,11.92720509,10.97541428,551.4641724,122.2061157
4739,4132,8.028715134,28.88101006,50.13266373,0.007179418,7.591741562,11.9427309,11.15982056,549.7633057,123.4229889
4740,4133,6.952409267,28.8647747,50.23287201,0.006678879,7.534441948,12.17006969,11.26651382,547.9234619,124.8452606
4741,4134,7.689903259,28.84910965,50.30776596,0.006634715,7.477142811,12.39740944,11.1294651,549.0185547,124.670372
4742,4135,8.836608887,28.83757019,50.45781708,0.008601668,7.396310329,12.2599926,11.18957138,548.2501831,124.793396
4743,4136,15.74430943,28.82603073,50.70690155,0.010568622,7.303284168,12.07684612,10.95028782,548.0045776,117.7384033
4744,4137,16.48631477,28.81876755,50.17334366,0.010613184,7.207405567,11.92729473,10.73611546,554.7026367,116.5243683
4745,4138,14.6245842,28.81562042,50.54048538,0.009228049,7.04714489,11.89073658,10.94612694,551.9281006,120.1509323
4746,4139,10.25846195,28.8124733,50.60741806,0.007842914,7.094654083,12.34465218,11.10832596,543.4821777,120.0792694
4747,4140,10.53940868,28.79300308,50.55210495,0.007541684,7.068776608,12.41141224,11.06654549,549.6195679,122.3671494
4748,4141,10.16480827,28.77168274,49.84742737,0.007283607,7.33690834,12.47817135,10.95318222,551.7894287,121.0297089
4749,4142,8.846485138,28.7591877,50.19176865,0.007556044,7.226812363,12.48772335,11.02107811,550.4360352,122.5254517
4750,4143,8.443871498,28.76869392,50.07276917,0.008814191,7.141417027,12.40955639,11.1061182,549.8145142,122.5229492
4751,4144,14.72543621,28.77819824,50.50066757,0.010072337,7.072585106,12.27504349,10.90279388,551.8035889,120.7186661
4753,4145,13.8830452,28.80339622,50.70998764,0.008862143,6.916194439,12.30265999,10.97844982,550.8112183,120.5010071
4754,4146,11.84918785,28.81462479,50.13593674,0.007968975,7.118155479,12.48926067,10.90343285,552.2098999,120.5775375
4755,4147,10.55369663,28.79667473,50.41851044,0.007022662,7.21616745,12.61554241,11.05876637,549.8458862,122.0222321
4756,4148,6.819133759,28.77872467,50.35361862,0.006076348,7.379873753,12.60001659,11.18356228,547.7345581,124.429512
4757,4149,6.451197624,28.77310181,50.5380249,0.006564944,7.543580055,12.58448982,11.18502903,547.62146,125.2947693
4758,4150,8.704820633,28.78243065,50.15890884,0.008403363,7.29710865,12.51322937,11.07408619,549.8196411,123.1374512
4759,4151,15.11824512,28.79175949,50.19039536,0.010241782,7.039238453,12.41557217,10.83857059,553.1778564,118.106369
4760,4152,15.98236656,28.79718208,50.18977356,0.009381969,6.918673992,12.29379654,10.81818485,554.5638428,117.5090637
4762,4153,8.825116158,28.80207634,50.54494095,0.007220224,7.183018684,12.38777065,11.13908482,548.585144,123.6482315
4763,4154,9.011790276,28.78719902,50.53745651,0.006541448,7.202847481,12.22961807,11.19342518,548.4752197,123.5915298
4764,4155,7.582576752,28.7723217,50.5279274,0.005862671,7.126617908,11.87534428,11.13734531,547.8721313,124.7540436
4766,4156,7.965669155,28.79874992,50.49518585,0.008221321,7.171401501,12.01922607,11.22694492,548.3009644,124.2761688
4767,4157,14.58947659,28.81857872,50.35039902,0.009628139,7.303086281,12.12414837,10.81326103,545.7518921,115.8391495
4768,4158,17.23544121,28.8183403,50.47151947,0.009285084,7.066308022,12.22907066,10.7945137,553.9658203,117.8297806
4770,4159,11.10875511,28.81657028,49.58952713,0.008342766,7.051890373,11.9321413,10.83737183,553.8995361,118.6708298
4771,4160,9.450849533,28.81302834,50.11600876,0.0074378,7.084409237,11.73711967,11.00693512,551.4534912,121.5591202
4772,4161,8.122868538,28.8094883,50.05287552,0.006532833,7.257516861,12.05199051,11.04250431,550.5603027,123.0294418
4773,4162,7.264377117,28.82219887,49.69665527,0.007210744,7.430624962,12.36686039,11.01528931,550.9319458,123.0046997
4774,4163,6.520057678,28.83948135,50.12680435,0.008180721,7.432380676,11.95128345,11.19521332,548.7457275,124.4752197
4775,4164,14.41422272,28.85533524,50.22652817,0.008961956,7.007657528,12.00334358,10.9126339,552.9007568,119.4826355
4776,4165,16.80587006,28.86416817,49.94705582,0.009120592,6.942940235,12.05540371,10.69758511,555.6665649,116.6789322
4777,4166,14.87883949,28.87299919,50.30727768,0.009279227,7.074654579,11.54127789,10.85062885,553.2328491,118.4253387
4778,4167,11.62941647,28.87626648,50.440979,0.008803764,7.123988628,11.9099493,11.12015057,550.6984253,121.496666
4779,4168,8.632549286,28.87511826,50.55911255,0.007941579,7.188381195,12.28760338,11.16610622,548.6422119,123.7651672
4780,4169,9.899653435,28.87397003,50.43287659,0.007092398,7.335864544,12.46315861,11.07494926,549.621582,123.1291809
4781,4170,7.779336452,28.89116096,49.56142044,0.007608755,7.48334837,12.63871384,10.95771408,552.0213013,121.1551971
4782,4171,7.410439491,28.90940857,49.82591248,0.008125112,7.268592834,12.00186729,11.08457947,550.3804932,123.3406982
4783,4172,14.94777298,28.91763687,50.23923874,0.008694432,6.833762169,11.82330513,10.84512901,553.7891846,119.0925293
4784,4173,17.44211388,28.90587425,49.82966614,0.009343871,7.163978577,11.64474201,10.64955902,556.6719971,114.9489212
4785,4174,15.25768566,28.89411163,50.05321121,0.009993309,7.15747118,12.06165695,10.78696442,554.5490723,117.8172455
4786,4175,10.8750639,28.87586212,50.43854523,0.008723308,7.113740444,11.92446995,11.07337856,550.4788818,121.9596786
4787,4176,9.618990898,28.85437775,50.18243027,0.006930761,7.377866268,11.98564434,11.06576729,550.9143066,121.7055511
4788,4177,7.921269894,28.83451462,50.34125137,0.005704711,7.393657207,12.23514462,11.19820595,548.8510132,124.0793076
4789,4178,8.172603607,28.84267235,50.35016251,0.007161763,7.356302261,12.48464489,11.14449787,549.1724243,124.4269333
4790,4179,8.507819176,28.85083008,50.13517761,0.008618814,7.285561562,12.38455486,11.06513214,546.0737915,122.2012405
4791,4180,18.47342682,28.85037041,50.69480133,0.009697387,7.194964886,12.2280798,10.85861397,553.1811523,117.1117172
4792,4181,20.71158218,28.83907318,50.52707672,0.010481863,7.060730934,12.1407299,10.65560913,555.9495239,115.2027359
4793,4182,16.69553566,28.82777596,49.85503387,0.011266341,6.926497459,12.28927422,10.65765572,556.4089966,115.4250031
4794,4183,11.07756901,28.83179283,50.05856323,0.009430249,7.139237404,12.43781948,11.0174818,551.2644043,121.0118637
4795,4184,9.08513546,28.83892059,50.61498642,0.007458101,7.411750317,12.49839973,11.16788292,548.3181152,123.4584351
4796,4185,7.855654716,28.84852409,50.04527664,0.00639796,7.416181087,12.50355625,11.08859921,550.0437012,123.223381
4797,4186,6.532635212,28.86691475,49.68896484,0.007115737,7.27237463,12.50871277,11.08470154,550.2315674,123.6653519
4798,4187,8.552793503,28.88530731,49.95387268,0.007833514,7.240715981,12.42839909,11.05870819,550.5180664,122.9927063
4799,4188,15.94995975,28.8823185,50.17445755,0.008811692,7.079772472,12.3439312,10.79112339,554.1932373,117.6657562
4800,4189,18.59631348,28.86554527,49.93608093,0.009887326,6.894949913,11.85955143,10.64625931,556.7432861,113.8379211
4801,4190,15.07133961,28.84877396,49.78942108,0.010652304,7.19382143,12.19857693,10.75125885,555.7635498,116.9140701
4802,4191,10.88013363,28.84572411,50.57007599,0.009047446,7.134998322,12.27654552,10.41332817,549.1074219,113.1341095
4803,4192,10.583992,28.84272575,50.60194016,0.007442588,7.133980751,12.35451508,11.11887264,549.3224487,122.4588242
4805,4193,6.82844305,28.85523987,50.02986908,0.00729947,7.468734741,12.50218678,11.06429291,549.8045044,123.7867584
4806,4194,10.4529705,28.86561203,49.75684738,0.007732992,7.487860203,12.48602486,10.93384075,552.5125122,120.8965683
4807,4195,17.76295853,28.86104393,49.93408966,0.008921842,7.322522163,12.21230316,10.73889542,555.6994019,115.6040192
4808,4196,19.38438034,28.85208321,49.9663887,0.010201734,7.157184124,11.93858051,10.64708519,557.2402344,114.4767838
4809,4197,13.88803768,28.84599495,50.52670288,0.010731866,6.839128017,11.79494286,10.46347523,557.0090332,114.5259399
4810,4198,11.18213367,28.85487556,50.67077255,0.009340731,7.082571507,11.82267284,11.12137127,549.1126099,122.8488388
4812,4199,8.313410759,28.87623405,49.71532822,0.007575553,7.07725668,11.81628895,11.04317474,551.8585815,121.4672546
4814,4200,11.02059746,28.90708923,49.88420105,0.00790018,7.07806921,12.03508854,10.96490574,552.1452637,120.4415131
4815,4201,16.86380005,28.90002632,50.32458496,0.009170192,6.78486824,12.11993027,10.78586769,554.2617188,117.5620117
4816,4202,17.59817505,28.89146996,49.88708115,0.010440204,6.8461833,11.75891018,10.69200802,556.5504761,115.7981644
4817,4203,13.41602421,28.88577843,50.02949905,0.010463333,6.921118736,11.37677765,10.8831625,553.4232788,118.8655319
4818,4204,10.68926525,28.88602066,49.58272552,0.00893316,7.109090328,12.37377548,10.85778522,553.3707275,119.1935425
4819,4205,9.352648735,28.88626099,50.51802444,0.007402986,7.238985538,12.46159744,11.17604733,548.7405396,123.8565369
4820,4206,9.150781631,28.89639854,50.47496796,0.007243807,7.162265301,12.54942036,11.13011742,544.3400269,122.1495667
4821,4207,7.463929176,28.91049767,49.82838058,0.007358307,7.159974098,12.51380539,11.08638573,549.9629517,122.278656
4822,4208,10.64653015,28.92048645,50.04956055,0.007717076,7.312146664,12.40093422,10.9753933,551.9124756,121.0182343
4823,4209,15.50706577,28.89448547,50.36136627,0.008931221,7.218600273,12.28806305,10.96669483,552.8312988,119.6028061
4824,4210,16.39296532,28.8684845,50.06848526,0.010145367,7.023296833,11.85926247,10.80716896,554.8690796,117.0236588
4825,4211,11.94533825,28.85165405,49.95574188,0.009763912,7.078531742,11.65612125,10.81367874,547.1735229,117.0324097
4826,4212,9.925624847,28.84439468,49.55735016,0.00835925,7.192656517,11.77440262,10.92751694,553.0114136,120.7541046
4827,4213,8.903482437,28.83713531,50.58045578,0.006954587,7.171118736,12.07056046,11.16615677,548.223877,124.2357025
4828,4214,8.432845116,28.83363533,49.81231308,0.006831396,7.287017345,12.36671734,11.00692558,551.1281128,122.8490982
4829,4215,7.676205158,28.83067513,50.03909302,0.006715092,7.420749664,12.37743187,11.07328033,549.5737305,123.458992
4830,4216,10.32196712,28.82424164,50.63150024,0.007223259,7.457931995,12.3743372,11.19147587,548.5878296,123.0675049
4831,4217,14.89451981,28.80790901,50.34860992,0.008750955,7.194608212,12.27173615,10.91493225,552.2009888,119.039917
4832,4218,15.90061951,28.79157639,50.16230774,0.010278651,6.931283951,11.92418671,10.77780628,553.9794922,117.2296295
4833,4219,12.31469822,28.78980255,50.13270187,0.009643674,7.026624203,11.67282677,10.95594692,552.291687,119.6672211
4834,4220,9.608552933,28.79604721,50.43418121,0.008344502,7.183411598,11.90121651,11.08243656,549.5355225,122.1293564
4835,4221,8.744781494,28.80233383,50.64939499,0.007108509,7.339740276,12.39380836,11.18392944,547.8294067,123.8318558
4836,4222,6.948258877,28.80997849,49.71123123,0.006229869,7.286365509,12.51329231,11.1270113,550.1450806,122.8624268
4837,4223,6.836886406,28.81762123,50.06503296,0.005351228,7.441012383,12.63277626,11.17581654,548.4899902,125.2725754
4838,4224,5.674787521,28.81855583,49.62200546,0.006179546,7.566777229,12.57773685,11.15790176,549.7227783,124.5822525
4839,4225,13.40475655,28.81005669,50.5441246,0.008485234,7.251874924,12.35874367,10.94931889,548.2786255,119.9357758
4840,4226,16.33077049,28.80155563,50.43214035,0.010790924,6.936972618,12.13975048,10.85503674,553.1166382,117.8726425
4841,4227,13.50399876,28.80927849,50.71596527,0.009532744,6.942905426,11.67680168,11.02095985,550.6933594,120.747551
4842,4228,10.7878828,28.82103157,50.67194366,0.007970259,6.964667797,11.7652998,11.16390133,549.1585693,123.3064651
4843,4229,9.360518456,28.83265495,50.33132172,0.006839446,7.305835247,12.08002853,11.16299057,548.6950073,123.4039764
4844,4230,6.902170181,28.84370041,50.1973381,0.006685451,7.426199436,12.39475632,11.1569376,548.5558472,124.4068069
4845,4231,8.655283928,28.85474586,50.52941132,0.006531456,7.546526909,12.53903961,11.16060829,548.1407471,124.2228775
4846,4232,7.651812077,28.85604286,50.12679291,0.007483891,7.432105541,12.41523361,11.09362507,549.0077515,124.1474152
4847,4233,14.60762024,28.85003281,50.31900024,0.008929029,7.31768465,12.29142666,10.94395161,552.3502808,119.4757843
4848,4234,15.15211582,28.84402275,49.87962341,0.010147845,6.931748867,11.81481647,10.78606224,554.8452759,117.3481598
4849,4235,13.14522171,28.85837173,50.30134964,0.008657058,7.339980602,11.94180393,10.94794083,551.6797485,120.1834412
4850,4236,9.220151901,28.87363625,50.14264297,0.007166271,7.445696831,12.22089767,11.06514168,550.0483398,123.2454834
4851,4237,6.558592796,28.88219833,50.58375931,0.006225983,7.54305172,12.4606781,11.29669666,546.5822754,125.3129807
4852,4238,7.291446209,28.87790108,50.13068771,0.005925799,7.556759834,12.52117252,11.13642597,548.8765869,124.1607742
4853,4239,7.662759781,28.87360191,50.0496254,0.005625614,7.570467949,12.58166695,11.15668106,549.171875,123.9701385
4854,4240,8.372598648,28.84756088,49.9188118,0.006972534,7.367516518,12.24234581,11.12303543,550.0355835,122.8899765
4856,4241,14.53573322,28.78079224,50.54107666,0.009658762,6.978404999,11.80131435,10.93859863,551.121582,119.7052765
4857,4242,12.57859039,28.76026535,50.53450775,0.008737056,7.032550812,12.04797459,11.02401447,550.7439575,120.9155197
4859,4243,10.31483173,28.71351051,50.30597687,0.007545277,7.227471828,12.1740942,11.01116467,549.7702637,121.7962799
4860,4244,9.302426338,28.68155289,49.6321373,0.007676723,7.112157822,11.5172224,10.88385773,552.5230713,120.2993546
4861,4245,10.62155247,28.64959717,50.22057724,0.007814163,7.121479511,12.27870846,10.94786167,551.399292,120.3197937
4862,4246,13.04936504,28.61440849,49.86141205,0.009327353,7.132530689,12.31645584,10.75442696,553.8969727,117.6577225
4865,4247,15.45400238,28.5699749,50.48213959,0.010068992,7.150141239,11.46607208,10.7487936,553.1208496,117.8812866
4866,4248,11.74298573,28.58352089,50.64035797,0.008850244,7.11879921,11.72008991,10.98066616,549.9954224,120.8504562
4867,4249,12.28812599,28.59293747,50.57793045,0.008390552,7.211086273,12.396698,10.90150738,550.7372437,120.4249344
4868,4250,11.58238316,28.60017776,50.12420273,0.008150126,7.011800289,12.38698101,10.77738953,552.5848999,120.1553116
4869,4251,11.64866543,28.60638237,50.14767838,0.008046964,7.116500854,12.37726307,10.80674744,551.8289185,119.698761
4870,4252,11.05162716,28.58803749,50.27886963,0.008658047,7.221200943,12.36643887,10.96193504,550.9847412,120.6460953
4871,4253,12.94115543,28.56969261,50.40485001,0.009269129,7.272260666,12.3551054,10.85811996,552.0248413,119.112709
4872,4254,14.18059921,28.55918121,50.51881027,0.009340735,7.269041061,12.33514309,10.79200172,552.3218384,118.272377
4873,4255,11.47643661,28.5592308,50.61444855,0.008964558,7.265821934,12.10138893,10.97662354,550.0527344,120.7922592
4875,4256,10.51277256,28.52893066,50.54399109,0.007562996,7.34442091,12.47313118,10.99403667,549.604126,121.5275955
4876,4257,10.92862415,28.49879456,50.38817978,0.007791228,7.303636074,12.42151451,10.92654037,550.4814453,120.711235
4877,4258,11.34447575,28.46866035,50.23236847,0.008019459,7.262851238,12.36989689,10.85904312,551.3588257,119.8948746
4878,4259,11.76032734,28.43852615,50.07655334,0.008247691,7.222066402,12.31828022,10.79154682,552.2362061,119.0785065
4879,4260,12.17617893,28.40839005,49.92074203,0.008475923,7.18128109,12.2666626,10.72405052,553.1135864,118.262146
4880,4261,12.59203053,28.37825584,49.76493073,0.008704155,7.140496254,12.21504593,10.65655422,553.9909058,117.4457855
4881,4262,11.25957394,28.40625572,50.37125397,0.008585759,6.924961567,12.26694298,10.90049648,550.1845093,120.7685547
4882,4263,11.39583492,28.4362793,50.56121063,0.008428036,7.116361618,11.95780563,10.98687935,548.7676392,121.5233688
4883,4264,11.16380215,28.46647453,50.13384247,0.008224112,7.079191685,11.7803669,10.88118267,550.7619629,119.9581299
4884,4265,9.744874954,28.49716377,50.10643768,0.007886982,7.00274229,11.60270309,10.97798824,549.7936401,121.9950638
4885,4266,9.868836403,28.52785301,50.07453918,0.007549852,7.176216602,11.94221783,10.9117918,550.395752,120.7218552
4886,4267,11.8035841,28.54469872,50.69249344,0.008190478,7.287242413,12.2933445,11.03476238,548.7920532,122.1616974
4887,4268,14.61369038,28.5538559,50.65560913,0.009374213,7.085154533,12.19017887,10.94692802,550.7495117,119.8487625
4888,4269,15.26458836,28.56315422,50.62479019,0.010514162,6.883066654,11.82591057,10.84520245,551.4047852,119.0895767
4889,4270,13.21203518,28.57735443,50.33865738,0.010153666,7.164705753,11.63507748,10.87859058,551.4519653,119.3715668
4890,4271,14.38862038,28.59155273,50.50970078,0.00979317,7.116019249,11.85343266,10.87940311,552.0325317,119.2439423
4891,4272,10.12554169,28.6689682,50.09957123,0.007991569,7.319282055,11.80844784,11.0410347,549.7595215,122.3115921
4892,4273,9.972447395,28.73262024,50.49931335,0.007584911,7.395303726,12.08208084,11.12741756,548.7161865,123.4535141
4893,4274,8.955050468,28.77863503,50.57040405,0.007020857,7.471325874,12.3557148,11.25034428,547.2069092,124.9465332
4895,4275,4.058887482,28.79202652,50.20573807,0.005602534,7.730307102,11.87298107,11.36362648,545.9991455,127.1704407
4896,4276,5.769013882,28.84448433,50.08434677,0.006162921,7.6104002,12.70480537,11.20338726,547.9943848,125.7198257
4897,4277,9.350536346,28.8896122,50.52383041,0.00649812,7.490493298,12.30620003,11.07170486,545.802063,121.5256424
4898,4278,11.93550587,28.91544151,49.79350662,0.006239734,7.134217739,11.90759468,11.05792904,551.774231,121.7434692
4899,4279,10.87195206,28.75506973,49.94253159,0.007998462,7.12168026,11.49300289,10.8653965,543.3713989,117.9206238
4900,4280,10.58045292,28.85107422,50.48515701,0.006300103,6.998030186,11.93310452,10.52962875,552.4359741,116.9924316
4902,4281,10.74991226,28.83607483,49.89264297,0.007724591,7.155807972,11.15101242,10.91532516,545.2780762,119.7129059
4903,4282,1.929191947,28.85889816,50.09328461,0.004684918,7.812265396,12.98723698,11.48912525,544.6349487,129.5700073
4904,4283,4.639816284,28.85919189,50.2889595,0.004960787,7.653630733,12.76926899,11.38369083,545.9735718,127.8752899
4905,4284,11.37403488,28.80863571,50.52485275,0.006337578,7.494995594,12.551301,11.12743664,548.6860962,123.101265
4906,4285,13.20555592,28.75807762,50.43136215,0.007714369,7.007781029,12.19817162,10.98573589,550.46875,121.5191422
4907,4286,11.67232418,28.96975136,50.32637787,0.007292053,7.23493433,11.57842922,11.11181641,549.8428955,122.8354721
4908,4287,4.632147312,28.96312141,50.46036911,0.004984749,7.064307213,11.41602516,10.35614109,555.3027344,117.0867233
4909,4288,2.807669163,28.95526695,50.54108047,0.004627864,7.150772095,11.93680096,10.3252573,556.2120361,116.4724503
4911,4289,12.45403004,28.95555496,50.58583069,0.008281352,7.540115356,12.63495255,11.15765858,549.1392822,122.9986267
4912,4290,14.55341339,28.95814705,50.21156311,0.009600385,7.111539841,12.45775509,10.96515083,552.043457,120.0944824
4913,4291,13.16828632,28.96682739,50.21563339,0.008400568,7.022886276,11.86180687,11.06181622,551.1914063,121.8736572
4914,4292,10.21334457,28.97550774,50.15164566,0.007200751,6.973473549,11.53980637,11.13761234,549.6755371,122.8144226
4916,4293,4.031621933,28.94184685,50.21299744,0.004788623,7.592934132,12.67644119,11.38582993,546.2172241,128.0265198
4917,4294,9.147749901,28.91915131,50.37070084,0.007197213,7.509112835,12.50959873,11.16021538,549.0209351,124.4070816
4918,4295,15.15983105,28.89642906,49.78866196,0.009619568,7.423628807,12.36861324,10.86083603,554.0996704,118.9418411
4919,4296,16.8197422,28.87132263,50.47961044,0.01043356,7.333521843,12.31707382,10.89666939,552.2497559,119.1273117
4920,4297,15.53467464,28.84241295,49.80874252,0.008668574,7.243414879,12.2655344,10.79460812,555.0203247,117.0260773
4922,4298,8.768157005,28.78595924,50.18998337,0.00636999,7.234651566,12.48195362,11.1929369,548.7088013,123.2634659
4923,4299,7.605240822,28.75881004,50.55386353,0.006199123,7.25118494,12.63176918,11.27346897,546.7398071,125.4097595
4924,4300,6.949065208,28.73670387,49.92147446,0.006416999,7.241916656,12.56345749,11.13912678,548.5152588,124.6021881
4925,4301,11.16594219,28.74062157,50.46133804,0.008660787,7.232648849,12.47900486,11.04047966,549.3875122,122.4560928
4926,4302,16.98293114,28.74453926,50.68061447,0.010904574,7.037369251,12.13547325,10.897542,551.6860352,119.1056824
4927,4303,19.92166901,28.7552948,50.34886932,0.011456228,7.12377882,11.45296383,10.73433685,554.8575439,115.1713867
4928,4304,16.03214455,28.77162743,50.00053406,0.010621268,7.300889969,11.7473259,10.72511196,555.0889282,117.3649368
4929,4305,14.3425436,28.78796196,50.16378021,0.009786308,7.114330769,12.15731621,10.89166451,552.6728516,118.5355759
4930,4306,11.75203133,28.78691292,50.53461838,0.00832079,7.157563686,12.34554005,11.11757565,548.9625854,122.6428375
4931,4307,8.982937813,28.78473663,50.67282867,0.006813609,7.419031143,11.96706486,11.26541519,546.6541138,125.4954529
4932,4308,7.549268246,28.78299522,50.33985901,0.006660363,7.385560036,12.13889217,11.21376038,547.3613892,124.9687653
4933,4309,10.66003418,28.78214836,49.78515625,0.009301554,7.352089405,12.31071949,10.86972713,552.4584961,120.9296799
4934,4310,17.57987213,28.78129959,50.56000137,0.011942746,7.147054195,11.92118645,10.89888382,552.9319458,118.4402084
4936,4311,16.9372406,28.763731,49.96730042,0.010466279,6.92480278,11.71313667,10.65004444,555.4552612,116.8999405
4937,4312,12.47096634,28.75191689,49.98369217,0.009176218,7.061872005,11.89774323,10.92040825,552.7089233,119.7039566
4938,4313,11.81491852,28.72517967,50.68559265,0.007982252,7.277722836,11.80098915,11.06789398,549.050293,122.6721649
4939,4314,10.6491909,28.69844055,50.64473343,0.006788287,7.068172932,11.68927193,11.06171131,548.8953247,122.696785
4940,4315,7.819899082,28.68544579,50.36099243,0.007315579,7.16011858,11.96582127,11.13285065,547.7144775,124.7173996
4941,4316,10.30976582,28.68668556,50.01926041,0.009633877,7.228719234,12.24237061,10.98090839,550.7504272,121.4248886
4942,4317,17.22676086,28.68792725,50.14837265,0.011952175,7.096588135,12.33867264,10.7769928,554.5396729,116.3969727
4943,4318,19.45039368,28.67907906,50.65000916,0.011984951,6.852587223,12.23970604,10.78500557,553.3297729,116.7846756
4944,4319,17.73553467,28.66885376,50.28069687,0.011701686,6.841322422,12.14073944,10.71388054,554.2755737,116.4868622
4945,4320,14.83221245,28.65977669,50.65829086,0.011027268,7.201530457,11.52352715,10.91108704,551.3388062,119.5716629
4946,4321,11.57496452,28.65383339,50.47391891,0.00927955,7.146524429,11.68786907,10.96101761,547.697876,120.3654633
4947,4322,11.05282593,28.64789009,50.6455574,0.007531833,7.01975584,11.61227798,11.05968094,548.6702881,122.5448685
4948,4323,9.408967972,28.66278458,50.49865341,0.008558498,7.210848331,12.57449532,11.12335682,547.7676392,123.4226532
4950,4324,19.03870392,28.71336365,50.55352402,0.013394956,7.104222298,12.19159889,10.69897842,554.0289307,116.4204254
4951,4325,20.79810715,28.71770287,50.40593719,0.012848575,7.117908001,12.20525551,10.63450909,556.2990723,114.3712692
4952,4326,19.36775017,28.72204399,49.99686813,0.012302195,7.131594181,12.2375803,10.52149487,557.255249,114.4847794
4953,4327,17.72089767,28.72668839,50.68996429,0.011653314,7.179611206,12.28240108,10.84256935,548.7874756,116.0085449
4954,4328,12.02976704,28.73173523,50.40991211,0.010869759,7.246426582,12.35572147,11.01870823,550.157959,120.9393921
4955,4329,14.35017395,28.73678017,50.63794708,0.010086204,7.31231451,12.42904186,10.94740677,550.7136841,120.591835
4956,4330,13.06127357,28.75376892,49.82923508,0.011668419,7.133770943,12.01531982,10.81749725,553.9317017,118.8336792
4957,4331,16.41111755,28.77334023,49.77188873,0.013768097,6.955227375,11.38599014,10.66227341,556.1102905,116.1727524
4958,4332,21.75254631,28.78548241,50.42360306,0.015611622,6.816618443,11.77478313,10.59224701,556.0314941,114.0404968
4959,4333,22.84695053,28.76971626,50.12838745,0.016483454,6.90045023,11.83074474,10.52357292,558.0797119,112.4091339
4960,4334,21.39241982,28.78675652,49.93780136,0.014988271,6.679587364,11.28372288,10.54435825,558.2764282,112.842308
4961,4335,15.11422825,28.81471252,50.70606232,0.012656064,6.955735207,11.43814373,10.95487785,551.1140747,119.9658966
4962,4336,16.28790283,28.84157562,50.58398056,0.010484517,7.025410652,11.66479874,10.88677788,552.5713501,119.015686
4963,4337,13.84592056,28.86109543,50.66463852,0.009392193,7.204816341,12.07510376,11.06201935,550.5567627,120.9095154
4964,4338,13.02631283,28.88061714,50.46455383,0.008299869,7.384222507,12.48540878,10.97773266,550.9869995,121.3568726
4965,4339,14.67562008,28.89360237,50.0846138,0.009615635,7.015617371,12.47576618,10.88263893,553.9047852,118.3639679
4966,4340,21.87829208,28.90050316,50.16044998,0.013174313,6.859122753,12.20392799,10.57561588,557.6366577,113.979393
4967,4341,23.22585297,28.90740395,50.13771057,0.016732993,6.7741642,11.93208885,10.62754917,558.2142944,113.0236359
4968,4342,20.58712387,28.92458344,50.6580925,0.014454326,7.068968296,11.21901798,10.42115211,555.7741089,111.8511505
4969,4343,17.31705093,28.94282532,49.84744263,0.011571787,6.806501865,11.50068092,10.71890259,556.7113647,116.6814117
4970,4344,12.81742859,28.95479774,50.59152603,0.009311962,7.104983807,12.37635231,11.04647446,546.2793579,119.0392609
4971,4345,11.46323395,28.95175743,50.11481476,0.008541864,7.199847698,12.40057945,11.07792759,551.3748169,121.4642715
4972,4346,10.46499538,28.94871902,49.96495056,0.007771767,7.229751587,12.42480659,10.98863888,551.4293213,121.7857742
4973,4347,13.06746292,28.93624496,50.20148087,0.009848746,7.259655952,12.21467781,11.02014256,551.7456665,120.7824631
4974,4348,20.87317085,28.91939163,50.55675125,0.013244635,7.176265717,11.98742485,10.82767582,554.7029419,116.5563736
4975,4349,22.91918564,28.90370178,50.29354477,0.016244018,6.967307091,11.73164654,10.53961086,557.1970215,113.4659424
4976,4350,20.88643265,28.90320587,50.01300049,0.0140631,6.722430229,11.33478737,10.60675716,557.5183716,113.7612534
4977,4351,17.2228756,28.90270996,50.47517776,0.011882181,6.84907341,11.76622868,10.87269783,553.3041992,117.4461441
4978,4352,12.2596426,28.89943886,50.22348785,0.010051598,7.23456955,11.8158989,11.0499382,550.8376465,121.6015549
4979,4353,9.684124947,28.89290428,50.46404266,0.008633397,7.163019657,12.07240391,11.21720886,548.4721069,123.6098328
4980,4354,8.849981308,28.88636971,49.90118408,0.007215195,7.197073936,12.62290096,11.1112299,550.0891724,123.1607513
4981,4355,12.88627052,28.87147713,49.80662918,0.010456952,7.242499352,12.40460205,10.91370201,553.1868286,119.993927
4982,4356,21.76025581,28.85508537,50.39161682,0.014534308,7.159406662,12.18630409,10.66445827,556.0159912,114.7694321
4984,4357,16.39648247,28.82725143,50.25881577,0.010883947,7.041420937,11.72716236,10.87141323,553.8413086,117.720047
4985,4358,13.28968334,28.81290436,49.87162781,0.009397888,7.050083637,11.78101349,10.86789608,553.0264893,119.6304398
4987,4359,12.3165102,28.77528763,49.84972382,0.008342682,7.257915974,11.70919418,10.9175148,552.399353,120.083931
4988,4360,23.21237564,28.75405121,50.74976349,0.017831476,6.96410799,11.83668709,10.65964317,555.7623291,114.3797302
4989,4361,26.32676315,28.74876976,50.53723145,0.019122193,6.59395647,11.4887743,10.48851776,557.9759521,111.7154083
4990,4362,18.41690254,28.75418282,50.57664108,0.011365672,7.085446835,11.51092911,10.78507233,552.9658203,118.2961426
4991,4363,13.48001194,28.74725914,50.64493942,0.009353899,7.30291605,12.40834236,10.98615074,550.2443237,120.8347626
4992,4364,12.49862766,28.73775482,50.11898041,0.007841997,7.273215771,11.96834183,11.01375675,551.1921997,120.8361053
4994,4365,14.58688164,28.74210358,49.79489899,0.011783006,7.283299446,12.17500019,10.74727058,554.8776245,117.6223984
4995,4366,22.45302963,28.75244522,50.05012131,0.016188832,7.068574429,11.85545921,10.48945332,558.4486084,112.5114441
4996,4367,24.21073341,28.76205635,50.14515305,0.017029241,6.856733322,11.54982853,10.48795986,558.291626,112.4565964
4997,4368,22.377388,28.77110672,49.98588181,0.015124429,6.48268652,11.08871555,10.44730186,559.0512695,112.2886581
4998,4369,19.60502815,28.78015709,50.53001785,0.013219616,6.738656521,11.47506905,10.74249077,554.9849854,115.7223587
4999,4370,17.66706657,28.79036713,50.0861969,0.015850564,7.189354897,11.3985424,10.62401295,555.8809814,116.1861572
5000,4371,25.1991272,28.79259682,50.02581406,0.018864147,7.043732166,11.56953907,10.34740829,560.3768311,110.0230865
5001,4372,25.96020508,28.76719856,50.64548492,0.019592362,6.898108959,11.74053478,10.48113441,558.1141357,111.3448563
5003,4373,24.8061676,28.69997215,50.52311325,0.0192011,6.94432497,11.72150803,10.51206875,557.8512573,111.7285614
5004,4374,23.37347221,28.69866943,50.42663574,0.017747408,7.002970219,11.70474148,10.55718517,557.5057983,112.4147186
5005,4375,20.95257568,28.69736671,50.47242355,0.016293718,7.01987648,11.83842564,10.15354538,556.0714722,109.8559265
5007,4376,20.39706802,28.72478676,49.63834,0.016436165,6.811450481,11.98535061,10.46818161,559.5551758,112.4291
5008,4377,23.10194969,28.74342155,50.51334,0.017007625,6.858929157,11.86624336,10.59484768,557.3302002,112.9887085
5009,4378,24.43149757,28.75649261,50.68621826,0.015654897,6.704764843,11.74713516,10.54327297,556.9347534,112.9151688
5010,4379,22.8635006,28.76890755,49.88179016,0.014074403,6.646398067,11.09026051,10.47238541,559.618103,111.6743927
5011,4380,17.58882713,28.77842522,50.6197319,0.012593574,6.895424366,11.63636684,10.82179737,553.1068115,118.190239
5012,4381,15.40673161,28.78056717,50.32213593,0.011367048,7.249163628,11.74720383,10.89869118,552.6758423,118.279007
5013,4382,13.75298691,28.78270721,50.65834427,0.010140522,7.30295229,12.11166668,11.05568504,550.5181274,121.2228394
5014,4383,13.54314518,28.79710579,50.17434692,0.012010435,7.220245838,12.40404987,10.92913532,552.4448853,119.9915619
5015,4384,17.38781548,28.81761551,49.59799194,0.015426078,7.13753891,12.17208195,10.60326672,557.699585,114.9965591
5016,4385,24.6884346,28.8355217,50.41784286,0.018674174,7.029231071,11.94011307,10.49329567,555.0222778,110.9044266
5017,4386,26.58955765,28.80659485,50.23495865,0.018881209,6.9150424,11.73149681,10.42303181,559.9431763,110.2728043
5018,4387,26.21425056,28.777668,50.39249802,0.019088244,6.832792282,11.54562569,10.43418503,559.1235962,110.7976913
5019,4388,18.95318413,28.74368668,50.59529114,0.019117478,6.81111908,11.56124687,10.77528,553.7199707,117.2007065
5020,4389,22.37471008,28.70321846,50.56517029,0.018918278,6.636074066,11.73503017,10.56722641,556.4668579,114.0817184
5021,4390,23.65311241,28.66275215,50.57909012,0.018719079,6.754807949,11.90881348,10.54245377,557.019043,112.7303543
5022,4391,23.44293594,28.63417053,50.37388229,0.019558111,6.890077114,11.83063412,10.51619053,558.0717773,112.6019287
5023,4392,22.49736786,28.60813332,50.10425949,0.020620696,6.936774254,11.73215485,10.43938923,558.6277466,112.1071701
5024,4393,26.18202972,28.58667946,49.96649933,0.021016816,6.772836208,11.70991325,10.22083187,561.3892822,108.3090973
5025,4394,26.08380318,28.58259773,50.64753723,0.018876292,6.811235428,11.85675812,10.35469913,558.6869507,110.7750473
5027,4395,19.67675972,28.57762146,50.60346603,0.014544935,6.662528515,11.76386929,10.68668175,554.3543701,115.2449493
5028,4396,16.86236763,28.57890511,50.53363037,0.012319653,7.149735451,11.93443298,10.77937126,553.421814,116.832962
5029,4397,14.44135952,28.58018875,50.61988449,0.010094373,7.222928524,12.19146252,10.95118523,550.5925903,120.108963
5030,4398,13.01842022,28.63704109,50.31978607,0.01050586,7.296121597,12.35254574,10.88748837,551.25,120.6552505
5031,4399,14.68007374,28.69503593,50.34093857,0.010973562,7.21607542,12.17584896,10.88408375,552.1226196,119.2169647
5032,4400,18.61466599,28.73093605,50.37172699,0.011614183,7.129401684,11.99915218,10.70141792,554.3029175,117.0092392
5033,4401,20.73866463,28.72843742,49.86071777,0.012555713,7.058763981,11.98935509,10.43053055,558.3292236,113.3996811
5034,4402,19.60969734,28.7259388,49.84994888,0.013497243,7.019731998,12.11134815,10.49521065,558.2481079,113.4887161
5035,4403,16.12671089,28.70757294,50.55713654,0.012219249,6.980700016,12.23334122,10.81808567,552.699707,118.1801987
5036,4404,12.38439751,28.68393707,50.69815826,0.010201604,7.077505589,11.91260147,10.99092579,549.5183105,121.5653687
5038,4405,13.56516743,28.67586899,49.84405518,0.011474722,7.281152248,12.3441143,10.82707214,553.675354,118.3199081
5039,4406,19.67135811,28.66737938,49.93099213,0.012689827,7.085245609,12.16451836,10.58325005,556.9006958,113.6427994
5040,4407,22.45474243,28.64579964,50.06045532,0.013723367,6.87325716,11.91823292,10.46496677,557.506897,112.2503662
5041,4408,21.44705582,28.62421799,49.88457489,0.014756906,6.643821716,11.17293739,10.40530586,558.1791992,112.405304
5042,4409,16.92538643,28.62434959,50.34729004,0.013056511,7.170514584,11.65723324,10.76987267,554.067688,117.0438919
5043,4410,13.21854401,28.62670135,50.79275131,0.011073081,7.314129829,12.15098953,10.97095203,549.7786255,120.7109909
5044,4411,12.83119202,28.62497711,50.41353607,0.00975762,7.01319313,11.75647926,10.9436388,550.5964966,119.7220535
5046,4412,13.5255537,28.60180664,50.22948837,0.010372019,6.984489441,12.10637283,10.86806011,551.361145,119.3844757
5047,4413,17.47015572,28.59753036,50.57184982,0.011296737,6.922600269,12.03462887,10.37816715,556.1414185,112.7059097
5048,4414,20.17534065,28.59672546,49.7075882,0.012516334,6.847915173,11.94867229,10.41975212,558.2815552,112.742218
5049,4415,18.7970314,28.59728813,50.11436844,0.013590094,6.80785656,11.15094471,10.57372284,555.9772339,114.9937973
5050,4416,16.92013931,28.61792183,49.81427002,0.012457568,6.965292454,12.1687746,10.59998512,556.5516357,115.4620972
5051,4417,16.07270241,28.63855743,50.40024567,0.011325042,7.312641144,12.30557156,10.83762455,552.8220825,118.0438232
5052,4418,11.14432716,28.66324234,50.27339935,0.010792363,7.239110947,12.33105278,11.0433073,549.6802368,122.0226517
5053,4419,11.15029812,28.69288635,49.96167374,0.011000261,7.20106554,12.356534,10.94046307,551.8598633,120.7691879
5054,4420,16.17876053,28.72253036,50.21567535,0.011208158,7.163020611,12.26335049,10.76783466,553.8370361,117.8263016
5055,4421,20.35472107,28.73378181,50.49404907,0.012572832,7.109217644,12.09055614,10.7184248,555.267334,115.9162521
5056,4422,22.05204391,28.74139786,50.19226837,0.014169624,7.045478344,11.9177618,10.53883553,557.0473022,113.3794022
5057,4423,20.39287567,28.75243187,49.77667999,0.014957279,6.981739044,12.03717613,10.48102665,558.3071899,113.5682144
5058,4424,18.32876778,28.77555275,49.73547363,0.012846639,7.11636734,12.16134453,10.59522438,557.4425049,114.7082825
5059,4425,16.31319427,28.79867363,49.63702011,0.010736,7.2530303,12.28142357,10.63081932,557.2780151,115.9628296
5061,4426,11.11286449,28.82446098,50.34445572,0.010594872,7.229191303,12.50762749,11.09887028,549.7319946,123.2525482
5063,4427,21.66348457,28.81411934,50.48517227,0.013013702,6.754555225,12.19855404,10.69527721,555.5585938,115.1609268
5064,4428,22.46380424,28.79310417,50.42333603,0.015015745,6.937056541,11.95284271,10.68666458,556.4014893,114.7295456
5065,4429,20.77713966,28.77723694,50.21965027,0.015225319,6.579509258,11.36893082,10.54590797,557.1164551,114.2886887
5066,4430,15.11977863,28.76991081,50.04898453,0.012435862,6.957222462,11.46684742,10.76153469,554.6677246,117.7259827
5067,4431,11.77466583,28.76258469,50.55357742,0.009646405,6.814898491,11.41577339,10.49687576,550.6644897,116.0803375
5068,4432,11.44522667,28.76366043,50.491642,0.009381069,6.705998421,11.18103886,10.01156712,560.8515015,110.2437057
5069,4433,10.74196625,28.76736641,49.8693428,0.009914975,6.937764168,11.21442127,10.06449223,558.4614258,112.2675934
5071,4434,23.00358582,28.72227097,49.76393127,0.014079282,7.086658955,11.9983387,10.42808914,559.7869873,111.6516724
5072,4435,24.68865776,28.68020058,50.38402939,0.017318679,6.877780437,11.81543255,10.48021412,557.9466553,111.8065109
5073,4436,15.48774433,28.6598053,50.32648849,0.013225523,7.168405533,11.86114216,10.84874821,552.8427734,118.857605
5074,4437,12.85026073,28.65933037,50.591259,0.009555475,7.093255997,11.76911259,10.98279858,550.4086914,121.6797714
5075,4438,14.04434586,28.67181015,50.63129425,0.010198246,7.078609943,11.54613972,10.92167664,550.7849121,120.3446808
5076,4439,15.89891529,28.68545151,49.9719162,0.011238466,7.004144192,12.07365608,10.72703552,554.9846191,116.935936
5077,4440,18.29807854,28.68584061,50.16833496,0.01277041,6.96243,12.08583736,10.61783791,555.6464233,115.41082
5078,4441,22.14922142,28.65577316,50.26537704,0.01544552,6.920715809,12.07478523,10.60713005,557.0361328,113.5474472
5080,4442,22.26796532,28.63739204,50.16951752,0.017414955,6.627434731,11.62666416,10.50418568,558.1546631,112.5582123
5081,4443,20.18576813,28.66796875,50.42980194,0.0151644,6.722760677,11.27318668,10.64286518,555.6733398,115.1096191
5082,4444,18.49469185,28.69773483,49.9199295,0.013063048,6.841478348,11.5199585,10.54195118,557.6890869,115.2141495
5083,4445,19.1746788,28.71729469,50.45573044,0.0128861,6.913293839,11.65116787,10.74579048,554.7626953,116.5980682
5084,4446,18.63406372,28.73685455,50.07547379,0.012709152,6.74082756,11.23863602,10.58062649,556.3936768,115.6645203
5085,4447,18.69056892,28.72868538,49.99526596,0.01372382,6.899342537,11.54092407,10.63001156,556.8899536,115.8010178
5086,4448,22.76747322,28.68781662,49.99098206,0.016151989,6.883259773,11.84321213,10.4185009,559.560791,112.0170898
5087,4449,24.62026978,28.64694786,50.11680222,0.018580159,6.867177486,11.67396641,10.33580208,560.0115356,110.4281845
5088,4450,22.69387054,28.62434006,49.54092789,0.017470451,6.512005329,11.17991734,10.2063446,561.8912354,110.0445557
5089,4451,21.09359932,28.60509491,50.33591461,0.015700335,6.748149395,11.51179886,10.52992725,557.3158569,113.7430801
5090,4452,17.96979332,28.58847237,50.52529907,0.014108377,6.766058445,11.64700699,10.6882,553.8717651,116.0991135
5091,4453,16.93111992,28.58062553,50.71663284,0.013119739,6.928230286,11.78221416,10.79160309,552.6004028,117.8311005
5092,4454,21.43312263,28.53691864,50.43414307,0.014212913,6.734292984,11.97705555,10.51044178,557.2752075,112.9973526
5093,4455,25.15481758,28.48354912,50.34316254,0.018231781,6.614958286,11.30819225,10.3658123,559.2926636,110.6898193
5094,4456,26.60765839,28.43023491,50.38538361,0.022250647,6.515116692,11.24659061,10.24299622,560.2120972,109.054718
5095,4457,18.73687363,28.45191765,50.23152161,0.018162921,6.773680687,11.45644093,10.54180527,554.3673096,114.3700638
5096,4458,17.27100372,28.47360039,50.51348495,0.014064426,6.85287571,11.67396832,10.7246027,553.0993042,117.072464
5097,4459,16.99786377,28.49793434,50.70766068,0.01135658,6.870027065,11.69578552,10.77259541,552.3478394,117.5955429
5098,4460,15.00122452,28.52648354,50.61032486,0.010881678,6.367331505,11.15472412,9.653879166,562.8430176,105.3086777
5100,4461,13.76653004,28.57109261,50.0680275,0.010225282,7.216423035,11.80590439,10.73976994,553.5568848,118.900032
5101,4462,14.3173151,28.5834446,50.56417084,0.010131832,7.215559006,12.10954189,10.89799213,551.447876,119.7470703
5102,4463,13.61397934,28.5959816,49.69072342,0.01002216,7.214694977,12.24542904,10.72404385,554.9268188,117.5412903
5103,4464,13.57927513,28.60951042,50.19088364,0.009823689,7.02162981,11.84230518,10.90439415,551.8440552,119.3008194
5105,4465,14.63085175,28.63903236,50.20660019,0.009461847,6.957562923,12.00793266,10.75613689,553.177063,118.3802795
5106,4466,13.80660629,28.65710831,50.24606705,0.009328383,7.015265942,12.27338409,10.9034214,552.1278076,119.4947128
5107,4467,13.21874523,28.67518234,50.38247299,0.009194919,7.182750225,12.02457809,11.00493717,550.7807617,120.1256866
5108,4468,14.17185307,28.6930809,50.31276703,0.010034272,7.09191227,11.65164375,10.85264015,552.7172852,119.3751678
5109,4469,16.1578064,28.7109623,50.45833588,0.010952109,7.221511841,11.6837492,10.90555,552.585022,118.997345
5110,4470,18.12511253,28.72303963,50.47732544,0.011218838,7.052194595,11.87147045,10.79123116,553.4615479,117.3762207
5113,4471,11.67687225,28.70238876,50.46450424,0.008446879,7.294757366,12.31119728,11.03262424,550.1598511,121.7558746
5114,4472,11.89861774,28.67513084,50.4956665,0.008360538,7.135188103,11.9381876,11.04173565,549.7202148,121.673027
5115,4473,10.44059372,28.64979553,50.11052704,0.008500561,7.323961258,12.45872593,11.01958084,550.9007568,121.8910446
5116,4474,14.96741295,28.64564896,49.74149704,0.011194688,6.9710536,12.32382202,10.67001438,556.2142944,116.6831741
5118,4475,23.39298248,28.62354088,50.45097733,0.014949868,6.752013206,11.79844666,10.52014542,557.5691528,112.8845673
5120,4476,18.23667526,28.5562439,50.26387024,0.013334968,6.762752056,11.40680695,10.61028385,555.5983887,115.6133652
5121,4477,20.87883949,28.48956108,50.26771545,0.012290802,6.72530508,11.76567268,10.4777956,557.583374,113.1389084
5122,4478,17.77340508,28.46405983,49.96783829,0.012215596,6.825559139,11.68450642,10.58057785,555.5305176,114.9508362
5123,4479,20.63492203,28.4802494,50.52359009,0.014313207,6.84516573,11.58697891,10.57940292,555.2764282,114.7764435
5124,4480,18.22992516,28.50852585,49.99687576,0.012767989,7.025896549,12.05905342,10.51252556,556.7080688,114.4893036
5125,4481,16.90112114,28.53636551,50.65762711,0.011224686,7.020662785,11.76964092,10.80314922,552.0643921,118.3075867
5126,4482,12.85509109,28.51750946,50.43845367,0.009917736,7.062786102,11.94204044,10.87915802,550.3500366,119.6222382
5127,4483,11.08411503,28.49865341,50.10094833,0.008610786,7.207843781,12.26509953,10.89227581,551.038269,120.0914917
5129,4484,15.36709404,28.51217651,49.97418594,0.010761731,7.211977482,12.22094917,10.64901066,554.5060425,115.8387222
5130,4485,15.41903877,28.51832581,49.97286224,0.010739394,7.215229034,12.22594929,10.67243767,554.833313,116.5011139
5131,4486,15.38153458,28.52447319,49.99874496,0.010717059,7.218483925,12.23169327,10.68266106,554.7098389,116.6151352
5132,4487,15.34402943,28.53062248,50.02462769,0.010694723,7.221738338,12.23743725,10.69288349,554.5863647,116.7291641
5133,4488,15.30652523,28.53676987,50.05051422,0.010672386,7.224993229,12.24318123,10.70310688,554.4629517,116.8431931
5134,4489,15.26902103,28.54291725,50.07639694,0.01065005,7.228247643,12.24892521,10.71332932,554.3394775,116.9572144
5135,4490,15.23151684,28.54906654,50.10227966,0.010627714,7.231502533,12.25466919,10.7235527,554.2160034,117.0712433
5136,4491,15.19401169,28.55521393,50.12816238,0.010605377,7.234756947,12.26041317,10.73377514,554.0925903,117.1852722
5137,4492,15.15650749,28.56136322,50.1540451,0.010583041,7.238011837,12.2661581,10.74399853,553.9691162,117.2992935
5138,4493,15.1190033,28.5675106,50.17992783,0.010560705,7.241266251,12.27190208,10.75422192,553.8456421,117.4133224
5139,4494,15.08149815,28.5736599,50.20581055,0.010538369,7.244521141,12.27764606,10.76444435,553.722168,117.5273438
5140,4495,15.04399395,28.57980728,50.23169327,0.010516033,7.247775555,12.28339005,10.77466774,553.5987549,117.6413727
5141,4496,15.00648975,28.58595657,50.2575798,0.010493697,7.251029968,12.28913403,10.78489017,553.4752808,117.7554016
5142,4497,14.9689846,28.59210396,50.28346252,0.010471361,7.254284859,12.29487801,10.79511356,553.3518066,117.8694229
5143,4498,14.93148041,28.59825134,50.30934525,0.010449024,7.257539272,12.30062199,10.805336,553.2283936,117.9834518
5144,4499,14.89397621,28.60440063,50.33522797,0.010426688,7.260794163,12.30636597,10.81555939,553.1049194,118.0974808
5145,4500,14.85647202,28.61054802,50.36111069,0.010404352,7.264048576,12.31210995,10.82578182,552.9814453,118.2115021
5146,4501,14.81896687,28.61669731,50.38699341,0.010382015,7.267303467,12.31785393,10.83600521,552.8580322,118.325531
5147,4502,14.78146267,28.6228447,50.41287613,0.010359679,7.27055788,12.32359886,10.84622765,552.7345581,118.4395599
5148,4503,14.74395847,28.62899399,50.43875885,0.010337343,7.273812771,12.32934284,10.85645103,552.611084,118.5535812
5149,4504,14.70645332,28.63514137,50.46464157,0.010315007,7.277067184,12.33508682,10.86667442,552.4876709,118.6676102
5150,4505,14.66894913,28.64129066,50.49052811,0.010292671,7.280322075,12.3408308,10.87689686,552.3641968,118.7816315
5151,4506,14.63144493,28.64743805,50.51641083,0.010270335,7.283576488,12.34657478,10.88712025,552.2407227,118.8956604
5152,4507,14.59393978,28.65358543,50.54229355,0.010247998,7.286831379,12.35231876,10.89734268,552.1173096,119.0096893
5153,4508,16.42463112,28.66023827,50.52959824,0.011269633,7.143352032,12.09657669,10.8064146,553.0762329,118.2987213
5154,4509,21.20213318,28.65315437,50.22642517,0.013272957,6.83525753,11.49463081,10.56844425,557.8974609,113.684021
5155,4510,22.22211266,28.64607048,49.85853577,0.015276282,6.533272266,10.89268589,10.33505917,559.9330444,111.8234482
5157,4511,17.90750885,28.66507912,50.10852051,0.012706554,6.788650513,11.45514679,10.61725044,555.9068604,115.5550613
5158,4512,14.53070164,28.67849541,50.25439072,0.010647918,6.940152168,11.45262718,10.80908775,553.5289917,117.9459763
5159,4513,14.16471767,28.68552971,50.02775192,0.010342035,7.145246029,11.66273975,10.71453571,554.3656616,117.563385
5160,4514,13.63561058,28.69256401,50.66902161,0.010036152,6.918017387,11.80949497,10.9076767,551.1602173,120.120575
5161,4515,16.6983223,28.69188881,50.19466782,0.011021606,6.432117462,11.09632778,9.641355515,564.4022827,105.4055557
5162,4516,21.62000847,28.67903137,50.07201004,0.014047743,7.059051991,11.87053776,10.11924267,560.9377441,108.5726471
5163,4517,23.22323227,28.66617203,50.04769897,0.017073879,7.001658916,11.5853405,10.38594913,559.8504639,111.3476715
5164,4518,21.70558739,28.65546227,49.97483826,0.015530894,6.944266319,11.30014324,10.38376427,559.5258789,111.6785202
5165,4519,18.32204819,28.64538002,50.0774498,0.012646274,6.798220158,11.49896049,10.5389719,557.0084229,114.5513458
5166,4520,15.14181709,28.63666534,50.26067352,0.010208326,7.023617268,11.91302013,10.76461792,553.5755005,117.6813278
5167,4521,14.674613,28.63518143,50.59667587,0.010148462,7.186830044,12.25583935,10.86110973,552.3148804,119.2954483
5168,4522,14.58518887,28.63369751,50.63154602,0.010088597,7.185228348,11.4473362,10.86666107,551.7167969,119.0738754
5169,4523,16.81149673,28.62179756,50.31612396,0.012340986,6.851651192,11.88247299,9.565886497,568.7686768,104.9078598
5170,4524,23.50580215,28.60116768,50.49484634,0.016536528,6.882181644,11.81145287,10.4723978,557.7738647,111.4358826
5171,4525,25.71011162,28.5805378,49.98556519,0.020732071,6.877093315,11.72701836,10.21132755,561.8375244,108.7176361
5172,4526,23.0563736,28.55682564,49.75971985,0.017699253,6.640275478,11.35321426,10.2970686,561.0704346,108.4697037
5173,4527,19.020998,28.53287888,49.97219086,0.014111092,6.831367016,11.49470043,10.41379547,558.0803223,113.1142578
5174,4528,17.44480515,28.51288033,50.2663002,0.011870431,6.754396915,11.41524124,10.6483593,555.2608032,116.0081711
5175,4529,18.10919952,28.5014534,50.1701622,0.012573294,6.681851387,11.32320213,10.49233246,556.8010864,114.9212036
5177,4530,21.91688728,28.48602867,50.57178497,0.012966117,6.876503468,11.95083332,10.55382442,556.383728,113.3306274
5179,4531,16.68778419,28.4850502,50.51502991,0.011528088,6.955992699,11.49424362,10.64046478,554.0970459,117.0203934
5180,4532,16.3647728,28.49202919,50.47556305,0.011431208,6.949293613,11.66222572,10.6761837,553.0076904,116.2495041
5182,4533,15.80181122,28.50177765,50.36493301,0.011093332,6.858083725,11.82702732,10.67937374,553.9830933,116.588829
5184,4534,14.41598892,28.49786568,50.69788361,0.010285289,6.401428699,11.4578619,9.515908241,564.6355591,104.7095947
5185,4535,14.97009087,28.50003433,50.3937149,0.010864655,6.655371666,10.81796169,9.640994072,564.1251831,106.1884003
5186,4536,15.96714401,28.50289345,50.00435638,0.011611219,7.094885349,11.9850235,10.52370739,556.9182129,114.4029007
5187,4537,17.18810654,28.51040649,49.5863533,0.012069755,6.812338352,11.44237518,10.43330479,558.7224731,113.3071823
5188,4538,16.13314438,28.53251457,50.6530838,0.011614944,6.836145878,11.68752098,10.72712135,553.4829712,117.246788
5189,4539,15.68021488,28.55462456,50.13022995,0.011160132,6.986736298,11.4615984,10.62205791,555.5806885,115.9802704
5190,4540,14.75959492,28.57437134,50.40249252,0.010512189,7.008189201,11.82532978,10.49159908,551.4434814,114.1123199
5191,4541,14.90237331,28.5927124,50.04290771,0.009748558,7.050984859,12.20248604,10.66420937,554.5834961,116.7627258
5193,4542,20.08181763,28.67508125,50.08281326,0.013913565,6.967383862,11.62268353,10.45664883,558.2019043,113.7823486
5194,4543,22.07608032,28.6980896,50.18748474,0.01518347,6.673894882,11.7590847,10.49138641,558.5240479,112.8454132
5195,4544,20.61585426,28.70759201,50.08476639,0.014661756,6.695458889,11.79677105,10.51543427,558.6971436,113.294281
5196,4545,19.31109047,28.71709251,49.81639481,0.014140043,6.799419403,11.36676502,10.47679615,559.4589233,113.2000809
5197,4546,17.84512711,28.70440865,50.52879333,0.012592278,6.956946373,11.57546425,10.73611736,554.3317261,117.4871445
5198,4547,13.80866623,28.68557167,50.10536194,0.010758115,6.717213631,10.43916512,9.620875359,566.5736694,106.1183777
5199,4548,13.06520557,28.66868591,50.61752701,0.009839517,6.76640892,10.8355608,9.613694191,564.4007568,106.5820084
5200,4549,19.25167274,28.66142654,50.30794525,0.013471073,6.4935956,11.06099892,9.71969986,563.8866577,104.7145157
5201,4550,23.34535408,28.65416718,49.94970703,0.017102627,6.777556896,11.39718437,10.35687542,560.5969849,110.8481445
5202,4551,24.90259552,28.63537025,50.40217209,0.018370355,6.827981949,11.60838318,10.42492199,559.1018066,111.4689789
5203,4552,23.68920708,28.60728455,49.76309204,0.017724045,6.878407001,11.81958199,10.15272522,562.5322266,108.6864548
5204,4553,22.59588432,28.57919884,49.97703171,0.017077737,6.85972023,11.71390533,10.33250809,560.1896362,110.4430847
5205,4554,21.27840996,28.57882118,50.61222458,0.014314193,6.798564911,11.40294552,10.58054066,555.7568359,114.2898254
5207,4555,13.27232265,28.58450127,50.81047058,0.009900837,6.839482784,11.40040588,9.583141327,565.2824097,105.7454147
5208,4556,14.78605652,28.59469986,50.20897293,0.011306142,6.677825451,11.10197639,9.116988182,574.6765137,100.1161728
5209,4557,18.24951553,28.60489845,50.16530991,0.012711447,7.101737499,11.62712193,10.58155537,555.7404175,115.7088013
5210,4558,19.56968498,28.60331154,50.08069992,0.012196894,6.933855057,11.88750076,10.53023148,556.5682373,113.8411713
5211,4559,17.73724747,28.5969162,50.13046265,0.010893676,6.802503109,12.14788055,10.55172729,556.4240112,115.1331329
5212,4560,13.79184914,28.58735275,49.96339035,0.009672172,6.986626625,12.2232933,10.79375744,554.0779419,118.1111526
5213,4561,12.70929718,28.54782295,50.22521973,0.009237274,7.00165844,12.24617004,10.82919025,551.7888184,119.7295074
5214,4562,13.05959034,28.50829315,49.91844559,0.008802375,6.969031811,12.0679884,10.68651199,553.4620972,118.1050491
5215,4563,11.00531101,28.49846649,50.71257019,0.008097846,6.834856033,11.3356657,9.450691223,567.2488403,103.792305
5216,4564,9.859459877,28.52069664,50.54251099,0.007100136,6.826387405,11.43525791,9.407946587,568.8457031,103.3813095
5217,4565,6.988932133,28.54292679,50.5465889,0.006102426,7.362174034,11.79310894,11.16980076,546.9326782,125.1277924
5218,4566,10.02824879,28.57147408,49.83308411,0.006214112,7.100024223,12.06540298,10.89417839,551.6289063,120.897995
5219,4567,10.69262409,28.60099411,50.15762711,0.006499955,6.733057022,11.02575684,9.482235909,568.2684326,104.1578674
5220,4568,9.411741257,28.62602043,49.77713776,0.006548417,6.832724571,11.59030437,9.43588829,564.0136719,104.3274536
5221,4569,5.571253777,28.6376915,50.24088669,0.005883386,6.467416763,11.18108177,9.444792747,564.5218506,104.6650009
5223,4570,7.95028019,28.72143364,50.20123672,0.007066391,6.594477654,10.69036293,9.42585659,568.4190674,104.5872726
5224,4571,12.45140076,28.76190948,49.68942642,0.008313066,7.375151157,12.35926056,10.8123703,554.1431885,118.6418915
5225,4572,13.06522179,28.7605114,50.05387878,0.008016078,7.053753376,11.67817307,10.86642742,552.2696533,119.3188095
5226,4573,9.058042526,28.75227547,50.22420883,0.00719074,7.493749619,12.60043526,11.01628876,549.536438,123.0199585
5228,4574,6.122471333,28.7227993,50.2041893,0.005456145,7.609127998,12.78515911,11.17180634,547.5320435,125.6551514
5229,4575,4.754820347,28.73340225,50.21095276,0.006592943,7.486081123,12.12067604,11.33454609,545.9271851,126.8894119
5230,4576,16.53628922,28.76003075,49.82845688,0.01009324,6.946840763,11.55927372,10.68917847,556.069519,115.854248
5231,4577,16.07950401,28.75601959,50.49970627,0.010486631,7.271317005,11.86770916,10.83712578,552.5454102,118.7019424
5232,4578,14.50331306,28.74657249,50.58419037,0.009814391,7.300605774,12.1761446,10.91444588,552.0593872,119.7320709
5233,4579,12.0025425,28.73292542,50.61587143,0.008310209,7.329894543,12.34629917,11.04538918,549.8255005,121.9075623
5234,4580,9.015956879,28.71927834,49.74117279,0.006806027,7.324247837,12.41974354,10.92821312,551.9106445,121.2461166
5235,4581,9.313155174,28.73913574,50.06292343,0.008730549,7.295746803,12.4931879,11.0047226,550.6306763,121.9142532
5236,4582,14.48318481,28.76078606,50.41838074,0.010846652,7.267246246,12.33873272,10.89648247,552.036377,120.0807953
5237,4583,18.26920128,28.76960754,50.06333923,0.012455479,6.898890018,12.17810917,10.62093925,556.5822144,116.0317535
5238,4584,20.52107048,28.7529068,49.75866318,0.01304492,6.816680908,12.10028744,10.48233509,558.743103,112.4283447
5239,4585,19.43021011,28.73620415,50.10544968,0.01363436,6.835536003,12.20633888,10.56026268,557.6265869,114.228363
5240,4586,16.30078316,28.72956276,50.49199295,0.012503585,6.971400738,12.31239033,10.77502537,553.0655518,117.6309052
5243,4587,17.4689312,28.7683239,50.62631607,0.013317673,6.99500227,11.93677521,10.8340826,553.5748291,117.779213
5244,4588,21.74591827,28.77142715,50.58693695,0.014920916,6.792228222,11.57546711,10.61208344,556.0048828,114.0619888
5245,4589,24.26810455,28.75607109,49.95527649,0.016089696,6.589454174,11.21415901,10.33941841,561.2312012,110.028862
5246,4590,22.85270119,28.74071693,49.94092941,0.017258476,6.686162472,11.5042448,10.33692837,561.2113037,110.4586487
5247,4591,19.6137619,28.70737076,49.85427856,0.015008067,6.842381001,11.89388752,10.49269485,559.0117798,113.1194687
5248,4592,16.58845711,28.67146873,50.54259872,0.012264483,6.998599529,11.77102661,10.7504921,553.6087036,117.5524521
5249,4593,13.3612566,28.64494705,49.6967392,0.011118223,7.189514637,12.05766487,10.68424129,555.3579102,117.0437698
5250,4594,13.85581303,28.64498329,50.28350067,0.014538611,7.078492165,11.40150928,10.84679508,552.7137451,118.9253845
5251,4595,20.66753006,28.64501762,50.63008499,0.017959001,6.795401573,11.51495647,10.54144859,556.0404053,114.4796906
5252,4596,27.43958855,28.61870193,49.97990417,0.020061065,6.71210146,11.50440121,10.09735107,563.3851318,107.1688309
5253,4597,27.77023315,28.57796097,49.80804825,0.021434437,6.629378319,11.49509716,10.08249855,564.2249146,105.8571396
5254,4598,26.81402206,28.5389843,50.14811325,0.02264913,6.775388241,11.72155952,10.18379211,562.4119873,107.8594818
5255,4599,22.79141998,28.5539608,50.22577286,0.018574826,6.991877556,11.94802189,10.3526001,559.6622314,111.2294693
5256,4600,17.67619896,28.5689373,50.57463455,0.014500524,6.859748363,11.99437714,10.67690754,551.0964966,115.5498734
5257,4601,15.81631184,28.58928108,50.33678818,0.012154677,6.961000443,11.69651699,10.70022297,553.8214111,117.6201706
5258,4602,14.11507607,28.61712456,50.58210373,0.012249452,6.473405838,11.43787766,9.586725235,565.0452881,105.2290039
5259,4603,17.14968109,28.64496803,50.2553215,0.012344226,6.401040554,11.27138233,9.677850723,563.3494263,105.0575333
5260,4604,22.11218834,28.64180946,49.87904739,0.013561813,6.645872593,11.15241146,10.41350365,559.807373,111.214592
5261,4605,22.78939438,28.63101768,49.71231079,0.015059859,6.774751186,11.11505795,10.34254265,561.0389404,110.2453613
5262,4606,21.34435272,28.62539101,50.46242142,0.015797183,6.705519199,11.26767349,10.54822445,557.1334229,113.6224823
5263,4607,17.33054161,28.64213562,50.26511383,0.013193568,6.834400177,11.4630661,10.62946796,555.6244507,115.7176514
5264,4608,15.2680788,28.65888023,49.95913315,0.010589954,6.952897072,11.62380219,10.7075758,555.7144775,117.7447739
5265,4609,13.83504486,28.68691635,49.77410889,0.010577034,6.95469141,11.76502323,10.6644249,555.1960449,116.6808701
5266,4610,11.73832035,28.72336769,50.56552505,0.012514297,6.607610226,11.15396309,9.625461578,566.2843628,105.341362
5267,4611,19.72395134,28.75982094,50.12605286,0.014451561,6.64760685,11.48962212,9.838182449,562.6168213,106.539772
5268,4612,23.19750977,28.75110245,49.81365204,0.016156625,6.798987389,11.58408546,10.35086155,560.6427002,110.512825
5269,4613,24.05056,28.74041748,50.04534531,0.017851021,6.962241173,11.68127441,10.40553379,560.2407837,110.5074997
5270,4614,22.43041992,28.72668839,50.50481796,0.018194187,7.047881603,11.77846336,10.50143528,557.8428345,113.0899048
5271,4615,16.81197739,28.70714188,50.00307846,0.015932286,7.059412956,11.78474808,10.66686916,555.7206421,116.1292725
5272,4616,18.79886818,28.68759537,50.23352814,0.013670383,6.979943275,11.73319054,10.64638901,555.9831543,115.1544724
5273,4617,18.13596535,28.69085693,50.00149536,0.013446268,6.621301651,11.21978092,10.56905174,556.5564575,115.1411133
5275,4618,19.81518173,28.71524811,50.40835953,0.014596663,6.786746502,11.48429298,10.7092514,555.7268066,115.1201706
5276,4619,23.53050232,28.73492432,49.6460228,0.01573758,6.845525265,11.60070801,10.2813797,561.7859497,109.3371353
5277,4620,23.87267494,28.75459862,49.9842186,0.016878499,6.904304028,11.71712399,10.39750004,560.5653687,111.1764526
5278,4621,21.98332214,28.76700974,49.88973999,0.016176473,6.993519783,11.78619576,10.42321396,559.6502075,112.0804062
5279,4622,20.00227547,28.77213478,49.95814896,0.013612823,7.13162899,11.77721119,10.48893356,558.3515015,113.9084473
5280,4623,16.82063484,28.77726173,50.22402191,0.011049171,6.774047375,11.76481819,10.78710461,554.5216064,117.4422531
5281,4624,14.00485897,28.79909706,49.90898514,0.01062102,6.930513859,11.70459843,10.76491737,554.0718384,119.7290573
5283,4625,17.05742645,28.83440971,50.15397263,0.011658737,6.92447567,11.59881496,10.76080322,555.4383545,116.7423782
5284,4626,24.34687042,28.81125832,50.18841934,0.016458223,7.009773731,11.92811966,10.43781281,559.8046265,111.6827087
5285,4627,26.35997009,28.78810692,50.06006622,0.021257708,6.882551193,11.7551651,10.33764362,561.7146606,109.8150024
5286,4628,24.04250908,28.77766037,50.35045242,0.020713991,6.591636181,11.6433506,10.32337379,559.9856567,111.0897751
5287,4629,21.46437836,28.77390862,50.28733826,0.017340599,6.697412968,11.83764172,10.48789597,557.954834,113.0060883
5288,4630,20.01281929,28.76933289,50.41404343,0.014137773,6.875603676,12.03193283,10.70762157,556.2662964,114.8895035
5289,4631,20.4131012,28.74518204,50.5150032,0.015111761,7.053794861,11.84133434,10.59773445,556.3520508,114.3920135
5290,4632,22.04858208,28.72103119,50.81506729,0.016085749,6.532958508,10.95857334,9.357563972,568.0144653,101.0804901
5291,4633,28.07078552,28.63617516,50.1321373,0.021113887,6.569132328,11.44796371,10.11787701,562.8103638,106.9759369
5292,4634,25.94598961,28.57460213,50.13065338,0.022000341,6.617999077,11.14532471,10.32334232,560.8762817,109.6418152
5293,4635,21.48138618,28.57167625,50.06156158,0.018480659,6.73221159,11.60102367,10.34689522,557.7033691,110.5644379
5294,4636,21.25877571,28.56330299,49.55025101,0.015611542,6.805943489,11.92825031,10.22156143,561.9509277,109.8583221
5295,4637,20.09039307,28.53265762,49.74990845,0.015439628,6.874267101,11.46678638,10.32342529,559.545166,111.6645737
5296,4638,20.86988258,28.50201225,50.70783997,0.015267712,6.721401691,11.28206348,9.772551537,562.2972412,105.6343155
5297,4639,27.62836456,28.48592758,50.08310699,0.015951933,6.27505827,11.48019123,10.02281189,557.5708618,105.201973
5298,4640,28.54894257,28.48031998,49.74017334,0.017257331,6.516792774,11.67831898,9.903042793,565.8228149,104.4356537
5299,4641,24.04254913,28.47471237,49.82869339,0.018562729,6.658136368,11.84412193,10.20232964,561.9343872,109.2103729
5300,4642,23.70815659,28.48418617,50.41124344,0.016553609,6.744844913,12.00138569,10.33273506,558.7019043,110.1571503
5301,4643,20.89981651,28.49417686,50.23995209,0.014423114,6.708693027,12.12170124,10.38218021,558.0341797,112.6619644
5303,4644,22.35767174,28.45853806,50.03090668,0.013726409,6.726008415,12.01721191,10.30643559,559.8847046,110.3734894
5304,4645,23.02966881,28.37804985,50.09283829,0.015970249,6.561631203,11.24141121,10.25535583,560.4417114,109.9733963
5305,4646,22.76850128,28.35957336,50.17309189,0.016500393,6.544749737,11.16529083,10.24485302,559.9870605,109.9566498
5306,4647,20.5696907,28.3784523,49.99861145,0.014165599,6.766889095,11.53006744,10.36022282,559.0800781,111.390892
5307,4648,16.77625084,28.39733124,50.52999878,0.011830806,6.73031044,11.73376942,10.62001324,554.111084,116.0242386
5308,4649,14.73988438,28.42868423,49.7729187,0.010370771,6.964647293,11.65956116,10.67390347,554.6923828,116.6429214
5309,4650,12.58629036,28.47213364,49.25759888,0.009766323,7.123734474,11.38387012,10.51496983,556.6810913,116.3081665
5310,4651,13.82556725,28.51558304,50.36343765,0.009161876,6.724329472,11.17844391,9.60009861,564.5354614,105.4132614
5311,4652,14.53566933,28.54758835,49.8836174,0.010367287,6.43423748,10.63622856,9.560098648,566.5171509,103.652565
5312,4653,17.4942627,28.57822227,50.56796265,0.011794408,6.753682137,12.22824764,10.74075603,553.5605469,117.2827759
5314,4654,17.2550602,28.64164925,50.7034111,0.011896297,7.079510689,11.59962463,10.78752899,553.1430664,117.7464905
5315,4655,16.29563332,28.67403793,50.22995377,0.011082974,7.110885143,11.63813686,10.75580502,554.0803223,117.3274384
5316,4656,24.41880608,28.63553047,50.21738434,0.017561749,6.848865032,11.88227749,10.31422043,560.2339478,110.3105392
5317,4657,20.7913723,28.63357162,50.53922653,0.015776923,6.782953739,11.93678188,10.54409409,556.5656128,114.4206314
5318,4658,18.5369339,28.6249218,50.39625168,0.013923937,6.78490448,11.99128628,10.58005047,556.1958618,115.4298172
5319,4659,17.60676003,28.61627197,50.00350952,0.012070951,6.850338936,11.84996796,10.55665398,557.1900635,114.8194885
5320,4660,15.16503716,28.62335014,50.73682404,0.013056283,6.47021246,11.05517197,9.559275627,564.8656006,104.7744064
5321,4661,21.16306496,28.64614487,50.34973145,0.01686736,6.490210533,11.27997208,9.77955246,561.6358032,105.5973663
5323,4662,27.18668365,28.67670059,50.3043251,0.020028802,6.562663555,11.07496834,10.26872158,561.7572021,108.9621964
5324,4663,26.14431953,28.68257713,50.14827347,0.018823603,6.672624588,11.07290173,10.15250301,554.9076538,106.4279633
5325,4664,21.54167557,28.68305016,50.67788315,0.0172137,6.925889015,11.33777428,10.50891113,552.6665039,112.8870773
5327,4665,17.66030502,28.65580559,49.88803101,0.011888118,6.330949783,11.42516327,9.637111664,566.326416,104.880722
5328,4666,14.22050571,28.67386627,50.80200958,0.013911421,6.584364891,11.42757893,9.573480606,565.4259033,104.8808441
5329,4667,23.1235199,28.70786858,50.14133072,0.018282793,6.832478046,11.77845478,10.4208889,559.9837646,110.9431076
5330,4668,26.99732018,28.73957634,50.40107727,0.022376828,6.757480621,11.63051701,10.25083828,560.8349609,109.1198273
5331,4669,29.63227272,28.73096466,50.11919022,0.02166014,6.682483196,11.48258018,10.12729359,564.0558472,106.8242188
5332,4670,27.39530373,28.72235298,50.010952,0.02094345,6.760047436,11.56955719,10.15951157,563.1339722,107.5707626
5333,4671,23.42750931,28.71120262,50.6853447,0.018954771,6.91527462,11.77612114,10.48579597,557.8291626,112.4271927
5334,4672,19.12703705,28.69684982,50.67074966,0.015366487,7.067368984,11.96537495,10.6883955,555.3024902,115.4081116
5336,4673,24.40015984,28.70783234,49.95256424,0.020088717,6.477032185,10.78994751,9.922133446,559.4052124,105.8297729
5337,4674,29.12698555,28.71145439,49.91453171,0.023875797,6.445870876,10.85755539,9.983765602,564.6647949,106.2579575
5338,4675,30.25424004,28.67382622,50.17004013,0.023816215,6.397751331,11.25045586,10.0520668,563.8956299,106.2977295
5339,4676,28.41007805,28.63619995,50.18541718,0.023756631,6.543670177,11.64335537,10.15532589,563.2714844,107.5507736
5340,4677,22.82913589,28.61358643,50.69755173,0.021195147,6.749289036,11.82015991,10.46086597,557.690918,112.6979675
5341,4678,21.69954681,28.60071373,50.39249802,0.01701754,6.93653059,11.91875935,10.48119164,557.5576782,112.1950607
5342,4679,17.26793861,28.58783913,49.81639862,0.012839934,6.889001846,11.88195229,10.53745937,557.6937866,114.1205215
5344,4680,26.64536858,28.50386238,50.05906677,0.021304945,6.682235241,11.53482819,10.14922905,562.2642822,107.2887344
5346,4681,24.34754753,28.44660378,50.56414413,0.018825566,6.637498856,11.97900677,10.29691601,559.067688,110.5258942
5347,4682,23.55039597,28.44564629,50.53575134,0.019354468,6.69415617,12.09461784,10.38752079,558.3187256,111.3908691
5348,4683,22.35164452,28.44708443,50.5880661,0.020006213,6.739114761,12.10486794,10.43959713,557.5946655,112.4742966
5350,4684,26.46670723,28.47533417,50.55221939,0.022601601,6.56264019,11.53928852,9.90482235,558.975647,105.2450027
5351,4685,28.65856361,28.48373032,50.20079422,0.022793351,6.491526604,11.42053986,9.999222755,558.9996338,105.8362503
5352,4686,27.35967827,28.4873848,50.67258072,0.022073451,6.523794651,11.4059782,9.978226662,558.5752563,105.8324509
5353,4687,26.19379234,28.49103737,50.62601089,0.021353554,6.556062222,11.3914156,9.924228668,559.4296875,105.741539
5355,4688,22.35800171,28.53368568,50.59760284,0.014170988,6.746851921,11.52005291,10.51408291,556.6450195,113.6483841
5357,4689,25.06513786,28.63775826,50.63494492,0.018486172,6.683671474,11.33624935,10.47406006,557.7288208,111.6659775
5358,4690,25.86301422,28.61420059,50.47586441,0.019815013,6.774650574,11.34355259,10.38539696,559.4647217,110.4612122
5360,4691,16.84522057,28.59356499,50.54503632,0.014275313,6.998614311,11.41701603,10.76188755,553.5460205,117.1751251
5361,4692,18.25499535,28.59786987,50.78828049,0.013589476,6.568039894,11.27399635,9.625714302,564.3641968,104.4096832
5362,4693,16.88239861,28.6064167,50.81504822,0.015528122,6.587482452,11.22920418,9.73670578,562.7526855,105.9227829
5363,4694,20.4091568,28.61496353,50.12943649,0.017466769,6.420154572,11.54690266,9.502953529,563.9101563,101.896492
5364,4695,22.98446846,28.59780884,49.54296875,0.01943106,6.759288311,11.87845516,10.24292088,562.1144409,108.9627914
5365,4696,28.10857201,28.57703972,50.46763611,0.021398921,6.775390625,11.81704426,10.2778511,561.0682373,108.8148041
5366,4697,25.16968346,28.55971527,50.57925034,0.022482662,6.764485359,11.75563431,10.32588959,559.3015747,110.8611069
5367,4698,23.7262764,28.55199623,50.46883392,0.021115154,6.648719788,11.6079464,10.38678741,558.9381714,111.4653854
5368,4699,24.1171627,28.54427719,50.54281998,0.019747645,6.532953739,11.40076351,10.38696861,558.5330811,111.40345
5369,4700,21.59734154,28.55624771,50.7201767,0.018329857,6.599927425,11.31774139,9.775547028,562.8457642,105.0372925
5370,4701,20.31507301,28.57870865,50.78787994,0.016885404,6.743761539,11.29562378,9.654332161,559.4815674,102.735321
5371,4702,21.07552528,28.60047722,50.49386597,0.015480681,6.590111732,11.27306843,9.936701775,560.4101563,107.0823364
5372,4703,20.10643387,28.60588074,49.94263077,0.014993014,6.678544044,11.21657276,10.46849632,559.0948486,112.3861771
5373,4704,18.75865173,28.61128426,50.64826965,0.014505347,6.928359985,11.26372433,10.66355038,554.8945313,116.0442963
5374,4705,19.66343498,28.61196899,50.67936325,0.013795415,6.856805801,11.39615345,10.63650608,555.4403687,115.2460785
5375,4706,18.83818626,28.60634995,50.23693848,0.012789904,6.423146725,11.4969101,9.624260902,561.1615601,103.5482712
5376,4707,14.96175671,28.60900497,50.49032974,0.011895219,6.34139061,10.48550034,9.352180481,571.262085,101.8037567
5377,4708,14.4616375,28.6204319,50.36642456,0.012257131,6.529418468,10.94061947,9.403040886,568.7987061,102.152092
5378,4709,19.0297718,28.6297226,50.08304977,0.013272512,6.881321907,11.23208141,10.57088089,557.2889404,113.3711395
5380,4710,25.96800804,28.63151932,50.3748436,0.020392099,6.44792223,11.61642075,10.35896492,560.0272827,110.4200897
5381,4711,25.19988251,28.62843895,50.341362,0.019461544,6.573048115,11.19554996,10.38598061,559.7437744,110.4298019
5382,4712,19.65811539,28.62260437,50.27781677,0.015448082,6.225076199,10.45938396,9.439566612,568.9621582,102.6494446
5384,4713,15.87715244,28.63429642,50.5929985,0.012380525,6.229154587,10.46426678,9.323399544,569.7750854,101.8694839
5386,4714,22.22794342,28.65748024,50.52549744,0.015471439,6.711151123,11.08336258,10.54752064,556.9390869,113.072113
5387,4715,26.99550438,28.64064026,50.7337532,0.01924712,6.750685215,11.74220085,10.42831993,558.5053711,111.3982468
5388,4716,28.30459595,28.62379837,50.62646103,0.023022801,6.496584415,11.92748165,10.28573799,560.0541992,109.4732819
5389,4717,26.60055351,28.61104202,50.03260803,0.021553323,6.523082256,12.04014874,10.16413116,562.3896484,107.8694611
5390,4718,19.56273842,28.59960175,50.10811234,0.017870516,6.989752293,11.81513309,10.44393444,558.0904541,112.9961853
5391,4719,20.53175735,28.58981133,50.29009247,0.014557926,6.61206007,10.62609482,9.702785492,560.3440552,104.2066956
5392,4720,21.58542252,28.58994484,50.30805588,0.014997063,6.682060242,10.60849285,10.34052277,557.529541,111.8447189
5393,4721,17.5900631,28.59007645,50.36224365,0.015436199,6.693272591,11.27924824,9.920371056,566.0299072,109.7415237
5395,4722,31.02641678,28.55667686,50.31425476,0.024112694,6.735838413,11.41646099,10.15206337,563.2317505,105.7307968
5396,4723,31.77263641,28.53477478,50.40011978,0.0298384,6.68594408,11.52446365,10.0711031,563.2384644,106.4551849
5397,4724,30.30457878,28.52947426,50.40176392,0.026401993,6.636049747,11.59593964,10.02942276,556.4205933,103.1332855
5398,4725,20.80589676,28.52575493,50.29558182,0.02147663,6.918128014,11.49640179,10.50209999,557.4675903,113.7087631
5399,4726,23.0819931,28.52280235,50.56694412,0.017577713,6.879523754,11.22728729,10.50977898,557.3480225,112.4317398
5400,4727,18.93120575,28.52165031,50.1464653,0.016838124,6.324136257,11.29891777,9.689061165,563.5843506,105.4777298
5401,4728,20.89608002,28.52050018,50.41000748,0.016098533,6.640521526,11.25263882,9.701264381,562.9403687,104.7785034
5402,4729,29.54647255,28.51475143,49.98176193,0.017985569,6.404660225,11.2592535,10.01165867,564.7251587,104.6553497
5403,4730,31.88187981,28.5068779,50.10903168,0.021410124,6.478807449,11.36501598,9.965332031,565.1761475,104.6190948
5404,4731,28.67894554,28.49865532,50.43876648,0.024740683,6.552955151,11.47077751,10.17426777,561.5438232,108.0834579
5405,4732,27.90242195,28.48575592,50.36738968,0.022294404,6.595229149,11.45823097,10.09455585,561.9329224,107.1477051
5406,4733,25.18628311,28.47285652,50.3421936,0.019848123,6.613275528,11.3967905,10.28990173,559.975647,110.1110001
5407,4734,24.4368782,28.45361328,50.68527985,0.018317161,6.622294426,11.33722019,9.844659805,559.3682251,105.9781265
5408,4735,23.49393082,28.42674828,50.76244736,0.018151041,6.495615005,11.30626297,9.309898376,568.1512451,99.53970337
5410,4736,29.44478607,28.40214157,50.35702896,0.020288484,6.532559872,11.0649929,10.03453159,562.8884277,106.2534027
5411,4737,30.46023178,28.40995789,50.60701752,0.023261795,6.394860744,10.95036888,10.05304527,562.4690552,106.4457474
5412,4738,28.84893799,28.42544365,49.8903389,0.025115222,6.361474514,10.96810532,9.973340988,564.4677734,105.4297028
5413,4739,24.36399651,28.46733475,50.58993149,0.02157736,6.678740501,11.31917858,10.35757351,558.2775269,111.341629
5414,4740,22.81652451,28.50922585,50.44888306,0.018039498,6.912008286,11.78232574,10.42271709,557.795166,112.4112167
5415,4741,19.72645569,28.5229702,50.22764587,0.015366578,7.093849182,12.06295872,10.52992725,556.5341187,113.9628525
5416,4742,16.46529579,28.51873016,50.28398895,0.013380799,6.037956238,10.69599628,9.208315849,570.671875,99.56781769
5417,4743,16.04915237,28.51448822,50.23581696,0.011395019,6.292285919,10.92847729,9.121175766,572.3944702,99.92761993
5418,4744,22.40326881,28.53315926,49.83694839,0.015311393,6.752484322,11.15873718,10.29083633,560.4667969,110.2689056
5419,4745,26.73883247,28.55193329,50.56495667,0.019585973,6.768978119,11.37288475,10.37593269,559.0084839,109.8152466
5420,4746,27.60270882,28.56937027,50.39986038,0.021281954,6.785472393,11.58703232,10.31803226,559.9525757,109.2688522
5421,4747,25.67067719,28.5846386,49.73448181,0.017698636,6.753656387,11.53824806,10.16970634,562.9951172,107.238678
5422,4748,18.88278198,28.59990501,50.57512665,0.014115321,6.670489311,11.21250534,10.67862701,554.3734741,116.6404266
5423,4749,17.68452644,28.60175705,50.00716782,0.011861592,6.538081169,11.50180531,9.713078499,565.1358032,105.1687241
5424,4750,14.37853718,28.59951782,50.49325562,0.010141911,6.35196352,10.82392025,9.156225204,573.4280396,100.6236038
5425,4751,13.51969242,28.60129166,50.21629715,0.008927554,6.537853718,11.31845951,9.630624771,565.3964233,105.2293472
5426,4752,20.94392967,28.6254921,50.36946487,0.012331252,6.739155293,11.81299877,10.55289459,556.9208984,113.852562
5427,4753,22.70009232,28.64969063,50.64753342,0.01573495,6.873843193,11.99430943,10.59852409,556.4721069,113.5583496
5428,4754,23.79721069,28.66823959,50.82482147,0.016892044,6.893267632,11.96164417,10.5388937,556.171936,113.556488
5429,4755,23.13467026,28.68190956,50.33139801,0.015653171,6.912692547,11.92897892,10.51436615,557.7375488,112.6757736
5430,4756,19.66094398,28.69557953,50.51081085,0.014414296,6.736811638,11.41875267,10.64665794,555.4082031,115.8232193
5431,4757,16.56772041,28.69589043,50.53441238,0.012819728,6.643317699,11.02555561,9.577789307,565.4263306,104.8480377
5432,4758,14.86625957,28.69507408,50.57348633,0.011171697,6.624143124,10.78992748,9.646162033,563.8224487,106.0893555
5433,4759,14.19782829,28.6997757,50.09780884,0.010812161,6.501391411,10.5542984,9.595492363,565.5805054,105.2646408
5434,4760,19.33036613,28.71692276,50.11525345,0.01422298,6.699669838,11.24679565,10.64141273,556.7088623,114.8329773
5435,4761,23.95267105,28.73406792,50.70788193,0.017633801,6.959658146,11.92207909,10.56193066,556.8768311,113.6062546
5437,4762,24.28718185,28.76088905,50.33427048,0.016905222,6.65776825,11.73175812,10.40486431,558.9789429,111.8659286
5438,4763,21.69643784,28.77159309,50.2237854,0.015689917,6.780010223,11.15187073,10.59123135,557.0773315,114.0308304
5439,4764,19.07481956,28.75829124,50.25329208,0.01363581,6.702170849,10.9475708,9.553794861,566.4771118,103.0474091
5441,4765,13.79200363,28.74875641,50.28414917,0.011845214,6.505501747,10.89562035,9.329540253,570.800354,101.2757263
5442,4766,21.70537567,28.77230644,50.1283226,0.015434465,6.759994507,11.70542622,10.57487774,557.7965088,113.3235092
5443,4767,24.94771004,28.79585648,50.55335617,0.019023716,6.794804573,11.66867733,10.52944183,557.7923584,113.0402145
5444,4768,26.10011673,28.78654671,50.27952576,0.01831452,6.829614639,11.63192844,10.37545967,559.8198853,110.6445313
5445,4769,24.29192543,28.77136993,50.10625839,0.016504364,6.761566639,11.53709793,10.39859962,560.2200317,111.4410324
5446,4770,19.51904678,28.75598907,50.77632904,0.014531955,6.923913002,11.4020443,10.76232815,553.9890137,117.310257
5447,4771,16.58588409,28.73994637,50.21355057,0.011827677,6.570333004,11.16299915,9.491247177,567.8900757,104.7673721
5448,4772,14.34297562,28.72390556,50.49352646,0.009123399,6.643837929,11.04531002,9.431488991,567.1009521,103.6263657
5449,4773,10.94035721,28.73596382,50.21814728,0.010722319,6.717342377,10.92761993,9.376336098,566.2678223,102.6183243
5450,4774,23.28401566,28.76530075,50.01828003,0.015612034,7.066145897,11.9852829,10.44985867,559.3026123,111.6355286
5451,4775,25.77770805,28.79442596,50.67338181,0.02050175,6.969412327,11.93181992,10.54341412,558.0167236,112.4200058
5452,4776,26.93383217,28.77588081,49.68836975,0.019803971,6.872679234,11.87835598,10.21916103,563.1419067,107.8370209
5453,4777,22.19653702,28.74020004,50.19940948,0.017032439,6.625677109,11.11407089,9.858883858,564.534729,107.1656113
5454,4778,17.22081757,28.72526169,50.70550537,0.013645156,6.405935287,10.70758629,9.620751381,565.6431274,104.9362717
5455,4779,13.36353683,28.71032524,50.36135101,0.010257873,6.492740154,10.86566544,9.633189201,563.8630981,106.6446075
5456,4780,15.04744339,28.71086311,50.50191116,0.013388665,6.579545498,11.02374458,9.616781235,565.6270142,104.7419434
5457,4781,24.55383873,28.71589661,50.21327591,0.019020058,6.650184631,11.22346878,10.38519096,560.6256714,110.8694153
5458,4782,28.05468369,28.71424866,50.53317261,0.02401085,6.708124638,11.45287895,10.28454971,560.4220581,109.8295593
5459,4783,29.95159531,28.67754936,50.65129471,0.02369684,6.766064644,11.68229008,10.25563908,561.414856,108.2598724
5460,4784,28.64995003,28.64085007,50.36523438,0.023382831,6.883683681,11.84942532,10.18353844,561.8530273,107.7064896
5461,4785,25.07859612,28.61489487,50.17946625,0.021573354,7.007096291,12.01237392,10.27490139,560.6213989,109.7426224
5462,4786,22.42744255,28.59789467,50.5461731,0.018226096,6.89125824,11.96927166,10.51780128,556.5290527,114.170105
5463,4787,19.16882896,28.58089447,50.50886536,0.01487884,6.760881424,11.49315548,9.729096413,562.8887329,105.6652756
5465,4788,26.83812904,28.59274292,50.4953537,0.023809273,6.844668388,11.45861912,10.27712822,560.2306519,109.026741
5466,4789,31.26355934,28.5864315,50.73662186,0.02792963,6.658382416,11.44771576,10.18146515,561.1663818,105.8997421
5467,4790,33.56199265,28.55185127,50.01052475,0.029672906,6.485420227,11.46936321,9.901096344,566.5792236,103.1002426
5468,4791,34.14156723,28.51727104,50.33970261,0.031416181,6.612597942,11.67105389,9.898681641,565.3842773,103.5317459
5469,4792,29.94347,28.50964737,50.06575394,0.028873105,6.739775181,11.87274551,10.00830555,564.7369385,105.5291214
5470,4793,23.97223282,28.51352692,50.25279617,0.024011368,6.726418495,11.73357201,10.35824013,558.7485962,110.4339371
5471,4794,24.04182434,28.5179081,50.3767128,0.019438144,6.67284584,11.29441929,10.38281918,558.7537231,110.7323914
5473,4795,31.61966515,28.53736687,50.36749268,0.026635699,6.49706459,11.42995167,10.00230789,564.0997314,105.4058075
5474,4796,31.74321938,28.53873825,50.39367294,0.028396582,6.577156544,11.53547764,10.01901817,562.5166626,104.791954
5475,4797,33.42458725,28.53073883,50.17776108,0.027614342,6.656107426,11.62350082,9.947118759,565.5100098,103.9071045
5476,4798,31.66387749,28.52273941,50.35206223,0.026832104,6.728512764,11.71152496,10.03559303,564.0873413,105.1872864
5477,4799,25.077034,28.5421505,50.57262802,0.022493728,6.765078545,11.72706413,10.44816303,558.1168213,112.2042542
5478,4800,21.36382866,28.56614685,50.57658005,0.017293753,6.787559509,11.69321251,10.59296417,556.1524048,113.9776459
5479,4801,19.4869194,28.58642197,50.60813522,0.013842412,6.667472839,11.61121273,9.557196617,567.3076172,104.5188599
5480,4802,17.13530922,28.59502983,50.34913635,0.017835969,6.705871582,11.25211239,9.722197533,564.2831421,106.8033066
5482,4803,28.96483421,28.59706306,50.11550522,0.024117468,6.840592861,11.78458977,10.16675282,563.119812,107.193161
5483,4804,29.7848053,28.58146858,50.40254593,0.02514769,6.713151455,11.71033764,10.13423157,562.2270508,107.3881912
5484,4805,28.9876461,28.5661087,50.552742,0.026177911,6.7487216,11.73255444,10.20308876,561.7824097,107.6865616
5485,4806,24.90788651,28.56961823,50.47539902,0.022228589,6.871814728,11.81075287,10.33221722,559.6287842,110.6031036
5486,4807,21.62221146,28.57312775,50.31572723,0.018077601,6.979460239,11.87503815,10.49678707,557.5258789,113.0371246
5487,4808,25.35289001,28.57640648,50.56502533,0.016470879,6.700527191,11.25721836,9.837292671,561.4868774,105.1010361
5488,4809,19.42493439,28.57933044,50.4989624,0.019670356,6.759928703,11.53635597,9.668394089,564.5650024,104.8905182
5489,4810,27.41126442,28.58225441,49.67335129,0.022869835,6.656019211,11.6032362,10.02319527,564.4996338,105.7366867
5490,4811,29.91290092,28.56444359,50.12732315,0.024770565,6.674257755,11.63440609,10.10560417,563.5297852,106.0926666
5491,4812,30.88085938,28.54088783,49.94690323,0.026194822,6.702871323,11.6814537,9.954339027,565.8815918,104.1026459
5492,4813,29.25296593,28.52358437,50.56097794,0.026781717,6.776175976,11.78195477,10.15799999,561.7324829,107.9943924
5493,4814,24.45646667,28.53715515,50.45944977,0.021044169,6.939852238,11.88245583,10.36113167,558.8297729,111.1756592
5494,4815,22.68956757,28.55072784,50.1595993,0.015306621,7.103528976,11.5203104,10.33486176,559.1785889,111.0216293
5495,4816,18.31950188,28.57017136,50.45201111,0.014769156,6.545707226,10.78290653,9.618965149,563.460022,105.3903275
5496,4817,20.78136063,28.59435081,50.25951385,0.019389866,6.806396961,11.54077339,9.978704453,558.3026123,108.0655975
5497,4818,28.26614952,28.61853027,50.21844482,0.024010574,6.720842838,11.67973709,10.08058071,562.958374,107.8132935
5499,4819,31.94991493,28.61268616,50.12689972,0.027488554,6.66281271,11.56666946,10.00854874,565.0087891,104.6167908
5500,4820,30.02821159,28.61399841,49.83346176,0.0270519,6.657509804,11.68015289,9.97274971,565.9034424,104.848587
5501,4821,26.91064644,28.62591362,50.10706329,0.021267204,6.748856068,11.79363632,10.1826334,562.4459839,108.727562
5502,4822,23.42370987,28.63782883,50.75244904,0.015482505,6.850074768,11.41668701,10.55788708,556.4478149,113.2408371
5503,4823,20.36959076,28.65494156,50.23703003,0.016257912,6.699361324,11.196455,10.01499748,568.7764893,111.4145584
5504,4824,19.28194237,28.67418098,50.24652481,0.020446323,6.768475533,11.56418991,9.714151382,568.3206177,106.883194
5506,4825,32.00397873,28.67012405,50.67144775,0.028235363,6.585396767,11.62146378,10.2009964,562.7400513,106.7034607
5509,4826,27.98306274,28.64308548,50.18117905,0.026566319,6.793750763,11.57941341,10.15805531,563.6292725,107.2127991
5510,4827,25.28838539,28.64494896,50.64825439,0.021408362,6.435734272,11.56471634,9.946079254,559.7641602,106.8432236
5511,4828,23.02601624,28.65610123,50.52739716,0.021881789,6.566904068,11.46514702,9.780985832,561.8396606,105.3962097
5512,4829,19.5199852,28.66869926,50.34230423,0.02364599,6.651398182,11.36557865,9.746091843,564.673645,104.6131287
5513,4830,29.85283661,28.66710663,50.38427734,0.026033893,6.730118752,11.30912971,10.13493252,562.8414307,106.7010345
5514,4831,33.12757874,28.62302589,50.61417007,0.03093175,6.62215662,11.27969265,10.10980988,563.5789795,105.9823303
5515,4832,35.79341888,28.57894707,50.05474854,0.035829607,6.514194965,11.25025654,9.845647812,567.8675537,101.786644
5516,4833,34.47096252,28.54682922,50.62534714,0.035291575,6.503257275,11.38287163,9.971074104,564.3659668,104.1672821
5517,4834,27.04930115,28.5215683,50.3358345,0.030885708,6.629005909,11.51548958,10.23134995,561.5228271,108.7135468
5518,4835,28.9372673,28.49671745,50.33436203,0.02647984,6.75475502,11.4554863,10.13420105,562.4210205,106.5484695
5519,4836,28.95631981,28.49114227,50.51610184,0.02639707,6.49358511,11.08801365,10.05927181,558.3616333,104.5237503
5520,4837,33.39321136,28.48556709,50.201931,0.026448634,6.555949688,10.82036495,9.847860336,565.7724609,103.2213516
5521,4838,29.83001518,28.48061752,49.87604904,0.027578795,6.540791035,11.05298424,9.877274513,565.1604004,104.7941208
5522,4839,34.16677856,28.4765873,50.502491,0.030666659,6.525632381,11.28560352,9.941098213,564.387146,104.5802002
5524,4840,32.87933731,28.49588776,50.57054901,0.030972606,6.290010929,11.44043446,10.05142879,563.1855469,105.2640915
5525,4841,29.23337746,28.52643776,50.19291306,0.026134295,6.552827835,11.4706831,10.08745098,563.3377686,106.9576492
5526,4842,26.26648712,28.55373383,50.4093895,0.021700308,6.695226669,11.15640259,10.29201603,559.9953003,110.1118851
5527,4843,21.77928543,28.56585312,50.53609467,0.020069456,6.646118641,10.82187462,9.590191841,565.0206909,103.0218964
5528,4844,20.85990715,28.5779705,50.00502777,0.018438606,6.483847141,10.82253265,9.717102051,560.0202637,103.7359772
5529,4845,21.97651482,28.51361084,50.24677658,0.015680606,6.976253986,11.87119961,10.51387787,557.4442139,112.1498566
5530,4846,21.85960579,28.53125381,50.16417313,0.016937817,6.830453396,11.29822254,10.43449974,557.9405518,111.7028198
5531,4847,22.1591301,28.54889679,50.55024719,0.018195027,6.781010151,11.23214436,9.970059395,562.2800903,107.7127991
5532,4848,27.84812164,28.55707932,49.99608612,0.021997251,6.719273567,11.48477936,10.18613243,562.6558228,107.3315811
5533,4849,29.75550461,28.56388664,50.61199951,0.026346883,6.657536507,11.73741436,10.2102232,560.854126,107.85849
5535,4850,18.39516449,28.58848572,50.20375443,0.02543965,7.048862934,12.16126156,10.61513138,555.0410767,116.6745453
5536,4851,25.65527153,28.60402107,50.55105591,0.021838058,7.13911438,12.12898064,10.36845779,558.3921509,111.5088959
5537,4852,19.49918938,28.59908485,50.05527115,0.01906253,7.030556679,11.63476849,10.60259056,555.9490356,115.4250031
5538,4853,24.02812767,28.58282661,50.37619781,0.016853195,6.442603588,10.95984364,9.79464817,561.8388672,104.7086105
5539,4854,20.2786293,28.56689835,50.01952362,0.01464386,6.717617035,11.41746235,9.757432938,562.1877441,105.7000656
5541,4855,32.03073883,28.55711174,50.16120911,0.026823409,6.669290543,11.9052639,10.05540848,564.6433716,104.5165024
5542,4856,33.21746826,28.55118179,50.4562645,0.029236211,6.652168274,11.6819582,10.03040504,563.7697754,105.1841278
5543,4857,33.12722397,28.5437851,50.39875793,0.025068402,6.635046482,11.46431637,9.97778511,564.5233765,104.5882797
5544,4858,28.30473137,28.5363903,50.07895279,0.020900596,6.722253799,11.67347908,10.0556221,562.9430542,107.0069199
5545,4859,25.02010727,28.53466797,50.63430023,0.018803129,6.831776619,11.88264084,10.37077236,558.3513184,110.4183044
5546,4860,23.18396378,28.5343647,50.37839508,0.017398505,6.885860443,11.6724062,10.41267586,557.9869995,112.0940704
5547,4861,23.51895332,28.5344162,50.09885025,0.017543649,6.496246815,11.06036568,9.884096146,558.3775024,104.8006821
5548,4862,33.07605362,28.53602409,50.14422226,0.02765416,6.346428871,10.97664356,9.620940208,563.4564209,98.98738861
5549,4863,36.0210762,28.53763199,50.31866837,0.037764668,6.35526228,11.06345463,9.846917152,566.4453125,102.0714645
5550,4864,37.3772316,28.52999306,49.89558792,0.040104114,6.364096165,11.15026569,9.602437973,570.2999878,98.88639069
5551,4865,36.83563614,28.5153904,50.37472534,0.035271581,6.400488853,11.23182583,9.793433189,567.3197632,100.7848816
5552,4866,31.79937744,28.50078964,50.42301559,0.030439049,6.469146729,11.30720139,9.957213402,564.1218262,105.634285
5553,4867,32.33748627,28.51402283,50.51202011,0.027439579,6.537804127,11.38257694,10.04493809,563.7388306,105.0141907
5554,4868,29.23937225,28.52854538,50.30469513,0.0246318,6.507051468,11.33142662,10.17253208,562.7409668,107.6065445
5555,4869,27.58738708,28.5334301,50.37176514,0.024403103,6.458257198,11.25699139,10.22615719,561.3049316,108.6953735
5556,4870,34.16954041,28.51971054,49.53163147,0.030472806,6.41992712,11.21004295,9.679984093,570.1119995,99.83174896
5557,4871,35.79296875,28.50599098,49.95930862,0.036542509,6.416341782,11.2551651,9.772098541,568.4119873,100.1340408
5558,4872,37.60601425,28.48867226,49.94683075,0.035253711,6.41275692,11.30028725,9.654803276,569.7139893,98.81047821
5559,4873,32.19456863,28.46999741,50.56740952,0.030437706,6.418818474,11.38890839,9.971321106,563.602478,105.7246017
5560,4874,29.69014168,28.45262146,50.40425873,0.025743585,6.431049347,11.50794315,10.06132412,562.7092285,106.5777817
5561,4875,28.42679596,28.44554329,50.50198364,0.022915829,6.458090305,11.62697697,10.14875507,561.5905151,107.7696533
5562,4876,23.89667892,28.43846703,50.74701309,0.020088075,6.717175484,10.97735882,9.280210495,570.2129517,99.42988586
5563,4877,24.11856461,28.45367622,50.55371857,0.018590579,6.311612129,11.20168018,9.387823105,567.4921265,100.8843536
5564,4878,21.57118607,28.49141884,50.5491066,0.01874128,6.666396618,11.34864902,10.54921436,556.7219238,113.6673508
5565,4879,23.31458092,28.52916145,50.53110123,0.018891979,6.822396755,11.47926426,10.38935471,558.6408691,111.9697495
5566,4880,29.21204185,28.50936317,50.5798378,0.019942824,6.806195736,11.59064198,10.1784668,560.755127,108.093605
5568,4881,26.43496513,28.46368217,49.92818451,0.021634698,6.595900536,11.65387821,10.12384224,562.531311,107.7392349
5569,4882,21.75952721,28.47081375,50.57839584,0.019297989,6.816678524,11.27095985,10.49070072,556.9104614,113.7649689
5570,4883,21.34555435,28.47794533,50.45172882,0.016961282,6.308722019,10.77299118,9.349961281,566.1773071,100.4733734
5571,4884,21.19594955,28.48703575,50.34978104,0.018659458,6.158093452,11.09940815,9.327786446,569.8684082,100.5838089
5572,4885,26.16202927,28.49716949,50.21178055,0.023024883,6.841862202,11.2965517,10.16914558,561.1747437,108.4227982
5574,4886,32.36517334,28.50273895,50.33325577,0.025846753,6.624614239,11.43525696,9.986909866,564.0603638,104.5975266
5575,4887,30.20860481,28.49871826,50.17153549,0.024228876,6.684430122,11.62264824,9.982912064,564.411499,105.444519
5576,4888,25.73995018,28.50188828,50.56234741,0.022196351,6.825692177,11.82559681,10.37128353,559.3972168,111.2225571
5577,4889,23.28849983,28.51484489,50.28905869,0.019466659,6.927892208,11.68155766,10.39319515,558.8850098,111.5519485
5578,4890,21.39409256,28.52780342,50.49209595,0.016736966,6.271049023,11.14311409,9.242174149,570.2528687,99.98163605
5579,4891,20.81369019,28.552248,50.10937119,0.020771664,6.488306999,11.44101715,9.09663105,569.6917114,97.23001099
5581,4892,20.25842667,28.60054398,50.33246231,0.032113619,6.75645256,11.55808353,10.56130981,556.0383301,115.4437866
5582,4893,34.03137207,28.59668732,50.4855423,0.031096727,6.364739895,10.9870739,9.64847374,564.8670044,100.345871
5583,4894,33.02703857,28.59283066,49.89762497,0.030079832,6.158333778,10.84097576,9.588121414,566.2156982,99.30647278
5584,4895,28.01613235,28.59117889,50.16965103,0.028249647,6.238918781,10.69487858,9.394630432,566.9709473,98.25469208
5585,4896,26.54097748,28.59112549,50.38781738,0.025695255,6.159398079,10.69701004,9.340667725,569.8710938,98.76049042
5586,4897,26.96235847,28.59107208,50.44336319,0.023140863,6.349853992,10.82463074,9.344835281,569.911438,99.37822723
5587,4898,26.78142738,28.6207428,50.31021118,0.027518811,6.540310383,10.95225239,9.407029152,566.3115234,99.27380371
5589,4899,35.8760376,28.67007446,50.75832748,0.035170592,6.513813496,11.21969604,9.979652405,564.8844604,103.2899551
5590,4900,35.55096054,28.66608429,50.50643539,0.032176699,6.557828426,11.34586716,9.938075066,565.0062256,103.623642
5591,4901,33.38222122,28.66209221,49.86400986,0.029182803,6.5865345,11.45300007,9.909730911,567.6154175,102.4349136
5592,4902,30.31452179,28.65816879,50.69638443,0.026036371,6.534700394,11.56013298,10.23692131,561.7367554,107.9717255
5593,4903,29.15405083,28.65427017,50.55570984,0.022819744,6.573574066,11.42767143,10.22300339,561.1020508,108.8409348
5594,4904,27.17598343,28.65349579,50.43903351,0.02006337,6.612447262,11.15932465,10.3412056,560.8904419,109.4592056
5596,4905,28.01832008,28.69748688,50.17582703,0.0267873,6.628029823,11.37674236,10.22074795,563.1906738,107.6769714
5597,4906,20.43898582,28.69447327,50.33878708,0.028574036,7.039351463,11.40761185,10.58282089,556.7625732,115.1257248
5598,4907,21.35726357,28.66704559,50.41199493,0.028474469,6.723989487,11.43848038,10.50728703,557.7866211,114.0865936
5600,4908,17.59100533,28.62066841,50.67491531,0.024807597,7.133324146,11.73920631,10.70136452,554.078186,117.2809601
5602,4909,21.78757095,28.59856796,50.57801819,0.018311931,6.602949619,11.47302055,9.724199295,562.5991211,104.8679352
5603,4910,22.15055847,28.63029861,49.98742676,0.022746978,6.416390419,11.73340321,9.853694916,562.0184326,106.6122818
5604,4911,19.64258766,28.66202927,50.30217743,0.027182026,7.104960918,11.945261,10.51396751,557.1429443,114.7082748
5605,4912,20.0630455,28.63854218,50.43652344,0.029922107,7.134941578,12.02277088,10.60014725,555.6248779,115.5176544
5606,4913,20.13574219,28.58684921,50.27777863,0.031581264,7.15986824,12.10027981,10.56193829,556.6473389,115.3555374
5607,4914,19.74201584,28.53893471,50.25221252,0.033240423,7.079536915,11.84574699,10.51826286,556.906189,114.5245132
5608,4915,18.47286034,28.56747437,50.41033936,0.027748071,6.828983307,11.41301537,10.5440731,555.7053833,115.7022781
5609,4916,17.45782089,28.59601212,50.59903717,0.022226147,6.819127083,11.54518032,10.67728615,554.2149048,117.3100052
5610,4917,22.93692207,28.61145592,50.80374908,0.020468006,6.801746368,11.51869488,9.748431206,557.8885498,103.1791
5611,4918,22.53209877,28.60972404,50.20278168,0.024818249,6.808090687,11.41195679,9.779935837,563.0344238,105.5890884
5612,4919,19.87857819,28.60799217,50.27862167,0.029168494,6.880465031,11.4506731,10.50318623,557.4755859,113.6727982
5613,4920,20.98096466,28.57866478,50.54361725,0.032297038,6.929679871,11.65369415,10.52970028,555.9324951,114.8198013
5614,4921,21.74968147,28.54318428,50.52161789,0.035053298,6.978894711,11.85671425,10.46446705,556.7039185,114.0680313
5615,4922,21.59579659,28.5177784,50.31152344,0.036671571,6.871174335,11.72294903,10.4374733,557.6068115,113.1888657
5616,4923,32.11427307,28.53195572,50.39823151,0.031923197,6.735762119,11.53035641,10.03882313,564.3255005,104.565773
5617,4924,29.96487427,28.54613304,49.99304581,0.027174821,6.60754776,11.40546513,10.04960728,564.4368286,105.2407761
5618,4925,25.59129906,28.55937195,49.88964081,0.02597403,6.509421349,11.49903297,9.661766052,564.015625,103.0743637
5619,4926,25.90066528,28.57195282,50.14333725,0.027835129,6.665620327,11.59260178,9.656856537,562.5942383,102.0385971
5620,4927,31.62859535,28.5845356,49.97600555,0.02969623,6.646261692,11.52329826,9.950447083,565.8703613,104.1828308
5621,4928,34.59286499,28.56602669,50.11776733,0.032471459,6.560400009,11.34974766,9.848762512,566.7766113,102.7428055
5622,4929,37.22101974,28.5466671,50.05623245,0.035323899,6.494482994,11.17619705,9.703853607,568.9141846,100.9295197
5623,4930,34.41543198,28.54125977,50.15309525,0.035335537,6.595564842,11.36082745,9.839813232,562.8970947,101.836586
5624,4931,31.74804688,28.56083679,50.47088242,0.028941037,6.696647167,11.5472517,10.08728027,563.1062622,106.4292603
5626,4932,25.62698746,28.5962162,50.47861481,0.021782193,6.573409081,11.21327591,9.546571732,566.1286011,101.5227203
5627,4933,25.52892494,28.61071777,49.84694672,0.023519503,6.35373497,11.21567535,9.557313919,563.9378052,101.9995041
5628,4934,30.11431122,28.62401581,49.95051193,0.025318971,6.776547909,11.34260464,9.986541748,564.9539185,105.2160873
5629,4935,32.76216888,28.62918282,50.00961685,0.027857754,6.705462456,11.46953297,9.985482216,565.9331055,103.4740829
5630,4936,33.64077759,28.63435173,50.34182739,0.03039654,6.634377003,11.54477501,10.01742172,564.8154297,104.1949158
5631,4937,31.81025696,28.62794113,50.15633011,0.030066073,6.6567626,11.57853127,9.940705299,564.9465332,105.2074203
5632,4938,29.20347214,28.60857773,50.16653442,0.026410744,6.720296383,11.61228848,10.20560741,562.9503174,107.1592255
5633,4939,26.9435482,28.58921432,49.88967896,0.022755414,6.773013115,11.6493454,10.15441227,563.3804321,107.1276779
5634,4940,26.16387367,28.58948326,50.55890274,0.024926905,6.697459698,11.68670654,10.3151865,559.3980103,110.8820648
5635,4941,25.89822578,28.59297562,49.89620209,0.028123576,6.621905804,11.75267792,10.19713688,561.9796753,108.2524109
5636,4942,31.94584274,28.60177612,50.56119919,0.030146647,6.700860977,11.88578606,10.26673031,561.1774902,107.7111588
5637,4943,20.11066818,28.62680054,50.68521881,0.028409014,6.957606316,12.0188942,10.57389069,555.9318237,115.5471725
5638,4944,20.79374886,28.65182686,50.32934952,0.02667138,7.086245537,12.06178093,10.45941544,557.3297119,113.987442
5639,4945,20.03543854,28.65816498,50.24530411,0.024069877,7.098059177,12.05471802,10.46915436,557.5843506,114.170723
5640,4946,19.3758316,28.65371704,49.88027954,0.020950267,7.109873295,12.03370857,10.42969036,558.7209473,113.2532425
5641,4947,19.31279564,28.64966774,50.04795837,0.017886546,6.990748405,11.57593918,10.49653339,557.4274292,114.1131439
5643,4948,24.03084183,28.67806625,50.06874847,0.020867806,6.768609524,11.60669136,9.817655563,564.2042236,105.7065659
5644,4949,19.73344803,28.67279053,50.35315704,0.024299154,6.730830669,11.65922356,10.54676437,557.1748657,114.775444
5646,4950,22.36044884,28.60595322,50.42810822,0.036997177,6.885375023,11.76466465,10.47645187,557.1908569,113.9305725
5647,4951,21.61138725,28.60049438,50.56020355,0.034618206,7.059606075,11.93434048,10.4950285,556.6734619,114.3884811
5648,4952,19.87129974,28.6021843,50.30393982,0.029873507,7.131708145,12.1040163,10.5522871,556.9656982,114.381485
5649,4953,18.60226822,28.60294342,50.20428467,0.025846526,7.13122797,11.83267784,10.55275631,557.0369873,114.8018188
5650,4954,18.13749504,28.59957314,49.95042038,0.025218286,7.130747795,11.35194206,10.51676369,557.1945801,114.5257187
5652,4955,20.69988251,28.58134842,49.96692276,0.027481724,6.798923492,11.49964714,10.3846693,558.9507446,112.6896667
5653,4956,21.86058617,28.55788803,50.18442917,0.033119626,6.793759346,11.39528942,10.43630981,558.1742554,113.0872421
5655,4957,24.81380463,28.50623894,50.50058746,0.031001015,6.864895821,11.99499607,10.39187622,558.8361816,110.3948364
5656,4958,20.55657387,28.5087204,50.38748169,0.036703892,6.832370281,11.92287254,10.45809078,556.9370728,114.0291824
5657,4959,22.13698196,28.48895454,50.38325119,0.040814333,6.923992157,11.85074902,10.43825626,557.5116577,112.913147
5658,4960,21.98031616,28.46565819,50.13040161,0.044673629,7.015614033,11.87415218,10.35633755,558.4356689,112.5430222
5659,4961,20.62242317,28.45136261,50.46975327,0.045021702,6.967750549,11.97366714,10.53534412,556.5891724,115.0003738
5660,4962,18.28723717,28.46386337,50.65115738,0.034964722,6.845659256,12.07318211,10.64842129,553.9106445,116.8773499
5661,4963,26.84247971,28.47636414,50.56617355,0.024907738,6.126939297,10.85524082,9.346317291,567.4317627,99.7956543
5662,4964,25.97895432,28.48961449,50.08272552,0.025764011,6.025722027,10.85942745,9.456809044,563.640564,100.3635025
5663,4965,25.40466118,28.50328636,50.474823,0.032749437,6.535849571,10.9422121,9.466887474,569.2811279,101.2931595
5664,4966,22.05382729,28.51596069,49.86745834,0.039616894,6.621925354,11.29308414,10.32099342,559.8592529,111.2304535
5665,4967,20.96964836,28.49468231,50.30037308,0.042544346,6.925223351,11.67166233,10.42783928,557.4780884,113.9276505
5666,4968,21.46107674,28.47340202,50.4473114,0.045471802,7.01907444,12.0049181,10.48837185,556.3876343,114.0365295
5667,4969,20.42108345,28.46615219,50.60208893,0.044890326,7.074418545,12.01554585,10.51859951,555.5933228,114.701889
5668,4970,18.66703415,28.47852516,50.52017212,0.039416157,7.113384724,12.02617359,10.65098095,553.7332153,116.5045013
5669,4971,19.8479538,28.49089813,50.29125214,0.033941988,7.078715324,12.02914333,10.41389179,556.899353,114.2286987
5670,4972,19.48357582,28.50072098,50.25246811,0.034617737,7.044045448,12.02309036,10.50366592,556.4830322,114.5486298
5671,4973,19.3855114,28.50992966,50.04815674,0.036770321,7.017386436,12.01703644,10.44336128,557.8369751,113.807312
5672,4974,20.99054718,28.51083374,49.82109833,0.039136261,6.997653961,12.01691055,10.29075527,559.7333984,112.0024796
5673,4975,21.63460922,28.4772892,50.45072937,0.042383052,6.977921486,12.01784992,10.49122906,557.0737915,113.6777344
5674,4976,21.1366539,28.44374275,50.27856445,0.045629844,6.981854439,12.01705551,10.41712379,557.5961304,113.3997498
5675,4977,20.88672638,28.42900467,50.52194214,0.043284323,6.98772192,12.01063442,10.42952824,556.5216064,113.8476181
5676,4978,19.3335228,28.42774391,50.57087326,0.036942266,6.994179726,12.00421333,10.52454185,555.1503906,115.2050095
5677,4979,19.55794907,28.42648506,50.33803558,0.030600211,7.001933098,12.01990604,10.50293636,555.8688965,113.2904053
5678,4980,19.15426064,28.4211483,50.27323151,0.031122068,7.00968647,12.04893494,10.53477383,556.0562744,114.498848
5679,4981,18.08494186,28.41568756,50.21761322,0.03184351,6.829339504,12.07340622,10.4762001,556.5459595,114.4715271
5680,4982,35.42469788,28.41156769,50.18230057,0.033385001,6.588410854,11.73176193,9.718384743,567.2044067,101.3223267
5681,4983,36.77718353,28.40983963,50.0201416,0.036383424,6.444422245,11.3901186,9.617010117,569.2388306,99.32527161
5682,4984,36.61510086,28.40811157,50.0857811,0.039381843,6.445573807,11.21968842,9.696749687,568.2034302,100.2146988
5683,4985,36.08880615,28.41339493,50.25222397,0.036530737,6.512635708,11.30519199,9.769631386,566.6765137,101.51577
5684,4986,33.81671906,28.4210453,49.97258759,0.03171698,6.565349102,11.39069557,9.773337364,567.1622314,102.3972626
5685,4987,30.54051781,28.4290123,50.09681702,0.02769625,6.618062496,11.49011517,9.978145599,564.4307251,105.594017
5686,4988,31.07030678,28.43898964,50.55517578,0.028658124,6.629601955,11.59325027,10.01900291,562.9310303,106.1748352
5687,4989,28.40836143,28.44896698,50.43577576,0.029619997,6.633700848,11.65760994,10.21188259,560.9380493,108.3041229
5688,4990,33.96893692,28.44029045,50.09184647,0.032858089,6.611225128,11.54272938,9.785093307,566.7805786,102.8903046
5689,4991,35.89037323,28.41472054,50.67361832,0.038154539,6.502537251,11.42784882,9.91827774,564.7025146,102.934082
5691,4992,37.41119766,28.39325714,50.60054398,0.040549673,6.410655022,11.28303051,9.768214226,566.8421021,101.3637009
5692,4993,34.22885895,28.4002037,50.39537811,0.036872841,6.509716511,11.22401333,9.822569847,566.2612305,102.4739151
5693,4994,31.87213898,28.40332985,49.88700485,0.033621553,6.608778,11.42141724,9.854530334,566.9747314,102.6341858
5694,4995,27.52420425,28.39756393,50.45585251,0.031357069,6.553660393,11.65339375,10.16749668,560.8647461,107.9153595
5695,4996,29.76567841,28.39179993,50.27246094,0.029092586,6.489769936,11.73449707,9.985435486,563.7163086,105.7371674
5696,4997,35.88624573,28.37611008,50.12828827,0.033814117,6.419602394,11.40107822,9.699305534,568.2367554,99.85259247
5697,4998,39.16040802,28.35587502,50.39131927,0.041725345,6.33349514,11.06765938,9.64168644,568.4725342,99.31056976
5698,4999,40.41915131,28.33807564,50.29564667,0.048616238,6.247388363,11.0422821,9.608299255,569.4033203,98.16559601
5699,5000,39.39791107,28.35199547,50.06159592,0.042328995,6.31333971,11.18142128,9.549528122,570.3934937,97.69593048
5700,5001,34.86786652,28.3659153,50.18062592,0.036041748,6.457491875,11.32056046,9.751646042,566.5808716,101.8382263
5701,5002,30.2877636,28.37191391,50.11486053,0.03098214,6.599408627,11.50278378,9.960978508,564.4593506,104.5998077
5702,5003,29.2145443,28.36848831,50.29938507,0.027380887,6.582036018,11.68540001,10.01918602,562.4749146,106.2937927
5703,5004,27.22380638,28.36506462,50.34300613,0.023779634,6.564663887,11.70347977,10.20434189,560.8770752,108.5682373
5704,5005,33.92585373,28.35221481,50.34005356,0.03096276,6.502558708,11.44894218,9.827602386,565.520813,102.8211365
5706,5006,40.09253693,28.33161354,50.45501709,0.045677587,6.243706703,10.80438614,9.680787086,567.8278809,99.05996704
5707,5007,39.6213913,28.35503578,50.36699295,0.038636707,6.052723408,10.37190247,9.617016792,569.367981,97.91930389
5708,5008,33.23740387,28.37845993,50.20694733,0.031595826,6.452831268,10.72904587,9.865120888,565.1495361,103.98983
5709,5009,29.33392525,28.39827538,50.62552261,0.02746499,6.5917449,11.2700367,10.10816097,561.5881348,107.6581497
5710,5010,27.98396301,28.41580963,50.11435699,0.02517559,6.730659008,11.69135094,10.12919331,562.1434937,106.9918518
5711,5011,27.28732681,28.43334389,50.42241287,0.022886192,6.655208111,11.5350399,10.25237179,560.3496094,108.9969025
5712,5012,32.89387512,28.43633842,50.13069916,0.028935077,6.539301395,11.37872887,9.856953621,566.552063,103.2764969
5713,5013,34.98196411,28.43929863,50.2750473,0.035001796,6.450901508,11.31363487,9.805047989,566.6671753,102.2154617
5715,5014,36.40126419,28.43450737,50.38072205,0.034564503,6.462236881,11.3286972,9.821728706,566.602417,101.422081
5716,5015,32.86513138,28.42972183,50.22975922,0.031543005,6.518223763,11.40381145,9.876166344,565.31073,103.2067184
5717,5016,29.79239655,28.42495918,50.38290405,0.027686734,6.608335018,11.48307514,10.02910805,563.1738281,106.0898972
5718,5017,27.70836067,28.42020035,50.09772873,0.023578579,6.698446751,11.432271,10.08616924,562.5759888,106.8630066
5719,5018,25.35897636,28.41532135,50.15770721,0.021381184,6.428215504,11.09888649,10.20135117,560.1538086,109.15625
5721,5019,36.23151779,28.40420723,50.54668808,0.038063716,6.555951118,11.36847401,9.809053421,565.8157959,102.0948029
5722,5020,37.47968292,28.39628029,50.33297348,0.039987054,6.493183136,11.32695675,9.755224228,567.5510254,101.0091324
5723,5021,36.56057358,28.38632202,50.03166962,0.036419921,6.452367783,11.21901894,9.644534111,568.5791626,100.0721741
5724,5022,33.27599716,28.37636566,50.32266235,0.032852784,6.44671154,10.94118404,9.899065018,565.3170776,103.4106522
5725,5023,28.27049446,28.36618042,49.94316101,0.028337972,6.473701477,10.77111626,9.38250351,566.3686523,99.05031586
5726,5024,27.26294327,28.3559761,50.36882401,0.023745608,6.45212698,11.18324375,10.16961861,561.3794556,107.4190903
5727,5025,25.36131477,28.34776497,50.47073746,0.023047127,6.672426224,11.54869366,10.29548931,558.6251831,109.6191711
5728,5026,23.07547188,28.34399414,50.02412033,0.031026859,6.892724991,11.91414356,10.19286919,555.3265381,109.2203293
5729,5027,36.83151627,28.34022522,50.09837723,0.039006591,6.577394962,11.8391571,9.76318264,567.4186401,101.2231445
5732,5028,21.37339973,28.32565498,50.13043594,0.03573947,6.493433952,10.96401978,9.0679245,567.7580566,97.64180756
5733,5029,33.07274246,28.32454681,50.61245728,0.029703621,6.244061947,11.04999542,9.964504242,563.5751953,103.6519012
5734,5030,28.62191391,28.32343864,50.09451294,0.023667773,6.450716972,11.32758236,9.987887383,563.3912964,106.0816345
5735,5031,28.14527512,28.33102608,49.80841446,0.024560172,6.657371521,11.6051693,10.01706791,563.9702759,105.4144974
5736,5032,32.91337204,28.3486042,49.7353096,0.033403069,6.680983067,11.53108692,9.729415894,567.7556152,101.5710297
5739,5033,37.57882309,28.37425232,50.51177216,0.040407896,6.619360924,11.60183811,9.782520294,566.675354,101.059433
5740,5034,34.59779358,28.37732315,50.64600372,0.0379542,6.67983675,11.7966814,9.93198204,564.4382935,103.9395065
5742,5035,28.90728378,28.3842907,50.29256439,0.028197449,6.788434029,11.66538239,10.089571,562.3399048,106.9180374
5743,5036,29.87457275,28.39319229,49.92648697,0.029818445,6.621006966,11.5383749,9.884501457,565.5926514,104.539032
5744,5037,21.58874321,28.40538788,49.94587326,0.035398621,6.613680363,11.21514416,10.28826523,559.2745972,111.7920303
5747,5038,37.21340561,28.42321014,50.31446075,0.035288714,6.437049389,11.26593494,9.792341232,567.1923828,101.2478333
5748,5039,32.62015915,28.43204689,50.25963593,0.031939629,6.566218376,11.44745922,9.923073769,564.6055298,104.479599
5749,5040,28.63176537,28.45016479,50.48425674,0.02776582,6.673079491,11.60604191,10.23881912,560.8918457,108.2205505
5750,5041,27.29893875,28.46828461,50.20198059,0.02359201,6.779940605,11.7646246,10.16164875,561.7012939,107.9409256
5751,5042,24.87203789,28.48016167,50.30501938,0.026202939,6.769284248,11.85852242,10.32638931,559.7659912,110.0994949
5752,5043,21.03723907,28.49025154,49.83486938,0.030763488,6.70443058,11.92737198,10.35714912,559.9767456,112.0153275
5754,5044,21.377491,28.46939087,50.01896286,0.035121333,6.791646004,11.98001766,10.4081049,558.3904419,112.3132706
5755,5045,21.21613693,28.44418907,50.69542694,0.035582785,6.940660477,11.97199345,10.49567413,555.7258301,114.0740051
5756,5046,19.13361549,28.43506241,50.32709885,0.032942399,7.048627853,12.00564194,10.54649639,555.6590576,114.8097916
5757,5047,17.37028313,28.43919373,50.74131012,0.027733134,7.081662655,12.08240509,10.73722267,552.5949707,117.4773865
5758,5048,16.54378128,28.44332314,50.40749741,0.022523871,7.114697456,12.1591692,10.67477036,554.1474609,116.6466599
5759,5049,16.05069733,28.45182991,50.27996445,0.026740262,6.950238228,11.85049248,10.61762905,553.8494873,116.7692871
5760,5050,19.15712738,28.4606514,50.01970673,0.031642854,6.716066837,11.48759937,10.41837215,558.0473633,112.9128952
5761,5051,35.10309982,28.4617424,50.32868576,0.034987133,6.146712303,10.42230034,9.820942879,566.2683716,102.5329361
5762,5052,37.39131546,28.44629097,50.24155807,0.034984551,6.243432045,11.20727921,9.800798416,567.4091797,100.8059845
5763,5053,35.52628326,28.45403671,49.91903305,0.036282472,6.149452686,10.54282761,9.764820099,568.192749,100.9653473
5764,5054,22.2456913,28.43450546,50.29551697,0.038362484,6.994119167,11.26853085,10.36390686,557.8231812,112.1943359
5765,5055,21.79139137,28.41497612,50.57289505,0.040442497,6.996737003,12.0452919,10.38654232,557.116272,113.3448334
5766,5056,20.71821976,28.41908836,50.21084213,0.035640042,6.999354839,12.04441547,10.4067688,557.836792,113.1480865
5767,5057,19.76184845,28.42703819,50.31838226,0.029719319,7.01140213,12.04353809,10.44053364,556.6195068,114.1701202
5768,5058,18.51099205,28.4350071,50.58408737,0.02654594,7.036270142,12.0087328,10.59652042,554.7993164,115.6213989
5769,5059,17.66721725,28.44303894,50.14038467,0.031714767,7.06113863,11.96136856,10.47430325,556.2565308,115.1455154
5770,5060,20.70760155,28.45107079,50.22046661,0.036883596,7.023508072,11.91450977,10.30576611,557.7186279,111.6900482
5772,5061,22.08681297,28.43027115,50.37152863,0.041599311,6.955518723,11.89958096,10.40993977,557.085144,112.7689285
5773,5062,21.76497078,28.43524361,50.13880157,0.03797191,7.01783514,11.99316311,10.35651588,558.6029053,111.6971893
5774,5063,20.02873421,28.44021416,50.04290009,0.034344513,7.080151558,12.08674526,10.43973541,557.4747314,113.1225967
5775,5064,18.72524261,28.43874741,50.6720314,0.029754693,7.112808704,12.13560867,10.6022768,554.3444824,116.0215225
5776,5065,17.66208076,28.43661308,50.0788269,0.02506501,7.141817093,12.1798315,10.51170444,556.3592529,114.9202957
5777,5066,18.26831627,28.4392662,50.17760468,0.024387514,7.149338722,12.20271015,10.55282402,556.1271362,114.5896759
5778,5067,21.02911758,28.45338631,50.37210464,0.033312209,7.094355583,12.16355324,10.44123745,557.8991699,113.2775497
5779,5068,21.41728401,28.46750641,50.1738472,0.042236906,7.039372444,12.12439728,10.42313766,558.2936401,112.6892471
5780,5069,22.48504066,28.46751213,50.4403038,0.043736272,7.023414612,12.06607723,10.36491299,557.7338257,112.868782
5781,5070,21.8510704,28.46097565,50.33734131,0.041791689,7.029001236,11.99719334,10.40663242,557.3273315,112.2008591
5782,5071,20.51608086,28.45440483,50.29219437,0.039534748,7.034587383,11.9346962,10.4939127,556.9117432,113.3509064
5783,5072,18.17441368,28.4473896,50.15299988,0.033243358,7.077205181,12.05745125,10.5636034,555.9974976,114.7037277
5784,5073,17.11432457,28.44037437,50.33722305,0.026951971,7.119905949,12.18020725,10.57413006,554.7924194,116.5531998
5785,5074,17.176548,28.43651581,50.41605759,0.028439309,7.129653931,12.22297478,10.61968422,554.225769,116.5365372
5786,5075,20.48791313,28.43635368,49.9632988,0.039042071,7.087072372,12.15610695,10.34866333,558.8468628,112.3663788
5787,5076,21.96210289,28.43619156,50.51661301,0.049644835,7.044490814,12.08923817,10.42027283,556.6607056,113.6482162
5788,5077,22.50774574,28.33601189,50.35588837,0.045087762,6.891862392,11.93688774,10.37126064,558.2047729,111.6378326
5789,5078,20.87037468,28.33613968,50.28670883,0.038087171,6.942656994,11.99110317,10.40414715,557.0858765,113.5937195
5790,5079,19.56233215,28.33297157,50.61781311,0.032628115,6.932564735,11.97391891,10.55612564,554.7452393,115.0522156
5792,5080,28.43273354,28.31135178,50.22612,0.028859116,6.620807171,11.60835552,10.119524,562.2033691,106.6577911
5794,5081,23.31135178,28.26439857,50.38103867,0.047307648,6.563272953,11.58966827,10.27480507,558.7099609,111.4316406
5796,5082,23.11821365,28.25871849,50.39387131,0.047705732,6.942724705,11.83324623,10.26094723,558.1378784,111.2356949
5798,5083,18.15629768,28.28966904,50.05747604,0.031892095,6.991787434,12.00642967,10.42991829,556.0936279,113.9977875
5799,5084,31.93120003,28.30089378,49.90480042,0.028403014,6.850255489,11.89842224,9.815092087,565.7128296,102.9898148
5800,5085,27.36668777,28.31212044,50.56167603,0.024913933,6.708723545,11.79261208,10.20533943,559.5900269,108.5063171
5801,5086,33.25807953,28.31324196,50.02073288,0.032132044,6.577308178,11.74319458,9.762940407,566.8190918,101.999527
5802,5087,39.38226318,28.3126564,50.50344467,0.041162096,6.463808537,11.69377708,9.635017395,567.7364502,99.38419342
5805,5088,21.15452957,28.34687996,50.22628784,0.036981177,7.004740715,11.8515358,10.29322529,558.3223877,111.7852173
5806,5089,20.08233643,28.35884476,50.17372894,0.032700863,7.034734726,11.96635246,10.41483021,557.8787842,112.735466
5807,5090,18.22924805,28.36878395,50.14683914,0.028784601,7.018665791,12.08556747,10.48803711,556.1335449,114.1118546
5808,5091,17.60699844,28.37849426,50.02975464,0.025151921,7.000109196,12.14284515,10.43836975,556.5109253,114.6718597
5809,5092,22.20651817,28.3775692,49.9798317,0.034999739,6.807228088,12.05230236,10.25493526,560.2004395,111.0650177
5810,5093,23.27859306,28.37664413,49.94035339,0.044847559,6.670659542,11.96175861,10.19145679,560.5577393,110.1901245
5811,5094,24.30200386,28.3795414,50.30838394,0.048966363,6.787848949,11.95113087,10.29535389,559.4532471,110.524292
5812,5095,23.71669197,28.38794518,50.15128708,0.044802364,6.905038357,11.98142147,10.30915356,559.4864502,110.8828964
5813,5096,21.75429344,28.39634895,50.41393661,0.040638365,6.959760189,12.01485729,10.42148781,556.6541748,113.2107391
5814,5097,19.58295631,28.39798355,50.15530014,0.034651987,7.0135355,12.1083622,10.44123745,556.706604,113.4836426
5815,5098,16.7262764,28.39790344,50.32552719,0.028202845,6.968174934,12.20186615,10.59677792,554.6183472,116.0497131
5816,5099,17.28881073,28.39583969,50.55853271,0.024964504,6.756724834,12.06084442,10.59257793,553.8271484,116.6547089
5817,5100,21.47402382,28.38508797,50.07378387,0.035812564,6.545274734,11.61937618,10.27308941,558.718811,111.7140427
5818,5101,38.99573517,28.37433624,50.00143051,0.046660621,6.432430267,11.17790794,9.605541229,569.4406738,99.08055115
5819,5102,43.38184357,28.36590576,50.09172821,0.049130641,6.358091831,11.13052654,9.369620323,573.1774292,94.9604187
5820,5103,40.70946884,28.35919571,50.54607391,0.045388035,6.301029682,11.16583252,9.659542084,568.2422485,99.14395905
5821,5104,37.11804962,28.35248756,50.63267517,0.04164543,6.387310982,11.22558212,9.748857498,565.9122314,101.0671844
5822,5105,34.93629456,28.348032,50.45480728,0.036713693,6.473591805,11.37459183,9.82857132,565.6766968,103.1268921
5825,5106,33.87028122,28.3361187,50.5799675,0.038555596,6.399795055,11.25175953,9.906921387,564.3729248,103.4651947
5829,5107,23.01844025,28.27033997,49.96521378,0.042008892,6.793657303,11.70480061,10.18241787,560.0496826,110.0864105
5831,5108,19.71137238,28.28941536,50.46715927,0.030108416,6.951407433,11.92748356,10.44023705,556.0059204,113.8135452
5832,5109,18.90340042,28.3022995,50.49493027,0.030702448,7.022054672,11.92040443,10.45474148,555.5667725,114.4771271
5833,5110,21.35872269,28.32007599,49.95156097,0.03742104,7.039648533,11.8768425,10.244771,559.1220703,111.0579605
5834,5111,22.53822327,28.33785248,50.31389618,0.044139631,7.011556625,11.84148121,10.28807163,558.7050781,111.8544769
5835,5112,23.04345703,28.34403801,50.63385391,0.042554714,6.993417263,11.86533833,10.3353014,557.2125244,112.3334198
5836,5113,22.83833313,28.34723091,50.31828308,0.040096018,6.975543499,11.88919544,10.37096786,557.8214722,111.8594437
5837,5114,19.82801056,28.35226059,50.14493179,0.036794394,6.98201561,11.97090626,10.42336273,556.9926758,113.3638535
5838,5115,18.15337372,28.36548996,50.49931717,0.031461541,7.037730694,12.11644077,10.61416626,554.4608765,115.6927338
5839,5116,16.91945267,28.37871933,50.12026215,0.026128683,7.093445778,12.26197624,10.51991653,555.3184814,115.2300797
5840,5117,15.82403755,28.39403152,50.4072876,0.029587474,6.877040386,11.84876347,10.64904594,553.638855,117.4126892
5841,5118,35.91314697,28.41090393,50.03125,0.037148289,6.611048698,11.34769726,9.737085342,568.1779175,100.3652878
5842,5119,38.55508423,28.42777634,50.58756256,0.044148978,6.412576675,11.07421017,9.784818649,566.8112793,100.9494324
5843,5120,40.39155197,28.42036819,50.20167542,0.043737456,6.214104652,11.47512436,9.600676537,570.1376343,97.94234467
5844,5121,21.20800209,28.41194725,50.43857574,0.043325938,6.669281006,11.8760376,10.52040863,555.833374,114.2587204
5845,5122,20.09228325,28.40911865,50.3569603,0.039855298,6.684200287,11.92073441,10.47791576,556.7678223,114.3141251
5846,5123,31.77507019,28.4167614,50.39213181,0.03277405,6.691604137,11.75017452,9.960997581,563.9031372,104.8045273
5847,5124,30.41934586,28.42440414,50.27027893,0.025692802,6.68723774,11.58011627,10.00568199,563.8291016,105.2313614
5848,5125,28.32570457,28.43282127,50.65320969,0.03065954,6.682871819,11.45209312,10.25588608,560.2053833,109.1776047
5849,5126,33.46429825,28.44151878,50.09949493,0.037799388,6.539898396,11.32406902,9.88764286,566.2674561,102.6302567
5850,5127,39.05264282,28.44677162,50.40504456,0.04357573,6.357399464,11.23852444,9.744095802,568.0292969,99.58135986
5851,5128,41.27125168,28.42789078,50.52352524,0.044923645,6.22010994,11.21660519,9.566300392,569.0376587,98.33924103
5852,5129,40.88611984,28.40900993,50.44236755,0.046271555,6.343034744,11.19468594,9.627808571,568.7601929,98.17525482
5853,5130,35.99932098,28.39858818,50.09515762,0.04117747,6.465959549,11.2660656,9.722788811,568.1994629,100.3355484
5854,5131,31.40675163,28.39618683,50.2373848,0.032197826,6.570778847,11.36241913,9.983373642,564.5501709,103.9654007
5855,5132,28.91971779,28.39378548,50.66305542,0.023439717,6.659928322,11.43807697,10.1782465,560.4299316,108.7247696
5856,5133,25.65497398,28.38993645,50.23075104,0.033219617,6.749077797,11.41751194,10.18154716,559.9087524,109.7767715
5858,5134,24.01232338,28.37263107,50.70546341,0.049891286,6.502149105,11.45918655,10.28184223,553.3674316,109.371048
5859,5135,24.98041916,28.33659554,49.59659576,0.052458651,6.639043331,11.4157114,10.02121544,563.0026245,107.8861542
5860,5136,23.79466057,28.30055809,50.5546608,0.055026017,6.666679382,11.3310318,10.28060818,557.9919434,111.598793
5861,5137,36.86061859,28.29005432,50.19354248,0.048156079,6.531489372,11.2463522,9.667842865,567.8626709,100.4656448
5862,5138,35.42084503,28.29165268,50.58259583,0.038759138,6.547047138,11.26179028,9.837792397,565.6101685,101.8522797
5863,5139,32.19562149,28.29316139,50.18242264,0.032487109,6.562604904,11.35441303,9.820069313,565.4275513,102.971138
5864,5140,29.6589241,28.29335403,50.51725006,0.040906955,6.535449505,11.44703484,9.985565186,562.2166748,106.1466064
5865,5141,39.96956635,28.29354668,50.22716904,0.049326804,6.467408657,11.55014038,9.46122551,570.7699585,96.79341888
5866,5142,24.91091728,28.28034973,50.54053879,0.055109631,6.60324192,11.65379906,10.26421547,558.8029175,110.4137802
5867,5143,24.95238876,28.25078011,50.09549332,0.058826923,6.745191097,11.7532692,10.13708591,560.503479,108.318306
5868,5144,24.2581768,28.22121048,50.28336334,0.062544219,6.853731632,11.84426498,10.18378544,559.6709595,109.9114304
5869,5145,21.80924988,28.2276001,50.09152603,0.053904112,6.893709183,11.93525982,10.23637581,559.1811523,111.2519379
5870,5146,21.02674484,28.24107742,50.50393677,0.044555508,6.933686733,11.83450031,10.33139133,556.9428711,112.4309311
5871,5147,21.01431465,28.25400734,49.97088242,0.040359832,6.763083935,11.65767384,10.2551136,558.8345337,111.0440826
5872,5148,31.77673531,28.2650013,50.25616455,0.046576492,6.507658482,11.50515366,9.871704102,564.3808594,103.6034164
5874,5149,24.70838547,28.27269173,50.4539032,0.056456126,6.618424416,11.6321907,10.19897652,559.4602661,109.5388107
5875,5150,25.21222687,28.2600956,50.57550812,0.059107855,6.720944881,11.56074524,10.26378632,558.5656128,110.5727463
5876,5151,24.70861244,28.24749947,50.27378082,0.060534958,6.652727604,11.33591652,10.18809509,560.1716309,109.5374222
5877,5152,22.83307648,28.26295471,50.21709061,0.051161014,6.564212322,11.24022293,10.25966549,559.5362549,110.3438339
5878,5153,21.46417618,28.27864456,50.32847595,0.041787073,6.637499332,11.20314121,10.37001228,557.7628784,112.0493317
5880,5154,19.967453,28.29607582,50.49391556,0.045033272,6.777989388,11.40170288,10.43350601,556.1843262,113.4913559
5881,5155,23.34718704,28.30163574,50.41243744,0.050446924,6.766285419,11.626647,10.27296925,558.5299683,111.0399628
5882,5156,25.22304344,28.27864265,50.33679962,0.057634454,6.754581451,11.40304947,10.17848587,560.1298218,109.9277802
5883,5157,26.13918495,28.2245388,49.93014145,0.066993497,6.79842186,11.44523907,10.04841328,561.6741333,107.8479462
5884,5158,23.87021255,28.2586956,50.4237709,0.053022809,6.793569088,11.68484592,10.26739883,558.4331055,110.8650513
5885,5159,21.57709885,28.2928524,50.5991478,0.039052121,6.861136436,11.89396286,10.4320364,556.3708496,113.0824661
5886,5160,21.06304359,28.3170948,50.07847214,0.035268467,6.928704262,11.82340622,10.33285999,558.6049194,111.4190445
5887,5161,21.16493034,28.33263206,50.55813217,0.037133299,6.726865768,11.75284863,10.40431499,556.7393799,112.7967529
5888,5162,23.62520218,28.34816933,50.21493149,0.039097242,6.484539032,11.72816086,10.13734436,560.3915405,109.8323593
5889,5163,24.59516335,28.32950783,50.26161575,0.044484038,6.728948116,11.75258827,10.25079155,559.3996582,110.3890762
5891,5164,24.35750771,28.29540634,50.36984253,0.049867768,6.789259434,11.6293087,10.24144363,559.5223999,110.0875702
5892,5165,21.82351112,28.30481911,50.39864731,0.042220082,6.932186127,11.45509148,10.31276798,557.6740723,112.636734
5893,5166,33.70385361,28.31423187,50.14748764,0.0345724,6.87472105,11.31963539,9.815950394,566.4542236,101.9083939
5894,5167,27.20396996,28.3248558,49.85297394,0.035493918,6.751487732,11.29925823,9.936469078,563.8494873,105.6548691
5895,5168,30.14692688,28.33602715,50.54547119,0.03857461,6.603820801,11.27888107,10.06165981,562.1478882,105.9529724
5896,5169,36.7146759,28.34511948,50.50283051,0.041849524,6.42218399,11.1900425,9.736991882,566.725769,101.1861801
5898,5170,42.3643074,28.31021118,50.10286331,0.050122205,6.289329529,10.94060612,9.485403061,571.8366089,95.47678375
5899,5171,40.16152573,28.30795288,50.08485413,0.048450887,6.394618988,11.10372448,9.519680023,570.3410034,97.42803192
5901,5172,33.9000473,28.33938026,50.54735565,0.03632414,6.523587227,11.47458935,9.900147438,564.4384155,103.1117096
5902,5173,30.33916092,28.34610176,50.05236816,0.036324408,6.560200214,11.74735451,9.8751297,564.9918823,104.082283
5903,5174,19.94248581,28.35115051,50.63969803,0.036613155,6.664892673,12.02012062,10.48637009,554.9954224,113.8685074
5904,5175,22.64788246,28.35094643,49.75947571,0.038646631,6.819979191,11.44757748,10.16985893,561.1887817,109.6823349
5905,5176,23.44096947,28.33295631,50.31899261,0.044076972,6.8100667,11.06506634,10.27053165,559.0186768,110.9944305
5906,5177,24.19422913,28.3149662,50.22977448,0.049507312,6.698945999,11.35251331,10.2369194,559.9065552,110.3062744
5907,5178,23.95001411,28.31938744,50.45742798,0.046208438,6.797256947,11.61550045,10.22719383,558.6606445,110.917244
5908,5179,22.2197094,28.33793449,50.19865036,0.039590601,6.895568371,11.87848663,10.26319027,559.5025024,110.8188629
5909,5180,20.52810669,28.35648346,50.27619934,0.033673417,6.94777298,11.9783392,10.40431786,557.2523193,112.1750336
5910,5181,19.28887749,28.38137054,50.02664948,0.033423647,6.990026474,12.0539856,10.37712955,557.5688477,112.9917145
5913,5182,23.02362251,28.42106438,50.58858109,0.04132228,7.014474392,11.19889641,10.38333893,557.5290527,112.4855347
5914,5183,23.20500755,28.42067337,50.12466431,0.0468559,7.001907349,11.9004221,10.275177,559.4712524,110.6862717
5915,5184,23.01383781,28.44462585,50.36284637,0.042589407,6.989339828,11.95708847,10.36689377,558.2595215,111.8762741
5916,5185,21.4286747,28.47587776,50.32918167,0.036996804,7.008467197,12.01375389,10.41491413,557.7753296,113.030571
5917,5186,19.5942955,28.50427055,50.52470016,0.032190315,7.03711319,12.08110332,10.53791618,555.6497192,114.9751434
5918,5187,18.27545166,28.51701546,50.49652863,0.029548565,7.054683208,12.15474701,10.58742905,554.9794312,115.3467102
5919,5188,17.56498146,28.52976036,50.64478683,0.026906814,7.011538982,12.22501469,10.65284252,553.5975952,116.6612473
5920,5189,21.16966629,28.52017784,50.04312134,0.031968854,6.968395233,12.06552601,10.35339928,558.9578247,111.644989
5921,5190,22.40041542,28.49157143,50.31087112,0.041149218,6.937151432,11.90603733,10.41869545,558.0907593,112.2913895
5922,5191,23.30399895,28.46296692,50.52954865,0.04971702,6.917198658,11.86258888,10.37324619,557.6119995,112.2205582
5923,5192,22.35174561,28.46169853,50.48894501,0.042366952,6.897245884,11.99328041,10.3795042,557.2589722,113.0731659
5924,5193,20.28579712,28.46263123,50.20899582,0.035016887,6.951188087,12.12397194,10.49038124,557.1154785,113.6282959
5925,5194,18.64350319,28.45911407,50.54232407,0.029722601,7.013490677,12.0642128,10.55121136,554.7203979,115.5984573
5926,5195,17.47824478,28.44572258,49.96399307,0.027240183,7.013832569,11.95234299,10.51360321,556.4306641,114.2453079
5927,5196,27.14136887,28.43233299,50.6520462,0.024757765,6.85779047,11.84926605,10.30434704,559.2848511,109.4340897
5930,5197,24.98908424,28.34009552,50.43135071,0.056027416,6.88557148,11.39496422,10.25681877,559.0714111,110.5023422
5931,5198,22.84650803,28.34288788,50.22844315,0.048332267,6.881550312,11.63422489,10.2634449,558.7626953,111.3077316
5932,5199,21.63764572,28.34212112,50.43705368,0.042003717,6.877528667,11.86381435,10.33313465,557.3050537,112.8966522
5933,5200,20.11637115,28.33728981,50.0556221,0.036671624,6.844810486,11.85187435,10.37613201,557.869873,112.3822479
5934,5201,20.31439781,28.33245659,50.47292328,0.03133953,6.808062077,11.8399334,10.40516949,556.2153931,113.3268585
5935,5202,24.87578011,28.31287956,50.01686859,0.04358745,6.773350239,11.81549644,10.11185837,561.2750854,108.0888672
5936,5203,25.98329163,28.29074478,50.15089417,0.056501083,6.744362831,11.7740593,10.07067776,561.628479,108.2065887
5937,5204,26.65045166,28.27539825,50.46494675,0.06226309,6.7153759,11.7326231,10.11472034,560.1420898,108.4130707
5938,5205,25.74874115,28.28183556,50.09383774,0.05465202,6.770389557,11.80573654,10.01904869,562.0488892,107.8100662
5939,5206,24.12282944,28.28827477,50.1762085,0.047040951,6.871090889,11.90591526,10.13702583,560.5843506,109.7910385
5941,5207,19.43439484,28.29975319,50.09943008,0.035583314,6.927453518,11.93850231,10.3464756,557.8078003,113.0859146
5943,5208,22.92210197,28.297575,50.65816116,0.046533316,6.765407085,11.69569874,10.32621765,557.4208984,112.2929459
5944,5209,24.35655975,28.28992271,49.91292191,0.060609136,6.528149128,11.37560844,10.14171314,561.0194092,109.0847778
5945,5210,24.93502808,28.28570366,50.21443176,0.065201625,6.580751896,11.24128914,10.23734379,559.5983887,109.878479
5946,5211,24.55859947,28.28678322,50.62608337,0.060461931,6.737996578,11.56364346,10.29197693,557.7575684,111.1657867
5947,5212,22.76039505,28.28786087,50.47776413,0.055722229,6.895240784,11.88599873,10.28957748,557.68573,111.9999237
5948,5213,22.0608387,28.29190063,50.38611221,0.045743737,6.976151943,12.05231571,10.33282375,557.5562744,112.3002548
5949,5214,18.47125816,28.29678345,50.05789948,0.035112802,7.02507019,12.16210747,10.32066917,557.2016602,113.1590271
5950,5215,18.46639633,28.30097389,50.09783554,0.030815607,7.063174248,12.24355793,10.45414257,556.3691406,113.4349594
5951,5216,22.1573143,28.30164528,50.27307892,0.043259241,6.992338181,12.11572933,10.32119942,558.7443848,111.4329834
5952,5217,23.65899086,28.30231667,50.45749283,0.055702876,6.921501637,11.98790169,10.36453247,557.949646,112.2231369
5953,5218,23.32221794,28.30562782,50.60726547,0.056442089,6.890979767,11.91747093,10.36595154,557.3872681,112.2004547
5954,5219,23.16812897,28.31110764,50.26940155,0.051152803,6.911253929,11.90338993,10.33980083,558.2053833,111.2260971
5955,5220,22.04045296,28.31658745,50.43740463,0.045882169,6.931527615,11.88930893,10.35512066,557.3925171,112.5964203
5956,5221,20.38768005,28.3113327,50.46822357,0.041002784,6.976766109,11.99769974,10.40385342,555.8835449,113.8718643
5958,5222,18.7945385,28.30175591,50.5836792,0.038076974,7.050364971,12.16089916,10.52294254,554.6153564,114.8526993
5959,5223,22.57411575,28.30339241,50.46536636,0.049052976,6.972296238,11.96436977,10.35645962,557.7260742,112.3069382
5960,5224,23.47313499,28.30502892,50.38962555,0.060028978,6.894227505,11.76784039,10.33744144,558.2127686,111.332756
5961,5225,23.75212479,28.29880142,50.61768723,0.057535693,6.883506298,11.73890877,10.33845329,557.6181641,110.8041992
5962,5226,24.11956215,28.28928566,50.45277405,0.052005522,6.918148518,11.79899311,10.23504925,558.5782471,110.9478149
5964,5227,21.05652046,28.27968597,50.57240677,0.038100768,6.977972507,11.99073029,10.4146204,555.7571411,113.800148
5965,5228,17.99919701,28.27882195,50.21331024,0.030202897,7.002987862,12.11973476,10.47155094,555.6206055,114.5308304
5966,5229,21.54607582,28.27822304,50.31006241,0.03339608,6.937340736,12.01761723,10.35129547,557.3168945,111.7813644
5967,5230,24.10613632,28.27791595,50.3194313,0.044396337,6.686805248,11.60035896,10.23808861,559.3968506,110.2596207
5968,5231,24.60936356,28.27760887,50.26898575,0.055396598,6.43626976,11.18309975,10.1323061,560.1052856,109.301033
5969,5232,23.85508728,28.27505493,50.53182602,0.053126086,6.622340679,11.46096516,10.27092934,557.6079712,111.3767776
5970,5233,23.72013855,28.2721405,50.52352524,0.050471265,6.835339069,11.78184032,10.25156116,557.8079834,110.9714508
5971,5234,22.0783596,28.27209663,50.42425919,0.047150623,6.928257465,11.91474247,10.35100651,557.348938,112.3035126
5972,5235,19.65324402,28.28086662,50.58551025,0.042631447,6.752995968,11.62983894,10.53756618,554.4138794,114.4476166
5974,5236,34.16059875,28.29458618,50.49908829,0.043107193,6.512883663,11.3107605,9.811862946,564.5292358,102.8481522
5975,5237,39.92915726,28.29730034,50.47174072,0.051404648,6.430028915,11.38627052,9.661838531,568.208313,98.35951996
5976,5238,23.83918381,28.29979897,50.4040947,0.058113318,6.777777672,11.55645657,10.26375198,558.6676025,110.993042
5977,5239,24.29778481,28.28914261,50.48428726,0.053964302,6.607567787,11.7583971,10.32055187,557.9215698,111.0859451
5978,5240,21.4219799,28.27901649,50.49781418,0.04389694,6.883227825,11.98156738,10.40984058,556.5684204,112.6845398
5979,5241,19.64328766,28.29623032,50.57810593,0.036298156,6.973259449,12.07613945,10.51081848,554.9091797,114.940361
5980,5242,18.90177917,28.31344414,50.59967804,0.028699374,7.059437752,12.17071056,10.54435921,554.6438599,114.9654999
5981,5243,27.36369514,28.32462883,50.51870346,0.037781585,6.773123741,12.02777672,10.23065853,559.8927002,108.0479736
5982,5244,23.18417549,28.33417702,50.00565338,0.048766129,6.610568523,11.86518002,10.17312145,560.1565552,110.0117188
5983,5245,23.93769646,28.33896446,49.8996048,0.056277979,6.446736813,11.77369118,10.17593288,561.1033936,109.0816269
5984,5246,24.60179901,28.32081223,50.18287659,0.054976214,6.935386658,11.84318352,10.17916965,559.5426636,109.7992706
5986,5247,20.95268059,28.30684662,50.26659012,0.048073962,6.943562984,11.77890682,10.33841038,557.508606,113.061409
5987,5248,19.41240883,28.32883263,50.11124039,0.040331539,6.88909626,11.55038834,10.38804913,556.8289795,113.1643219
5989,5249,30.37388802,28.36456871,50.38847351,0.042499017,6.635891914,11.56148434,10.04732132,562.3022461,105.7211685
5990,5250,21.54557991,28.37780952,50.27755737,0.051529206,6.692577362,11.77152729,10.33582497,557.9369507,112.4723587
5991,5251,23.1037159,28.38181114,50.253479,0.056467157,6.795429707,11.86254311,10.34444427,558.49646,111.4586945
5992,5252,23.63683128,28.36678314,50.04647827,0.056155223,6.888429642,11.77826214,10.2821188,559.180481,110.8939896
5993,5253,23.34068298,28.35175705,50.10272217,0.05584329,6.925260067,11.69398117,10.28823853,559.2019653,110.1732559
5994,5254,21.28336143,28.35736656,50.38887405,0.048118066,6.962090015,11.58991528,10.39668083,556.9321899,113.3460083
5995,5255,19.27240944,28.37130547,50.31874847,0.038805891,6.693048477,11.48058987,10.52277184,555.53302,114.7853775
5996,5256,30.3031826,28.38484955,50.0634613,0.032902449,6.750903606,11.4233532,9.904629707,564.6235962,104.2640533
5997,5257,29.0748024,28.39476395,50.19367981,0.039882548,6.880493164,11.61113167,10.02477646,562.7911377,105.891922
5998,5258,20.52898026,28.40467834,49.9304924,0.046862647,6.972794056,11.79891014,10.35759544,558.2302856,110.2492905
5999,5259,23.51094246,28.39397621,50.53895187,0.052736495,6.95792675,11.87485886,10.39664745,557.4349365,112.1229858
6000,5260,24.15834999,28.36122704,50.39125824,0.057856355,6.943059444,11.86325169,10.31654644,558.3040771,111.294426
6002,5261,21.81341553,28.32715034,50.599823,0.052488543,7.000325203,11.94110489,10.40401077,556.5429688,113.3097153
6003,5262,19.58920097,28.33058167,50.53119278,0.041679561,7.035470963,12.03632259,10.48933792,554.6123657,114.9399338
6004,5263,18.3869133,28.33198929,49.97621536,0.038284473,6.970003128,12.05261612,10.39067459,557.444397,113.2420425
6005,5264,17.84483147,28.32740974,50.34525681,0.047836006,6.904534817,11.90986061,10.54433632,554.7121582,115.5692215
6006,5265,24.35861588,28.32283211,50.38000488,0.057387542,6.652389526,11.7671051,10.2375946,559.1331787,110.0406799
6008,5266,26.41879463,28.2606144,50.10332108,0.064548291,6.528075695,11.70125008,10.07044125,561.5519409,107.700676
6009,5267,25.52582359,28.22445679,49.95628357,0.065383017,6.561693192,11.57835007,10.09157848,561.3404541,107.9957581
6010,5268,22.80871773,28.22411346,50.67247772,0.054016564,6.641000271,11.35422802,10.34718513,556.6972046,112.5169449
6011,5269,37.30693436,28.22377014,50.24721527,0.042650111,6.640274048,11.13010502,9.636872292,567.5926514,99.08175659
6012,5270,32.45998383,28.2253933,50.49185944,0.039394204,6.585927486,11.15624237,9.908602715,563.1508179,104.2446365
6013,5271,30.07318115,28.22986603,49.87239456,0.043660514,6.537095547,11.22160625,9.877587318,565.0215454,103.2078018
6014,5272,23.05914688,28.23433876,50.24338531,0.047926828,6.696834087,11.30768299,10.25702953,558.5004272,109.7013092
6018,5273,22.61283684,28.15538025,50.09758377,0.050944358,6.908809662,11.86930466,10.25436115,558.2949219,110.9869766
6020,5274,19.7275753,28.19871521,50.35285568,0.035091609,6.918884277,11.94835186,10.39351082,555.835083,112.9849319
6022,5275,22.11892319,28.24243546,50.53265381,0.044232033,6.871958733,11.87000751,10.31484318,557.0914917,112.1399231
6023,5276,23.99628067,28.22750854,50.57304001,0.051570706,6.837736607,11.87061119,10.31484604,557.6033936,111.3603897
6024,5277,24.1065712,28.21054459,49.90317917,0.058909379,6.803514957,11.87121487,10.11474514,560.9598999,108.0491409
6026,5278,22.81579971,28.25636482,50.34802246,0.047609922,6.879409313,11.93525982,10.25404167,558.3752441,111.4307556
6027,5279,19.88099098,28.29924011,50.54114532,0.036946055,6.911323547,11.96189022,10.43241978,555.3651123,113.7985916
6028,5280,19.59386253,28.32455063,50.13291168,0.038962595,6.922876358,11.90456867,10.37363243,556.7687378,112.7414169
6029,5281,19.1471386,28.34296227,50.16585922,0.043607283,6.934428692,11.84724712,10.42570305,556.4552002,113.2362976
6030,5282,24.07169151,28.35877609,50.22507858,0.048296377,6.920951843,11.79422188,10.22487736,559.0800781,109.7497406
6031,5283,24.35376358,28.35198212,50.49892426,0.0531491,6.895011425,11.74556923,10.25666523,558.4992065,110.9060211
6032,5284,24.31534386,28.34519005,50.11857986,0.05800182,6.871496201,11.69691753,10.24154186,559.6138306,110.4670105
6033,5285,24.05617142,28.3540802,49.9204216,0.054087631,6.891170979,11.74241543,10.16889477,560.5112915,109.9622879
6034,5286,21.3812294,28.37942505,50.47463989,0.044303708,6.910845757,11.80066109,10.42602253,556.6360474,113.5660629
6035,5287,20.42743683,28.4047699,50.26034164,0.03451978,6.938894749,11.8626442,10.41374302,556.5701904,113.445015
6036,5288,18.4998455,28.41213608,50.22665787,0.034790557,6.977662086,11.93492889,10.49605179,555.7002563,113.9427643
6037,5289,18.41951752,28.41689491,50.17425156,0.035222251,7.016429424,12.00721264,10.45896626,556.2495117,114.1195679
6038,5290,22.14369583,28.41116714,50.10342789,0.039378516,6.97586441,12.0118103,10.25169849,558.8095703,110.6188126
6039,5291,24.2391758,28.37540436,50.28553391,0.049897972,6.918363094,11.98020458,10.24017334,559.5964355,110.597374
6040,5292,24.93883324,28.33963966,50.36286926,0.060417429,6.880252838,11.95105553,10.27554035,559.4733276,110.1575699
6041,5293,24.23147011,28.33358383,50.27248764,0.056571446,6.915273666,11.98659515,10.2722578,559.0936279,110.3636551
6042,5294,21.51883698,28.34394646,50.38796997,0.048045572,6.950294018,12.02213573,10.32119942,557.5671997,112.489357
6043,5295,20.82750702,28.35414696,50.14097214,0.0404066,6.895756721,11.95317459,10.3875742,557.9973755,112.3071213
6044,5296,19.73279762,28.35902023,50.37810898,0.038221728,6.780269146,11.74102974,10.48136139,555.6869507,113.7681656
6045,5297,28.3130455,28.36389542,50.2166214,0.036036856,6.664782047,11.52888393,10.10037804,562.1619263,106.5986023
6046,5298,36.89678574,28.35240936,50.56275177,0.040807765,6.487615108,11.35270786,9.922593117,565.2506104,101.4419708
6047,5299,24.45067596,28.31782341,50.39875412,0.051864889,6.538797855,11.18511677,10.32482338,557.855896,110.8312988
6048,5300,44.88916779,28.28323746,50.46715546,0.062922016,6.359416485,11.06523895,9.469974518,570.6574707,95.23751831
6049,5301,38.86722183,28.2890625,50.52838135,0.045319758,6.322073936,11.21686459,9.710591316,567.3604736,100.1516418
6051,5302,32.9165802,28.2929821,50.23802948,0.034770086,6.500959873,11.44669628,9.899792671,564.3721924,103.73629
6052,5303,31.07287216,28.29141808,50.49649429,0.031913932,6.556319237,11.57341671,9.981322289,562.9935303,104.6984482
6053,5304,37.94050217,28.2760067,50.07719803,0.039789628,6.345004559,11.25087261,9.563465118,569.1737061,97.95869446
6054,5305,43.06433105,28.25016975,50.39718628,0.052682631,6.133689404,10.88992691,9.449638367,570.9831543,95.65715027
6055,5306,25.29949379,28.22687149,50.53717804,0.063040696,6.867235661,11.75239849,10.27715683,558.5211792,109.9543381
6057,5307,40.66347122,28.23338127,50.09124374,0.055749275,6.190048218,10.93032169,9.366250038,570.8540039,96.02240753
6058,5308,39.42227936,28.24051285,50.07540894,0.055930465,6.239171505,10.98870182,9.422593117,570.1310425,97.00115967
6059,5309,38.18108749,28.24764442,50.05957413,0.056111652,6.288295269,11.04708099,9.478937149,569.4080811,97.9799118
6060,5310,36.93989563,28.254776,50.0437355,0.056292843,6.337419033,11.10546112,9.535280228,568.6851196,98.95867157
6061,5311,35.69869995,28.26190758,50.0279007,0.05647403,6.38654232,11.16384125,9.59162426,567.9621582,99.93742371
6062,5312,34.45750809,28.26903915,50.01206589,0.056655217,6.435666084,11.22222042,9.647967339,567.2391968,100.9161835
6063,5313,33.21631622,28.27617073,49.99622726,0.056836408,6.484789371,11.28060055,9.704310417,566.5162354,101.8949356
6064,5314,31.97512436,28.28330231,49.98039246,0.057017595,6.533913136,11.33898067,9.760654449,565.7932739,102.8736954
6065,5315,30.73393059,28.29043388,49.96455383,0.057198782,6.583036423,11.39735985,9.816997528,565.0703125,103.8524475
6066,5316,29.49273872,28.29756546,49.94871902,0.057379972,6.632160187,11.45573997,9.87334156,564.34729,104.8311996
6067,5317,28.25154686,28.30469704,49.93288422,0.057561159,6.681283474,11.5141201,9.929684639,563.6243286,105.8099594
6068,5318,27.01035309,28.31182861,49.91704559,0.057742346,6.730407238,11.57249928,9.986028671,562.9013672,106.7887115
6069,5319,25.76916122,28.31896019,49.90121078,0.057923537,6.779531002,11.6308794,10.04237175,562.1784058,107.7674713
6070,5320,24.52796936,28.32608986,49.88537598,0.058104724,6.828654289,11.68925953,10.09871483,561.4554443,108.7462234
6071,5321,22.89795303,28.35845757,50.20026779,0.046309989,6.921077251,11.9183588,10.26428413,558.993042,110.5958252
6072,5322,23.72486687,28.32777786,50.26691055,0.051029786,6.968896866,11.95252991,10.27953434,558.4213257,111.2053528
6073,5323,22.19507217,28.29709816,50.23410797,0.055749584,7.016716003,11.98670101,10.3086977,557.8893433,111.5542908
6074,5324,20.53908539,28.28916168,50.17827988,0.045405414,7.036147594,12.05777359,10.36209106,556.9124756,113.1340561
6075,5325,17.38096237,28.284338,50.30502701,0.032999974,7.04464674,12.13544941,10.54681683,554.2263794,115.5138245
6076,5326,16.57623291,28.28495789,50.0035553,0.025798989,7.047923088,12.17521,10.51243877,555.1029053,114.6684265
6077,5327,15.17238331,28.30068016,50.27207565,0.033032786,7.007540226,12.07813835,10.60728073,552.6835327,117.3521194
6078,5328,21.05631447,28.31640434,50.09832001,0.040266585,6.967157364,11.9810667,10.29488182,558.0805664,111.9804306
6079,5329,23.13321686,28.30431938,49.97240829,0.047530081,6.946077347,11.94050789,10.22294903,560.043396,109.7641144
6080,5330,23.96284676,28.27728653,50.48440933,0.054809563,6.944927216,11.93732071,10.33030128,558.0526123,111.1169891
6081,5331,24.12334633,28.25173187,50.2430687,0.061420042,6.943777561,11.93413258,10.27453899,558.5871582,110.6677551
6082,5332,23.10336494,28.26591492,50.28533173,0.049747311,6.953922272,12.0097065,10.27697086,558.53302,110.8111496
6083,5333,20.75824547,28.28009987,50.21272278,0.038074575,6.965645313,12.08626652,10.34856987,557.6325684,112.4691086
6084,5334,20.19586563,28.29540825,50.50299454,0.035073869,6.903331757,12.09087181,10.43232822,555.805603,113.4123077
6085,5335,20.52334213,28.31226158,50.46538162,0.044026799,6.633177757,11.97440529,10.40203094,555.7052002,113.4408646
6086,5336,24.66259384,28.32911682,50.21365356,0.052979734,6.776334286,11.85793781,10.20775127,559.7322998,109.296608
6087,5337,24.87311935,28.32484818,50.07448578,0.056464061,6.772319317,11.83545303,10.15675735,560.6553345,108.8690643
6089,5338,24.47431564,28.31314087,50.22523499,0.058094829,6.790048599,11.86847305,10.19766808,560.1730957,109.811554
6090,5339,22.44465256,28.34021378,50.30525208,0.046119727,6.82930088,11.89114571,10.31194401,558.15979,111.6885223
6091,5340,21.52054214,28.36728859,49.9336319,0.034144625,6.868553638,11.91381836,10.26394558,559.2409668,111.340889
6092,5341,19.36139679,28.38608932,50.39906311,0.033804968,6.901278496,11.88362503,10.51067543,555.6558228,113.8684311
6095,5342,24.99471092,28.39025307,50.38889313,0.053878903,6.87173605,11.45003319,10.22368431,559.5795288,109.6691971
6096,5343,25.72711372,28.36610031,50.6810379,0.057170428,6.81115818,11.16524887,10.27327442,558.4521484,111.2093964
6097,5344,43.11476898,28.35297012,50.55900955,0.056165762,6.005236626,10.54117584,9.586543083,569.9926758,96.30463409
6099,5345,32.20211792,28.37549973,50.50619125,0.035121627,6.861588955,11.47068214,9.979103088,563.2523193,104.6773071
6100,5346,21.00004196,28.37792397,50.06544113,0.033790853,6.932314873,11.76868534,10.30516338,558.4626465,111.6364975
6101,5347,19.72860718,28.37654686,50.67932892,0.036413539,6.909842968,11.85505676,10.53029346,554.7081909,114.0861893
6102,5348,22.67066574,28.37174606,49.91096878,0.039608974,6.884121895,11.8640976,10.18921947,559.9889526,109.7126465
6103,5349,24.71530914,28.33131218,50.66148376,0.048760381,6.846891403,11.86791801,10.27415943,558.1260376,110.9175797
6104,5350,25.81776237,28.2908783,50.27119827,0.057911787,6.809660435,11.8338213,10.17139912,560.9290161,108.5991058
6106,5351,24.31240654,28.27575302,50.55366898,0.051357538,6.859034538,11.80128574,10.26897907,558.2404785,111.2094193
6107,5352,23.27538109,28.27985382,50.50405502,0.043673117,6.898775578,11.83719349,10.28831863,558.1601563,111.3683395
6108,5353,21.1857605,28.28934669,49.8788414,0.044247128,6.677986622,11.87310219,10.24092102,559.5342407,110.1075363
6110,5354,24.43372726,28.30075645,50.67667007,0.049447261,6.61380291,11.84732342,10.29852295,557.7763062,110.6253357
6111,5355,25.08083916,28.27451897,49.95981598,0.057122558,6.711253166,11.81911945,10.05929375,561.7481689,108.5207977
6112,5356,25.80114555,28.24828148,50.43373871,0.064797856,6.785769939,11.74708748,10.1952219,559.4731445,109.6380692
6113,5357,24.73810959,28.25243378,50.51999664,0.058643647,6.842475414,11.6750555,10.20976257,558.4553223,110.2383728
6114,5358,23.03240395,28.273592,50.27086639,0.04475642,6.899180412,11.44093227,10.20000839,559.80896,109.8659134
6115,5359,21.1269455,28.41870308,50.3146553,0.042615868,6.811098099,11.9845171,10.41640282,557.4126587,112.368515
6116,5360,19.07267952,28.43328094,49.97200394,0.039611876,6.951842785,12.069314,10.41769409,557.5889893,112.9633255
6117,5361,18.48271561,28.45366859,50.42691803,0.039417062,6.934806347,12.12925434,10.58538342,555.1876221,114.6281967
6118,5362,22.16767311,28.47286987,50.16778564,0.040045369,6.917276859,11.97849274,10.3410244,558.7675781,110.9143753
6119,5363,24.58386421,28.4519043,50.36102295,0.049618777,6.893929005,11.82773113,10.30811691,559.324585,110.3480988
6120,5364,24.82308578,28.43094063,50.47066116,0.059192184,6.87058115,11.77523327,10.25667858,558.7990723,110.7879639
6121,5365,24.68444061,28.42450714,50.22080231,0.059875753,6.874200344,11.82464695,10.34161568,559.3998413,110.9453278
6122,5366,22.30667114,28.43864822,50.36897278,0.050523318,6.909077644,11.87406158,10.34146023,557.9039307,112.4255371
6123,5367,20.75739861,28.45278931,50.0671196,0.041170884,6.943954945,11.94011879,10.31941509,558.0483398,112.3762054
6124,5368,20.05182266,28.45929527,50.22084427,0.038755115,6.95670414,12.00851917,10.44800568,556.5814819,113.6608047
6126,5369,20.89916229,28.46045494,50.15367126,0.038883168,6.964236736,11.9086256,10.43034649,557.7883301,112.2540207
6127,5370,23.70331383,28.42157364,50.68279266,0.0484787,6.933955669,11.78946209,10.41461182,556.659729,112.5317078
6128,5371,23.93174171,28.38269234,50.15999222,0.058074232,6.903675079,11.81149864,10.27631474,559.7263184,110.4615555
6129,5372,23.50125694,28.37055779,50.51136017,0.055414312,6.92100811,11.91047287,10.32254601,557.9312134,111.3839417
6130,5373,21.88746262,28.37861252,50.4580307,0.045428287,6.976396084,12.00838852,10.38893414,557.4044189,112.6970673
6131,5374,20.19145775,28.38666725,50.27081299,0.035523344,7.031783581,12.07497883,10.37822342,557.3452148,112.3186874
6132,5375,19.40491676,28.38705826,50.02682114,0.032782026,7.015526772,12.14156914,10.38581467,557.7686157,112.4721451
6133,5376,18.22891617,28.38708878,50.47893143,0.030040707,6.994783401,11.83425713,10.52433395,554.979187,114.8917999
6134,5377,21.31142807,28.37763977,49.79066086,0.032429196,6.605703831,11.00604725,10.26048565,559.7322998,110.6760635
6135,5378,23.82169914,28.34983063,50.18882751,0.042630833,6.856345654,11.64336872,10.22194958,559.4337769,109.9330978
6136,5379,24.79672813,28.32202148,50.33312988,0.052832469,6.867275238,11.86561012,10.27695465,559.229248,110.3000565
6137,5380,23.73515701,28.31800079,50.24231339,0.049670801,6.878204346,11.89509106,10.26488876,559.1962891,110.2413254
6138,5381,21.94807625,28.32296371,50.55099869,0.042773522,6.907709122,11.93424988,10.42003822,556.4849243,112.5437088
6139,5382,19.87142372,28.32810402,50.60627365,0.036902517,6.938897133,12.00125408,10.48388863,555.0540771,114.5643845
6140,5383,19.35163689,28.33464432,50.24043274,0.036147892,6.947402,12.06825829,10.43253803,556.5895386,112.9291382
6141,5384,18.5106926,28.34118462,50.55976105,0.035393268,6.902079105,12.02603245,10.50925064,554.588623,114.8142929
6142,5385,21.78437614,28.33610535,50.28417206,0.03995353,6.856756687,11.9232254,10.34904766,557.6186523,111.3706055
6143,5386,24.0461216,28.31923676,49.81176758,0.048819624,6.618251324,11.79058743,10.16134644,561.2481079,108.1293182
6144,5387,24.66441536,28.52153015,50.33935165,0.051624607,6.926374912,11.84551048,10.28564644,559.1013794,110.4789276
6145,5388,23.45396423,28.47748947,50.17324448,0.055042092,6.967724323,11.85256386,10.33052254,559.1625366,110.9271774
6146,5389,21.88988876,28.49041176,50.37358856,0.046289194,7.007390022,11.8632555,10.39958,557.8234253,112.4795761
6147,5390,20.58653259,28.50333214,50.55778122,0.037536301,7.039382458,11.9244566,10.49615288,555.9127808,114.0174484
6148,5391,18.85425568,28.51418877,50.41269684,0.032821454,7.071374416,11.98565769,10.53165627,555.3193359,114.315155
6149,5392,17.35528946,28.52179337,50.32139969,0.033198688,7.066038132,11.99736977,10.6019783,555.0918579,115.5968628
6150,5393,19.69599533,28.52939796,50.37653732,0.033575919,7.032285213,11.94986343,10.5538969,556.203125,113.9896622
6151,5394,22.31853676,28.50206566,50.41120911,0.040244356,6.998532772,11.9023571,10.4499855,557.2808228,112.2513199
6152,5395,23.27147293,28.46466827,50.12593842,0.048197128,7.003192425,11.95512676,10.33401966,559.034668,110.9493179
6153,5396,22.80320168,28.43521881,50.35796356,0.051898558,7.009612083,12.02651215,10.42059708,557.7641602,111.6651154
6154,5397,20.29018784,28.44605255,50.29269028,0.040442683,7.038311005,12.09589481,10.49847889,556.229187,114.0701752
6155,5398,17.91991425,28.4568882,50.48216629,0.028986806,7.109375477,12.158638,10.55451679,554.1818237,115.591568
6156,5399,16.47648811,28.4700222,50.10715485,0.026743175,7.180440426,12.22138119,10.61537552,554.4313354,116.3572998
6157,5400,16.00816727,28.48501587,50.11881638,0.03045724,7.114705563,12.14866352,10.65883541,554.512085,116.396431
6158,5401,19.60885048,28.50000954,50.21165085,0.034171306,6.999150276,11.99308109,10.46648312,556.4013672,113.8628387
6159,5402,22.73997879,28.48476791,50.1530304,0.039920863,6.903067589,11.83952522,10.34599972,558.7210693,111.6750336
6160,5403,23.2086544,28.46765518,49.97251892,0.045678817,6.947861671,11.91033745,10.23769283,560.1321411,110.4007721
6161,5404,22.6435051,28.4583683,50.46842957,0.046456028,6.992655754,11.98114872,10.35846424,557.8237915,112.6607437
6162,5405,21.20930099,28.46496201,50.54795837,0.039241284,7.029109001,12.03560448,10.44441032,556.4506226,113.3308334
6163,5406,18.51508522,28.4715538,50.29127884,0.03202654,7.057547569,12.06524849,10.5148859,555.6836548,114.3158569
6164,5407,18.40919495,28.48142052,50.36014557,0.031107066,7.085986137,12.0948925,10.55599689,555.0942383,114.8142014
6165,5408,16.96988487,28.49257088,50.34823227,0.03204789,7.012996197,11.97214127,10.60856819,554.2359619,116.2660522
6166,5409,22.00606346,28.49947548,50.44916534,0.033521499,6.928560734,11.80786991,10.39267349,557.9174194,111.5337982
6167,5410,24.05723381,28.47099686,50.3866539,0.037783246,6.880048275,11.68195248,10.31122589,558.7026367,111.2182846
6168,5411,23.97980499,28.44251633,50.44374847,0.04204499,6.920741081,11.73746109,10.3218317,558.8439941,110.8675079
6169,5412,22.66376305,28.42980385,50.5703392,0.041665483,6.961433411,11.7929697,10.45032978,556.8248901,112.1382904
6170,5413,20.72463799,28.43315315,50.59624863,0.03747002,6.984573841,11.87594128,10.45378685,556.0985718,113.8663635
6171,5414,19.29290581,28.43650436,50.28340149,0.033274557,6.999271393,11.98025227,10.45286274,556.2492676,113.7476425
6172,5415,18.00286674,28.43337822,49.89564514,0.030679714,7.010225773,12.08456326,10.46617699,557.6538086,113.116272
6173,5416,18.89897156,28.42939949,50.38074112,0.028191654,6.966044426,12.01140881,10.50853634,555.8876343,114.0068512
6174,5417,20.3954258,28.41357994,50.23137283,0.029171702,6.921863556,11.92911148,10.40482712,557.8223877,111.9130249
6175,5418,22.94470596,28.36611176,50.47053146,0.037319228,6.624470234,11.71796799,10.3695631,557.5982056,111.6255646
6177,5419,21.0718174,28.3489933,50.31467438,0.032339402,6.633542538,11.43082809,10.32711983,557.2626343,112.1946716
6178,5420,19.30651855,28.37618637,50.10620499,0.024262808,6.802575111,11.73393536,10.36177063,557.6746216,112.536171
6179,5421,19.25909615,28.38790703,49.82171631,0.024407368,6.971607685,12.03704262,10.27080441,559.0560913,111.4694366
6181,5422,19.97870064,28.40649796,50.13764572,0.027929936,6.751302719,11.92034531,10.41917324,557.4786377,112.122673
6182,5423,21.83070183,28.4071312,50.21543121,0.034659617,6.893197536,11.85063076,10.4034462,557.9836426,112.2933807
6183,5424,22.4141407,28.40776634,50.28473282,0.041389301,6.911843777,11.88216496,10.37505913,557.6047974,111.5377884
6184,5425,22.26158524,28.42027283,50.40198135,0.03863642,6.930490494,11.9136982,10.34407139,556.9154663,112.449913
6185,5426,21.34082603,28.43528748,50.13858414,0.034583412,6.959241867,11.94405651,10.375741,558.0128174,111.9900284
6186,5427,19.84072495,28.45027542,50.70752335,0.030914607,6.995654106,11.97355175,10.5756197,554.5181274,114.3853226
6187,5428,19.33328438,28.46516609,50.1617012,0.028294906,7.032066822,12.00304604,10.42275143,557.2183838,113.4150314
6189,5429,21.0620594,28.48505402,50.22092056,0.02926073,6.972354412,11.96032906,10.42454529,557.961731,113.0051804
6190,5430,22.24323463,28.48353195,50.45120621,0.036093652,6.95774889,11.95660973,10.39945507,557.4602051,112.2481003
6191,5431,22.37594604,28.48200989,50.53853607,0.042334661,6.974766254,11.98687553,10.4025507,557.0091553,112.3753357
6192,5432,21.45289612,28.49051666,50.31878662,0.036063723,6.991783619,12.01714134,10.46240711,557.0894165,112.4257507
6193,5433,20.00332069,28.49911118,50.2025795,0.029792782,7.031942844,12.02479553,10.48417187,556.9418335,113.1252747
6194,5434,19.12591934,28.50298119,50.41503525,0.024833171,7.080483437,12.02458,10.47764778,555.4963989,114.4751892
6195,5435,17.51668358,28.49914742,50.71580124,0.021585157,7.114228249,11.99164104,10.70572758,553.1462402,116.2928848
6196,5436,16.1869278,28.49531174,50.41424179,0.018337144,7.041496277,11.95538521,10.64543343,553.8250122,116.743515
6197,5437,20.53905296,28.46517563,50.15226746,0.027140005,6.968764305,11.91850758,10.4099865,558.286377,112.3983917
6198,5438,23.02677536,28.42709923,50.37607574,0.038556043,6.928497791,11.88015366,10.31490135,557.947937,111.784317
6199,5439,23.18174553,28.39602661,50.14733505,0.045975454,6.919401169,11.84179878,10.31919575,559.1069946,111.0915985
6200,5440,21.98503685,28.40267181,50.57187271,0.038357779,6.910304546,11.8457489,10.40921021,556.7954712,111.8418121
6201,5441,20.77053642,28.40931702,50.33111191,0.030740103,6.968167305,11.86918163,10.41522026,556.8433838,111.1715393
6202,5442,19.39195633,28.41578102,50.11707687,0.025957465,7.033572674,11.8955574,10.37630463,557.6107178,112.3218536
6203,5443,18.29971695,28.42209244,49.95275497,0.023075903,7.067076206,11.9592123,10.37115669,558.2570801,112.6478729
6204,5444,18.15337181,28.42840385,50.15639877,0.020194339,7.021386623,12.0228672,10.49628067,556.3070679,114.4537964
6205,5445,19.278162,28.43893433,50.02859879,0.028228553,6.975696564,12.03982925,10.36286068,558.2111206,112.5325165
6206,5446,21.24500656,28.44976616,50.33385086,0.036404967,6.999563694,12.00227642,10.39466858,557.2327271,112.7905655
6207,5447,20.21764183,28.46352768,50.06529999,0.039084159,7.056806564,11.96472359,10.41556454,557.0969238,113.1685867
6208,5448,19.61935616,28.48345566,50.50383759,0.032619048,7.111471653,12.02444363,10.58229065,555.3349609,114.7439346
6209,5449,17.60303497,28.50338364,50.34229279,0.026153935,7.128576279,12.10136795,10.58393288,554.2911987,115.9008713
6210,5450,15.88303661,28.51980972,50.35437775,0.021597821,7.145680904,12.17733002,10.62104034,553.9296265,116.8307114
6211,5451,13.34690094,28.53481293,50.24707413,0.017631872,7.128616333,12.2502079,10.73846912,552.1817017,119.0644302
6212,5452,12.55261707,28.54886436,50.30958557,0.015738908,7.070216656,12.32308578,10.86438274,551.1124268,120.015564
6213,5453,18.00494385,28.55428505,50.21945572,0.025383843,7.011816978,12.27477646,10.53484058,555.4874268,114.9979095
6214,5454,20.08463097,28.55970764,50.1253891,0.035028778,7.030005932,12.15426636,10.46904564,556.7998657,113.7578125
6215,5455,20.2776432,28.5640831,50.45936584,0.036940686,7.062646389,12.03632641,10.54592514,555.5751343,114.7459869
6216,5456,19.10493469,28.56735992,50.51296616,0.032282777,7.098868847,12.08447456,10.59128189,555.0602417,114.9821701
6217,5457,17.50119019,28.57063675,50.32125473,0.027624862,7.147100925,12.13262272,10.63467884,554.5007324,115.8227158
6218,5458,15.88431931,28.56342125,49.94622421,0.023876466,7.195333481,12.10262203,10.59967422,555.6971436,115.9756165
6219,5459,14.06968307,28.55472183,50.56818771,0.020197324,7.192185879,11.9570303,10.77321529,551.4998169,119.4625397
6220,5460,24.13775063,28.54810715,50.38442993,0.020033026,7.157318115,11.81143856,10.43310928,558.3814087,111.1850052
6221,5461,17.78383255,28.54729462,49.87150192,0.027425332,7.122450829,11.84764576,10.51924801,556.8416138,114.3184814
6222,5462,19.92964554,28.54648209,50.14506912,0.03481764,7.126420498,11.93159771,10.51974392,556.4793701,113.8899307
6223,5463,20.09024048,28.53317833,50.2735405,0.034406997,7.131142139,12.00843048,10.461133,556.0562744,114.3643723
6224,5464,19.22969627,28.51322365,50.56372833,0.030741502,7.140737534,12.05291271,10.59525776,554.2360229,114.9051743
6225,5465,17.50940514,28.49354935,50.46075058,0.027122691,7.158652782,12.09739494,10.62504292,553.9997559,116.2609863
6226,5466,16.22167969,28.48043442,49.93329239,0.023952123,7.176567554,12.0988245,10.55573559,555.8187256,115.3306046
6227,5467,14.84345627,28.46731949,50.34234238,0.020781556,7.148980141,12.06761074,10.73013878,552.9747314,117.6663132
6230,5468,20.73357201,28.47429657,49.89544296,0.038863972,7.056417465,12.01955891,10.43117619,558.1491089,111.7617798
6231,5469,21.10946655,28.46341133,49.92808533,0.035931136,7.044449806,12.02449226,10.36734009,558.6807251,111.6720734
6232,5470,20.17226601,28.44868851,50.33447266,0.031342395,7.051563263,12.05414295,10.4408884,555.8876953,113.2307053
6233,5471,17.24088478,28.43563843,50.51832962,0.026981534,7.077296257,12.08379364,10.6236887,553.9222412,116.5553894
6234,5472,16.22664452,28.42930412,50.35121536,0.023291955,7.103029251,12.02510548,10.64645672,553.7859497,116.9584885
6236,5473,22.27353668,28.42776299,50.6165123,0.023433445,6.946390629,11.85394192,10.5105505,555.9261475,112.673317
6237,5474,18.70477486,28.44046974,50.55202484,0.031515975,6.903004646,11.87260056,10.54024315,554.5249023,114.9139252
6238,5475,21.21646118,28.45317841,50.44458771,0.039340168,6.956489086,11.89125919,10.42905712,556.1605225,113.565033
6239,5476,21.96183395,28.45425606,50.31908417,0.036739748,7.009974003,11.92059326,10.4546814,557.0256348,112.3075867
6240,5477,20.58482361,28.45496941,50.25708771,0.034139328,7.058285713,11.96070099,10.45837116,556.5402832,112.9951324
6241,5478,19.10878372,28.45850372,50.06652069,0.030408375,7.104187012,12.00080872,10.4366703,556.6152344,113.5022507
6242,5479,16.38052177,28.46715546,50.25572586,0.025046647,7.146208763,12.04797554,10.61527252,554.6671143,115.9941635
6243,5480,14.99502182,28.47580719,50.27987289,0.019684918,7.134728432,12.09607697,10.66809368,553.0715942,117.7360992
6244,5481,16.43086052,28.49193764,50.56814575,0.025229337,7.123247623,12.11230946,10.66568565,553.0656128,116.9792099
6245,5482,21.08099556,28.51068115,50.34567642,0.033588894,7.092062473,12.04135418,10.37927055,557.6317749,113.0311203
6246,5483,21.3369751,28.52709389,50.45513916,0.03989698,7.037056446,11.9703989,10.50232601,556.2785645,112.9578629
6247,5484,21.87288475,28.52733994,50.23714447,0.036861364,6.982050419,11.96116066,10.41991329,557.5809326,112.489624
6249,5485,18.57130051,28.53245926,49.99782181,0.029804386,7.081507683,12.00824547,10.4821558,556.8718262,113.8910599
6250,5486,17.07021141,28.54175949,50.0908432,0.025023956,7.132984161,12.14542675,10.6410532,555.5744629,115.3819809
6251,5487,16.0480957,28.55105782,50.45886993,0.020243524,7.157169342,12.2832489,10.72299576,552.388916,117.8620758
6252,5488,14.45565033,28.56125641,50.22424698,0.02688098,7.181355,12.29732323,10.74365044,553.1008911,117.8547058
6253,5489,19.30208778,28.571558,50.01450729,0.034114093,7.134213448,12.10913849,10.46124649,557.4967651,113.5659866
6254,5490,22.4788208,28.57452393,50.0208931,0.038646609,7.039613724,11.92095375,10.35105705,559.2498169,111.2266541
6255,5491,22.30241203,28.55882454,50.35554123,0.037830867,6.945014,11.95381737,10.39267159,557.7904053,112.3514633
6256,5492,20.78709793,28.54312706,49.92166138,0.037015121,6.993811607,12.06728649,10.32366562,559.0807495,111.9055481
6257,5493,18.4235611,28.53473854,50.25899124,0.032232746,7.049512386,12.14951134,10.500453,556.2145996,114.5896759
6258,5494,16.85460472,28.52999687,50.27584076,0.0259143,7.088988781,11.99864864,10.68730831,554.6692505,115.9071884
6259,5495,16.43546867,28.5267086,49.88931656,0.021028994,7.096874237,11.84778595,10.50864887,555.8290405,115.2228851
6260,5496,22.65848351,28.54957771,50.05719376,0.02821948,7.104759693,11.78756523,10.28222942,559.9311523,110.1684189
6262,5497,22.60895348,28.57649612,50.26755142,0.039395094,7.027246952,11.84593487,10.39487267,557.8862305,112.0245132
6263,5498,22.53593826,28.55640221,50.26228714,0.040064085,6.988226414,11.94162941,10.42818642,557.8179321,112.1362839
6264,5499,21.69543648,28.5363102,50.3049469,0.04073308,7.048291683,12.04563332,10.47200871,557.3902588,112.9172745
6265,5500,19.45533562,28.54604149,50.15762711,0.034345061,7.108356953,12.135746,10.45651436,556.6824341,113.7287979
6267,5501,16.99918175,28.5794239,50.18447495,0.023656638,7.158205986,12.24244595,10.60765839,554.8282471,116.3262024
6269,5502,20.56103706,28.62244606,50.15247726,0.039782736,7.113552094,12.08178139,10.38541698,558.1312256,112.8912735
6270,5503,21.79593658,28.61408234,49.87068558,0.042991474,7.044796467,11.981534,10.37114239,559.1560669,111.4014587
6271,5504,22.52503014,28.58568573,50.11129379,0.043612573,6.999154091,12.01934528,10.39023113,557.9728394,111.9993591
6272,5505,21.3053875,28.55728912,49.89481735,0.043904629,7.027604103,12.05715752,10.38435936,559.4281006,111.3102493
6273,5506,18.91319275,28.55503273,50.43241501,0.036448091,7.056054115,12.13196087,10.57662964,555.6228638,114.9684982
6274,5507,16.89828491,28.55311584,50.17850876,0.028991552,7.104360104,12.256423,10.57713413,555.329834,115.4701004
6275,5508,16.72915649,28.5583992,50.57483673,0.026669517,7.16625452,12.38088608,10.75197506,552.8400269,117.0419464
6276,5509,15.3223753,28.57564735,50.38729095,0.031171495,7.228149414,12.21824646,10.70432186,553.4441528,117.7452774
6277,5510,19.64957237,28.5928936,49.72979736,0.035673473,7.125557899,11.99062729,10.39227486,558.9299316,112.5563583
6278,5511,22.52485657,28.56824112,50.14525604,0.03909795,7.020013332,11.81785107,10.38218498,558.2459717,111.5088882
6279,5512,23.10561752,28.5306778,50.49338913,0.042281948,6.975625038,11.8593874,10.43552971,556.9196777,112.2447281
6280,5513,21.65624809,28.49952888,49.98757172,0.043257058,7.035203457,11.90092278,10.34202671,558.4731445,111.0834732
6281,5514,19.11400414,28.50393677,50.32500839,0.03571767,7.094781876,11.94459438,10.51866722,556.1471558,114.6793365
6282,5515,18.44423485,28.50834274,50.2529335,0.02817828,7.11011076,11.98973656,10.53584862,555.8869019,114.5086212
6283,5516,16.63362312,28.51781654,50.02113342,0.026842674,7.11135149,12.03487873,10.56245041,555.0541992,115.8161087
6284,5517,15.92088699,28.53157997,50.20681763,0.029736603,7.091623783,11.98039246,10.63395882,554.0443726,116.7655945
6285,5518,19.78116417,28.5453434,49.98513031,0.032630533,6.949956894,11.92390347,10.40997887,557.9608765,112.4227829
6286,5519,22.4321022,28.52542305,50.30817032,0.03699607,6.808290005,11.79169273,10.42276955,557.4140015,112.5854797
6287,5520,39.49610138,28.50296211,49.9144783,0.041387033,6.664328575,11.52980328,9.573026657,570.8337402,97.11449432
6288,5521,36.95120239,28.48905563,50.06111526,0.041061655,6.518053532,11.26791382,9.704509735,568.7666626,99.62015533
6289,5522,34.59424973,28.49347496,50.68777466,0.032749854,6.741885662,11.48071098,9.961379051,563.7735596,104.1012955
6290,5523,16.1637516,28.49789238,50.35432816,0.02443805,6.876704216,11.89110947,10.6993494,553.3446045,116.9679031
6291,5524,14.84963417,28.50258636,50.24378586,0.024921505,6.823669434,12.2709856,10.69943428,552.5164795,118.2658463
6292,5525,29.72893906,28.50739479,50.49310684,0.028189898,6.860429764,12.10803318,10.17368603,561.7647705,106.4882736
6293,5526,21.07012367,28.50891876,50.16024017,0.031853464,6.907045364,11.94508076,10.39417362,558.2441406,112.3997116
6294,5527,22.47496605,28.4790535,49.97070313,0.037787944,6.952252388,11.87704468,10.35554314,559.2191162,111.0148315
6295,5528,22.52215958,28.44918823,50.06921768,0.043722425,6.993645191,11.95091629,10.26101112,559.1040649,110.8610687
6296,5529,21.14331055,28.43573761,49.828022,0.042457007,7.035037994,12.0247879,10.29656219,559.5247192,110.8127213
6297,5530,18.37603569,28.43985748,50.17525482,0.034971066,7.035644054,12.05317688,10.4565506,556.5057373,113.7034912
6298,5531,18.35660172,28.44397736,50.46861267,0.027485121,7.015033722,12.06941891,10.53013229,554.6185303,115.0479279
6299,5532,18.45230675,28.45500946,49.9412384,0.026424803,6.983606815,12.02322197,10.41940594,557.2289429,112.9376144
6300,5533,17.45944595,28.467062,50.50450516,0.025887636,6.728936195,11.68708229,10.58510113,553.7724609,115.9681549
6301,5534,32.72332382,28.47451401,49.69332504,0.027732955,6.474266052,11.35094357,9.798002243,567.5618286,101.3298416
6302,5535,38.17952347,28.46886253,50.4881134,0.034802664,6.467098236,11.17918396,9.813085556,566.4313965,100.5459671
6304,5536,35.6670723,28.47906685,50.46824646,0.039906967,6.676018715,11.08821297,9.783932686,566.1048584,102.078743
6305,5537,31.96826935,28.50660706,50.55263901,0.034101296,6.641133308,11.28776264,10.07893753,562.651001,105.3779449
6306,5538,29.84518433,28.53395271,50.08027649,0.028783178,6.606248379,11.49918842,10.01812553,563.9068604,105.1576996
6308,5539,29.37060928,28.5782814,50.09115601,0.027989879,6.509287357,11.4812479,10.0310154,564.0386353,105.316803
6309,5540,33.56715012,28.58919716,50.05402374,0.030632734,6.457405567,11.36421299,9.885920525,566.6030273,102.3069839
6311,5541,38.3638649,28.58052635,50.08016968,0.042536855,6.399274349,11.22243404,9.762145042,568.7764282,99.06221008
6312,5542,36.64029694,28.59207916,50.25226212,0.039680496,6.404432774,11.18051243,9.753576279,567.6676025,100.4304886
6313,5543,30.16845131,28.60729599,49.96886444,0.035477374,6.466008663,11.30023384,9.974628448,565.1212158,104.8495483
6314,5544,32.56256485,28.6224575,50.06251144,0.03143036,6.52758503,11.41995525,9.942276955,565.6136475,103.2183456
6315,5545,30.51638985,28.63739395,49.7755127,0.027836826,6.564323902,11.48553276,9.957939148,565.9000854,103.9690323
6316,5546,26.94635963,28.6523304,49.97111893,0.02424329,6.593428135,11.49854851,10.10168648,562.7247314,107.5073318
6317,5547,32.16983414,28.64498138,49.71540451,0.028753622,6.423495293,11.51156425,9.875757217,566.932373,101.7778549
6318,5548,35.65789032,28.60348701,49.82950592,0.03693467,6.201850891,10.85107327,9.668792725,569.5697021,99.7416153
6319,5549,32.78590775,28.60840034,49.93286896,0.02776278,6.407316208,11.03029633,9.850944519,567.0462036,101.791626
6320,5550,27.04041481,28.6118927,50.0917778,0.02173768,6.5224967,11.74425507,10.17074394,561.6313477,107.750206
6321,5551,26.1302948,28.61291695,50.3258667,0.020034309,6.645186424,11.77130604,10.24311066,560.1506958,109.3283615
6322,5552,23.25096512,28.61394119,50.11606979,0.018330939,6.767876148,11.79835606,10.28844261,559.3755493,110.6616287
6323,5553,31.01571655,28.60031891,50.30004883,0.025664233,6.62675333,11.60631561,10.01011276,564.1560669,105.2657928
6324,5554,37.72198486,28.58192062,50.19409943,0.035118952,6.439485073,11.31362247,9.720347404,568.1286621,100.2499619
6325,5555,37.71652603,28.56647873,50.14831161,0.041343633,6.559709549,11.01046085,9.741081238,568.1574097,99.85902405
6326,5556,34.97308731,28.56880188,49.90319443,0.034493286,6.023422718,10.31801128,9.769350052,568.244812,100.6097565
6327,5557,27.36986923,28.58660889,49.9814682,0.024573248,6.629006863,11.69929504,10.11431217,562.3867188,107.5726624
6328,5558,33.61670685,28.59296799,49.99542236,0.029233666,6.686617851,11.82082748,9.899388313,566.5673828,102.9398651
6329,5559,21.80153465,28.60074425,50.25888443,0.031474873,6.765244007,11.94235897,10.39537239,557.892395,112.6119461
6330,5560,20.92014313,28.61169624,49.92372894,0.029457657,6.871179104,12.00311184,10.34191036,559.402771,111.6377106
6331,5561,20.64216805,28.62264824,50.60697556,0.027440438,6.977114677,12.05866337,10.55038738,555.3224487,114.6903687
6332,5562,18.31824875,28.62098694,50.37247086,0.024251074,6.95708704,12.0580225,10.526124,555.6471558,114.8110657
6333,5563,17.1947403,28.61380386,50.17159271,0.020670773,6.904738903,11.93161583,10.6037693,555.4192505,116.0415192
6334,5564,22.27110291,28.60782623,50.27661133,0.018243728,6.841957092,11.80520916,10.38068962,557.9389038,112.332077
6335,5565,27.2037468,28.61517143,50.34630203,0.023029944,6.732831001,11.69748402,10.21242619,561.1688843,107.8767776
6336,5566,30.93643188,28.62251663,50.11539459,0.02781616,6.623704433,11.59791851,9.931149483,564.9562378,105.0478592
6337,5567,32.58036041,28.62231636,50.12691116,0.028720984,6.60422945,11.51633072,10.0057869,565.427002,103.5729294
6338,5568,30.65767479,28.61362839,50.20105362,0.02611794,6.653961182,11.6301651,9.978223801,564.2098999,105.0951843
6339,5569,27.44942474,28.60494041,50.22340775,0.023514897,6.703692913,11.74399948,10.14192295,562.1269531,107.8042831
6340,5570,25.71642685,28.59563446,50.28548813,0.021976259,6.752556324,11.79140663,10.19142628,560.614563,109.568779
6341,5571,24.21538353,28.58622742,50.33134079,0.020538077,6.801376343,11.76464653,10.37239933,559.126709,110.7922821
6342,5572,23.62656021,28.5792408,49.98550415,0.020760963,6.807248592,11.73788643,10.28876495,560.8317871,109.285881
6343,5573,27.74125099,28.57960701,49.97795486,0.024824033,6.730061531,11.59243298,10.11915588,563.2189331,106.7956314
6344,5574,31.3175869,28.57997131,50.47240829,0.028887104,6.65287447,11.42769718,10.11171913,562.326416,105.8452835
6345,5575,32.10564804,28.59191895,50.2895546,0.028504143,6.646732807,11.338727,9.96821022,564.2192993,104.2253113
6346,5576,30.63358498,28.61048508,50.1068306,0.026123203,6.666921616,11.4789114,10.04399967,563.725769,105.2522507
6347,5577,27.28962517,28.62857437,50.07858658,0.023692606,6.701516628,11.61909485,10.14857388,562.5732422,107.390976
6348,5578,25.05908203,28.62784958,50.35577011,0.020676795,6.843840122,11.72600651,10.29490948,559.6471558,110.4353943
6349,5579,23.21096039,28.62712669,50.03372955,0.017660985,6.986163139,11.81393623,10.28855133,560.4008179,110.5601501
6350,5580,23.20469475,28.63732338,50.50978851,0.017918888,6.994207382,11.89559174,10.43425274,558.0180664,112.2924271
6351,5581,27.29307556,28.66304016,49.83462906,0.021918209,6.871344566,11.73045158,10.1088028,563.8633423,107.3572311
6352,5582,31.1432991,28.68875885,50.35704803,0.025917532,6.748482227,11.56531143,10.10244083,562.5499268,105.8722076
6353,5583,31.40020943,28.69641685,50.43053055,0.025224164,6.771648884,11.51187229,10.03728485,563.2474976,106.110321
6354,5584,29.48205376,28.69959831,49.84474945,0.023735397,6.811966896,11.61700726,10.03665066,564.9868774,104.8277283
6355,5585,25.44366074,28.70111465,50.27872467,0.02241612,6.845206738,11.72214222,10.25367546,560.6836548,109.7474213
6357,5586,25.16454887,28.68992424,50.21722031,0.020830106,6.875896931,11.88043308,10.2929306,560.5011597,109.606781
6358,5587,24.15528679,28.69262314,50.10598755,0.021803185,6.851825714,11.91319656,10.34527111,560.3389893,110.2333145
6359,5588,26.36042595,28.70137215,50.07107925,0.02380419,6.808508396,11.76042747,10.28278637,562.0120239,108.2662735
6362,5589,25.88754082,28.7522068,50.07669067,0.020638103,6.846084595,11.62040806,10.23541737,561.1948853,109.1852188
6363,5590,24.25403976,28.76667595,50.28102493,0.018172843,6.923508167,11.66926098,10.28893661,560.1402588,111.092453
6364,5591,21.35971642,28.76880264,50.358078,0.015810737,7.049961567,11.77056885,10.5119791,557.2805176,113.5657883
6365,5592,19.65185928,28.77092934,50.33961487,0.01344863,7.176414967,11.87366676,10.63484383,556.3008423,115.1184998
6366,5593,17.4331646,28.79169464,50.153965,0.015568961,7.16461134,11.97565842,10.69189739,555.9076538,116.6519699
6368,5594,18.88097,28.84050179,50.49129486,0.021447912,7.108805656,12.17562294,10.74622059,554.963623,117.0456848
6369,5595,18.00917625,28.82460594,50.07128525,0.021274328,7.174047947,12.219244,10.61313248,555.8805542,116.2927704
6370,5596,17.0347023,28.8087101,50.01873398,0.021100746,7.239289761,12.24346066,10.59618282,556.1953735,116.5949402
6372,5597,14.6827631,28.76389122,50.55933762,0.017306458,7.153393745,11.66451645,10.88124943,551.5793457,120.0458298
6373,5598,20.12869835,28.73942184,50.24112701,0.014943548,7.084210873,11.13456535,10.61952591,556.7553711,114.8802719
6374,5599,17.46650124,28.74410629,50.30703735,0.018349135,7.277374744,11.97206497,10.69510841,555.0658569,116.9882355
6375,5600,24.16792679,28.75174141,49.96347427,0.021975487,6.553480625,11.19722557,10.29589939,560.7789307,110.4371719
6377,5601,17.66804695,28.72255135,50.46662521,0.024730111,7.022651672,11.79322624,10.73312283,553.9749146,117.59095
6378,5602,17.49580002,28.69589615,49.80776215,0.025028357,7.109341145,12.13421822,10.56750202,557.0323486,114.904129
6379,5603,15.95679951,28.68339157,50.36416245,0.022815157,7.18879652,12.21664619,10.78459358,552.87854,118.3391037
6380,5604,14.89846516,28.67738724,50.66611481,0.01971828,7.268251419,12.29907513,10.88958836,551.3625488,119.6831131
6381,5605,25.50626945,28.69919395,50.20690918,0.023997344,6.935462952,11.89990807,10.29620934,560.4220581,109.6920395
6382,5606,18.27225113,28.70355797,50.10308456,0.025647961,6.994616985,11.95973682,10.68751812,555.7209473,116.0208969
6383,5607,19.10357475,28.69763565,50.2862854,0.025773406,7.053771019,12.01956558,10.5810442,555.8474121,115.6878891
6384,5608,18.08320427,28.69171143,50.15016556,0.025898851,7.125308514,12.10397339,10.56795979,556.1520386,115.5211105
6385,5609,16.09402466,28.69230461,50.40547943,0.022644926,7.207653522,12.19730473,10.82201576,553.4489746,117.8727951
6386,5610,15.28114986,28.69404411,50.52870941,0.019033968,7.289998531,12.26909161,10.85608864,551.9481812,118.9715576
6387,5611,20.61897469,28.69824409,50.30016708,0.017279794,7.189302444,12.18605423,10.51455879,557.5485229,112.9748306
6388,5612,19.3015728,28.71028519,50.06150436,0.020005453,7.073211193,12.10301781,10.52705669,557.1018677,114.6627502
6390,5613,18.74379349,28.71774483,50.43206787,0.02436588,7.061525345,12.0976305,10.69952393,554.5524902,116.9451218
6391,5614,18.65677261,28.70330811,50.37991714,0.025490129,7.113658428,12.12096691,10.62316895,555.0076294,116.4565506
6393,5615,15.39958763,28.68229294,50.45409393,0.022762476,7.004707813,11.94384766,10.81008625,552.2015991,119.5316238
6394,5616,25.16728401,28.67558861,50.58493423,0.019234417,6.931176662,11.87338448,10.44095421,557.7510376,112.2470856
6395,5617,24.33285141,28.68046379,50.46239471,0.018413637,6.949770451,11.89174271,10.44300652,558.5874023,111.5307007
6396,5618,22.51478386,28.70235062,50.36934662,0.020793647,6.968364239,11.91010094,10.46986866,557.6645508,113.0839691
6397,5619,18.3966465,28.72423935,50.30651855,0.023173654,7.005325317,11.98904419,10.66772652,554.6426392,117.0352631
6398,5620,18.75909233,28.71514702,50.65817261,0.02531301,7.069324017,12.10449696,10.76422024,553.2695923,117.9690323
6399,5621,17.9253006,28.6979847,50.3081665,0.02740882,7.133323193,12.21867275,10.69111633,554.3811035,117.0043793
6401,5622,16.66785812,28.69112778,50.2049675,0.024542956,6.983715534,12.24638748,10.69606113,554.135498,117.2198563
6402,5623,16.78110123,28.69720459,50.29278564,0.020658396,7.15515852,12.09021473,10.75043011,554.449646,118.1423721
6404,5624,24.17441368,28.70262527,50.18381882,0.021737283,6.625998497,11.3341198,10.31636238,559.6804199,110.4470596
6405,5625,17.30324173,28.70441246,50.10749817,0.023493903,6.841412544,11.6007843,10.66857815,555.6255493,116.2274246
6406,5626,19.39958,28.67635155,50.4832077,0.025967281,7.056826115,11.86744976,10.60724926,555.1894531,116.2481842
6407,5627,20.17360878,28.64700699,50.19604111,0.028473003,7.098702431,11.99019337,10.4475565,557.7307739,113.840416
6408,5628,20.170187,28.63510895,50.18860626,0.028538367,7.075116158,12.00423145,10.46969509,557.3458252,113.7171097
6409,5629,19.36113739,28.65598106,50.15610123,0.023974394,7.041872501,12.01826954,10.46070862,557.4336548,114.4800568
6411,5630,23.17807007,28.68277168,50.74243927,0.019287756,6.778082371,11.00956821,10.525527,556.7797852,113.1898575
6413,5631,20.04415131,28.65445709,50.2522049,0.025738087,6.964557171,11.78629398,10.5163784,557.0439453,114.5064697
6414,5632,20.77178764,28.62836266,50.24016571,0.028993558,7.025857449,11.96223736,10.4946785,557.2630615,113.9304733
6415,5633,29.79331779,28.61779213,50.27742004,0.028555922,6.958753586,11.902812,10.09441471,563.0241089,107.2295532
6416,5634,27.33555794,28.62198067,49.90942764,0.024577459,6.882274628,11.83757782,10.09735966,563.8540649,106.5280762
6417,5635,25.5760746,28.62617111,50.57346725,0.020598996,6.798844337,11.67413425,10.38776588,558.3813477,109.8127823
6418,5636,23.26565552,28.63494492,50.48704147,0.019903652,6.697443962,11.33943272,10.38518238,558.0003662,112.498909
6419,5637,21.85264969,28.64422417,50.07460403,0.019576903,6.809432507,10.90211105,10.38493252,558.9463501,111.8943787
6422,5638,21.75705719,28.68934631,50.05149841,0.016016159,7.015891552,11.80429649,10.49176025,558.6257324,112.1068802
6423,5639,23.82254028,28.67133331,50.51906967,0.0151516,7.052636147,11.72957516,10.53143501,557.6300659,112.2692871
6424,5640,18.21631432,28.65332031,50.54216385,0.014287042,7.089380264,11.71366405,10.71073818,554.0725708,116.5894775
6425,5641,24.08287811,28.60682297,50.24612427,0.020928139,6.99034977,11.69775391,10.34141636,559.5210571,111.3480453
6426,5642,19.85636139,28.55233383,50.68286133,0.029694661,6.808562279,11.80103588,10.6286974,554.0933838,115.9875107
6427,5643,20.19461632,28.50412178,50.52346802,0.036248326,6.88688755,11.91558647,10.49415588,555.5665894,113.341011
6428,5644,19.90880775,28.48752022,50.23059082,0.031658273,6.965213299,12.02027988,10.46241665,556.6903076,113.5048141
6429,5645,18.65437126,28.47092056,50.29306412,0.027068218,7.035467148,12.10189056,10.50206184,555.5892944,115.2401428
6430,5646,16.89418221,28.47916985,50.69300461,0.022609701,7.095348358,12.18350124,10.6470356,553.0856934,116.9864426
6431,5647,15.56205368,28.50769806,50.35809326,0.018258205,7.155230045,12.11708355,10.69617748,553.4349365,117.2172775
6432,5648,19.01478577,28.53622437,50.36227417,0.013906709,7.043646812,11.98228455,10.55444145,555.5048828,114.8513412
6434,5649,18.69495964,28.57561302,50.61353302,0.019946506,6.940244675,11.89535046,10.61213589,554.4980469,116.3241119
6435,5650,18.9521389,28.56788063,50.38615799,0.021750744,7.018644333,11.99658298,10.51634502,555.8317871,114.9241791
6436,5651,18.31076622,28.56831932,50.55579758,0.022185583,7.07177639,12.06543922,10.61068535,554.5178833,116.3300095
6437,5652,16.98793983,28.59137154,49.98887634,0.018834433,7.048954964,12.04470825,10.5713625,556.2393799,115.7030106
6438,5653,16.26385307,28.61442184,50.32071686,0.015483283,7.026133537,12.02397633,10.68299007,553.9760132,116.815773
6439,5654,20.01578522,28.63964462,50.57469177,0.015374993,6.973639488,11.95149326,10.60906315,554.6861572,114.4646454
6440,5655,19.31438828,28.66601372,50.04297256,0.016980456,6.904327869,11.85163021,10.43671799,557.8353882,113.8568344
6442,5656,18.76032448,28.67360878,50.39080048,0.020996146,6.929286003,11.85171413,10.62273693,555.4591675,115.4585953
6443,5657,18.96477127,28.65667915,50.12746429,0.023373317,7.019308567,11.94348621,10.52197075,557.2420654,114.3574371
6444,5658,17.82212257,28.65452003,50.50482178,0.023358405,7.03638649,12.03588867,10.6021452,555.0803223,116.2033539
6445,5659,16.4301281,28.67187119,50.14208984,0.02019079,6.950664043,12.12912178,10.64582348,555.1853027,116.8647156
6446,5660,15.61436176,28.68922043,50.2795372,0.017023176,6.894580841,12.22235489,10.76987839,553.8877563,117.8591995
6447,5661,14.15409088,28.70865822,50.41192245,0.016570425,6.963404179,12.11645222,10.8055315,552.5170288,119.6049423
6448,5662,20.22628593,28.72855759,50.2562294,0.016714895,7.032227516,11.95870209,10.54344654,557.0058594,114.2209854
6449,5663,17.02957726,28.73932457,50.09717178,0.017543005,7.07305479,11.83328724,10.63017941,556.041626,114.9440613
6450,5664,18.92270279,28.71516991,50.24391174,0.020975709,7.092808247,11.85381985,10.58442783,555.8742676,115.4215622
6451,5665,19.40241241,28.69101334,50.29777908,0.024408411,7.11256218,11.8743515,10.60963535,556.3804321,115.769455
6453,5666,16.47261238,28.69075775,50.26811218,0.020508038,7.211754322,12.08403492,10.66736221,553.6843262,116.1482086
6454,5667,15.62304688,28.69673157,50.39565277,0.017192049,7.212934017,12.21204948,10.73803806,553.7200928,118.0856171
6455,5668,15.72046852,28.70079803,50.72639847,0.016880136,7.113177299,12.10578823,10.83317375,552.0567627,119.3734741
6456,5669,21.68313599,28.70483017,50.26687622,0.016620094,7.013421059,11.98405552,10.50858688,557.4346313,113.3013306
6457,5670,24.79427528,28.70363045,50.34018707,0.017747045,6.983868122,11.91507149,10.32552528,560.0620728,111.3171616
6458,5671,18.97874641,28.69356728,50.38111877,0.021220796,7.017980576,11.96247578,10.67268753,555.3299561,116.084877
6459,5672,19.19270706,28.6835041,50.54978561,0.024694547,7.06883049,12.00987911,10.60340118,555.2930908,115.609581
6460,5673,18.21982574,28.69261742,50.16717529,0.023647469,7.113110542,12.02084827,10.54984093,556.8105469,115.6838913
6461,5674,18.27435112,28.70781136,50.23456955,0.021171788,7.047656536,12.01622677,10.65201569,555.8575439,115.2167282
6462,5675,17.87224007,28.72356987,50.33437729,0.018756885,6.98220253,12.01105976,10.69694805,555.675293,116.1461716
6463,5676,18.31930923,28.74259949,50.11053085,0.016691217,6.925543308,12.00026608,10.56925678,556.7053833,114.9748306
6464,5677,20.16927528,28.7616291,50.38779068,0.014625551,6.880213737,11.98947144,10.52739429,556.7212524,114.7732162
6466,5678,19.70138741,28.74747086,50.1883049,0.021499164,6.902041912,11.9917469,10.54488182,556.937439,114.6655884
6467,5679,20.20974159,28.73250008,50.37024307,0.02659687,6.994264603,11.99765205,10.59610367,556.3369751,114.9668427
6468,5680,18.72332954,28.7412529,49.95695877,0.023885403,7.074265957,12.03848362,10.53157806,557.5340576,114.6375656
6469,5681,16.82519341,28.75196075,50.35088348,0.020539066,7.107214928,12.08712387,10.67601681,554.8934937,117.208252
6470,5682,15.86948586,28.76011848,50.03886414,0.017454196,7.140163898,12.12001038,10.70232487,555.5896606,116.746315
6471,5683,19.76610947,28.76266479,50.62717819,0.014942649,7.09995985,12.09203815,10.64091873,555.1155396,115.1837387
6472,5684,18.66086006,28.76521111,50.1418457,0.012431101,7.009839535,12.06406689,10.57139683,556.6722412,115.3284531
6474,5685,19.14989662,28.75391006,50.37913895,0.021605477,6.998631001,12.06668949,10.63148212,555.6448364,116.0546036
6475,5686,18.39562607,28.74863243,50.16864777,0.026548602,7.080561161,12.07546711,10.65337181,555.7666626,116.2260284
6476,5687,17.47848129,28.76214981,50.35403824,0.022415243,7.130130768,12.16186142,10.68691254,554.5714111,116.5626373
6477,5688,16.01493645,28.7756691,50.20796585,0.018281884,7.11638546,12.24974632,10.70202637,555.0946045,118.2709503
6478,5689,14.31570244,28.78283501,50.28395081,0.015667306,7.102640152,12.28986835,10.8888073,552.9272461,119.2336426
6479,5690,22.97294426,28.7829895,50.29632568,0.014722995,6.976037025,12.24800587,10.53590393,558.0800171,112.4451981
6480,5691,19.4527359,28.783144,50.21265411,0.013778683,6.805760384,12.20614338,10.61261749,556.5240479,114.9454651
6482,5692,19.4944973,28.79423332,50.30879211,0.023102187,6.993984222,12.03325939,10.61971664,556.4673462,115.9052734
6483,5693,19.33270264,28.80026245,50.23097992,0.026057305,7.135220051,11.96638203,10.60509872,556.5120239,115.4193192
6484,5694,18.13586426,28.80656052,50.24819565,0.0227654,7.190497875,12.10639477,10.66691971,555.7563477,116.2712402
6485,5695,16.03977203,28.81285667,50.42912292,0.019473497,7.2457757,12.24640751,10.79152489,553.465271,118.6915283
6486,5696,14.63760757,28.81229973,50.1818924,0.016978873,7.256454468,12.25745392,10.75292397,554.1915894,118.6284409
6487,5697,21.39274597,28.80787849,50.36591339,0.014930071,7.202129841,12.13904381,10.52810287,556.9443359,114.4151993
6488,5698,20.14666367,28.80339813,50.42842102,0.013093965,7.147805214,12.0206337,10.58919621,555.7228394,115.4805984
6489,5699,23.84887505,28.79686928,50.34355545,0.018190801,7.138911247,12.03221226,10.42646599,558.8384399,112.0588913
6491,5700,19.08953285,28.78466225,50.06294632,0.024954548,7.143481255,12.07533932,10.62526417,556.8617554,115.5139694
6492,5701,17.7258625,28.78017807,50.1508255,0.021837719,7.065795422,12.05579662,10.59529305,556.2059326,115.3970337
6493,5702,19.27413559,28.77569389,49.88090897,0.018720889,6.988110065,12.03625298,10.58710766,557.3052368,114.5048676
6494,5703,22.01885796,28.75836754,50.49734116,0.017198008,6.970477104,12.02390385,10.58265114,556.8998413,113.8682327
6495,5704,21.96536827,28.73790741,50.3523941,0.016060861,7.018053532,12.01521301,10.52524281,557.920105,112.7123795
6496,5705,20.30019951,28.72071075,50.20138931,0.015964204,7.065630436,12.00865269,10.58723068,556.8285522,114.5686722
6497,5706,23.75246239,28.71728516,49.98991394,0.020217776,7.083442688,12.04191971,10.36852169,560.8380737,109.9983368
6498,5707,19.12947845,28.71385765,50.31110382,0.024471346,7.096690178,12.07518768,10.63267326,555.5771484,116.2596359
6499,5708,18.38418579,28.71351433,50.39092255,0.024298463,7.082564831,12.04072666,10.64130306,555.1541138,116.2820358
6500,5709,17.15867424,28.71541405,50.1607933,0.020927234,6.980541706,11.91963005,10.62796783,554.9215698,116.3859406
6502,5710,21.93296242,28.72407722,50.74528503,0.01688751,6.874927044,11.83692932,10.62909412,554.9546509,115.0647812
6503,5711,22.76653862,28.73100662,50.48826599,0.016306048,6.933495522,11.90870571,10.48544502,557.418335,112.5875168
6504,5712,21.75827217,28.74068642,50.53979492,0.017057963,6.992063999,11.96078873,10.56315899,557.1452637,114.2178421
6506,5713,18.99312592,28.7700119,50.04936981,0.023374677,7.079955578,11.92090893,10.58396339,557.0473633,114.9114609
6507,5714,19.16610527,28.78546715,49.89862442,0.023238782,7.093133926,11.84335995,10.52295876,557.8405151,113.9716873
6508,5715,26.01945305,28.80119514,50.40559387,0.021970224,7.038141251,11.72773266,10.33177567,560.125061,110.7499466
6509,5716,25.44566345,28.81597519,49.96885681,0.020601338,6.983149052,11.61210442,10.28262043,561.1971436,109.8653107
6510,5717,22.83523369,28.82448387,50.57242966,0.018574568,6.969331741,11.78017521,10.58478355,556.9228516,114.479126
6511,5718,20.40984154,28.83299255,50.70825195,0.016547797,6.973351955,11.95122242,10.73116684,554.668457,116.3120804
6512,5719,21.56775093,28.83816147,50.24277115,0.017137283,6.97869873,12.05666161,10.51561642,558.2833862,112.8670197
6513,5720,20.35390472,28.84024048,49.82687378,0.020136498,7.005233765,12.0541687,10.44106102,558.5185547,114.3642502
6514,5721,19.90159416,28.84231949,50.53152466,0.023135712,7.031769276,12.05167675,10.68341637,555.2161255,116.2934952
6515,5722,19.55600166,28.83056831,50.27608871,0.023093706,7.063233852,12.07779408,10.59327602,556.8969727,115.967041
6516,5723,18.79126549,28.81741714,50.0240593,0.02274641,7.101594925,12.11264229,10.52694798,557.4475708,115.3199005
6517,5724,17.82155037,28.80532265,50.06868362,0.021759726,7.139956474,12.13862801,10.6512785,556.447998,115.991188
6519,5725,15.55381203,28.78615379,50.06932831,0.016755585,7.219491482,12.0931406,10.66260719,554.7576294,117.6237259
6520,5726,14.99120617,28.79229546,49.95975876,0.017859347,7.24593401,12.09073639,10.71586037,555.1920776,117.9111786
6521,5727,23.4958477,28.80569077,49.95058823,0.020619566,7.209294796,12.10550022,10.35689068,560.7590332,110.8917313
6522,5728,19.3628788,28.81638145,50.19867706,0.023117013,7.172656059,12.1202631,10.59986591,556.8486938,115.6039734
6523,5729,18.88075638,28.792593,50.21316147,0.022293059,7.16886282,12.13811016,10.63953686,556.1303101,115.7324371
6524,5730,18.05484962,28.76880455,49.83404922,0.021469105,7.194303989,12.1561861,10.5422411,557.6906128,114.6429977
6525,5731,16.54755402,28.7560215,50.51266861,0.019591091,7.219745159,12.15296841,10.73264503,553.5233154,118.0735245
6526,5732,14.89808273,28.7561245,50.14609909,0.016484883,7.19066143,12.10434246,10.75550175,554.0171509,117.9670486
6527,5733,20.35876083,28.7562294,50.41793442,0.013378673,7.15666008,12.05571556,10.59773445,555.9396362,115.1301346
6528,5734,20.63841629,28.7638607,50.19577408,0.016729025,7.131979942,12.03975296,10.4846611,557.5129395,114.1316376
6530,5735,19.78404045,28.77576065,50.33248138,0.024623441,7.12502861,12.03501606,10.61431313,555.9299927,115.5070953
6531,5736,19.97740173,28.75927162,50.23326111,0.024568895,7.159797192,12.03405285,10.56136322,556.9639893,114.4020844
6532,5737,19.19928932,28.74278259,50.21662903,0.024514347,7.212841988,12.03309059,10.5496006,556.6651001,115.1380081
6533,5738,17.22550774,28.73270988,50.2358551,0.021854956,7.259913921,12.07098007,10.65233994,555.0385742,116.6194687
6534,5739,16.53524971,28.7264843,50.15328598,0.017644849,7.221325397,12.15046215,10.60350323,555.1311646,116.6844635
6535,5740,15.06249332,28.72055054,50.52075958,0.013562351,7.18273735,12.22994518,10.84940243,552.1719971,119.9452057
6536,5741,20.9011631,28.73570061,49.52133942,0.01782758,7.170681953,12.16266537,10.32335758,560.7519531,111.3293915
6537,5742,24.60407829,28.75085258,49.64096832,0.022092806,7.190595627,12.07365131,10.19269371,562.6953735,108.8502121
6538,5743,19.46656036,28.75263023,50.3876915,0.024714816,7.2105093,12.0072155,10.60164452,555.9121704,115.7243881
6540,5744,17.97506523,28.71642303,50.38409805,0.025092432,7.210114479,12.00325298,10.61942291,555.1815186,115.9573059
6541,5745,16.11112976,28.71612549,49.74948502,0.022839313,7.271994114,11.97858524,10.52035141,557.4273071,115.098465
6542,5746,16.05008316,28.72054482,50.61759949,0.01994347,7.333873272,11.93998337,10.76404667,552.9266357,118.8077316
6543,5747,23.19489861,28.7267704,50.32029343,0.01780941,7.235802174,11.90196037,10.49032402,558.2658081,112.3477936
6544,5748,22.29893494,28.74132538,49.7524147,0.019143628,7.078212261,11.9374876,10.38913059,560.4437256,111.3632965
6545,5749,23.89338112,28.75587845,50.22555542,0.020477844,6.944622517,11.97301483,10.37753296,559.4724121,111.4564972
6546,5750,19.09224892,28.75945473,50.45007324,0.021510316,6.991789818,11.99467659,10.64620399,555.6428223,115.9628906
6547,5751,19.05942917,28.75462914,50.01834488,0.022313582,7.038957596,11.99518108,10.51116371,557.4296875,114.5645447
6548,5752,18.30283546,28.74980545,49.74311829,0.023116848,7.101484299,11.99568653,10.46978283,558.2474976,114.0430222
6563,5753,23.59059525,28.75514221,50.37969589,0.017648997,6.921177387,11.82780266,10.50180531,555.6176147,113.8109665
6569,5754,26.71074486,28.73396301,50.01672363,0.022660932,6.518673897,11.32670116,10.22282124,559.4234009,109.694931
6572,5755,24.09951019,28.76247597,50.21023941,0.015325882,6.84599638,11.82775974,10.38221169,556.7755127,112.5137329
6619,5756,17.60967064,28.85829353,49.98558426,0.014021371,7.212044716,12.03789616,10.69728851,553.3983765,117.9738617
6636,5757,19.11206055,28.87876511,50.05361176,0.01695347,7.265861988,11.65772533,10.65107536,554.1893921,117.1880188
6662,5758,18.4782753,28.75156784,50.07683563,0.013018256,7.146997929,12.0578537,10.59498405,554.4953003,116.3805695
6667,5759,17.27326775,28.77269173,49.72011948,0.011586909,7.19658947,12.03107643,10.52666855,555.670166,116.2194901
6681,5760,18.48157883,28.68482971,49.98075104,0.01201341,6.981167793,12.00428963,10.54806519,555.2157593,115.9412308
6751,5761,14.34130573,28.66891289,50.03892517,0.009983668,7.012949944,12.18176174,10.73473454,551.4332275,119.1200638
6764,5762,16.99661446,28.87586975,49.9780159,0.008708847,6.925375462,12.24086285,10.71599102,553.5939331,118.0186615
6773,5763,19.05089378,28.86380768,50.05849457,0.010087668,6.986111641,11.76475906,10.66746902,553.9995728,117.035141
6774,5764,15.58067417,28.85948181,49.92445374,0.01105822,7.320358753,12.09231758,10.71747875,553.2379761,118.7580948
6780,5765,17.14346695,28.84990692,50.21282196,0.009035509,7.226315498,12.27392578,10.75607777,552.6724243,118.8461533
6781,5766,20.18666458,28.84674454,49.59612656,0.010552032,7.250851154,11.98179436,10.39666462,557.381958,113.7163086
6790,5767,19.35970879,28.91611671,49.88448715,0.010397933,7.361471176,11.85811138,10.54849052,556.0105591,115.9855652
6792,5768,18.18598747,28.90498543,50.20769882,0.013558105,7.049323559,11.12700653,10.69052219,553.6873169,117.9784241
6795,5769,13.06237602,28.77528381,50.49471664,0.008571975,7.257892609,11.8663702,10.89637184,533.7120972,117.8637772
6819,5770,16.30629539,28.74843788,50.67706299,0.010936325,7.226318836,12.0410347,10.7942543,541.4067383,118.8479004
6839,5771,19.76787186,28.82937241,50.21787643,0.014025402,7.161545753,12.16287327,10.62978745,554.1207886,116.5773163
6846,5772,16.29193497,28.7085762,50.5037384,0.01116713,6.944242477,12.06620598,10.62450027,535.8935547,114.537529
6847,5773,15.96737862,28.70849609,50.48975372,0.01096799,6.9710536,12.08522987,10.63824558,536.7560425,115.0308685
6848,5774,15.64282227,28.70841599,50.47576523,0.01076885,6.9978652,12.10425377,10.65199089,537.6185303,115.5242081
6849,5775,15.31826496,28.70833588,50.46178055,0.010569711,7.024676323,12.12327766,10.6657362,538.4810791,116.0175476
6850,5776,14.99370861,28.70825577,50.44779205,0.010370571,7.051487923,12.14230251,10.67948151,539.3435669,116.5108871
6851,5777,14.66915226,28.70817566,50.43380737,0.010171432,7.078299046,12.16132641,10.69322586,540.2060547,117.0042267
6852,5778,14.34459496,28.70809555,50.41981888,0.009972293,7.105110645,12.1803503,10.70697117,541.0685425,117.4975662
6853,5779,14.0200386,28.70801544,50.4058342,0.009773153,7.131921768,12.1993742,10.72071648,541.9310913,117.9909058
6854,5780,13.69548225,28.70793343,50.39184952,0.009574014,7.158732891,12.21839809,10.73446178,542.7935791,118.4842453
6855,5781,13.3709259,28.70785332,50.37786102,0.009374874,7.185544491,12.23742294,10.74820709,543.6560669,118.9775848
6856,5782,13.0463686,28.70777321,50.36387634,0.009175735,7.212355614,12.25644684,10.76195145,544.5186157,119.4709244
6857,5783,12.72181225,28.7076931,50.34988785,0.008976595,7.239167213,12.27547073,10.77569675,545.3811035,119.9642639
6858,5784,12.3972559,28.70761299,50.33590317,0.008777455,7.265978336,12.29449463,10.78944206,546.2435913,120.4576035
6869,5785,10.93286896,28.92609024,50.44875336,0.007808573,7.50418663,11.79034042,10.92912483,552.1136475,121.4961548
6870,5786,10.41748142,28.93840218,50.21290588,0.007533219,7.484578609,12.15427208,10.92797756,552.1970215,120.8980179
6871,5787,9.454948425,28.95132256,50.57352829,0.007202131,7.438857079,12.35116291,10.97624207,550.4030151,121.9993057
6872,5788,8.28633213,28.95687866,50.55658722,0.006841716,7.419524193,12.3733511,11.01007462,549.237854,122.5208588
6873,5789,6.875866413,28.94734764,50.59010315,0.006421451,7.467372894,12.39554024,11.03432465,552.1393433,123.8647537
6874,5790,5.966941833,28.93781662,49.84677124,0.006001186,7.515222073,12.27715492,10.92079735,554.9355469,121.6481094
6875,5791,6.730775833,28.9352932,49.6156311,0.007172056,7.463103771,12.13892651,10.80860519,556.3013916,120.9847565
6876,5792,12.89888191,28.93555832,50.05302048,0.008973186,7.361721992,12.03611469,10.73100376,556.9135132,118.335289
6877,5793,14.82363987,28.93601227,50.28821182,0.010446785,7.268052578,12.03224373,10.78864384,557.184021,117.8297806
6878,5794,13.43196774,28.93812561,50.52370834,0.009065194,7.333768845,12.02837181,10.78446293,554.8175659,119.4751587
6879,5795,11.85710239,28.94024086,50.25924683,0.007683603,7.399485588,11.89871502,10.78269482,554.5388794,119.5257416
6880,5796,9.370319366,28.93732834,50.49515533,0.00692455,7.207444191,11.70159435,10.97921467,551.411499,122.6725235
6882,5797,7.945345879,28.92104721,50.22809219,0.006698503,7.441195488,11.87938404,10.93362427,551.7315674,122.5331192
6883,5798,10.23998642,28.90573692,50.25310135,0.008876217,7.266193867,12.04527473,10.83812714,553.6079102,120.5955353
6884,5799,16.5877552,28.88943863,50.41557693,0.011370019,7.093075275,11.99383068,10.58217335,557.0872192,116.9388885
6887,5800,11.48958588,28.86255646,50.1870079,0.008443157,7.167273521,12.05586624,10.78211212,554.1906738,119.8808975
6888,5801,11.01854515,28.85234261,50.21794128,0.007712811,7.379885674,12.19457722,10.88724709,553.7010498,119.7291489
6889,5802,10.76516819,28.84021568,49.54108047,0.007700128,7.4385252,12.22567177,10.67495632,556.7741699,118.0675354
6890,5803,11.01916599,28.82836914,49.93157196,0.007763783,7.353597164,12.19350147,10.66796875,555.4377441,119.0179977
6891,5804,10.72464466,28.82279587,49.47632599,0.009516006,7.265145302,12.15019035,10.65080261,557.2109375,117.448143
6892,5805,15.96259594,28.8172226,50.7604866,0.011268229,6.973891258,11.37753773,10.75455856,554.7961426,117.7818298
6893,5806,18.17625809,28.81494522,50.39634705,0.011554115,7.102353573,11.65924549,10.52163506,557.5498047,115.1426544
6894,5807,15.62868404,28.81701279,50.01594543,0.009909301,7.21249342,11.94095421,10.58296394,558.0946655,115.1353912
6895,5808,12.56291199,28.81908035,50.3439064,0.008264488,7.315349579,12.0812788,10.74282455,554.5900879,119.3067398
6896,5809,11.73657513,28.81603622,50.41670227,0.00761534,7.412051201,12.07600117,10.85963249,553.3079224,120.2682648
6897,5810,12.06262398,28.81186485,50.70218658,0.007184666,7.42271471,12.07072258,10.9371357,551.9838867,121.0915146
6900,5811,16.28682327,28.83681488,49.92219162,0.010880083,7.088121891,12.03289318,10.59196377,557.9383545,115.4386978
6902,5812,13.39333916,28.86329651,50.41580963,0.00909936,7.334393978,12.26024818,10.78550434,554.163147,118.9126053
6903,5813,9.665507317,28.87664795,50.37701035,0.007522808,7.32583046,12.17266273,10.85942173,552.4086304,120.3271332
6905,5814,6.856156826,28.85764503,50.41907883,0.005650345,7.207607269,12.2484808,10.38306046,556.4341431,115.2495193
6906,5815,5.821362972,28.85645866,50.31781387,0.006071131,7.344996452,11.653862,10.33367634,559.0362549,116.8751373
6907,5816,9.879065514,28.86952972,50.55122757,0.008759224,7.111046314,11.66893387,10.97281551,551.708252,121.9631195
6908,5817,18.02184105,28.88259888,50.4400177,0.011447317,6.928826332,11.67018509,10.64180183,556.8231812,116.0125809
6909,5818,18.7870903,28.88271332,50.07758331,0.010799249,7.16219759,11.17997265,10.5223093,559.3366699,113.4426498
6910,5819,12.76259899,28.87877464,49.92277908,0.009107633,7.051766872,11.46248817,10.70437908,555.9009399,118.1444473
6911,5820,10.0760603,28.87365913,50.3449707,0.007586301,7.438736439,11.87118244,10.60563564,549.9417725,116.6503677
6912,5821,7.137302399,28.86188698,50.64422989,0.00702989,7.523507118,12.09829521,11.02744579,549.1880493,124.1282272
6913,5822,8.263268471,28.85011673,50.33855438,0.006473479,7.474048138,12.32231808,10.90280724,552.0661011,121.6057434
6914,5823,7.766225338,28.8459549,49.7318306,0.007199852,7.424589157,12.22813511,10.78573895,554.9472046,120.2360992
6915,5824,8.976560593,28.84831429,50.04138947,0.00902678,7.345170021,12.13395214,10.89385128,553.0682373,121.3042984
6916,5825,16.40967941,28.85067558,50.45221329,0.010853708,7.26354599,11.88465214,10.61613369,556.262085,117.0580215
6917,5826,18.78186417,28.81731224,50.69639969,0.010129314,6.856411457,11.35082436,10.58069897,557.1560059,115.0072021
6918,5827,14.11835289,28.78113365,50.18671799,0.009203716,7.088378429,11.40992165,10.67399979,556.0914307,117.2174606
6919,5828,11.74606133,28.74518967,50.16189957,0.008589557,7.035903454,11.61625099,10.72189713,555.5303345,117.6296692
6920,5829,12.27595234,28.70975494,50.29341125,0.008652392,7.318266869,11.85122776,10.7223568,555.1489258,118.179718
6921,5830,10.57319927,28.67432213,50.22057724,0.008715225,7.110058308,12.08620453,10.71785545,553.8754272,119.1260529
6922,5831,14.82212734,28.63455772,50.79398346,0.009624546,6.903600216,12.05462456,10.0310421,561.1566162,110.1282501
6923,5832,13.40606689,28.59296989,49.55987167,0.010890801,6.930746555,11.99028778,10.4397974,558.8417358,113.9749146
6924,5833,17.80838776,28.55596733,49.99422455,0.012009229,6.957892895,11.95295048,10.3586731,559.2844849,113.1653824
6925,5834,17.41470146,28.56443024,50.31729889,0.011665302,6.834900379,11.98702526,10.44956112,557.9801636,113.4643021
6926,5835,16.57431412,28.57289505,50.31241226,0.011321375,6.885187626,11.99088955,10.45404434,557.2615967,114.7852707
6927,5836,16.94291878,28.57199478,50.07014465,0.011071643,7.034389973,11.98779869,10.40668201,558.8331299,113.2528763
6928,5837,16.39799118,28.56095505,50.34176254,0.010923777,7.130924225,11.99112034,10.49567795,556.8184204,114.9710999
6929,5838,15.30589867,28.54991531,50.16167068,0.010775911,7.019303322,12.01991558,10.48739529,557.1079102,114.333252
6930,5839,12.94756794,28.55386162,50.1168251,0.010664482,6.930806637,12.04871082,10.48515415,556.4356079,116.4774094
6931,5840,14.42874241,28.56007576,49.99759674,0.010558542,6.989182472,12.04083633,10.43393135,557.7228394,113.5791626
6932,5841,15.23546505,28.56436729,50.5895462,0.010514321,7.047557831,12.00496864,10.60868549,555.1929321,116.772438
6933,5842,14.99350452,28.56310272,50.11762238,0.010647847,7.081942081,11.96910095,10.52166843,557.0747681,114.5053177
6934,5843,15.03649235,28.56183624,49.87709045,0.010781373,7.092089653,12.00647831,10.4281683,558.4568481,113.716217
6935,5844,15.12108612,28.57513809,50.25031281,0.010660872,7.102237225,12.04839993,10.52349854,556.4400024,115.111351
6936,5845,14.04086399,28.59643745,49.90631866,0.010401438,7.144746304,12.06371403,10.45116997,558.453064,114.7608109
6937,5846,14.83665562,28.61808395,50.4939003,0.010148165,7.191656113,12.02369595,10.5694046,555.6848755,116.67379
6938,5847,14.24242306,28.65040016,49.78549194,0.010079021,7.223371506,11.98367786,10.42818832,558.4611816,114.6641388
6939,5848,14.38183784,28.68271637,50.17150497,0.010009876,7.213086605,11.99381542,10.58464241,556.5142212,115.9459839
6940,5849,14.44383049,28.7004528,50.55652618,0.010036801,7.202801704,12.0244379,10.67093372,554.8380737,117.0871811
6941,5850,13.85901833,28.69778252,50.39475632,0.010197628,7.209392071,12.05075359,10.63936615,555.0252075,117.311676
6942,5851,14.5374794,28.69511223,50.48932648,0.010358455,7.227264404,12.03623009,10.59263229,555.9190063,116.4329147
6943,5852,13.7599926,28.72104645,50.3192749,0.010021674,7.245136738,12.02170658,10.6996479,555.5527954,117.4069901
6944,5853,13.20563412,28.75405693,50.19076157,0.009562869,7.243132591,12.02933979,10.5986414,556.1558228,116.7538681
6945,5854,12.85768127,28.79026794,50.14068222,0.009242771,7.240804195,12.06161976,10.58388138,556.5076294,116.9012299
6946,5855,12.90494251,28.84038925,50.3671875,0.009518993,7.222695351,12.09390068,10.70285702,555.034668,118.0473785
6947,5856,13.32421875,28.89050865,50.24910355,0.009795215,7.177609921,12.03959274,10.65504074,555.9517212,117.1197815
6948,5857,16.21305466,28.91613007,50.35544586,0.009980261,7.13252449,11.9710331,10.65507412,556.3329468,116.3845444
6949,5858,17.27824402,28.92344666,50.60253525,0.010097802,7.169998169,11.93506145,10.61162853,556.4447632,116.7857132
6950,5859,14.64423847,28.93076324,50.10985565,0.010215341,7.242218494,12.02690315,10.62981129,557.1018066,116.4872208
6951,5860,10.82603931,28.9455471,49.70730591,0.008987851,7.311506748,12.11874485,10.63090324,557.5584717,115.6247482
6952,5861,11.18789101,28.96065903,50.17796707,0.007704308,7.348560333,12.11932659,10.84186077,554.1536865,119.3970184
6953,5862,10.46185589,28.98052979,50.5866394,0.007015025,7.385613918,12.05618763,10.91296005,552.7637939,121.1950531
6954,5863,9.583684921,29.00952721,49.96631622,0.007453915,7.371109009,11.99304962,10.76029873,554.7773438,119.8772278
6955,5864,10.05513954,29.03852272,49.98125839,0.007892805,7.29814291,12.00331211,10.8175745,554.5811157,119.7550278
6956,5865,14.71138573,29.03230476,50.33481598,0.008619945,7.225177288,12.01554012,10.67321205,556.2597046,117.6524429
6958,5866,14.03335667,28.99522209,50.55765533,0.01006279,7.318207741,12.12431812,10.7990303,554.5466309,119.3795624
6959,5867,11.87356663,28.99036026,50.47569656,0.00896677,7.366171837,12.1985817,10.84760857,554.1026611,120.141922
6960,5868,11.14068794,28.98549843,50.5610199,0.007870751,7.384976387,12.25314713,10.90519333,552.7817383,121.3968735
6961,5869,7.693031788,28.98221207,50.04520416,0.007266458,7.403781414,12.30095673,10.91804981,553.0529785,121.987442
6962,5870,7.865710258,28.9805088,49.90563583,0.007150882,7.381592274,12.32070827,10.85659504,553.6675415,121.3816299
6963,5871,8.279579163,28.97880554,50.03051758,0.007035306,7.332028389,12.15209103,10.91890144,552.8539429,121.5152512
6964,5872,14.22651386,28.94862175,50.0218544,0.008338168,7.282464981,11.98347378,10.7068367,556.5887451,116.8687515
6965,5873,17.24968338,28.91469955,50.24251938,0.00982157,7.225795269,11.94167328,10.54028797,558.0300293,115.5732193
6966,5874,15.03282166,28.88687897,49.96972656,0.010550082,7.188876629,12.01929569,10.64700317,557.5964966,115.9468765
6967,5875,11.1136446,28.87559891,49.91926575,0.00926289,7.2180686,12.09691715,10.73034859,555.8606567,118.1354294
6968,5876,11.47593212,28.86431885,50.56539917,0.007975698,7.247261047,12.18544483,10.82548523,553.2177734,120.376297
6969,5877,10.2881403,28.86729431,50.32398605,0.007351178,7.278846264,12.27519512,10.84361458,552.7026367,121.2814941
6970,5878,9.076079369,28.87772942,50.04013443,0.007069073,7.311908245,12.30498791,10.82887936,553.3210449,119.9551773
6971,5879,9.048437119,28.8869648,49.7688942,0.006875579,7.344205379,12.18643379,10.7032547,554.8790894,119.2391968
6972,5880,15.23222542,28.87034416,50.0525856,0.008445065,7.259324551,12.06787872,10.60792923,557.2403564,116.2454453
6974,5881,14.04421043,28.85057831,50.52897644,0.010189141,7.152501106,12.11579704,10.77681923,554.4586792,118.2943039
6975,5882,11.90148163,28.86510277,50.1661644,0.008561905,7.24044323,12.16828632,10.74711418,554.5929565,118.5812073
6976,5883,9.840506554,28.87962723,50.44475555,0.006934667,7.328385353,12.25354862,10.90952396,552.447998,121.8816147
6977,5884,8.281100273,28.88759041,50.37882614,0.006442634,7.389906883,12.33881092,10.98602772,551.619812,121.7736435
6978,5885,8.138900757,28.89412308,50.21928787,0.006192327,7.442734241,12.31683159,10.86493587,552.2877197,121.7996445
6979,5886,8.495680809,28.89830017,50.43867111,0.006515215,7.467638493,12.14590836,10.92000484,551.5308838,122.295723
6980,5887,14.98007107,28.89360046,50.6574173,0.008958964,7.321784019,11.97498417,10.73024178,554.9918823,117.9953461
6981,5888,18.0271492,28.88890266,50.18661499,0.011402712,7.175929546,11.97469807,10.50462723,558.6807251,114.0344543
6982,5889,15.22279072,28.8829689,50.4696846,0.011276078,7.151272297,12.015172,10.67704201,555.9492188,117.4387207
6983,5890,12.44923401,28.87620926,50.43372345,0.009441343,7.24189806,12.06240273,10.67142391,552.1054077,116.5971451
6984,5891,10.78524399,28.86944771,50.44007111,0.007606608,7.332523346,12.14875603,10.87710476,552.7663574,120.1557236
6985,5892,8.078239441,28.86779976,50.66677475,0.007257564,7.364380836,12.23510838,11.07586765,549.7354736,123.1255417
6986,5893,7.853125572,28.86622238,50.03938293,0.006925657,7.387475491,12.22019958,10.85549545,552.4852905,121.5775528
6987,5894,9.182015419,28.86216354,49.58713531,0.0076546,7.367845058,12.11752224,10.73662949,556.0147705,118.7451706
6988,5895,16.31664658,28.85397339,50.5070076,0.010136596,7.225527763,12.01484585,10.64986801,555.9609375,116.7814331
6989,5896,19.76815605,28.84578323,50.10133362,0.012618592,7.083209991,12.06992912,10.45375347,559.5847778,112.7117996
6990,5897,16.62042618,28.84772682,50.20605087,0.011541945,7.10584116,12.13806248,10.51551151,557.2653198,115.1522293
6991,5898,12.58319092,28.85281944,50.30878067,0.00937216,7.219484806,12.17715836,10.73289108,554.7352295,118.1784821
6992,5899,10.81369686,28.85619926,50.4780159,0.007446932,7.331192493,12.14779663,10.84430599,552.7840576,119.614975
6993,5900,10.03514004,28.84994507,50.44877625,0.006869463,7.355550289,12.11843586,10.84742641,552.5666504,120.4102936
6995,5901,10.53366089,28.83696556,50.5022583,0.007278773,7.354216099,11.96808338,10.8231287,551.5136108,119.858551
6996,5902,16.0934124,28.8298378,50.40899277,0.009587903,7.256499767,11.89282322,10.63875866,556.1179199,115.6722488
6997,5903,17.93343735,28.82271004,50.57712173,0.011897033,7.158783436,11.92244244,10.66496944,556.2210083,115.853157
6998,5904,14.65376282,28.82678032,50.10041428,0.010551671,7.207367897,11.95206165,10.54488182,556.9267578,115.7737122
6999,5905,11.21140575,28.83171844,49.68304825,0.008931583,7.292905807,12.03551388,10.64151859,556.8984985,116.9671783
7000,5906,10.94296265,28.83701324,50.51681137,0.007606464,7.3681283,12.18666458,10.81535721,552.7828369,120.1230545
7001,5907,9.18108654,28.8430748,50.18719101,0.006912285,7.391526699,12.33781528,10.83392334,552.7471924,120.4950485
7002,5908,7.930719376,28.84913826,50.56387711,0.006218106,7.414924622,12.30329895,10.9912281,550.5828247,122.2814789
7003,5909,9.054162025,28.8531208,50.2961998,0.007472633,7.377754211,12.23115826,10.88328743,552.2230225,121.2016296
7004,5910,14.37075233,28.8562336,50.31987762,0.00953608,7.29182291,12.16986465,10.70145512,555.3579102,117.2851181
7005,5911,16.50727654,28.85977173,50.50927353,0.011267415,7.205891132,12.14701176,10.671628,555.5303345,116.6280441
7006,5912,13.4614296,28.86745262,50.57674026,0.009830828,7.229094982,12.12415981,10.76735306,554.4117432,118.6029587
7007,5913,10.83297348,28.87513351,50.36317444,0.00839424,7.316838741,12.15462685,10.82660198,552.9749756,119.361496
7008,5914,9.218575478,28.87397766,50.45852661,0.007298884,7.4045825,12.22310638,10.95953655,551.1369019,121.883049
7009,5915,10.08443165,28.86331749,50.03459549,0.006567895,7.438839436,12.29158497,10.7835865,553.9470215,119.0808487
7010,5916,8.030367851,28.85265732,50.22262573,0.005836906,7.434848309,12.21434689,10.90142918,551.9016724,121.1217194
7011,5917,8.474495888,28.83792114,50.21477127,0.007293658,7.430857182,12.13288784,10.87821102,552.1717529,121.2991333
7012,5918,13.92314911,28.82257462,50.24815369,0.009071523,7.356492519,12.10063171,10.69440269,555.2587891,117.2897415
7013,5919,14.91055679,28.81062508,50.47776794,0.010020402,7.278176785,12.15577984,10.65752792,555.0327148,117.8293915
7015,5920,10.17290878,28.80623627,50.54288864,0.00720725,7.281935692,12.26462364,10.86003113,552.3638306,120.443222
7016,5921,7.439214706,28.79057884,50.51646042,0.006173456,7.326221466,12.31783104,10.99770546,549.9577637,122.0485153
7017,5922,6.103386402,28.76756477,50.3703804,0.005341556,7.362010002,12.35206509,10.91682053,550.461731,123.1377716
7018,5923,4.936822414,28.74567223,50.13357925,0.004602686,7.393344402,12.22483826,10.97072029,550.3029785,122.9710388
7019,5924,5.491355419,28.75472832,50.39950943,0.00630073,7.422502041,12.09761047,10.9141674,553.737793,120.5559845
7020,5925,10.51865005,28.76378441,50.10744858,0.007998774,7.40485239,12.037673,10.68896008,556.6226196,118.2017441
7021,5926,14.144804,28.78025627,50.04219818,0.008732662,7.387203217,12.04679585,10.56913567,558.3198853,116.9439468
7022,5927,11.49663734,28.80682945,50.53384399,0.008162581,7.369311333,12.05591869,10.71054649,546.2908325,115.9482498
7023,5928,10.40252304,28.83340263,50.15142441,0.007592501,7.351101875,12.11026478,10.72472191,556.1613159,119.5350952
7024,5929,8.811812401,28.83224297,50.40197372,0.007247102,7.332892418,12.1736002,10.87749004,553.5175781,121.5449219
7025,5930,8.135769844,28.82463264,50.16330719,0.006953369,7.358593941,12.21115875,10.85700703,554.1645508,121.0389786
7026,5931,7.6790905,28.81886292,50.17918396,0.006942547,7.397129059,12.15851402,10.87760925,554.4579468,120.9092712
7028,5932,13.78055763,28.82210732,50.1371727,0.009167572,7.322681427,12.09578991,10.72371387,557.8009033,117.2736664
7029,5933,13.69331646,28.81995201,50.10538864,0.00940578,7.230848312,12.11284065,10.60011292,558.4074707,116.8249588
7031,5934,12.33268642,28.8103466,50.13180542,0.008665192,7.13516283,11.99790573,10.69164181,557.1135864,118.1165009
7032,5935,13.96433163,28.79084396,49.7193222,0.009398274,7.108038902,11.86566925,10.52986431,559.6106567,115.5599442
7033,5936,16.85370255,28.77097511,50.02848053,0.010156862,7.080914974,11.71567059,10.44744778,560.5467529,113.8882904
7034,5937,16.40592384,28.75642014,49.80773544,0.010830425,7.008556843,11.53331661,10.42114162,560.5697632,113.310585
7036,5938,17.06833839,28.7458744,49.88248444,0.011882634,7.108562946,11.54352856,10.41322899,559.5444336,113.1811981
7037,5939,17.82781792,28.74214554,49.98002243,0.011560862,7.044516087,11.73454475,10.43295765,559.2193604,113.250206
7038,5940,17.41571426,28.73892593,50.64866257,0.010962649,6.795256138,11.88342285,10.51916695,556.4498901,114.6972198
7039,5941,15.03450203,28.73705101,50.69313812,0.010321405,6.892097473,11.96108818,10.64748287,555.118042,116.5768509
7040,5942,13.96380138,28.74337387,50.09223175,0.009420808,7.081310749,12.03875256,10.50544834,556.8106689,115.6040802
7041,5943,14.03407192,28.74969864,50.33211136,0.008520212,7.193787575,12.066185,10.68823433,555.173645,116.8076859
7042,5944,10.73897266,28.77684021,50.38041687,0.008347002,7.10449028,12.07417107,10.74181366,553.5783081,118.8678818
7043,5945,9.631559372,28.82252693,50.23752213,0.008816879,7.015192986,11.86441231,10.66036701,557.2614136,118.4628067
7044,5946,12.97741699,28.86821365,50.04193878,0.009286757,7.305961132,11.49375153,10.59312534,558.2731323,117.5202789
7045,5947,16.25414467,28.89211273,50.62479401,0.00883487,7.300162315,11.76038933,10.68767071,556.6345215,117.593689
7046,5948,13.60809898,28.91404343,49.95126724,0.008301522,7.294363976,12.00460148,10.64316273,558.2460327,117.0306396
7047,5949,11.03582668,28.92655754,50.15285873,0.007660833,7.328823566,12.02236843,10.76849461,556.6624146,118.8848419
7048,5950,8.733050346,28.91762161,50.49725723,0.006777973,7.377945423,12.04013634,10.83964634,555.6506348,120.477623
7049,5951,6.709314823,28.90868378,50.46955872,0.005895114,7.414298058,12.05973339,10.90566635,554.0501709,121.1078339
7051,5952,9.155220032,28.91576767,49.98859024,0.008439689,7.299833298,12.10293293,10.83538723,555.2521973,120.4707184
7052,5953,15.26243782,28.92040062,50.57345581,0.009946968,7.089548588,12.00820923,10.75705147,556.2712402,117.8588562
7053,5954,17.79358482,28.91154289,50.32305527,0.009725248,7.270427227,11.89521503,10.67991161,558.49823,115.7672272
7054,5955,14.27344418,28.90268517,50.40242386,0.009503527,7.323068142,11.85249138,10.73761177,556.4690552,117.8116455
7055,5956,11.54942226,28.89143944,50.16865921,0.008872745,7.365468025,12.05841351,10.84013081,555.6119995,119.8001328
7056,5957,9.507335663,28.87747955,50.31748581,0.007778234,7.370475292,12.26433563,10.98471165,553.5127563,121.6665573
7057,5958,8.409637451,28.86351967,50.04570389,0.006683723,7.375482082,12.32012177,10.84867668,554.2236328,121.2034912
7058,5959,6.906465054,28.88028526,49.89744186,0.007647721,7.337948322,12.27926731,10.88709927,554.453064,122.3123398
7059,5960,7.99776268,28.90222931,50.09164429,0.008956457,7.272366047,12.23841286,10.96331882,553.5188599,122.3653107
7060,5961,16.19921303,28.91779518,50.05094528,0.009804562,7.206783295,12.12931252,10.60344982,558.6751709,116.2235947
7061,5962,17.46843529,28.91349983,50.06498337,0.009231198,6.950033665,12.01998711,10.49503422,559.5344238,114.9555893
7062,5963,14.08685112,28.90920258,49.97122574,0.008657833,6.998200893,11.99120426,10.61014175,557.3840942,116.8087616
7063,5964,11.89826775,28.90435982,50.09856415,0.008048674,7.238031387,12.09206676,10.73270988,556.3510742,118.7775116
7064,5965,10.20200443,28.89919853,50.71201706,0.00741873,7.477861881,12.19292831,10.92120171,553.2000122,122.0902176
7066,5966,11.25204372,28.88459206,49.82696152,0.007813262,7.372352123,12.14051056,10.73008537,556.6223755,118.3277359
7067,5967,11.42465401,28.87523079,49.81451797,0.00880433,7.308551311,12.05784607,10.65018177,557.1098633,118.7423325
7068,5968,16.17377472,28.851511,50.20755005,0.009537738,7.228386879,11.7643528,10.60697365,558.8864746,115.6159134
7069,5969,17.66423035,28.80692291,50.84606934,0.009897888,7.148222923,11.47085953,10.64975834,557.00354,116.0864029
7070,5970,15.37030125,28.76233292,50.46693039,0.010258039,7.199703217,11.45414734,10.56390285,557.5136719,116.6640167
7071,5971,16.65344048,28.7360611,49.95804596,0.010040965,7.196139812,11.71544075,10.39793205,560.4383545,113.2546005
7072,5972,14.23991108,28.71451378,50.46096039,0.009675669,7.192576885,11.97673512,10.65963078,556.3947144,118.0429382
7075,5973,14.94134331,28.71058846,49.8948555,0.010282679,7.195177555,11.9635582,10.49166489,559.5597534,114.7381744
7076,5974,16.24406242,28.71421051,50.55361557,0.010252178,7.140655994,11.96764183,10.60830688,555.1951904,116.1789398
7077,5975,17.59727287,28.71578979,50.48516846,0.009882399,7.085037231,11.97172546,10.53405666,556.512207,114.2959137
7079,5976,12.93605232,28.70748711,49.93466949,0.008764986,7.22674942,11.68163681,10.58238983,556.079834,116.1243134
7081,5977,13.09566689,28.68860435,50.51204681,0.007766105,7.291694164,12.2216711,10.69285774,553.6962891,117.3619766
7082,5978,13.08117676,28.68417931,50.05982208,0.008575575,7.265093803,12.20141602,10.62106991,555.3045044,116.6113129
7083,5979,13.57278252,28.67975426,49.50181198,0.009385045,7.238493919,12.18116093,10.40322876,558.5109253,113.8433151
7084,5980,15.49076366,28.66208267,50.59956741,0.010025568,7.069477081,11.67247105,10.57970047,555.2088013,115.8205109
7085,5981,16.37082481,28.63933563,50.28867722,0.010601685,6.900168896,11.85873032,10.54192257,556.7689209,114.1680603
7086,5982,15.46002102,28.61777115,50.61719131,0.011066764,7.126590729,11.89900017,10.55216122,555.2607422,115.4111786
7087,5983,15.83755112,28.60597229,50.07846832,0.01062429,7.12493372,11.93927002,10.47899723,557.5917969,113.972435
7088,5984,15.19498634,28.59417152,50.13356781,0.010181816,7.124269962,11.99671078,10.43850422,557.5532227,113.481842
7089,5985,11.90702248,28.59060097,50.48076248,0.009674166,7.192906857,12.06097412,10.69103527,553.1260986,118.5198517
7090,5986,11.20991135,28.59546471,49.93274307,0.009099905,7.261543751,12.12290096,10.52173233,555.4671631,116.1684341
7091,5987,11.43758202,28.60032845,50.43155289,0.008525645,7.285493851,12.14956188,10.66231346,553.4400635,117.4546814
7092,5988,14.33096504,28.59382629,50.53397751,0.009010567,7.241229534,12.17622375,10.66886139,554.2619629,116.5244675
7093,5989,13.69164944,28.58576202,50.17515182,0.009640139,7.196965218,12.14706039,10.62536812,555.2408447,115.7522049
7094,5990,12.71609783,28.5734005,49.84999466,0.009991298,7.168677807,12.03385353,10.53165627,556.4952393,115.4479065
7095,5991,14.39019108,28.5490818,50.77038193,0.009572515,7.145377159,11.92064571,10.590065,554.0712891,117.1421204
7096,5992,14.40882206,28.52476311,50.00196457,0.009153732,7.127000809,11.97324657,10.5623827,556.5715942,114.5897217
7097,5993,12.8531971,28.53357887,50.03428268,0.00877793,7.141073704,12.08339119,10.5409317,555.8891602,115.7381821
7098,5994,12.23036671,28.56022072,49.98069382,0.008425169,7.155146599,12.18418503,10.53699398,555.6851196,115.7012405
7099,5995,11.05110836,28.58550262,49.98329926,0.008096249,7.175287724,12.22089863,10.56322289,555.3111572,117.1901627
7100,5996,11.69991016,28.57377434,49.92662811,0.008398475,7.20109272,12.25761127,10.58555794,555.6256104,115.4754257
7101,5997,12.32019329,28.56204796,50.08349609,0.0087007,7.22689724,12.22973251,10.55702972,555.621582,116.0272217
7102,5998,12.75954437,28.54557037,50.70427704,0.009049975,6.965125561,12.14044094,10.69628811,553.6983643,117.7592316
7103,5999,13.77241611,28.52257156,50.5277977,0.009463715,6.989686489,12.05114937,10.59105968,554.144165,116.7490921
7104,6000,13.35885048,28.49957085,50.76309204,0.009877455,7.094943047,12.04035473,10.6984911,552.6896973,117.5553131
7105,6001,13.34032917,28.52949905,50.42924881,0.009991331,7.179482937,12.04288483,10.61314011,553.5970459,117.6048279
7106,6002,12.82703686,28.57209587,50.07944107,0.010033641,7.151229858,12.02481365,10.5832901,556.2021484,116.2429733
7107,6003,14.436409,28.6105957,50.24393845,0.010115067,7.12297678,11.94173622,10.55206299,556.4452515,115.8469238
7108,6004,15.48200226,28.63186646,50.22377396,0.010360469,7.116178036,11.85865974,10.5343895,556.5983887,114.9957123
7109,6005,15.65825844,28.6531353,50.70314789,0.010605871,7.12761879,11.75935841,10.67262459,553.9210815,116.4386902
7110,6006,15.26482868,28.67835426,50.46015167,0.010084628,7.13906002,11.65036678,10.62779617,555.2323608,115.1492004
7111,6007,7.715724945,28.80454636,49.84983063,0.00654764,7.260700226,12.08212471,10.66549683,557.5215454,117.7814484
7113,6008,11.36316776,28.86449242,49.85425949,0.008186927,7.35155344,12.09556675,10.6962204,557.8682251,116.8056488
7114,6009,11.68819714,28.88797951,49.791996,0.007963384,7.408433437,12.134902,10.69003677,557.4470215,118.3418045
7115,6010,9.936536789,28.90910912,50.64509583,0.007362234,7.473960876,12.19902515,10.91956615,553.5093384,121.2902985
7116,6011,8.081878662,28.92798615,50.32323456,0.006749548,7.539488316,12.26314926,10.91896343,553.6503296,122.3808899
7117,6012,7.227116108,28.93008995,50.29118347,0.006052081,7.52380991,12.24871635,11.02481937,552.8676147,122.7050781
7118,6013,6.456448555,28.93219376,50.1147995,0.005354614,7.503956318,12.23022842,10.97428417,553.3484497,123.0288773
7119,6014,7.345012665,28.92650032,49.80729294,0.006117412,7.45909071,12.20567036,10.8910408,555.0449829,121.7178192
7120,6015,13.30439186,28.91311836,50.12838364,0.008310439,7.36493969,12.16913795,10.74508667,556.7397461,118.6549072
7121,6016,15.9027319,28.8997364,50.56173325,0.010503467,7.270788193,12.13260555,10.75616646,555.8303223,117.6763382
7122,6017,13.67447662,28.8959713,50.11361313,0.009382224,7.288957596,12.14426136,10.73742199,555.5195313,117.8403702
7123,6018,11.16117477,28.89340782,50.58831406,0.007855213,7.350370407,12.17446804,10.90529346,552.2839966,120.7035675
7124,6019,8.797908783,28.88713074,50.42331696,0.006603093,7.408572197,12.21052742,10.96882057,550.8717041,121.7514954
7125,6020,8.541349411,28.87101746,50.38060379,0.006071153,7.427576542,12.29522419,10.94909,550.536438,122.2703629
7127,6021,7.998578548,28.84472847,50.14707947,0.006701781,7.412924767,12.34178829,10.88629913,551.8899536,122.128067
7128,6022,14.48342514,28.83761978,50.40776443,0.008730458,7.317661762,12.17717648,10.75918674,554.4453735,118.1520691
7129,6023,14.96891499,28.83093071,50.49077606,0.010621303,7.222399235,12.01256466,10.79214191,553.9073486,117.2215576
7130,6024,13.17954159,28.83316803,50.54175568,0.009736469,7.248832703,12.06671047,10.7753973,553.2313232,119.2330322
7131,6025,11.16554832,28.83540535,49.99958038,0.008851636,7.306254864,12.15126419,10.76291752,554.3363647,118.4957504
7132,6026,9.62059021,28.8300457,50.23613358,0.008010302,7.361162663,12.23926544,10.77363491,552.6997681,120.7835159
7133,6027,8.348725319,28.81462479,50.4464798,0.007226003,7.404785633,12.3369112,10.87911606,551.2683716,120.869545
7134,6028,7.590647221,28.79920387,50.21341705,0.006441704,7.448408127,12.43455696,10.81140804,551.7177124,120.853363
7135,6029,7.911611557,28.79849625,50.1520462,0.007682362,7.421242714,12.35404778,10.84324837,551.5699463,121.131897
7136,6030,13.98155785,28.80111313,50.56996918,0.00937421,7.340201378,12.17706108,10.79255486,553.7476196,118.2014084
7137,6031,16.22414207,28.80556297,50.13745117,0.010504494,7.259159565,12.00964928,10.52390766,556.8274536,115.4587173
7138,6032,14.17992592,28.81721115,50.65773773,0.009452606,7.29116106,12.09855652,10.73589039,551.8743286,117.9885025
7140,6033,9.757457733,28.82965088,50.54919815,0.007455523,7.371470451,12.29442501,10.86951923,551.7028198,120.5065918
7141,6034,8.824934006,28.82292175,50.32875061,0.006583577,7.424814701,12.43028069,10.85508347,552.1517334,120.1818237
7142,6035,6.769368649,28.81619263,49.85435486,0.00571163,7.478158474,12.56613636,10.8500061,551.4355469,121.1740875
7143,6036,7.746296883,28.8222332,50.58879471,0.008063197,7.418818951,12.45940495,10.9151535,549.9534302,122.1283112
7144,6037,14.44582748,28.82854843,50.15285873,0.010477228,7.306269646,12.28126717,10.64753723,556.3543701,116.4383545
7145,6038,16.76884651,28.83719254,50.33827972,0.011476033,7.169809818,11.98054981,10.60383511,555.914978,115.8573303
7146,6039,14.90292168,28.84985733,50.171772,0.010055165,6.941512585,11.50414371,10.64770222,555.8016968,116.2371445
7147,6040,11.74101067,28.86252213,50.03334808,0.008634296,7.125352859,11.83862782,10.72384453,554.9686279,117.7334747
7148,6041,11.06602669,28.86254501,50.55548477,0.007589391,7.309193134,12.17311096,10.88062096,551.7418823,120.6272125
7149,6042,10.81761932,28.85845757,50.19185257,0.006665233,7.354049206,12.2451973,10.77797604,553.4060669,118.9760208
7151,6043,10.63497925,28.87209129,50.04348373,0.008400802,7.328385353,12.17996407,10.80296135,553.9302368,119.6390381
7152,6044,15.72238445,28.88709259,50.32207489,0.010606424,7.254267693,12.10563946,10.66800213,556.545105,116.0223923
7153,6045,18.28691292,28.89914322,50.63278961,0.010879701,7.180150032,12.03131485,10.61598206,554.2025146,115.5965347
7155,6046,9.585794449,28.89872169,50.29063034,0.007421695,7.300927639,12.16017342,10.9232235,552.2768555,120.878624
7156,6047,9.340091705,28.87687302,50.02450943,0.006870897,7.383451939,12.3074007,10.8236084,553.184082,119.8383789
7157,6048,8.012318611,28.8619957,50.1962204,0.007256181,7.465976238,12.45462799,10.91483307,551.7682495,121.163475
7158,6049,10.93376827,28.8629055,50.13990021,0.009736883,7.425861835,12.42214298,10.80634689,553.7722168,119.3272095
7159,6050,18.00303078,28.86381531,50.75223541,0.012217584,7.234519482,12.16741371,10.6394825,555.3709717,115.9023209
7160,6051,19.39608765,28.86014938,50.09089279,0.011857419,7.043177128,11.91268539,10.46508694,558.696106,112.4121017
7161,6052,14.48696613,28.85446548,50.32652664,0.010257939,7.074632168,11.93279362,10.71249962,555.0106812,117.1563873
7162,6053,13.05909634,28.84751511,49.92612076,0.008792787,7.174951553,12.00710392,10.64958191,555.8991089,116.6462326
7163,6054,13.76538467,28.82633972,50.4504776,0.008783214,7.271906376,12.07762241,10.72775745,554.5354614,118.0587463
7164,6055,13.50818062,28.80516434,50.55173874,0.008773641,7.296179295,12.13388538,10.74356079,553.2258911,118.7150726
7166,6056,13.90445805,28.80415535,50.62495422,0.010044157,7.26291132,12.13767433,10.74659252,553.4083252,118.1933975
7167,6057,17.10177803,28.81110191,50.64638138,0.010910158,7.085022926,12.01229191,10.61482525,554.0216064,115.8266144
7168,6058,19.73573494,28.81081009,50.71618271,0.01071787,6.907134533,11.88690853,10.50603771,556.4124756,114.2048492
7170,6059,14.09692383,28.80093765,49.5722084,0.009991585,7.109660149,11.81990147,10.46351719,558.7078857,114.6927872
7171,6060,14.40216541,28.77144241,50.57178879,0.009627717,7.19314909,11.99385262,10.23215008,550.843811,110.0767975
7172,6061,13.78908062,28.74194908,50.32701492,0.009263848,7.201849461,12.05702877,10.67306614,554.6451416,116.847641
7173,6062,12.36197186,28.71684837,49.94454193,0.010467275,7.194705963,12.10100651,10.56834126,556.1792603,116.2884598
7174,6063,15.74787045,28.69427872,50.52375031,0.012562688,7.165706158,12.04274368,10.62191391,554.6170044,116.6381989
7175,6064,20.37236977,28.67167091,50.64221954,0.014607558,7.055893898,11.98448086,10.49308777,557.1013184,112.4906998
7176,6065,20.96148109,28.6472683,50.47341156,0.014732816,6.946081638,11.94726849,10.31629848,553.6622314,110.314949
7177,6066,19.60449219,28.62286568,50.08628845,0.014858074,6.926186562,11.92751598,10.27512932,559.6827393,110.9957809
7178,6067,19.31353188,28.60009003,50.2350235,0.014215242,6.974843025,11.90776253,10.37342739,558.6588135,111.9368591
7179,6068,17.86827469,28.57965088,49.92387009,0.012485846,7.023499012,11.97621441,10.33072376,558.8424683,112.4899597
7180,6069,15.62049961,28.55920982,50.14975357,0.01075645,7.083763123,12.05115032,10.46284008,556.4099731,114.4552307
7181,6070,14.64091778,28.57793617,50.30889893,0.010088868,7.144874573,12.09682369,10.5343132,554.565918,116.0557556
7182,6071,13.60495281,28.60650444,50.44982529,0.00968268,7.190054893,12.0802002,10.61978817,554.0612183,116.9389343
7183,6072,13.98264122,28.6368103,50.24020386,0.009352681,7.201399803,12.0635767,10.67294407,554.2015381,117.6105347
7184,6073,16.98645592,28.67464828,50.46138382,0.009345414,7.21274519,12.08659077,10.52607632,555.8416138,115.2548599
7185,6074,14.38312721,28.71248627,50.42253494,0.009338148,7.234288692,12.12596703,10.66550064,554.5985107,117.0952454
7186,6075,9.454154015,28.73359489,49.88464355,0.009439479,7.261061668,12.16034412,10.83412743,553.3933105,119.8646469
7187,6076,13.39798546,28.74237251,50.59210968,0.009619661,7.287666798,12.12789726,10.79042149,552.9227295,118.6692886
7188,6077,13.77348709,28.75114822,50.33664322,0.009799842,7.294180393,12.09545135,10.65755844,554.7832642,117.0829544
7189,6078,13.71593285,28.76795578,50.12765503,0.009633201,7.300693989,12.10880661,10.6154623,555.232605,116.9254837
7190,6079,11.63287735,28.78506088,50.22885895,0.009454937,7.295083523,12.17645741,10.80426788,553.0723877,119.0996628
7191,6080,14.29722691,28.79218292,50.29185486,0.009240299,7.271032333,12.2441082,10.64151382,555.0515747,116.6643524
7192,6081,16.40349197,28.78092957,49.86518478,0.008959827,7.246981144,12.26985645,10.56127548,557.788269,115.0115967
7193,6082,12.54911709,28.76967812,50.11462784,0.008679355,7.204969883,12.28794289,10.71873951,554.3222656,118.4087219
7194,6083,8.313757896,28.74891281,50.11113358,0.008309605,7.156755924,12.0867815,10.89344692,551.5333252,120.8945999
7196,6084,11.93765736,28.6241436,50.73397446,0.007873816,7.151907444,12.07529831,10.87274742,550.9243164,119.8803253
7197,6085,8.896306992,28.6494751,50.24757767,0.00675576,7.359163284,12.18702698,10.85864925,551.0891113,121.6310959
7198,6086,6.658922195,28.67480659,50.23196411,0.005637703,7.504686832,12.29480171,10.93182945,550.2426758,122.8066559
7199,6087,6.463046551,28.70380783,50.30689621,0.005320034,7.545705795,12.40257645,11.03425694,549.2275391,122.8452072
7200,6088,7.183320522,28.73714066,50.25432587,0.005938586,7.586725235,12.38814545,10.98012066,550.9047852,122.0919418
7201,6089,7.356811047,28.77047539,50.19659042,0.006557138,7.537969589,12.30754757,10.91034889,550.3585205,122.642067
7203,6090,11.93301678,28.81277657,50.5001297,0.00744466,7.378640175,11.90077686,10.92697811,551.7811279,120.7037125
7204,6091,11.1982975,28.8300724,50.23403168,0.007624997,7.348089695,11.88194942,10.92633724,551.9163208,120.6797485
7205,6092,6.126502991,28.83811378,49.7703476,0.007007125,7.407873154,12.19643116,10.99745274,551.0476074,123.3184204
7206,6093,7.642906189,28.84615517,50.29587173,0.006389253,7.467656136,12.51091194,11.0437355,549.8643799,122.9833221
7207,6094,7.118047714,28.85269737,50.60786438,0.006156103,7.50980711,12.51541519,11.11257744,548.4873047,124.2672424
7208,6095,6.876736641,28.85833549,49.67416,0.006153051,7.547967434,12.46864414,10.92388058,552.7360229,120.6370468
7209,6096,7.538630486,28.86395836,49.97173309,0.006163722,7.563858032,12.43274689,10.97498131,551.3774414,122.1262054
7210,6097,10.28122807,28.86833191,50.4092598,0.007124298,7.490185261,12.43018246,10.94939518,551.2562256,121.4334412
7211,6098,11.31375599,28.87270546,50.33291245,0.008084873,7.416512489,12.42761803,10.90986729,551.8467407,120.8220367
7212,6099,10.0830164,28.87508965,50.51330566,0.008316827,7.41755867,12.41597557,10.97550392,549.4404297,122.9216156
7213,6100,8.46104908,28.87449265,50.25345612,0.00746762,7.471144676,12.39909458,10.97829819,550.56073,122.0462799
7214,6101,8.518361092,28.87389565,50.63432693,0.006618412,7.524730682,12.38377476,11.03508186,549.5795898,123.2614822
7215,6102,8.654008865,28.87413025,50.30806351,0.006499385,7.517298698,12.43798065,10.95561028,550.8931885,121.9222488
7216,6103,7.461729527,28.87458801,50.20956802,0.006574061,7.508297443,12.49218655,10.93200302,550.7217407,122.0146179
7217,6104,9.512223244,28.8723774,50.32416534,0.00684126,7.417041302,12.47040653,10.98796368,551.4304199,121.1681137
7218,6105,13.02981091,28.85769463,50.09606552,0.007996528,7.181366444,12.33927441,10.69066525,555.1776733,117.7995911
7219,6106,14.10147476,28.84300995,50.26092911,0.009151797,6.945692062,12.20814323,10.77235413,554.1187744,116.9806442
7220,6107,13.64196014,28.84321213,50.00345612,0.009042848,7.116940498,12.22756672,10.71275711,555.4262085,117.0374146
7221,6108,10.18607521,28.85490417,50.50525665,0.007966745,7.316447258,12.29345226,10.99219799,550.6795654,121.526886
7222,6109,8.975399971,28.86659622,50.09850693,0.006890642,7.459453583,12.34694004,10.87276936,551.5646362,120.2088318
7223,6110,8.925798416,28.86516762,50.20102692,0.006877557,7.463262558,12.31075096,10.93763351,554.0772705,121.1164474
7224,6111,8.377311707,28.86308479,50.05138397,0.006914287,7.467071533,12.27456188,10.85429955,554.7355957,121.1278458
7225,6112,9.351298332,28.85654831,49.97608566,0.007402109,7.404194832,12.15602875,10.8435955,554.828064,120.66362
7226,6113,14.15686321,28.8413868,50.42453766,0.008752041,7.309491634,11.95831203,10.85926056,554.8411865,119.10952
7227,6114,16.7577095,28.82622528,50.51414108,0.010101974,7.227640152,11.76059437,10.71299076,556.321106,117.9590683
7228,6115,13.85379601,28.81589317,50.50520706,0.009436464,7.328418255,11.9472456,10.74476051,554.9413452,118.5495071
7229,6116,10.1839056,28.80735779,49.89875793,0.008033137,7.429195881,12.17750931,10.79361057,555.9406738,119.7361374
7230,6117,8.804038048,28.79624939,50.67486572,0.006726552,7.495383263,12.3523922,11.00636578,551.3535156,123.2417068
7231,6118,6.066580296,28.76506424,50.10630035,0.006148253,7.516842365,12.37482929,10.98082924,552.1935425,122.1637802
7232,6119,5.785788059,28.73387718,50.0652771,0.005569953,7.538301945,12.39726639,10.95165443,552.4294434,123.0611115
7233,6120,7.628731251,28.70230675,49.84157562,0.006205488,7.434846878,12.34802532,10.83711815,554.0155029,121.6447449
7234,6121,15.2210598,28.67034912,50.51091385,0.008041297,7.304236889,12.2604866,10.66217136,555.5078125,117.7745972
7235,6122,15.34703445,28.63839149,50.4392128,0.009877105,7.213327408,12.17391205,10.62825394,555.852356,117.7165222
7236,6123,12.88203049,28.63129425,50.07192612,0.009194327,7.273654461,12.11161232,10.66077709,556.269165,117.4802399
7237,6124,10.39796448,28.62740707,50.06715775,0.008199297,7.333981514,12.04931164,10.7336359,555.083374,119.007782
7238,6125,8.892068863,28.62316895,50.26395798,0.00729762,7.385519981,12.07588196,10.87944031,553.0390015,120.5643387
7239,6126,8.883020401,28.61799049,50.31884766,0.006638381,7.431111813,12.22190762,10.87318611,552.4961548,121.2284698
7240,6127,6.832776546,28.61281204,50.12064743,0.005979142,7.476703644,12.36793232,10.93492031,552.1165771,122.6251602
7241,6128,7.326412678,28.62757683,50.08543396,0.006318786,7.437861919,12.27032852,10.90633774,552.4417114,122.3249207
7243,6129,11.68480778,28.6778965,50.29305267,0.007911147,7.395925999,12.03123283,10.78466892,554.5131226,119.7341919
7244,6130,9.282865524,28.71114731,50.59632874,0.007197044,7.458493233,12.2082901,10.96653843,551.8937378,122.614975
7245,6131,7.364382744,28.74440002,50.3925209,0.006482942,7.52105999,12.38534737,10.9636364,551.6331787,123.3932724
7246,6132,9.02067852,28.77281189,50.25193787,0.006268516,7.490674496,12.40758514,10.92328548,550.9876709,121.1531296
7247,6133,9.495378494,28.79502106,50.38263702,0.006681558,7.426784515,12.32250595,10.96134472,550.9859009,121.5961456
7248,6134,9.66779995,28.81723022,50.07379913,0.0070946,7.355730534,12.2374258,10.80358791,552.8895264,120.001976
7249,6135,11.8022213,28.83387947,49.80564499,0.008049559,7.233643532,12.19394302,10.6967411,555.8163452,117.7664871
7251,6136,13.59328079,28.86567307,49.88156509,0.009750872,7.258285046,12.11293221,10.67894459,555.7904053,117.1482773
7252,6137,13.9724493,28.88502312,49.97857285,0.00887114,7.29930687,12.08166599,10.74454403,555.2802124,117.1642075
7253,6138,10.9796257,28.90437508,49.93600464,0.007991407,7.402945995,12.05039978,10.82684231,554.0859375,118.9115295
7254,6139,7.08360815,28.90321541,50.70307159,0.007113526,7.506584644,12.15821266,11.13440132,548.15448,124.4478226
7255,6140,4.489877224,28.88856697,50.27230835,0.006236836,7.482330322,12.31240749,11.21033192,547.6676636,125.9373932
7256,6141,5.511938572,28.87392044,50.10089874,0.005360147,7.372188568,12.4436388,11.00798798,549.7672729,123.8857727
7257,6142,8.853524208,28.85907555,50.39539337,0.006119782,7.262046814,12.43158913,11.00145912,550.6159058,122.128952
7258,6143,11.40542412,28.84422874,50.31866837,0.006885413,7.194508076,12.41954041,10.88085079,553.0744019,120.3471756
7259,6144,10.8721838,28.83367348,50.27793121,0.007345875,7.129393578,12.060462,10.87673187,552.6258545,118.9710617
7260,6145,10.00541782,28.83013153,50.00384903,0.007317434,7.14236784,11.61177826,10.77992725,553.0114136,120.1446228
7261,6146,12.88072205,28.82659149,50.2501564,0.007288993,7.2266922,11.87213612,10.71837521,554.366333,118.0486908
7262,6147,10.686903,28.81847,49.86911774,0.007210988,7.311017036,12.13249493,10.77093315,553.9285889,118.0155869
7263,6148,9.386425018,28.80895424,50.39904785,0.007118351,7.361134052,12.27637482,10.89517117,551.1759644,121.2373581
7264,6149,9.867257118,28.80064201,49.90247345,0.007141672,7.367830753,12.2728281,10.80945969,553.5470581,119.3777313
7265,6150,9.913680077,28.7989521,50.29059601,0.007775146,7.374527454,12.26928139,10.95424747,551.5378418,120.6671143
7266,6151,12.1176281,28.79726219,49.9709053,0.008408619,7.239901066,12.09958553,10.63275528,553.6151733,117.6440582
7267,6152,12.20315456,28.79383469,50.41324997,0.00848237,7.076016903,11.89576054,10.82983685,552.2779541,119.1182938
7268,6153,13.88692856,28.78893661,50.34532547,0.00809464,7.056322575,11.87523651,10.74436092,553.5986938,117.6873932
7270,6154,10.28016376,28.77743721,50.40624237,0.007491068,7.349226952,12.2577486,10.84299946,551.4024658,120.3293228
7271,6155,10.22317314,28.77070999,50.5518837,0.007286907,7.389816761,12.21278191,10.96190739,550.4977417,120.4560852
7272,6156,9.324155807,28.77773476,50.02856827,0.007188973,7.40718174,12.11647606,10.84722805,552.12146,120.0761032
7274,6157,13.09782505,28.87861824,50.14372635,0.007492613,7.298419476,11.83827209,10.78262806,555.4702148,118.9888611
7275,6158,11.00962257,28.90266418,50.27083969,0.007523322,7.365077496,12.13871098,10.8790493,554.6546631,120.6091003
7276,6159,10.58000565,28.92507935,50.33213425,0.007516305,7.431735992,12.14766693,10.96733284,554.0945435,121.3884277
7277,6160,9.950172424,28.93178558,50.15695572,0.007173839,7.424740791,12.15568829,10.94889545,554.2532349,121.1938782
7280,6161,10.78053093,28.9706974,50.12034988,0.008698881,7.431619167,12.14295769,10.88420773,553.3768921,120.0704956
7281,6162,14.72956371,28.99008369,50.45452881,0.010070294,7.395182133,12.10788822,10.81516266,554.1309814,118.1851807
7283,6163,14.15760422,28.98112679,50.67387772,0.008927677,7.174731731,12.21219826,10.87671375,552.6264038,119.8317413
7284,6164,11.38964558,28.97407341,50.45447159,0.008166267,7.283923626,12.38430786,10.85824776,552.5838013,120.499115
7285,6165,8.830054283,28.96439171,50.09230804,0.007230222,7.39311552,12.52976513,10.94307041,551.9644165,121.2388
7286,6166,10.14632034,28.95471001,50.14151001,0.006294177,7.458815098,12.56866169,10.87102795,552.7128906,120.8012543
7287,6167,6.62385416,28.9599781,50.1237793,0.006847197,7.465680122,12.6075573,11.00322628,550.0778198,123.3469696
7288,6168,9.349816322,28.97342491,49.88737488,0.00818833,7.472545147,12.46541595,10.83572674,553.4732666,120.3022995
7289,6169,13.82847595,28.98559952,50.17584229,0.009475612,7.4028759,12.19657898,10.71188545,555.1044312,117.7084579
7290,6170,16.45624733,28.96195412,50.11707306,0.009545384,7.315612316,11.927742,10.59122658,557.2136841,115.9197845
7291,6171,15.05248737,28.93830872,50.22452927,0.009615155,7.252697468,12.13961601,10.71877575,555.5142822,117.3324432
7292,6172,11.56980801,28.91367149,50.1313858,0.009010223,7.32389164,12.36302471,10.8518486,553.6588745,119.115593
7293,6173,9.315741539,28.88768005,50.45212936,0.007514169,7.395085335,12.52613354,10.94096756,550.9962769,121.5158234
7294,6174,7.548966885,28.86168671,50.45148849,0.006018115,7.399145126,12.56025696,11.05874729,549.2123413,123.3138428
7295,6175,7.596372128,28.86922264,50.28904343,0.007266645,7.346542358,12.59438133,10.97488403,550.3413696,121.9613113
7296,6176,9.415336609,28.88456726,50.31408691,0.009121976,7.293939114,12.44002342,10.72997952,549.2724609,118.0041199
7297,6177,16.29350853,28.89241409,50.43238068,0.010562434,7.200027943,12.20759392,10.70573235,555.0780029,116.7491379
7298,6178,17.86507225,28.87022018,50.53755569,0.010414747,7.103019238,12.00508785,10.6509552,555.2591553,116.15345
7299,6179,15.82647038,28.84802628,50.10240936,0.01026706,7.060569763,12.08595848,10.55605125,557.3674927,115.6046219
7300,6180,12.68901825,28.83164978,50.37810516,0.009816465,7.168475628,12.16682911,10.73823929,553.4057007,118.486412
7301,6181,12.59275723,28.81934738,49.47225952,0.009160212,7.276381969,12.22101402,10.52301884,557.0493164,116.0563889
7302,6182,12.1111412,28.80704498,49.80921555,0.00850396,7.304540634,12.24671459,10.61062431,556.0463867,117.0313034
7303,6183,11.1089468,28.82104492,50.55630875,0.010130767,7.290547371,12.27241611,10.87778187,551.6619873,120.3050156
7304,6184,14.19806099,28.83568001,50.44659424,0.011794759,7.266814232,12.14008904,10.74339676,554.0830688,118.3464432
7305,6185,19.71144295,28.84521484,50.30714417,0.012503799,7.024962902,11.98456669,10.52497578,557.9291992,112.9937515
7306,6186,21.12511253,28.8458519,50.71545029,0.011604543,6.783111572,11.88712215,10.55434895,556.7893066,113.7359543
7307,6187,16.99465561,28.84648895,50.49731445,0.010705287,6.916128159,11.95474529,10.66407967,555.487793,116.3013611
7308,6188,12.09976673,28.84111977,50.47413635,0.009655232,7.140917301,12.02236843,10.8380127,553.0321655,119.0180435
7309,6189,10.98007298,28.8337822,50.15620804,0.00855777,7.336891651,12.15131474,10.79853535,553.3858032,118.8585587
7310,6190,10.41904163,28.83026505,50.24100876,0.007743595,7.401875496,12.31692696,10.84707737,553.0576782,119.3340302
7311,6191,7.870151043,28.84996986,50.36795425,0.008543929,7.466859341,12.47767544,10.98462772,550.2163696,122.6067047
7312,6192,10.95045948,28.86967659,49.83636475,0.009344263,7.390723228,12.29070187,10.76139736,554.4776611,118.4975815
7313,6193,17.52877045,28.8767643,50.68195343,0.010270005,7.207316399,12.10372829,10.71352577,554.3944092,116.6237411
7314,6194,21.2664566,28.87264252,50.25806808,0.011303735,7.023910046,12.01221657,10.42940044,559.3521118,113.2268219
7315,6195,18.08728027,28.86852074,50.21495819,0.012337464,7.133720398,12.06333447,10.51490688,557.1905518,114.0518112
7316,6196,14.24817753,28.8773613,50.1193924,0.010603636,7.257094383,12.11445141,10.62618637,555.8577271,117.1888962
7318,6197,11.32431698,28.89556694,50.72755432,0.007595919,7.405797005,12.31570816,10.90834522,551.1586914,120.5861969
7319,6198,10.98145103,28.89973831,50.1516571,0.008529932,7.455732822,12.20167255,10.77241993,553.4379883,118.8153763
7320,6199,11.05399704,28.90390778,49.80899429,0.009463946,7.432897568,12.24512672,10.75257683,554.3094482,118.1652679
7321,6200,18.08301544,28.88385201,49.99796677,0.010696063,7.264065742,12.15945721,10.43828583,558.6416626,113.1255875
7322,6201,20.74810791,28.85315895,50.75664902,0.012054781,7.095234394,12.07378769,10.48826885,556.9121094,114.2790451
7323,6202,18.80230141,28.82409859,50.18616867,0.013126172,7.100782871,12.06022072,10.43355274,558.7276611,113.5321426
7324,6203,14.8329916,28.81304359,50.10191727,0.011287533,7.198709965,12.06474209,10.55894375,556.4404297,115.8685455
7325,6204,13.76973724,28.8019886,50.49146652,0.009448893,7.296637058,12.09094238,10.72311592,553.847168,118.1768265
7326,6205,13.30142212,28.8005352,50.50603867,0.008841484,7.311949253,12.21098423,10.71254921,553.784668,117.8301086
7328,6206,13.40271473,28.81916237,50.62950516,0.010310532,7.280600548,12.22303104,10.78419018,552.9788208,119.0816879
7329,6207,20.72880936,28.7959671,50.30330276,0.011821909,7.136017323,11.94724941,10.39608192,558.5789185,112.5366592
7330,6208,22.61330032,28.76747704,50.17770386,0.013452799,6.99143362,11.67146778,10.35623741,560.189209,110.4735565
7331,6209,17.59144974,28.74287605,50.2743988,0.014217108,6.730155945,11.83443069,10.4151535,558.571167,113.2778473
7332,6210,14.23744965,28.73007393,50.13363266,0.012448207,6.917031765,12.03344822,10.61772251,556.1080322,116.472435
7333,6211,15.68502712,28.7172718,50.53862381,0.010679308,7.103907585,12.16830444,10.6392889,555.0524292,116.3896027
7334,6212,14.46714497,28.71395302,50.30434036,0.010742131,7.147100449,12.13680267,10.58115292,554.9942627,116.4441071
7335,6213,14.56061554,28.71606064,50.30116653,0.01182418,7.182015419,12.1053009,10.61048698,554.4417725,116.018898
7337,6214,18.34832764,28.69156837,50.4577179,0.012323344,7.190024376,12.1003952,10.56330013,556.0952148,113.9992523
7338,6215,14.60383224,28.66565514,50.35707855,0.011790776,7.178591251,12.09416676,10.611269,555.1956787,115.9084625
7339,6216,13.82569408,28.64182854,50.09217453,0.011810004,7.063268661,11.76522064,10.52460766,558.0987549,114.7520828
7341,6217,18.99911118,28.60011673,50.69762802,0.013375458,7.068931103,11.38655758,10.50564194,557.546936,114.4931183
7343,6218,16.73447227,28.65140724,50.37340164,0.012572015,7.107303619,11.89976215,10.56527138,557.8867188,114.7255096
7344,6219,18.49765396,28.66978455,50.29597092,0.011986206,7.132561207,11.77001667,10.38490772,557.9271851,113.2982101
7345,6220,18.06674194,28.63284874,50.52664948,0.011160844,7.160177231,11.56340885,10.41932201,557.3966064,113.5560608
7346,6221,15.45989227,28.59591293,50.50521851,0.010335482,7.126751423,11.43499947,10.54799843,555.4464722,114.9459229
7347,6222,13.75805378,28.58930016,49.81015778,0.009929057,6.993919849,11.43522835,10.44244289,556.9085693,114.2104492
7348,6223,16.28207588,28.6056366,50.32862091,0.009830032,7.009365559,11.77473164,10.46489811,551.265564,112.9066925
7349,6224,13.39753246,28.62197113,50.03330612,0.009731007,6.987043381,11.55558109,10.59683228,555.2399902,116.0657425
7350,6225,11.96163177,28.63424301,50.61546707,0.009665851,7.107261181,11.86895561,10.80163574,551.6638794,119.7720032
7351,6226,11.80846596,28.64632225,50.77036667,0.009602028,7.207916737,12.097682,10.78637791,551.942749,119.0682068
7352,6227,15.24028206,28.64882088,50.33231354,0.010206231,6.723922729,11.53678417,10.61586952,555.4576416,115.6463776
7353,6228,13.85340309,28.622715,49.89196777,0.013014337,7.042499542,11.85045433,10.26222324,560.0126343,113.7798538
7354,6229,17.01155472,28.63706017,50.11810684,0.01110434,7.196620941,12.01965523,10.45623016,557.4763794,114.1842651
7355,6230,13.69364071,28.65184212,50.67621613,0.009381472,7.217961311,12.09974957,10.77574062,552.5078735,118.2411728
7356,6231,12.3421402,28.66996193,50.75454712,0.008991663,7.231568336,12.09089565,10.7494154,551.7003174,119.2086105
7357,6232,12.20309258,28.68808174,50.25646973,0.008601854,7.232844353,11.94149208,10.68958473,553.7380371,116.9735718
7358,6233,13.76825428,28.70063972,50.37862778,0.009053621,7.234120369,11.79208755,10.59051323,556.7019653,117.1976929
7359,6234,14.32888412,28.70771599,50.40159607,0.010309263,7.272258282,11.85968876,10.64013767,556.7570801,117.8011322
7360,6235,16.73977852,28.71479225,50.15130615,0.011564905,7.323978424,11.9899044,10.55165195,558.5898438,115.3986435
7361,6236,12.95714474,28.73103142,49.63404846,0.010352204,7.353769302,12.09999847,10.52631378,559.0265503,116.9749908
7362,6237,10.88591957,28.74838066,50.66716003,0.008864273,7.128697395,12.08043385,10.88121796,553.3392334,121.0366898
7363,6238,10.62245083,28.76120377,50.71264648,0.007686703,7.26825285,12.06086922,10.87369919,552.7642822,121.5058212
7365,6239,7.490157127,28.76354218,50.40230942,0.006864492,7.420463562,11.68927956,10.97092247,552.5754395,122.7967911
7366,6240,9.590127945,28.76356697,50.64892578,0.007775741,7.085194588,11.46309853,10.16966152,557.2228394,112.6918411
7367,6241,12.95905972,28.76302147,50.84689331,0.009319754,7.321919918,11.68334198,10.88375568,551.7848511,119.302597
7368,6242,16.27761078,28.76295471,50.64592743,0.010719275,7.234737396,11.89747524,10.74272346,554.2712402,117.4507065
7369,6243,14.53239441,28.77098083,50.45786285,0.010010433,7.178337097,12.07332516,10.63920784,554.3702393,117.7626343
7370,6244,12.69096088,28.77900887,50.10988617,0.009301592,7.212707996,12.14108753,10.73048401,555.0141602,117.663063
7371,6245,11.11072826,28.77639771,50.37347794,0.008448722,7.247078896,12.20884991,10.83276939,552.4579468,119.8160248
7372,6246,8.731729507,28.76046181,50.3033371,0.007421457,7.276153088,12.27272797,10.88426113,551.1896973,120.9894791
7373,6247,7.247756481,28.74452591,49.92146301,0.006394192,7.302262306,12.33451366,10.85176945,551.9371338,121.3903198
7374,6248,10.92596531,28.72809219,49.85684586,0.008063829,7.328371525,12.37938213,10.66617966,554.4367065,117.4219971
7375,6249,15.72748089,28.71155739,50.25867844,0.010246948,7.147677898,11.99601078,10.67034626,555.2739258,116.1126938
7376,6250,16.99810791,28.70144844,50.3667717,0.011609907,6.962629795,11.61263943,10.6255722,555.9449463,115.2728653
7377,6251,11.91822815,28.72665215,50.0407753,0.008780816,7.096014023,11.68429375,10.77043819,554.0131836,118.5072403
7378,6252,10.08432579,28.73159409,50.36265945,0.007899156,7.269487381,11.99721813,10.83310223,551.8112793,120.4519196
7379,6253,9.011800766,28.73160553,50.30383301,0.007349412,7.375928402,12.21106529,10.92680454,550.8058472,121.3925247
7380,6254,8.792608261,28.73161697,50.06406021,0.006808755,7.333415031,12.23232174,10.82511234,552.3265381,120.4859009
7381,6255,11.9350338,28.74869728,49.96745682,0.008569873,7.290901661,12.25357819,10.73219013,554.8728638,118.4437103
7382,6256,15.58983231,28.76584244,50.31912994,0.01033099,7.001693726,12.23943329,10.5742197,556.1713257,116.214592
7383,6257,15.62615681,28.78586388,50.02901077,0.010860461,6.922978401,12.21208191,10.58638477,556.8357544,115.7418671
7384,6258,12.85616589,28.81049347,50.25249481,0.00947557,7.119107246,12.19200897,10.71879196,554.5350952,117.6719437
7385,6259,10.91565418,28.83512306,49.92966461,0.00809068,7.315236092,12.25827026,10.76677895,554.5408936,118.79673
7386,6260,8.769181252,28.83786964,50.20497894,0.00719387,7.403686047,12.32453251,10.96134377,551.3397827,121.6168365
7387,6261,9.621379852,28.83412552,50.35005951,0.006435493,7.480692863,12.2539196,10.90792656,552.0742798,120.5644226
7388,6262,6.465385914,28.83404922,50.57016373,0.006215316,7.463890553,12.0259819,11.06984234,548.651062,124.2691727
7389,6263,16.15431023,28.87294197,49.88638306,0.011191967,7.066147804,11.66707134,10.56483459,557.423584,115.3103561
7390,6264,18.61706543,28.88295364,50.30631256,0.011537753,7.068551064,11.62170792,10.57691193,557.2144165,114.9115143
7391,6265,12.44185543,28.88728714,50.01279068,0.008770246,7.341525078,12.14575958,10.67431641,555.2558594,117.7379532
7392,6266,10.44313812,28.87812424,50.6216011,0.007568149,7.390128613,12.33319569,10.9200201,551.0755005,121.9500809
7393,6267,8.935387611,28.86816406,49.98946762,0.006377347,7.435321808,12.52063084,10.89484978,552.8624268,120.0598984
7394,6268,6.497832298,28.86418343,50.49909973,0.006406478,7.362341404,12.4020195,11.07169628,549.1869507,123.2739563
7395,6269,10.19841099,28.87273598,50.25766754,0.008915466,7.289361477,12.21012306,10.84441853,552.7536621,120.1695404
7396,6270,16.84869385,28.88128853,50.34645081,0.011424456,7.252092838,12.05829239,10.65651226,556.0613403,116.2175598
7397,6271,19.19280434,28.88044167,50.59306335,0.01127337,7.26500845,12.07215405,10.61453342,552.09021,113.2894287
7398,6272,15.64295959,28.87577629,50.13477325,0.010075909,7.277923584,12.08601475,10.6576786,555.9606934,116.0791779
7399,6273,8.834879875,28.86554337,49.88863754,0.008199244,6.800164223,11.19365692,9.633639336,562.104187,107.2345047
7401,6274,12.54243755,28.87158012,49.92719269,0.010182193,7.104099274,11.91994572,10.64706421,556.1594238,116.9601059
7402,6275,17.56928635,28.88122559,50.23161316,0.012243895,7.134523392,12.0100441,10.58635426,556.7597656,114.9753265
7403,6276,18.86645126,28.87930679,50.17504883,0.012097998,7.166309357,12.09950161,10.50735378,558.1499634,113.903183
7404,6277,16.75862885,28.8757267,49.51456833,0.011657788,7.255224705,12.16295624,10.42047024,560.1463623,112.6997147
7405,6278,14.48456764,28.8683567,50.09763718,0.010978421,7.344140053,12.22641087,10.68118191,555.6494751,116.8049622
7406,6279,10.89679813,28.84654045,50.61833191,0.009655106,7.396306515,12.28094387,10.93706417,551.5302124,120.8709717
7407,6280,11.29127979,28.82472229,50.50448608,0.008331791,7.392826557,12.32178879,10.8981657,551.722168,120.0681458
7408,6281,10.73201084,28.8085041,50.22501755,0.008910582,7.389347076,12.36263371,10.86409473,552.6934204,119.5267639
7409,6282,11.61532879,28.79609299,50.31085587,0.0104746,7.296576977,12.23746586,10.75605011,553.0605469,119.2004623
7410,6283,17.53331566,28.78367996,50.43484879,0.011949183,7.179394245,12.06605625,10.65743351,556.2047729,115.4365387
7411,6284,17.95348167,28.76753807,49.98551178,0.011566263,7.086919785,11.93162155,10.45539951,558.6053467,113.1162643
7412,6285,17.23511124,28.75132751,49.96678925,0.011183343,7.143624306,12.02281284,10.46229267,558.0830688,113.8113251
7413,6286,15.11771202,28.73247719,50.72957611,0.010444334,7.200329304,12.11400509,10.72920322,553.5201416,117.5332642
7414,6287,14.02358913,28.70911789,50.24669647,0.009239787,7.242404938,12.16430283,10.6394949,555.0916748,116.4284134
7415,6288,9.935367584,28.68575859,50.29870605,0.008035241,7.271473408,12.17805958,10.7955389,551.7800903,120.6781158
7416,6289,7.977262497,28.69021606,50.33117676,0.009037013,7.300541878,12.19181633,10.89389515,550.8413696,121.1452484
7418,6290,17.97365761,28.71544647,50.24659729,0.011391038,7.097977161,11.96406841,10.51293945,556.8295898,115.1334305
7419,6291,18.2519989,28.71789169,50.26533127,0.009919032,6.822202682,11.39419746,10.52999687,556.7160645,114.1169357
7420,6292,12.89102077,28.72033882,50.26931763,0.008447027,7.133280277,12.07132053,10.76057053,553.4300537,118.6136246
7421,6293,10.25061035,28.7189064,50.47684097,0.00743604,7.29898119,12.26733017,10.91630936,551.1367188,121.0523682
7422,6294,7.444247723,28.71405983,50.28578568,0.006738201,7.464682102,12.46333981,11.00354385,549.9107056,122.6269226
7423,6295,6.162258625,28.70921326,50.65468597,0.006040361,7.514713287,12.55685234,11.1116581,547.1685181,124.4755783
7424,6296,4.475623131,28.73358154,50.62666321,0.006640668,7.513819218,12.62968349,11.15186501,546.6108398,125.8912354
7425,6297,7.962169647,28.76050186,49.83117294,0.007263885,7.506095886,12.6549263,10.90018177,551.9938354,121.2937622
7426,6298,12.36449051,28.77445602,50.32242584,0.007524303,7.422601223,12.51159668,10.81549454,552.5846558,119.8693924
7427,6299,13.55717659,28.75929642,50.10266495,0.007169913,7.33910656,12.36826611,10.77357578,554.1459351,118.7050095
7428,6300,9.8829813,28.74413872,50.13114166,0.006815522,7.335995197,12.39286995,10.92101383,551.9575806,120.9188614
7429,6301,7.699456692,28.73530769,50.13584518,0.006264003,7.423346043,12.52565765,10.97058582,550.6933594,121.762825
7430,6302,5.164467335,28.7292347,50.59051514,0.005650066,7.510696411,12.65844536,11.17311573,547.2358398,125.8712845
7431,6303,5.223618984,28.72444916,49.96660995,0.005323887,7.503713608,12.59930229,11.06908798,549.8104858,123.6443863
7432,6304,5.628218174,28.73361397,49.96177673,0.006655938,7.481184006,12.5394783,11.00077629,550.4716797,123.3613892
7433,6305,9.730266571,28.74277878,49.90161133,0.00798799,7.414995193,12.48038864,10.80318832,553.5064087,119.8333054
7434,6306,14.11811066,28.74576378,50.1374588,0.008385995,7.215711117,12.422472,10.75287819,554.6018066,117.4046097
7435,6307,15.02745438,28.74186325,50.52557755,0.007975175,7.016426563,12.36455536,10.76231098,552.965332,118.521492
7436,6308,10.98019123,28.73796082,49.79421616,0.007564354,7.074502468,12.39857101,10.72680473,554.079834,118.2378464
7437,6309,6.470027447,28.74713135,50.29306793,0.006845359,7.302264214,12.45952702,10.9712553,549.5371094,123.4765701
7438,6310,6.594176292,28.75840759,49.92140198,0.006101022,7.530025959,12.36959362,11.01477242,550.461792,122.7153015
7439,6311,5.729450703,28.77243042,50.16505432,0.005838656,7.496069431,12.4698925,11.04426765,549.4389648,123.7805939
7440,6312,5.360985756,28.79470444,50.27857971,0.006637242,7.427901268,12.38763046,11.061306,548.8052979,124.4283447
7441,6313,8.214110374,28.81697845,50.00833893,0.007435828,7.359732628,12.30536938,10.96822262,551.2365112,121.9748383
7442,6314,12.83535957,28.82627487,50.23527908,0.008162152,7.164247513,12.26286221,10.81397247,553.3522949,118.1428833
7443,6315,14.99491978,28.82821274,50.15029144,0.008857596,6.86103487,12.25406551,10.70185852,555.1139526,117.7719727
7444,6316,12.79532528,28.83054352,50.4510994,0.009343291,7.088695049,12.24526882,10.87709904,551.9561157,120.2726898
7445,6317,7.829869747,28.84733391,50.08274841,0.007669205,7.296499252,12.3277874,10.96436691,551.2287598,122.1056824
7446,6318,5.705195904,28.86412621,50.19376373,0.005995119,7.504303932,12.41745949,11.062603,549.3743286,124.5812073
7447,6319,4.987676144,28.88339615,50.03291702,0.005546834,7.563936234,12.46022892,11.07796383,549.3352051,125.2954865
7449,6320,7.16562891,28.92894173,50.21500397,0.007341033,7.532792568,12.34200478,11.10558128,549.7219238,123.7210159
7450,6321,14.48157883,28.92583466,50.51210403,0.00828334,7.434016228,12.26804352,10.92440987,552.4106445,119.5313034
7451,6322,16.07093048,28.91636276,50.43962479,0.009232694,7.335099697,12.18781948,10.74424934,554.4212036,117.8150101
7452,6323,13.44975662,28.90974236,50.22495651,0.009540566,7.321607113,12.12576771,10.79437923,554.274353,118.8139191
7453,6324,9.42400074,28.91522217,50.04294968,0.007956645,7.44386816,12.24586105,10.95313549,552.1140747,120.9735565
7454,6325,6.700705051,28.92070198,50.33065033,0.006372725,7.566129208,12.3659544,11.10900116,549.3491821,123.9885941
7455,6326,5.593055725,28.91353226,50.3705101,0.00598162,7.59390974,12.43288612,11.15712547,548.5408325,125.1090698
7456,6327,3.39326787,28.89705849,49.90452957,0.006265708,7.593723297,12.44130516,11.14770031,548.7505493,125.0196533
7457,6328,8.647847176,28.88058662,50.08882523,0.006596461,7.572167873,12.44972515,10.91177368,551.6347046,121.8185196
7459,6329,18.43203735,28.85028076,50.07707977,0.01107305,7.234507084,12.2091341,10.57171917,557.3911133,114.4227448
7460,6330,15.51043129,28.83575058,50.15229416,0.011522022,7.201369286,12.15335274,10.65775108,555.8465576,116.2417908
7461,6331,10.81734085,28.82234573,50.16574478,0.009389087,7.313230991,12.32380962,10.83872318,552.5230713,119.9938049
7462,6332,9.508448601,28.80893898,50.4836998,0.007256152,7.425093174,12.49426556,10.98328781,549.9703369,121.84832
7463,6333,8.088685989,28.79852867,50.43584061,0.006905316,7.463913441,12.47498035,10.98769283,550.0363159,122.8710785
7464,6334,6.174261093,28.78921318,50.49814987,0.007015206,7.486676216,12.34539604,11.1043272,548.543457,123.3567276
7466,6335,18.00109863,28.76336098,50.63722229,0.009902083,6.922245979,12.12445164,10.67878723,554.7015991,116.5158463
7467,6336,19.84584808,28.7475853,50.45074844,0.012272063,7.04487896,12.03241062,10.52772713,556.9337158,114.5839233
7468,6337,17.17439461,28.73069382,50.02873993,0.011517926,7.224661827,12.04273224,10.50544548,557.1013184,114.608696
7469,6338,9.29742527,28.71269989,50.22570419,0.008363388,7.349496841,12.20346737,10.85976791,552.2854004,120.5439224
7471,6339,9.185527802,28.68086052,50.17511368,0.005920652,7.340263844,12.3935194,10.8351593,552.2172852,120.2669525
7472,6340,8.960783005,28.66753387,50.60839462,0.006831839,7.274123192,12.38792419,10.95409584,549.7287598,121.9151993
7473,6341,13.02027512,28.65450668,50.08025742,0.008036198,7.179485798,12.35858536,10.64429283,554.9627075,116.8928986
7474,6342,18.0973587,28.64227486,50.28615952,0.009819291,6.907141685,12.21774864,10.56015968,557.2426758,113.6573944
7475,6343,17.90228653,28.63004112,50.47317123,0.011602383,7.086188793,12.07691193,10.58232117,555.5710449,115.1281815
7476,6344,13.44644737,28.61375999,50.542099,0.011110696,7.265235901,12.09467983,10.64764023,548.8867798,115.1009216
7477,6345,10.48225403,28.59539032,50.20363617,0.009740666,7.343987942,12.245965,10.74381351,553.1155396,119.3180389
7478,6346,11.50563526,28.57808685,50.1844635,0.008558236,7.328108788,12.39725113,10.74487686,553.0554199,119.5934296
7479,6347,12.04584885,28.58353043,50.81240845,0.008939561,7.31223011,12.35379601,10.84293652,551.119812,119.3689499
7480,6348,11.52621746,28.588974,50.44707489,0.009320887,7.238453388,12.29528046,10.83500099,552.0509033,119.0329208
7481,6349,13.76678085,28.59030342,50.5295372,0.010155763,7.158452511,12.20737743,10.63240528,553.7800903,117.7241669
7482,6350,16.79306412,28.58618927,50.06134033,0.011457772,7.116966248,12.05513477,10.43131065,557.7050171,113.4056854
7483,6351,18.22143173,28.58207512,50.69756699,0.012759781,7.187132835,11.90289116,10.60460663,555.2715454,115.0998459
7484,6352,16.4107666,28.5962944,50.20092392,0.011663233,7.2572999,11.77436352,10.42988968,557.1121216,114.0444031
7485,6353,13.34032917,28.61465836,50.34798813,0.010233518,7.06725502,11.65603924,10.62279224,554.2603149,117.6135864
7486,6354,12.18003368,28.63264465,50.33732224,0.008944071,6.979419708,11.67099953,10.67877007,553.6588745,118.1702957
7487,6355,9.671964645,28.64913368,50.55770493,0.008046693,7.150303841,11.94927979,10.88684177,550.3954468,120.9817734
7488,6356,9.309672356,28.66562271,50.11525726,0.007149316,7.321187496,12.22756004,10.8601408,551.883667,120.2356567
7490,6357,19.46341896,28.70311737,50.41317749,0.011028002,7.134323597,12.19070911,10.45228291,556.90979,113.7145767
7491,6358,19.54213333,28.72245407,50.66446304,0.013402064,7.132787228,12.13376141,10.60998631,555.4458008,114.9061966
7492,6359,19.12959862,28.74003601,50.13694763,0.010997996,7.236867905,12.25126934,10.43836403,558.3417969,113.2059402
7493,6360,12.17090416,28.75756836,50.40682983,0.008593927,7.340948582,12.36877823,10.78197479,552.3398438,119.9919281
7494,6361,10.71294785,28.76833153,49.88097,0.007196962,7.338710308,12.41792774,10.72942638,554.3590698,118.4504166
7495,6362,11.37277126,28.76692772,49.99744415,0.007192756,7.328977585,12.38842392,10.74519157,554.4083252,118.1018829
7497,6363,13.45660591,28.75097656,50.3741684,0.009545231,7.171690941,12.18390751,10.72643185,554.2503052,117.6880798
7498,6364,20.31919479,28.73187637,50.66297913,0.012474371,7.057500362,11.9832449,10.51709652,556.2924194,113.0897903
7499,6365,21.37825394,28.71164894,50.71267319,0.014595755,7.044632435,11.85560322,10.49094963,557.5836792,112.7027817
7500,6366,16.39370346,28.68377113,50.66164398,0.013276416,7.074266911,11.96506596,10.62526512,554.4345703,115.9454803
7501,6367,18.03127098,28.65589523,50.5222702,0.011957077,7.104345798,12.07452869,10.51621914,556.473938,113.8709641
7502,6368,15.00939941,28.63077927,50.54549026,0.011592665,7.143032074,12.04982662,10.6176281,554.0419312,116.3334503
7505,6369,18.5752697,28.59165382,50.53551102,0.012780394,7.092349052,11.90207195,10.4602108,556.6084595,113.5643692
7506,6370,20.2594471,28.60071945,50.49180222,0.013294253,7.034039021,11.96658993,10.40858078,557.8341675,112.4750977
7507,6371,20.76981926,28.61193657,50.71566772,0.013326223,7.024283886,12.01801395,10.46965027,556.5004272,114.0035706
7508,6372,20.19359779,28.62856483,50.17448807,0.012447408,7.014528275,12.04913902,10.24690342,559.6410522,111.4152145
7509,6373,17.34191322,28.64519119,50.32556534,0.011568593,7.116147041,12.08026505,10.53469563,555.3589478,115.6551895
7510,6374,15.36155987,28.65280724,50.40278625,0.010043076,7.274722576,12.17182827,10.67377186,554.7509766,116.200737
7511,6375,10.77864933,28.65597725,50.69849396,0.008280209,7.419948578,12.2813673,10.88310051,550.0720215,120.8979263
7512,6376,8.361476898,28.65961456,50.43271637,0.007018904,7.296397209,12.34886169,10.8989954,550.59198,121.7969589
7513,6377,13.81519508,28.6713295,50.03279495,0.009550088,7.172846317,12.18950653,10.6506691,555.7799683,116.5663681
7514,6378,18.69516563,28.68304443,50.19860077,0.012081273,7.117876053,12.03015041,10.53249073,557.3230591,113.8847656
7515,6379,19.17678642,28.69221306,50.32599258,0.012517501,7.167322159,12.01900387,10.4970541,557.1806641,114.6085815
7516,6380,16.78906441,28.69814682,50.20936966,0.01087508,7.216768265,12.13167191,10.4824152,557.015625,114.7694244
7517,6381,13.66516209,28.70408249,50.79673767,0.009232659,7.322343826,12.24433994,10.78042793,552.3770142,118.9282532
7518,6382,12.32742596,28.69137383,50.48965836,0.007897098,7.443568707,12.30478001,10.90324783,551.6624756,119.0969772
7519,6383,6.210678101,28.67474365,50.11632919,0.006600519,7.532443523,12.36101151,11.04118919,549.8137207,123.0150833
7520,6384,6.285872936,28.66599464,50.24014282,0.006028211,7.436940193,12.37658596,11.01264572,549.654541,122.776207
7521,6385,12.59619141,28.68664932,50.18476868,0.007387576,7.341436386,12.30192566,10.7164669,553.6008301,118.2388458
7522,6386,15.38091755,28.70730209,50.04035187,0.008746941,7.273380756,12.22726536,10.57243443,556.3248291,116.1202393
7523,6387,13.91361046,28.69581032,50.86440277,0.009218553,7.229232788,12.24655724,10.81006718,552.0341797,119.1606522
7525,6388,12.72625351,28.62935638,50.78450394,0.009210072,7.232133389,12.36482143,10.76390266,552.1296387,120.0798874
7526,6389,12.06446743,28.62569046,50.46648026,0.008574855,7.287422657,12.39531136,10.80281448,551.9578857,118.5852127
7527,6390,10.08588409,28.62256813,50.30139923,0.007939637,7.321426392,12.42580128,10.79675674,552.0411987,119.5498276
7528,6391,8.952285767,28.63158989,50.44775391,0.008177559,7.295159817,12.36438751,10.93332005,551.0079956,121.0224457
7529,6392,11.96750069,28.66152,49.84716415,0.009583179,7.268892765,12.17627716,10.59813499,555.4378662,117.998558
7530,6393,16.6814003,28.69144821,49.84288788,0.010988798,7.222040176,11.98816586,10.44001961,558.1245728,114.2475586
7531,6394,16.80154228,28.70697403,50.18174744,0.010857235,7.163648129,11.9897728,10.50272655,556.824707,114.7555618
7532,6395,17.24218369,28.71776199,50.15407562,0.010372785,7.105255604,12.03707981,10.47275639,557.4310913,114.176178
7533,6396,13.23369122,28.727705,50.30768967,0.00978236,7.217429638,12.0903883,10.71042728,554.0335083,117.9596634
7534,6397,10.848423,28.73236656,50.34280014,0.008764121,7.331721306,12.16899586,10.81038952,552.4842529,119.2754135
7535,6398,10.10927582,28.73703003,50.44353867,0.007745882,7.389381409,12.24760342,10.90061283,551.1504517,120.048996
7536,6399,8.922374725,28.74926567,50.51892471,0.008337364,7.330880165,12.21050262,10.96473122,550.2214966,122.0466995
7537,6400,10.83528709,28.76839256,50.20464706,0.010075097,7.272379398,12.07833958,10.78068447,553.5823364,119.6511154
7538,6401,16.73707962,28.78751945,49.91337204,0.01181283,7.228232384,11.94617748,10.48283577,558.4235229,114.603569
7539,6402,19.88958931,28.80002213,50.22357559,0.011113909,7.190536499,11.98422623,10.47499084,558.5109253,112.8414917
7540,6403,17.33028984,28.81186104,50.61632919,0.010338909,7.162703037,12.03425217,10.65121746,555.0925293,116.3222046
7541,6404,13.69016457,28.82439804,50.04556656,0.009401081,7.255685329,12.11298561,10.74794865,555.465271,117.1930084
7542,6405,11.74630928,28.83859825,50.47891235,0.008167705,7.348668098,12.2527523,10.885396,552.0162354,120.5962677
7543,6406,8.941637039,28.85279846,50.33050156,0.00693433,7.366307735,12.39251804,10.95098019,551.1098633,122.0536804
7544,6407,8.184183121,28.87804031,50.49420166,0.008457429,7.291345596,12.30853939,10.99807358,550.3082275,123.1300964
7545,6408,13.41841888,28.90846443,50.00619507,0.010945788,7.216383457,12.11366749,10.71943283,555.1655273,117.5279236
7546,6409,19.46870232,28.93631172,50.42059708,0.013016053,7.152486324,11.93562889,10.5841713,557.3322144,114.8473892
7547,6410,20.88993263,28.92756462,50.43846893,0.012190077,7.091309547,12.04580307,10.50326824,558.0003052,114.1908798
7549,6411,13.89942837,28.90413666,50.51078033,0.010009144,7.198532104,12.23614788,10.83612251,553.4533081,119.1234818
7550,6412,9.083076477,28.88223648,50.22802734,0.008149032,7.330653667,12.27816296,10.9448452,551.0618286,121.7893829
7551,6413,9.21138382,28.8603363,50.43160629,0.00628892,7.365150452,12.32017803,11.00135326,550.8025513,121.7698364
7552,6414,6.485851288,28.85885429,50.28202438,0.008486952,7.315403461,12.2033968,11.04121399,549.206543,123.3239517
7553,6415,12.82410622,28.8613739,50.15480804,0.011152634,7.265656471,12.05304432,10.74655819,554.3285522,118.2098694
7554,6416,19.67912865,28.8567791,50.08369827,0.013048314,7.161787033,11.94607544,10.41523361,559.6499634,112.9972916
7555,6417,21.21068382,28.82720757,50.44496155,0.012983463,7.052921295,12.00142479,10.42922878,558.7958374,112.5874939
7556,6418,20.6106987,28.79763603,49.90282059,0.012918612,7.027407646,12.05677414,10.3769455,560.4755859,111.1162033
7557,6419,14.48012924,28.77899551,50.70174408,0.011995157,7.206157207,12.08524895,10.75035763,553.2935181,118.5160675
7558,6420,12.55660725,28.76742554,50.49634933,0.010643242,7.384906769,12.09562111,10.78854942,553.0119019,118.9597092
7559,6421,12.869977,28.75585747,49.87986374,0.009482433,7.409286022,12.10599327,10.6204071,555.8294678,116.6978607
7560,6422,12.65369987,28.76140785,50.27145767,0.011775509,7.34172821,12.00800896,10.79370785,553.6796265,118.8889999
7561,6423,17.46708488,28.76708984,50.23122025,0.014068583,7.164853096,11.90815163,10.58597469,556.453125,115.0665359
7562,6424,26.33766365,28.73734474,50.26639175,0.015869286,6.967816353,11.86443329,10.20588112,562.4052124,108.1144257
7563,6425,25.89970207,28.69356537,49.87063599,0.017050812,6.927114964,11.80500603,10.09040546,564.0977173,106.312149
7564,6426,22.74865532,28.65026283,50.34319305,0.018187584,6.886413574,11.74557877,10.25390434,560.2054443,110.1510544
7565,6427,14.82783413,28.6490078,50.14624023,0.015368643,6.998255253,11.84916782,10.611763,555.7918091,116.2709579
7566,6428,18.04837418,28.64775467,50.33906555,0.012549703,7.110329151,11.95336819,10.45922565,557.0093384,114.5518417
7567,6429,18.85330582,28.6476326,50.02730179,0.011735556,7.13051796,11.96936798,10.35000324,559.2738647,111.5506439
7568,6430,18.6746769,28.64923859,50.41986847,0.01397321,7.000498772,11.8301239,10.51037884,556.8235474,113.8433075
7569,6431,22.52102661,28.65084267,50.39272308,0.016210863,6.870479107,11.69087982,10.29054451,560.2833862,110.4318314
7570,6432,24.53812027,28.63451385,50.04834366,0.017589929,6.823749542,11.66586399,10.12723827,562.9089355,108.379303
7571,6433,26.2645874,28.61317253,50.33869171,0.018729359,6.810463428,11.67942524,10.07906914,562.968811,107.3642731
7572,6434,23.85744667,28.60160065,49.7103157,0.019087838,6.808280468,11.71518421,10.05218792,563.9069824,106.9088593
7573,6435,19.20295715,28.63866997,50.52371979,0.01555689,6.959160328,11.89570045,10.53610611,556.3065186,114.2488632
7574,6436,14.96466255,28.67573929,50.1277504,0.012025942,7.110040665,12.0762167,10.57796192,555.819519,115.7756653
7575,6437,13.61311054,28.70676231,49.94268036,0.010523141,7.190504074,12.14375687,10.59029388,556.1192627,116.3824921
7576,6438,11.4349947,28.73289299,50.11220551,0.010664252,7.185941219,12.10636711,10.70768166,553.6561279,119.3768463
7577,6439,15.55505371,28.75902557,50.25625992,0.010805362,7.181377888,12.0689764,10.58374119,555.692749,116.0239944
7578,6440,20.89460945,28.76100922,49.96728897,0.011875891,7.131998539,11.95200253,10.26375103,560.8919067,111.3068466
7580,6441,18.98116684,28.76303101,50.4913559,0.013099802,7.05412674,11.79859543,10.55473518,557.0176392,113.5956116
7581,6442,13.14770508,28.7673111,50.52187729,0.011013295,7.16660881,12.01155281,10.57162285,551.8554688,115.7670059
7583,6443,11.94545174,28.78498268,49.94877625,0.009081439,7.042678356,12.22683048,10.72125053,554.8458862,117.83358
7584,6444,11.10278511,28.80212975,50.46971512,0.010156681,7.015268803,12.12712479,10.86243057,551.8222656,120.5392532
7585,6445,17.03119659,28.82324219,50.23199844,0.012250985,7.090126991,12.01786518,10.54640007,557.2094727,114.6408463
7586,6446,21.86100578,28.81120682,50.05653381,0.013779674,7.075637817,12.02125835,10.2826004,560.6657104,110.8418198
7587,6447,21.45923233,28.79087257,50.28052902,0.014390395,7.086245537,11.98362923,10.32620049,559.767334,111.8319321
7588,6448,19.69771004,28.77217865,50.18243027,0.014483599,7.159470081,11.95895195,10.43315506,558.8116455,112.3411484
7589,6449,13.51274204,28.75979042,50.16607285,0.012587261,7.232694626,11.9839716,10.62199402,556.0958252,116.8710556
7590,6450,16.10247993,28.74740219,50.05794525,0.010690925,7.099699497,12.0089922,10.60163784,556.6901855,115.4047623
7591,6451,15.89738941,28.72081757,49.93460464,0.010250734,6.958778858,12.01917362,10.47833347,557.7963257,114.432579
7592,6452,15.08913898,28.68446732,50.32899094,0.010815324,6.88317585,12.0191431,10.57314968,555.2888184,116.1859818
7593,6453,16.08133125,28.64811707,50.39648819,0.011379914,6.961005211,12.01911354,10.53740311,555.7202148,115.5271759
7594,6454,16.54181862,28.59909058,50.13971329,0.012940825,7.038835049,12.01553917,10.50308132,557.072998,114.5748749
7595,6455,18.61330986,28.54977226,50.38045883,0.014524831,7.039738655,12.01181221,10.43630886,557.3048706,114.2220383
7596,6456,19.51000977,28.51058769,50.27642822,0.015419924,7.000321865,11.97724533,10.36658859,558.3818359,112.4246292
7597,6457,19.17803192,28.48929024,50.21536636,0.015099486,6.960970402,11.88367653,10.30248451,558.6170654,112.7123489
7598,6458,20.40905762,28.46799088,50.80295181,0.01477905,6.938314915,11.79010677,10.37175179,556.8594971,112.5481339
7600,6459,18.4283638,28.41994095,50.33164215,0.013835969,6.909085274,11.97227955,10.38505268,557.7175293,112.5922394
7601,6460,18.9742012,28.39834595,50.12379837,0.01330105,6.929587841,12.07381153,10.19694138,559.2195435,110.9358978
7602,6461,19.29867554,28.39533424,49.86355591,0.012494687,6.950090408,12.03140259,10.18132687,560.3015747,109.9892883
7603,6462,14.99660683,28.39232063,49.9615097,0.011688324,6.933900833,11.98899364,10.41915131,556.7852783,113.6748657
7604,6463,14.41246796,28.41396713,50.73810959,0.011142403,6.903505802,11.73544025,10.61413574,553.1657715,116.9857025
7605,6464,13.1913805,28.45862579,50.25248337,0.010839049,6.946343899,11.63371468,10.62439442,554.2440796,116.4555359
7606,6465,14.47411823,28.50328255,50.34260559,0.010535695,7.054781437,11.86188126,10.56326771,555.1199951,115.9212265
7607,6466,14.0907011,28.55360985,50.37637329,0.010097911,7.163219452,12.09004784,10.58852768,554.7224121,116.1310654
7608,6467,13.30398273,28.6045475,50.85329819,0.009645724,7.164648056,12.08349991,10.7366209,552.0298462,118.5424805
7609,6468,13.70608234,28.64821625,50.46434021,0.009687848,7.1532197,12.04754162,10.65767956,553.3684692,117.6437836
7610,6469,16.67513084,28.67394447,49.95137405,0.0109474,7.156257629,12.02366161,10.49878693,557.960022,114.3478622
7611,6470,18.05560684,28.69967079,50.0537529,0.012206952,7.198555946,12.03177834,10.4658165,558.5738525,113.1936188
7612,6471,17.61041641,28.7220974,49.95353699,0.011851784,7.240853786,12.03989506,10.44706345,558.6540527,113.2389908
7613,6472,12.625453,28.74292564,49.83683777,0.010716772,7.249178886,12.07756901,10.6396122,556.4140625,116.8326797
7614,6473,14.68820763,28.76291084,50.37101364,0.009679022,7.239565849,12.13050461,10.71422768,555.6713867,116.5660172
7616,6474,13.66235447,28.77585411,50.01676941,0.010662521,7.157473087,12.04943943,10.62636852,555.6151733,116.2476959
7617,6475,17.19824409,28.76787949,50.81949997,0.012017696,7.087157249,11.92353249,10.71092987,554.5376587,116.5300751
7618,6476,20.63537788,28.74182892,50.37432861,0.014448836,6.986056805,11.74044991,10.43543911,558.4293213,113.0974731
7619,6477,22.6476841,28.71578026,50.35557556,0.016879978,6.842599869,11.48175621,10.2910099,559.9447632,111.058342
7620,6478,20.60280228,28.68771744,50.42148209,0.015502301,6.991785526,11.33394241,10.41788387,556.4111938,112.2656708
7621,6479,19.82653427,28.65924263,50.21200943,0.013344993,7.063122272,11.61391735,10.36449242,559.1148071,112.5371246
7622,6480,16.01522636,28.62995529,50.40369415,0.011476248,7.134459019,11.89389229,10.65838242,554.5930176,116.0733566
7623,6481,16.19494438,28.5976944,49.88714218,0.010657948,7.177361012,12.03752899,10.392416,557.8133545,114.1548767
7624,6482,13.6798296,28.5654335,49.74431992,0.009839647,7.192746162,12.07568169,10.47622585,557.670166,115.5402908
7625,6483,14.48871422,28.55673981,50.20858383,0.01015951,7.208131313,12.11383533,10.56794643,555.4893188,116.0731506
7626,6484,14.12559128,28.56373024,50.31179428,0.011235524,7.109182358,12.03072929,10.63301849,554.9432983,116.1427765
7628,6485,17.09651566,28.59130859,50.13553238,0.011559971,6.904904842,11.8274622,10.42378426,557.8429565,113.4580231
7629,6486,14.76515484,28.61208725,50.28316879,0.010783004,6.875736237,11.66236877,10.61590195,555.1509399,116.2315598
7630,6487,12.89779186,28.62086678,50.65249634,0.009944566,7.286757946,11.12218285,10.76040077,547.1525879,116.9942856
7631,6488,9.279760361,28.60933304,50.39231873,0.009002125,7.10037899,12.09768677,10.81422806,551.0957642,120.5668259
7632,6489,10.00629139,28.59779739,49.85409546,0.008059684,7.105070114,12.06660271,10.72480583,553.6157227,118.6870346
7633,6490,16.87159729,28.58866501,49.69675827,0.009361663,7.136331081,12.03852654,10.3547554,559.7322998,112.2455368
7634,6491,17.52620506,28.58030319,49.98645782,0.011383794,7.149784565,12.0569725,10.30425835,559.2172241,112.7120667
7635,6492,18.10105515,28.57661057,50.22540283,0.012873107,7.102020741,12.07541847,10.34050369,558.0027466,114.1128769
7636,6493,16.08528328,28.60111046,50.23978043,0.011150242,7.137319088,12.0942297,10.57774639,556.1425781,115.3748322
7637,6494,13.54794312,28.62561226,50.4960022,0.009427377,7.215432167,12.11350822,10.67646027,553.2312012,119.7920914
7638,6495,10.95940208,28.62889099,50.13431931,0.00815306,7.284080505,12.13278675,10.65510941,554.2387695,118.4153442
7639,6496,10.10348415,28.61315346,49.9450531,0.007280434,7.053567886,12.14154339,10.69661617,553.8504639,118.3023605
7640,6497,8.227661133,28.59741592,50.17557907,0.006407806,7.029516697,12.14806938,10.82835293,550.7002563,120.7421722
7641,6498,14.19354153,28.57321548,50.18566132,0.008886109,7.042072296,12.13979435,10.53022766,555.6519775,115.9238739
7642,6499,18.40141296,28.54820061,50.26466751,0.011684189,7.057853699,12.05412292,10.44660091,558.2716064,112.4956436
7643,6500,18.44120789,28.51136208,50.41326523,0.013120473,7.086628914,11.9684515,10.40751743,557.6068726,113.6408386
7644,6501,15.09331322,28.44665337,50.10408783,0.01135269,7.115403652,11.99079037,10.4926033,556.3562622,114.4987411
7645,6502,13.40147209,28.38194275,49.90956116,0.009584907,7.128721237,12.10296059,10.4872942,556.3864746,114.7034836
7646,6503,12.70804405,28.3588829,50.07241821,0.008837624,7.130718708,12.21513176,10.49890518,554.9416504,115.4769974
7647,6504,12.52650928,28.35512733,50.11088181,0.008563103,7.132716179,11.84985256,10.47370815,554.7546997,113.9123611
7649,6505,12.61295891,28.42247581,49.96004486,0.01011569,7.180696487,11.77328968,10.59550095,555.2044067,115.9687271
7650,6506,17.71510696,28.48878479,50.10543442,0.011806905,7.058246136,11.92496395,10.47768402,556.8309937,113.78685
7651,6507,20.88358498,28.54620934,50.24875259,0.012039959,6.949899197,12.03620815,10.34162712,559.0689697,112.1925583
7653,6508,14.20512199,28.63970184,50.11631393,0.009002723,7.222694397,12.22194958,10.62494755,555.9529419,116.3451385
7654,6509,12.35080338,28.66763496,50.09041977,0.008647121,7.305707932,12.24409294,10.68122005,554.8833008,117.9638062
7655,6510,14.49513817,28.69197845,50.20885468,0.008513548,7.306611538,12.26623726,10.61882973,555.538147,115.9698181
7656,6511,13.294734,28.71063423,50.3333168,0.008939306,7.307514668,12.21481037,10.76956463,553.6431274,119.4143753
7657,6512,15.80444241,28.70968246,50.01918793,0.011287475,7.231065273,12.07205105,10.5754261,557.6048584,114.8964005
7658,6513,19.63378906,28.7087307,50.44781494,0.013635645,7.127861977,11.92929268,10.4855814,557.723938,113.5703049
7659,6514,19.03357506,28.7071476,50.22724533,0.013859571,7.045873642,11.95677471,10.42946815,558.517395,113.3736954
7660,6515,17.21982193,28.70516205,50.59551239,0.012729648,7.117532253,12.01859856,10.57562256,555.5826416,115.9484558
7661,6516,16.73279572,28.7031765,49.97357941,0.011599724,7.189190388,12.07058811,10.44803238,558.4772949,114.0717773
7662,6517,14.5601778,28.71948433,50.5627861,0.010531122,7.258882999,12.08721828,10.71095562,553.9765625,117.7296066
7663,6518,12.7659502,28.73587608,50.12491989,0.00946275,7.326440334,12.10384846,10.68637085,554.9851074,118.0987396
7664,6519,11.57354736,28.76118851,50.64898682,0.009412659,7.393998146,12.10630989,10.84962654,551.8692017,120.1183853
7665,6520,15.20411682,28.80101585,50.41162872,0.011013181,7.330444336,12.09943867,10.68077278,555.0926514,117.6113358
7666,6521,17.79589653,28.8408432,50.42444229,0.012613702,7.23750782,12.09256744,10.65638828,556.6002197,115.5296555
7667,6522,19.55597305,28.85975838,50.20781326,0.012249428,7.170134544,12.10748386,10.52565956,557.824646,114.2445297
7668,6523,16.27916527,28.87228775,50.24184036,0.01128709,7.203759193,12.12285042,10.69622231,556.2281494,116.4078293
7669,6524,15.26694679,28.88187408,50.30596542,0.010280459,7.237383366,12.1651125,10.75599384,555.2316895,117.5203705
7670,6525,12.17739296,28.8749733,49.81307983,0.009027082,7.187339306,12.25410843,10.71789646,555.2888184,117.6894531
7671,6526,11.11541176,28.86807442,50.17203903,0.007773706,7.078535557,12.34310436,10.78929615,553.6132813,119.869812
7673,6527,13.90310097,28.87745857,50.09356308,0.010912816,7.140515804,12.0613842,10.70161247,555.8341064,117.0086441
7674,6528,19.22279549,28.88564301,50.14742661,0.013331714,7.08728838,11.89921761,10.50997066,558.4318848,114.2531967
7676,6529,18.80353737,28.84852791,50.1210556,0.01228554,7.099625587,11.95520306,10.46759224,558.6346436,113.9620056
7677,6530,15.9134922,28.82834625,50.3520813,0.011381753,7.155842781,12.01260471,10.58873844,556.2081909,116.0720062
7678,6531,12.33771706,28.80694962,50.06820679,0.009888481,7.216434956,12.10386181,10.72002888,554.7336426,117.7500305
7679,6532,10.97510529,28.78555298,49.87349701,0.00839521,7.236014843,12.19511795,10.72276592,554.7019043,118.4207687
7681,6533,16.58438683,28.78525352,50.69991684,0.014204264,7.035714149,11.90883636,10.67541313,554.7600098,117.016098
7682,6534,23.78242493,28.78666878,50.27904129,0.017508259,6.987689495,11.7895031,10.22481346,561.1158447,110.6177826
7683,6535,24.21676064,28.76079178,50.12181091,0.016207101,6.969340801,11.80851936,10.23119926,561.9984131,109.3967972
7684,6536,21.25944138,28.73491478,50.24728394,0.014905942,6.954087734,11.82753563,10.32316208,560.0049438,111.2792664
7686,6537,15.3249054,28.70973206,50.06945038,0.011262118,7.185097694,12.00257015,10.53525162,556.4401245,115.6389694
7687,6538,14.86768723,28.70201874,50.07539749,0.009249688,7.225908279,12.10468197,10.60055733,555.6984863,116.4939117
7688,6539,12.07010269,28.71462822,50.54526901,0.011475315,7.158623695,12.00264931,10.78022385,552.4880371,119.7804947
7689,6540,17.34729576,28.73087502,50.3988533,0.0144524,7.091339588,11.9006176,10.53616333,556.5506592,115.1163559
7690,6541,23.58709335,28.74464035,49.73144531,0.016667344,7.018789768,11.71228027,10.10070038,563.7299805,108.5090485
7691,6542,26.69657326,28.75024414,50.12002563,0.016394334,6.94487381,11.39007187,10.11864185,563.5488281,107.2175217
7693,6543,18.45935059,28.76708031,50.3286438,0.014257381,6.995123863,11.8306036,10.44227314,558.2843628,113.4051208
7694,6544,18.6359787,28.78178596,50.72826767,0.01141708,7.161044121,11.90738583,10.59249496,556.0939331,115.1297836
7696,6545,11.3938694,28.83069801,50.83768082,0.012896676,7.071964264,11.71399784,10.95610619,550.6737671,121.0369339
7697,6546,19.23057556,28.86482811,50.40680695,0.017182067,6.4608531,10.78471756,9.194701195,571.7216797,99.06396484
7698,6547,26.99111176,28.87650871,50.33150864,0.019623289,6.831136227,11.35809612,10.17045498,562.8125,108.4964752
7699,6548,26.76520348,28.85301208,50.56216049,0.019182093,6.85225153,11.49271774,10.23173618,562.2427979,108.9059753
7700,6549,24.71913719,28.82951546,50.29498291,0.0187409,6.873366833,11.63117123,10.23390865,561.8989258,109.3814392
7701,6550,18.89131165,28.80971909,50.42513657,0.016317541,6.866734028,11.79285431,10.51133823,557.5997314,114.1679382
7702,6551,17.6762104,28.79099464,50.57216263,0.013321231,6.928007126,11.95453739,10.56533718,557.1516113,114.8881683
7703,6552,15.93177223,28.77659035,50.28657532,0.011219216,7.085047722,11.99181747,10.65143681,556.3959961,115.9985123
7704,6553,11.94957829,28.78479385,50.41543198,0.013782081,7.242088795,11.91715717,10.791399,552.8518677,119.6349869
7705,6554,19.5848732,28.79299736,50.41410065,0.016344948,6.790663719,11.84249687,10.4535017,558.029541,113.6885223
7706,6555,18.58093452,28.70369911,49.95968628,0.017049441,6.91135931,11.70832443,10.36465931,559.619751,112.1931076
7707,6556,16.94364929,28.68274879,50.49467468,0.01301344,7.101169586,12.01278782,10.56416607,556.336731,114.4313431
7708,6557,14.36570549,28.67367744,49.82152939,0.011094192,7.267983913,12.26074696,10.46973133,557.3575439,114.4930878
7709,6558,14.58838463,28.69021988,50.92765808,0.013731318,7.080442905,12.00979614,10.7701683,552.2799683,118.6155853
7710,6559,20.19947815,28.70676231,50.31652451,0.016368443,6.892902374,11.75884628,10.4540987,558.4093628,112.6395798
7711,6560,28.40923882,28.69200325,50.37552261,0.019032413,6.791753292,11.61882973,10.09367466,563.6183472,106.3015213
7712,6561,29.60338211,28.66144753,50.13324738,0.021709928,6.799507618,11.61865234,9.982214928,565.1387329,104.6000061
7713,6562,27.80479431,28.63193321,50.8229866,0.023984089,6.807261944,11.61847496,10.15905285,560.1237793,107.9548111
7714,6563,19.22442436,28.62113762,50.41307831,0.019043358,6.903835773,11.78732395,10.40865231,557.9362183,113.3677902
7715,6564,18.56057358,28.61034012,50.5163765,0.014102628,7.018531322,11.99065876,10.4807682,556.3151855,115.0112915
7716,6565,17.38767433,28.6118679,50.47834015,0.012334301,7.089899063,12.10471153,10.57561302,555.484436,115.4272995
7717,6566,13.91731834,28.62899399,50.29114151,0.014580072,6.944722176,11.90068626,10.68301868,554.267395,117.0114594
7718,6567,20.48345566,28.64612198,50.73872757,0.016825844,6.799545288,11.696661,10.43822956,557.2498169,113.5071945
7719,6568,27.01274872,28.63777351,49.87734985,0.018901395,6.733561993,11.57611752,10.01918888,565.1005249,105.2812805
7720,6569,28.43167877,28.62420273,50.41500092,0.020941945,6.731339455,11.50949192,10.08010101,562.8338013,106.129097
7721,6570,25.85721397,28.61492729,49.71397018,0.021724993,6.729116917,11.44286633,9.942127228,565.5478516,104.6623993
7722,6571,20.83448982,28.62102699,49.94322205,0.018000191,7.061211109,11.7500248,10.26753616,561.1981812,110.8468399
7723,6572,15.17799664,28.62712479,50.1314621,0.014275388,7.159424305,12.05870914,10.56902409,556.4972534,116.0940399
7724,6573,17.68904877,28.64609718,50.32154083,0.013428814,7.202041149,12.16291428,10.44845009,557.4243164,113.9303207
7725,6574,14.59029388,28.67343712,50.73331451,0.014454379,7.201053619,11.9390192,10.68390942,552.7567749,117.7287598
7726,6575,21.06608772,28.70077515,50.45024872,0.015479944,6.987457275,11.71512413,10.35975838,558.7263794,112.2186508
7727,6576,27.77160645,28.69280243,50.34973145,0.018954055,6.773860931,11.60042858,10.13062286,563.4564209,106.3506165
7728,6577,29.94369888,28.68462563,49.9595871,0.022442317,6.751914501,11.51797676,9.828174591,566.5646973,103.7401733
7729,6578,26.23124313,28.67938232,50.35359955,0.022861578,6.898825169,11.48213959,10.13537788,562.3945313,108.0872574
7730,6579,18.727211,28.67887115,50.46633148,0.018327724,7.045735836,11.69055748,10.48766613,557.2583618,113.9647064
7731,6580,20.39233208,28.67836189,50.12354279,0.013793872,6.920995712,11.89897633,10.28436852,560.0914917,111.1285095
7732,6581,19.19556046,28.68715858,50.18125916,0.013755887,6.755620956,11.566679,9.955084801,560.7794189,107.5879135
7733,6582,14.77401352,28.69871902,50.76123428,0.015055154,6.855685234,11.35093212,10.71947765,553.2033691,118.0578156
7734,6583,23.90645409,28.70314598,50.25574875,0.016728917,6.952340603,11.34654808,10.20428562,561.5500488,109.302887
7735,6584,30.64843559,28.67003059,50.51716995,0.020377275,6.815972805,11.34408855,9.988274574,564.4534302,104.9539871
7736,6585,31.42200279,28.63691711,50.14903641,0.02402563,6.67960453,11.36914158,9.859520912,566.8530273,103.1525726
7737,6586,29.99030304,28.61635208,50.13502121,0.025007721,6.709516525,11.3941946,9.835811615,566.7567139,102.5521774
7738,6587,27.28891182,28.60614014,50.42276382,0.02378829,6.840992928,11.45626545,10.08309269,563.0268555,106.8164978
7739,6588,26.61317253,28.59592628,50.22379684,0.022568859,6.949757576,11.56285763,9.994982719,563.6307983,106.8759613
7742,6589,26.63087654,28.58011627,50.34979248,0.017565256,6.915577888,11.47630978,10.13161945,562.8136597,107.0269165
7743,6590,30.65381432,28.56337357,50.19558334,0.021255853,6.761101246,11.40037537,9.86464119,565.5159912,102.8871841
7744,6591,29.75552559,28.54663277,50.3015213,0.024946451,6.606624603,11.45446968,9.934833527,564.5245972,103.7975845
7745,6592,26.38354683,28.53406143,50.31676102,0.023627736,6.534811974,11.50856304,10.08691025,562.9049683,106.3056183
7746,6593,27.95304489,28.52316856,50.02395248,0.020294799,6.469435692,11.57416916,9.868160248,566.06427,103.9285736
7747,6594,22.86305618,28.51355743,50.57361221,0.017177533,6.672404289,11.64694118,10.25525761,559.1700439,110.7401123
7748,6595,18.55916595,28.51531029,50.63225555,0.015965119,6.883775234,11.71971321,10.45363235,556.7636719,113.8194504
7750,6596,22.34988976,28.49671173,50.10358429,0.014647423,6.855523109,11.73781109,10.16713715,560.9625244,109.3736877
7751,6597,22.88374329,28.45330238,50.0236969,0.01569457,6.726251602,11.76532936,10.1331768,561.602417,108.4709702
7752,6598,23.05623817,28.40989304,50.2827034,0.016741717,6.743649483,11.82644272,10.09108829,560.9320068,108.6880188
7753,6599,21.75768471,28.45654106,50.03502655,0.015749846,6.820259571,11.88755512,10.10470676,561.6054077,109.6317749
7754,6600,21.99239922,28.51574135,50.42441177,0.014476004,6.896976471,11.92143631,10.30019951,558.8792114,111.4676666
7755,6601,17.87195015,28.5621109,50.3825798,0.013403301,6.975153923,11.94614124,10.36780643,557.5082397,113.5289154
7756,6602,18.66798019,28.57309914,50.19803619,0.012882777,7.053331375,11.95670509,10.41403675,558.2356567,112.8621445
7757,6603,16.55732346,28.58408737,50.79350662,0.012362254,7.037882805,11.82313728,10.63147163,554.2988281,115.8876724
7758,6604,21.33381462,28.59051704,50.445755,0.014948291,6.884286404,11.68957043,10.30727386,559.3063354,110.111084
7759,6605,27.41655159,28.59454536,50.32197571,0.019166071,6.730690002,11.61733723,10.06823921,563.4523315,106.6444092
7760,6606,27.44175339,28.59866142,49.80396271,0.023056636,6.78232336,11.61566257,9.957302094,565.8010864,104.5229034
7761,6607,25.4022789,28.60473824,50.22319031,0.019858118,6.891005039,11.61398792,10.13684464,562.1948242,108.0239868
7762,6608,19.30345535,28.61081696,50.34106064,0.016659603,6.976146698,11.77975655,10.31999207,559.0397949,111.8922272
7763,6609,18.95639992,28.61968613,50.69406128,0.014402403,6.892240047,11.97427082,10.47789574,556.3986206,114.3270493
7764,6610,18.12479591,28.63223457,50.30175781,0.013381795,6.80833292,12.06807518,10.4424963,557.680481,113.7074661
7765,6611,17.94278908,28.64478302,50.72410202,0.012361187,6.726836205,11.84585857,10.53775883,555.5216675,114.7918396
7766,6612,22.71387291,28.60319328,50.14781189,0.016834481,6.647698879,11.62364292,10.13280773,562.0067139,107.9264297
7767,6613,28.65262604,28.54968643,49.89925385,0.022507261,6.419440746,11.51709938,9.751319885,566.5610352,103.3819504
7768,6614,32.85218048,28.51317024,50.01335144,0.026137317,6.523542881,11.48822308,9.68418026,568.8851929,100.2905121
7769,6615,29.96268654,28.54142952,50.3760376,0.022041408,6.631403923,11.45934677,9.933588028,565.1589355,104.5456772
7770,6616,17.73461914,28.5696907,50.00787354,0.0179455,6.794503212,11.64063358,10.32689857,558.7752686,112.5333786
7771,6617,17.48322678,28.56629372,50.66278076,0.0156016,6.957602978,11.83204746,10.47459221,555.9093018,114.892601
7772,6618,18.47437096,28.54142952,50.27265549,0.014438513,6.872749329,11.77502537,10.34073544,558.1704712,112.7338867
7773,6619,18.09352875,28.51656723,50.12189484,0.013275426,6.966309071,11.235425,10.27102852,559.5887451,112.2266464
7774,6620,20.54502678,28.53543854,50.29169083,0.015396964,6.836056709,11.35899067,10.3273735,559.2196045,111.3592377
7775,6621,20.15633202,28.55501747,50.50418091,0.017566616,6.881306648,11.48255539,10.41439819,557.5013428,112.7610397
7776,6622,25.49272728,28.57054901,50.32899475,0.017910048,6.932965279,11.66537285,10.18325043,561.7235718,108.2670212
7777,6623,22.51093102,28.57926941,49.93478394,0.015191663,6.997039795,11.90574741,10.13684654,562.3789673,108.6978836
7778,6624,16.40583229,28.5879879,50.79777145,0.012473279,7.061114788,12.14612198,10.53931904,554.7819214,115.7747955
7779,6625,15.60361004,28.58751297,50.5099411,0.011157519,6.935512066,11.6590929,10.61862469,554.9847412,116.0966415
7780,6626,14.47908306,28.58414459,50.78721619,0.010279814,6.120919704,9.862039566,9.168725014,569.9386597,100.6687927
7782,6627,19.34381294,28.6140976,50.03429031,0.012525921,6.740428925,11.64235783,10.34111786,559.9624634,112.0559311
7783,6628,21.83636284,28.64265633,50.26590347,0.015127616,6.825088501,11.72935963,10.36817837,560.098877,110.9039383
7784,6629,22.95336533,28.66636848,50.24436188,0.015246416,6.839156151,11.66133499,10.26148605,560.5698242,110.8564301
7785,6630,22.06005478,28.68588257,50.07387161,0.013226451,6.891806126,11.67435551,10.16478634,561.8840942,109.6818314
7786,6631,15.77009869,28.70539665,50.07177734,0.011206486,7.035126209,11.88057327,10.49872208,557.5822754,114.6581879
7787,6632,15.03563881,28.69893456,49.81686401,0.010378404,7.178446293,12.08679104,10.47170162,557.5343628,115.2552338
7788,6633,14.2647047,28.69033241,50.70256042,0.009647134,6.871144295,11.28304482,10.7509222,552.8045654,118.3855743
7789,6634,21.04221535,28.69636917,49.98822784,0.014742012,7.106501102,11.72015762,10.28525066,561.001709,110.9657898
7790,6635,24.90181351,28.70548058,50.7628479,0.019004747,6.943599224,11.75791168,10.34675407,559.2579346,111.2260132
7791,6636,25.96298027,28.69562531,50.07724762,0.018555893,6.966156006,11.79566574,10.1676302,563.4083252,107.9440842
7792,6637,24.22230339,28.67765427,50.16444778,0.016091166,7.009065151,11.85717297,10.11784744,562.4262085,108.8712158
7793,6638,17.87874985,28.659338,50.68424225,0.01374602,7.061400414,11.95425224,10.56555557,556.0345459,115.4214706
7794,6639,17.87376976,28.63745117,50.27000809,0.012628671,7.136907578,12.05133247,10.47311401,557.6188354,114.4856949
7795,6640,16.06987,28.61556625,50.23749161,0.01151132,7.212415218,12.0182209,10.61398792,555.7672119,115.1592941
7796,6641,13.89288044,28.60404015,50.53873062,0.012815625,7.130367279,11.95012665,10.73823833,553.3048096,117.8985443
7797,6642,20.26553154,28.60386276,50.11095428,0.016771579,6.973235607,11.8727417,10.25208378,560.5875244,110.5447388
7798,6643,25.99403191,28.60368538,50.43599319,0.020727532,6.819451332,11.75192451,10.20289612,560.8959961,108.9046631
7799,6644,26.67128944,28.59292793,50.41773224,0.01995527,6.878026962,11.63110733,10.12445736,562.0560303,107.8125305
7800,6645,24.63855362,28.58052826,50.10229111,0.01844861,6.936602592,11.64223194,10.0935936,562.9119263,107.3364868
7801,6646,20.95336723,28.56887627,50.20597839,0.016656067,6.938256264,11.7777195,10.26557446,560.467041,110.4247513
7802,6647,16.65676308,28.55941772,50.77895737,0.014023335,6.847826004,11.91320705,10.6038456,554.4021606,116.3531723
7803,6648,17.151371,28.54996109,50.62176132,0.011390602,6.741327286,11.20792675,10.52393436,555.263916,115.4803925
7805,6649,21.65239143,28.56292152,50.08690643,0.019027637,6.853515148,11.37438869,10.2016201,561.0935059,109.689682
7806,6650,28.24015999,28.57213211,50.17294312,0.02403836,6.807786942,11.60816288,9.957674026,564.6552734,106.1207199
7807,6651,28.74224281,28.55736351,50.40293503,0.022225609,6.762058258,11.57360935,10.09728718,563.0891724,105.98452
7808,6652,26.74962044,28.54259682,50.18677902,0.02041286,6.867719173,11.55578709,10.02930737,563.9523315,106.3773117
7809,6653,20.51202011,28.53667068,50.35775375,0.017996114,6.980428219,11.74295998,10.34352016,558.5881348,111.4058228
7810,6654,19.28851891,28.54303169,50.71414566,0.01474077,7.011491299,11.93013191,10.49542713,556.2971802,113.7443924
7811,6655,16.11303711,28.5493927,50.47024155,0.011485426,6.886340141,11.95716953,10.60520172,555.7987671,114.9404755
7812,6656,16.0751915,28.5729084,50.71470642,0.012579031,6.84930706,11.79165077,10.60962486,554.4251099,116.2220154
7813,6657,20.57685089,28.60053444,50.47516632,0.014714784,6.824897766,11.62613201,10.43157482,558.1860352,112.4752502
7814,6658,24.11756516,28.62524986,50.16695404,0.016335635,6.815918922,11.57472324,10.15289974,561.9901123,108.039299
7815,6659,25.71608353,28.63795853,50.66101456,0.015826717,6.86451292,11.55191517,10.22212219,560.692749,109.5035934
7816,6660,24.54824257,28.65066528,49.69252396,0.015317798,6.913106918,11.56985378,9.980895042,565.0724487,106.9009781
7818,6661,17.41739845,28.64307785,50.71227264,0.012044894,6.901453018,12.05220699,10.6009264,555.1726074,115.856369
7819,6662,14.68069839,28.6349411,50.70083237,0.010111433,6.921023369,12.07350731,10.71066093,553.9783325,117.238266
7820,6663,15.99399567,28.66003609,50.43907928,0.015095126,6.944842815,11.88720894,10.65961075,555.3815918,115.9675293
7821,6664,21.47745705,28.68611908,50.51917648,0.020283673,6.96629715,11.70091057,10.40008354,559.1570435,111.9312515
7822,6665,28.81703377,28.6915493,50.02149582,0.023396175,6.871671677,11.57231808,9.960806847,565.7233276,104.9039688
7823,6666,29.83004379,28.66014481,50.73058701,0.022805026,6.77704668,11.45183945,10.05753326,563.2221069,106.8527451
7824,6667,27.77674103,28.6287384,50.05002594,0.022213878,6.793779373,11.41899109,9.996068954,564.9920654,105.407814
7825,6668,22.37108612,28.61606216,50.46609497,0.019033376,6.679047108,11.62909222,10.30748463,559.6918945,110.5211487
7826,6669,20.22088242,28.60971069,50.23747253,0.01497722,6.827065945,11.8391943,10.35686684,559.5148315,111.450058
7827,6670,15.96317768,28.60573769,50.75352859,0.012195924,6.996658325,11.83488178,10.63605309,554.4688721,116.4715424
7828,6671,17.93065262,28.61694336,50.54570389,0.017560113,7.055232525,11.69764042,10.51593304,556.4320679,114.665451
7829,6672,26.04818153,28.62814713,50.17370605,0.022924302,6.842587471,11.56082916,10.01346302,563.7463379,107.0497055
7830,6673,31.38108444,28.62341499,50.37747192,0.025339201,6.629942417,11.50525475,10.0006752,565.2197876,104.4389496
7831,6674,31.56824303,28.60415459,50.4449234,0.025060238,6.604133606,11.44968033,9.9835186,565.2150879,103.8703079
7832,6675,28.79848289,28.58489227,50.54735565,0.024781276,6.689021111,11.49986267,10.00232506,564.2162476,105.8116531
7833,6676,24.23634911,28.58310318,50.51264572,0.021747226,6.773908615,11.71393394,10.17749977,561.2294922,108.9479904
7834,6677,20.07803917,28.5830574,50.61006546,0.018436305,6.685624123,11.92800617,10.4229126,557.5650635,112.5905609
7835,6678,21.03884315,28.5887146,50.91207123,0.016723912,6.706014633,11.02145863,10.49436283,557.0720215,112.648613
7836,6679,17.0341053,28.60804749,50.47629547,0.018850002,6.826344013,11.23250771,10.55461884,556.3518066,116.1165009
7838,6680,29.96434212,28.61347389,50.47974777,0.022777619,6.708852291,11.49948502,10.00020027,564.5797729,104.7731705
7839,6681,31.26531601,28.58389664,50.52954102,0.024425818,6.732076645,11.60924625,9.961015701,564.8092651,104.4669647
7840,6682,29.26903725,28.55614471,50.17942047,0.025626151,6.854596138,11.6910696,9.928405762,565.2611694,105.1959534
7841,6683,21.10313797,28.55478096,50.21302032,0.020285463,6.977115631,11.77289295,10.30415058,559.562439,110.9935989
7842,6684,23.61560631,28.55341721,50.0264473,0.014944775,7.032327175,11.87913036,10.16368008,561.986084,108.4888306
7843,6685,18.45393181,28.56134605,50.58511734,0.013527523,7.069540024,11.98985481,10.45538425,556.6555786,113.705452
7844,6686,17.37304497,28.58063126,50.43926239,0.016923996,7.076412201,12.02060318,10.45879555,556.5890503,114.6255188
7845,6687,25.40737152,28.59991837,50.32104492,0.020320468,6.872209072,11.78363323,10.1047411,562.3874512,107.9430695
7846,6688,32.62641907,28.57422829,50.64116669,0.023689326,6.668005466,11.54666233,9.877400398,565.2061157,103.5378113
7847,6689,33.0857048,28.53967476,50.33052444,0.027052714,6.628932476,11.57939053,9.825575829,566.6954346,102.6902161
7848,6690,30.82747841,28.5148983,50.22634125,0.028467709,6.747904778,11.78096294,9.801728249,566.7282715,102.7099304
7849,6691,17.91248512,28.52465248,50.4650383,0.022980936,6.816984653,11.98243904,10.34640408,557.5343628,113.2517548
7850,6692,18.31333542,28.53440475,50.34778976,0.017494161,6.74274826,11.99086189,10.38339615,558.2449951,113.0789719
7851,6693,15.9056282,28.54815292,50.28963852,0.017039694,6.827823639,11.9992857,10.50153065,556.1384888,115.4624252
7852,6694,20.06936455,28.56450081,50.12207031,0.019867821,6.944348812,11.98844624,10.27404404,559.9533691,111.1217041
7853,6695,19.8773632,28.58084869,49.92993546,0.022695947,7.027756214,11.94520187,10.24872017,560.696106,110.7521591
7854,6696,19.2651844,28.56775665,50.37261963,0.024292504,6.982802391,11.90195751,10.44762707,557.904541,112.5736542
7855,6697,20.633255,28.55441284,50.70664215,0.025876971,6.937848568,11.57122898,10.3680687,557.9309692,112.6770554
7856,6698,18.748209,28.54415512,50.14761734,0.025661176,6.70567894,11.1487608,10.36740208,558.3231812,112.7626724
7858,6699,19.7782402,28.61109352,50.48246384,0.017234854,6.802524567,11.85871506,10.4343071,557.4573975,112.5628967
7859,6700,21.97138596,28.64704704,50.08086777,0.016873762,6.967535496,11.90471745,10.1943531,561.4263916,109.8138962
7860,6701,18.57436752,28.6335144,50.34610367,0.018547783,6.979531765,11.9020195,10.45090771,558.1176758,113.3386459
7861,6702,19.06348991,28.61998177,50.35318375,0.020221803,6.991528511,11.82090187,10.39067078,558.2817993,114.2098465
7862,6703,18.98665428,28.62048721,50.11951447,0.019144524,6.9793787,11.73978329,10.28830338,560.0075684,112.1202621
7863,6704,16.59499741,28.63329315,50.24171066,0.015645931,6.955067158,11.82661438,10.36272526,554.4664307,112.5956116
7864,6705,14.65972042,28.64609909,50.62994385,0.012147339,6.930755615,11.96398258,10.54308701,550.2666016,114.644516
7865,6706,16.89731789,28.66962814,50.36909485,0.012977959,6.774480343,12.04731274,10.52101326,556.7600098,114.9909134
7866,6707,16.49199486,28.69411469,50.68387985,0.014199036,6.806888103,11.83424854,10.60866356,554.5863037,115.9833603
7868,6708,18.7310257,28.69224739,50.67791367,0.020288343,6.694346428,11.62717152,10.62362766,555.7753296,115.2842026
7869,6709,18.20725632,28.67773819,50.74129105,0.024309516,6.994239807,11.8341589,10.61739063,555.276062,115.7194824
7870,6710,17.53422165,28.68447113,50.70524979,0.022560991,7.145421505,12.04114723,10.58760548,555.7394409,115.2783051
7871,6711,14.72628212,28.70077515,50.16906738,0.01819884,7.220967293,12.04949093,10.52449417,555.7503662,116.0027771
7872,6712,13.71484852,28.71576118,50.33992767,0.014143715,7.287909985,12.03735733,10.65786743,554.2789917,117.4768677
7873,6713,19.39741325,28.71437645,50.56032944,0.013935213,7.073385715,12.01664829,10.50010395,557.0848389,113.7375259
7874,6714,16.13180161,28.71299171,50.4163475,0.013726711,6.977583885,11.97067642,10.64594936,555.1306152,116.205246
7875,6715,23.33846855,28.70251083,50.5524025,0.016053649,6.930029869,11.92470455,10.30401707,560.5918579,110.6249466
7876,6716,20.2149086,28.68135262,50.63874817,0.021367617,6.816879749,11.88031006,10.4068985,558.0350342,112.8024292
7877,6717,19.08172798,28.6601944,50.30070496,0.026681587,6.913806438,11.8369627,10.43260193,558.2268066,113.4608917
7878,6718,19.80087662,28.66486549,50.14801025,0.024389435,7.010733128,11.79361439,10.36028099,559.4375,112.2147751
7879,6719,18.34796333,28.67425728,50.16572952,0.020697074,7.069366932,11.94814205,10.30489159,559.5133667,112.470108
7881,6720,15.31622982,28.68738747,50.15899658,0.01725474,7.124066353,12.21622276,10.52877331,556.689209,115.0792236
7882,6721,14.17922878,28.69218826,50.78141403,0.016768057,7.006315231,12.12953568,10.67690182,553.2613525,118.221817
7883,6722,17.15645027,28.67754555,50.23834991,0.01947079,6.943722248,12.04284954,10.47850609,557.7848511,114.3116302
7884,6723,17.98498917,28.65080833,50.5068512,0.024168564,6.723113537,11.99468613,10.50094604,556.9203491,114.6472702
7885,6724,18.67719841,28.62411499,50.6042099,0.028859865,6.806738377,11.970788,10.49784756,556.2372437,114.6871948
7886,6725,19.3012104,28.62241745,50.00819778,0.024209725,7.061328888,11.94688988,10.28324986,559.5847168,111.7761765
7887,6726,16.78654289,28.62071991,49.91294479,0.019559583,7.131055355,11.92834282,10.41463184,558.6377563,113.2845001
7889,6727,18.02215004,28.61425209,50.02679062,0.01514379,6.701117992,11.92595005,10.34137249,559.3869019,111.8745804
7890,6728,20.79076195,28.61034203,49.80759048,0.014017202,6.768754959,12.00807667,10.2161541,561.3909302,110.8599396
7891,6729,18.06459618,28.59890175,50.18938065,0.019448109,6.943128586,12.09020329,10.45093441,557.7694092,113.5469208
7892,6730,18.65124512,28.58525085,50.23671341,0.026822882,7.088348389,12.07294464,10.41570759,558.0374756,113.2399292
